1.677571 0.000000 1.000000
1.677571 0.000000 1.000000
1.677571 0.000000 1.000000
1.677571 0.000000 1.000000
1.677571 0.000000 1.000000
1.677571 0.000000 1.000000
1.677571 0.000000 1.000000
1.677571 0.000000 1.000000
1.677571 0.000000 1.000000
1.677571 0.000000 1.000000
1.677571 0.000000 1.000000
1.677571 0.000000 1.000000
1.677571 0.000000 1.000000
1.677571 0.000000 1.000000
1.677571 0.000000 1.000000
1.677571 0.000000 1.000000
1.677571 0.000000 1.000000
1.677571 0.000000 1.000000
1.677571 0.000000 1.000000
1.677571 0.000000 1.000000
1.677571 0.000000 1.000000
1.677571 0.000000 1.000000
1.677571 0.000000 1.000000
1.677571 0.000000 1.000000
1.677571 0.000000 1.000000
1.677571 0.000000 1.000000
1.677571 0.000000 1.000000
1.677571 0.000000 1.000000
1.677571 0.000000 1.000000
1.677571 0.000000 1.000000
1.677571 0.000000 1.000000
1.677571 0.000000 1.000000
1.677571 0.000000 1.000000
1.677571 0.000000 1.000000
1.677571 0.000000 1.000000
1.677571 0.000000 1.000000
1.677571 0.000000 1.000000
1.677571 0.000000 1.000000
1.677571 0.000000 1.000000
1.677571 0.000000 1.000000
1.677571 0.000000 1.000000
1.677571 0.000000 1.000000
1.677571 0.000000 1.000000
1.677571 0.000000 1.000000
1.677571 0.000000 1.000000
1.677571 0.000000 1.000000
1.677571 0.000000 1.000000
1.677571 0.000000 1.000000
1.677571 0.000000 1.000000
1.677571 0.000000 1.000000
1.677571 0.000000 1.000000
1.677571 0.000000 1.000000
1.677571 0.000000 1.000000
1.677571 0.000000 1.000000
1.677571 0.000000 1.000000
1.677571 0.000000 1.000000
1.677571 0.000000 1.000000
1.677571 0.000000 1.000000
1.677571 0.000000 1.000000
1.677571 0.000000 1.000000
1.677571 0.000000 1.000000
1.677571 0.000000 1.000000
1.677571 0.000000 1.000000
1.677571 0.000000 1.000000
1.677571 0.000000 1.000000
1.677571 0.000000 1.000000
1.677571 0.000000 1.000000
1.677571 0.000000 1.000000
1.677571 0.000000 1.000000
1.677571 0.000000 1.000000
1.677571 0.000000 1.000000
1.677571 0.000000 1.000000
1.677571 0.000000 1.000000
1.677571 0.000000 1.000000
1.677571 0.000000 1.000000
1.677571 0.000000 1.000000
1.677571 0.000000 1.000000
1.677571 0.000000 1.000000
1.677571 0.000000 1.000000
1.677571 0.000000 1.000000
1.677571 0.000000 1.000000
1.677571 0.000000 1.000000
1.677571 0.000000 1.000000
1.677571 0.000000 1.000000
1.677571 0.000000 1.000000
1.677571 0.000000 1.000000
1.677571 0.000000 1.000000
1.677571 0.000000 1.000000
1.677571 0.000000 1.000000
1.677571 0.000000 1.000000
1.677571 0.000000 1.000000
1.677571 0.000000 1.000000
1.677571 0.000000 1.000000
1.677571 0.000000 1.000000
1.677571 0.000000 1.000000
1.677571 0.000000 1.000000
1.677571 0.000000 1.000000
1.677571 0.000000 1.000000
1.677571 0.000000 1.000000
1.677571 0.000000 1.000000
1.677571 0.000000 1.000000
1.677571 0.000000 1.000000
1.677571 0.000000 1.000000
1.677571 0.000000 1.000000
1.677571 0.000000 1.000000
1.677571 0.000000 1.000000
1.677571 0.000000 1.000000
1.677571 0.000000 1.000000
1.677571 0.000000 1.000000
1.677571 0.000000 1.000000
1.677571 0.000000 1.000000
1.677571 0.000000 1.000000
1.677571 0.000000 1.000000
1.677571 0.000000 1.000000
1.677571 0.000000 1.000000
1.677571 0.000000 1.000000
1.677571 0.000000 1.000000
1.677571 0.000000 1.000000
1.677571 0.000000 1.000000
1.677571 0.000000 1.000000
1.677571 0.000000 1.000000
1.677571 0.000000 1.000000
1.677571 0.000000 1.000000
1.677571 0.000000 1.000000
1.677571 0.000000 1.000000
1.677571 0.000000 1.000000
1.677571 0.000000 1.000000
1.677571 0.000000 1.000000
1.677571 0.000000 1.000000
1.677571 0.000000 1.000000
1.677571 0.000000 1.000000
1.677571 0.000000 1.000000
1.677571 0.000000 1.000000
1.677571 0.000000 1.000000
1.677571 0.000000 1.000000
1.677571 0.000000 1.000000
1.677571 0.000000 1.000000
1.677571 0.000000 1.000000
1.677571 0.000000 1.000000
1.677571 0.000000 1.000000
1.677571 0.000000 1.000000
1.677571 0.000000 1.000000
1.677571 0.000000 1.000000
1.677571 0.000000 1.000000
1.677571 0.000000 1.000000
1.677571 0.000000 1.000000
1.677571 0.000000 1.000000
1.677571 0.000000 1.000000
1.677571 0.000000 1.000000
1.677571 0.000000 1.000000
1.677571 0.000000 1.000000
1.677571 0.000000 1.000000
1.677571 0.000000 1.000000
1.677571 0.000000 1.000000
1.677571 0.000000 1.000000
1.677571 0.000000 1.000000
1.677571 0.000000 1.000000
1.677571 0.000000 1.000000
1.677571 0.000000 1.000000
1.677571 0.000000 1.000000
1.677571 0.000000 1.000000
1.677571 0.000000 1.000000
1.677571 0.000000 1.000000
1.677571 0.000000 1.000000
1.677571 0.000000 1.000000
1.677571 0.000000 1.000000
1.677571 0.000000 1.000000
1.677571 0.000000 1.000000
1.677571 0.000000 1.000000
1.677571 0.000000 1.000000
1.677571 0.000000 1.000000
1.677571 0.000000 1.000000
1.677571 0.000000 1.000000
1.677571 0.000000 1.000000
1.677571 0.000000 1.000000
1.677571 0.000000 1.000000
1.677571 0.000000 1.000000
1.677571 0.000000 1.000000
1.677571 0.000000 1.000000
1.677571 0.000000 1.000000
1.677571 0.000000 1.000000
1.677571 0.000000 1.000000
1.677571 0.000000 1.000000
1.677571 0.000000 1.000000
1.677571 0.000000 1.000000
1.677571 0.000000 1.000000
1.677571 0.000000 1.000000
1.677571 0.000000 1.000000
1.677571 0.000000 1.000000
1.677571 0.000000 1.000000
1.677571 0.000000 1.000000
1.677571 0.000000 1.000000
1.677571 0.000000 1.000000
1.677571 0.000000 1.000000
1.677571 0.000000 1.000000
1.677571 0.000000 1.000000
1.677571 0.000000 1.000000
1.677571 0.000000 1.000000
1.677571 0.000000 1.000000
1.677571 0.000000 1.000000
1.677571 0.000000 1.000000
1.677571 0.000000 1.000000
1.677571 0.000000 1.000000
1.677571 0.000000 1.000000
1.677571 0.000000 1.000000
1.677571 0.000000 1.000000
1.677571 0.000000 1.000000
1.677571 0.000000 1.000000
1.677571 0.000000 1.000000
1.677571 0.000000 1.000000
1.677571 0.000000 1.000000
1.677571 0.000000 1.000000
1.677571 0.000000 1.000000
1.677571 0.000000 1.000000
1.677571 0.000000 1.000000
1.677571 0.000000 1.000000
1.677571 0.000000 1.000000
1.677571 0.000000 1.000000
1.677571 0.000000 1.000000
1.677571 0.000000 1.000000
1.677571 0.000000 1.000000
1.677571 0.000000 1.000000
1.677571 0.000000 1.000000
1.677571 0.000000 1.000000
1.677571 0.000000 1.000000
1.677571 0.000000 1.000000
1.677571 0.000000 1.000000
1.677571 0.000000 1.000000
1.677571 0.000000 1.000000
1.677571 0.000000 1.000000
1.677571 0.000000 1.000000
1.677571 0.000000 1.000000
1.677571 0.000000 1.000000
1.677571 0.000000 1.000000
1.677571 0.000000 1.000000
1.677571 0.000000 1.000000
1.677571 0.000000 1.000000
1.677571 0.000000 1.000000
1.677571 0.000000 1.000000
1.677571 0.000000 1.000000
1.677571 0.000000 1.000000
1.677571 0.000000 1.000000
1.677571 0.000000 1.000000
1.677571 0.000000 1.000000
1.677571 0.000000 1.000000
1.677571 0.000000 1.000000
1.677571 0.000000 1.000000
1.677571 0.000000 1.000000
1.677571 0.000000 1.000000
1.677571 0.000000 1.000000
1.677571 0.000000 1.000000
1.677571 0.000000 1.000000
1.677571 0.000000 1.000000
1.677571 0.000000 1.000000
1.677571 0.000000 1.000000
1.677571 0.000000 1.000000
1.677571 0.000000 1.000000
1.677571 0.000000 1.000000
1.677571 0.000000 1.000000
1.677571 0.000000 1.000000
1.677571 0.000000 1.000000
1.677571 0.000000 1.000000
1.677571 0.000000 1.000000
1.677571 0.000000 1.000000
1.677571 0.000000 1.000000
1.677571 0.000000 1.000000
1.677571 0.000000 1.000000
1.677571 0.000000 1.000000
1.677571 0.000000 1.000000
1.677571 0.000000 1.000000
1.677571 0.000000 1.000000
1.677571 0.000000 1.000000
1.677571 0.000000 1.000000
1.677571 0.000000 1.000000
1.677571 0.000000 1.000000
1.677571 0.000000 1.000000
1.677571 0.000000 1.000000
1.677571 0.000000 1.000000
1.677571 0.000000 1.000000
1.677571 0.000000 1.000000
1.677571 0.000000 1.000000
1.677571 0.000000 1.000000
1.677571 0.000000 1.000000
1.677571 0.000000 1.000000
1.677571 0.000000 1.000000
1.677571 0.000000 1.000000
1.677571 0.000000 1.000000
1.677571 0.000000 1.000000
1.677571 0.000000 1.000000
1.677571 0.000000 1.000000
1.677571 0.000000 1.000000
1.677571 0.000000 1.000000
1.677571 0.000000 1.000000
1.677571 0.000000 1.000000
1.677571 0.000000 1.000000
1.677571 0.000000 1.000000
1.677571 0.000000 1.000000
1.677571 0.000000 1.000000
1.677571 0.000000 1.000000
1.677571 0.000000 1.000000
1.677571 0.000000 1.000000
1.677571 0.000000 1.000000
1.677571 0.000000 1.000000
1.677571 0.000000 1.000000
1.677571 0.000000 1.000000
1.677571 0.000000 1.000000
1.677571 0.000000 1.000000
1.677571 0.000000 1.000000
1.677571 0.000000 1.000000
1.677571 0.000000 1.000000
1.677571 0.000000 1.000000
1.677571 0.000000 1.000000
1.677571 0.000000 1.000000
1.677571 0.000000 1.000000
1.677571 0.000000 1.000000
1.677571 0.000000 1.000000
1.677571 0.000000 1.000000
1.677571 0.000000 1.000000
1.677571 0.000000 1.000000
1.677571 0.000000 1.000000
1.677571 0.000000 1.000000
1.677571 0.000000 1.000000
1.677571 0.000000 1.000000
1.677571 0.000000 1.000000
1.677571 0.000000 1.000000
1.677571 0.000000 1.000000
1.677571 0.000000 1.000000
1.677571 0.000000 1.000000
1.677571 0.000000 1.000000
1.677571 0.000000 1.000000
1.677571 0.000000 1.000000
1.677571 0.000000 1.000000
1.677571 0.000000 1.000000
1.677571 0.000000 1.000000
1.677571 0.000000 1.000000
1.677571 0.000000 1.000000
1.677571 0.000000 1.000000
1.677571 0.000000 1.000000
1.677571 0.000000 1.000000
1.677571 0.000000 1.000000
1.677571 0.000000 1.000000
1.677571 0.000000 1.000000
1.677571 0.000000 1.000000
1.677571 0.000000 1.000000
1.677571 0.000000 1.000000
1.677571 0.000000 1.000000
1.677571 0.000000 1.000000
1.677571 0.000000 1.000000
1.677571 0.000000 1.000000
1.677571 0.000000 1.000000
1.677571 0.000000 1.000000
1.677571 0.000000 1.000000
1.677571 0.000000 1.000000
1.677571 0.000000 1.000000
1.677571 0.000000 1.000000
1.677571 0.000000 1.000000
1.677571 0.000000 1.000000
1.677571 0.000000 1.000000
1.677571 0.000000 1.000000
1.677571 0.000000 1.000000
1.677571 0.000000 1.000000
1.677571 0.000000 1.000000
1.677571 0.000000 1.000000
1.677571 0.000000 1.000000
1.677571 0.000000 1.000000
1.677571 0.000000 1.000000
1.677571 0.000000 1.000000
1.677571 0.000000 1.000000
1.677571 0.000000 1.000000
1.677571 0.000000 1.000000
1.677571 0.000000 1.000000
1.677571 0.000000 1.000000
1.677571 0.000000 1.000000
1.677571 0.000000 1.000000
1.677571 0.000000 1.000000
1.677571 0.000000 1.000000
1.677571 0.000000 1.000000
1.677571 0.000000 1.000000
1.677571 0.000000 1.000000
1.677571 0.000000 1.000000
1.677571 0.000000 1.000000
1.677571 0.000000 1.000000
1.677571 0.000000 1.000000
1.677571 0.000000 1.000000
1.677571 0.000000 1.000000
1.677571 0.000000 1.000000
1.677571 0.000000 1.000000
1.677571 0.000000 1.000000
1.677571 0.000000 1.000000
1.677571 0.000000 1.000000
1.677571 0.000000 1.000000
1.677571 0.000000 1.000000
1.677571 0.000000 1.000000
1.677571 0.000000 1.000000
1.677571 0.000000 1.000000
1.677571 0.000000 1.000000
1.677571 0.000000 1.000000
1.677571 0.000000 1.000000
1.677571 0.000000 1.000000
1.677571 0.000000 1.000000
1.677571 0.000000 1.000000
1.677571 0.000000 1.000000
1.677571 0.000000 1.000000
1.677571 0.000000 1.000000
1.677571 0.000000 1.000000
1.677571 0.000000 1.000000
1.677571 0.000000 1.000000
1.677571 0.000000 1.000000
1.677571 0.000000 1.000000
1.677571 0.000000 1.000000
1.677571 0.000000 1.000000
1.677571 0.000000 1.000000
1.677571 0.000000 1.000000
1.677571 0.000000 1.000000
1.677571 0.000000 1.000000
1.677571 0.000000 1.000000
1.677571 0.000000 1.000000
1.677571 0.000000 1.000000
1.677571 0.000000 1.000000
1.677571 0.000000 1.000000
1.677571 0.000000 1.000000
1.677571 0.000000 1.000000
1.677571 0.000000 1.000000
1.677571 0.000000 1.000000
1.677571 0.000000 1.000000
1.677571 0.000000 1.000000
1.677571 0.000000 1.000000
1.677571 0.000000 1.000000
1.677571 0.000000 1.000000
1.677571 0.000000 1.000000
1.677571 0.000000 1.000000
1.677571 0.000000 1.000000
1.677571 0.000000 1.000000
1.677571 0.000000 1.000000
1.677571 0.000000 1.000000
1.677571 0.000000 1.000000
1.677571 0.000000 1.000000
1.677571 0.000000 1.000000
1.677571 0.000000 1.000000
1.677571 0.000000 1.000000
1.677571 0.000000 1.000000
1.677571 0.000000 1.000000
1.677571 0.000000 1.000000
1.677571 0.000000 1.000000
1.677571 0.000000 1.000000
1.677571 0.000000 1.000000
1.677571 0.000000 1.000000
1.677571 0.000000 1.000000
1.677571 0.000000 1.000000
1.677571 0.000000 1.000000
1.677571 0.000000 1.000000
1.677571 0.000000 1.000000
1.677571 0.000000 1.000000
1.677571 0.000000 1.000000
1.677571 0.000000 1.000000
1.677571 0.000000 1.000000
1.677571 0.000000 1.000000
1.677571 0.000000 1.000000
1.677571 0.000000 1.000000
1.677571 0.000000 1.000000
1.677571 0.000000 1.000000
1.677571 0.000000 1.000000
1.677571 0.000000 1.000000
1.677571 0.000000 1.000000
1.677571 0.000000 1.000000
1.677571 0.000000 1.000000
1.677571 0.000000 1.000000
1.677571 0.000000 1.000000
1.677571 0.000000 1.000000
1.677571 0.000000 1.000000
1.677571 0.000000 1.000000
1.677571 0.000000 1.000000
1.677571 0.000000 1.000000
1.677571 0.000000 1.000000
1.677571 0.000000 1.000000
1.677571 0.000000 1.000000
1.677571 0.000000 1.000000
1.677571 0.000000 1.000000
1.677571 0.000000 1.000000
1.677571 0.000000 1.000000
1.677571 0.000000 1.000000
1.677571 0.000000 1.000000
1.677571 0.000000 1.000000
1.677571 0.000000 1.000000
1.677571 0.000000 1.000000
1.677571 0.000000 1.000000
1.677571 0.000000 1.000000
1.677571 0.000000 1.000000
1.677571 0.000000 1.000000
1.677571 0.000000 1.000000
1.677571 0.000000 1.000000
1.677571 0.000000 1.000000
1.677571 0.000000 1.000000
1.677571 0.000000 1.000000
1.677571 0.000000 1.000000
1.677571 0.000000 1.000000
1.677571 0.000000 1.000000
1.677571 0.000000 1.000000
1.677571 0.000000 1.000000
1.677571 0.000000 1.000000
1.677571 0.000000 1.000000
1.677571 0.000000 1.000000
1.677571 0.000000 1.000000
1.677571 0.000000 1.000000
1.677571 0.000000 1.000000
1.677571 0.000000 1.000000
1.677571 0.000000 1.000000
1.677571 0.000000 1.000000
1.677571 0.000000 1.000000
1.677571 0.000000 1.000000
1.677571 0.000000 1.000000
1.677571 0.000000 1.000000
1.677571 0.000000 1.000000
1.677571 0.000000 1.000000
1.677571 0.000000 1.000000
1.677571 0.000000 1.000000
1.677571 0.000000 1.000000
1.677571 0.000000 1.000000
1.677571 0.000000 1.000000
1.677571 0.000000 1.000000
1.677571 0.000000 1.000000
1.677571 0.000000 1.000000
1.677571 0.000000 1.000000
1.677571 0.000000 1.000000
1.677571 0.000000 1.000000
1.677571 0.000000 1.000000
1.677571 0.000000 1.000000
1.677571 0.000000 1.000000
1.677571 0.000000 1.000000
1.677571 0.000000 1.000000
1.677571 0.000000 1.000000
1.677571 0.000000 1.000000
1.677571 0.000000 1.000000
1.677571 0.000000 1.000000
1.677571 0.000000 1.000000
1.677571 0.000000 1.000000
1.677571 0.000000 1.000000
1.677571 0.000000 1.000000
1.677571 0.000000 1.000000
1.677571 0.000000 1.000000
1.677571 0.000000 1.000000
1.677571 0.000000 1.000000
1.677571 0.000000 1.000000
1.677571 0.000000 1.000000
1.677571 0.000000 1.000000
1.677571 0.000000 1.000000
1.677571 0.000000 1.000000
1.677571 0.000000 1.000000
1.677571 0.000000 1.000000
1.677571 0.000000 1.000000
1.677571 0.000000 1.000000
1.677571 0.000000 1.000000
1.677571 0.000000 1.000000
1.677571 0.000000 1.000000
1.677571 0.000000 1.000000
1.677571 0.000000 1.000000
1.677571 0.000000 1.000000
1.677571 0.000000 1.000000
1.677571 0.000000 1.000000
1.677571 0.000000 1.000000
1.677571 0.000000 1.000000
1.677571 0.000000 1.000000
1.677571 0.000000 1.000000
1.677571 0.000000 1.000000
1.677571 0.000000 1.000000
1.677571 0.000000 1.000000
1.677571 0.000000 1.000000
1.677571 0.000000 1.000000
1.677571 0.000000 1.000000
1.677571 0.000000 1.000000
1.677571 0.000000 1.000000
1.677571 0.000000 1.000000
1.677571 0.000000 1.000000
1.677571 0.000000 1.000000
1.677571 0.000000 1.000000
1.677571 0.000000 1.000000
1.677571 0.000000 1.000000
1.677571 0.000000 1.000000
1.677571 0.000000 1.000000
1.677571 0.000000 1.000000
1.677571 0.000000 1.000000
1.677571 0.000000 1.000000
1.677571 0.000000 1.000000
1.677571 0.000000 1.000000
1.677571 0.000000 1.000000
1.677571 0.000000 1.000000
1.677571 0.000000 1.000000
1.677571 0.000000 1.000000
1.677571 0.000000 1.000000
1.677571 0.000000 1.000000
1.677571 0.000000 1.000000
1.677571 0.000000 1.000000
1.677571 0.000000 1.000000
1.677571 0.000000 1.000000
1.677571 0.000000 1.000000
1.677571 0.000000 1.000000
1.677571 0.000000 1.000000
1.677571 0.000000 1.000000
1.677571 0.000000 1.000000
1.677571 0.000000 1.000000
1.677571 0.000000 1.000000
1.677571 0.000000 1.000000
1.677571 0.000000 1.000000
1.677571 0.000000 1.000000
1.677571 0.000000 1.000000
1.677571 0.000000 1.000000
1.677571 0.000000 1.000000
1.677571 0.000000 1.000000
1.677571 0.000000 1.000000
1.677571 0.000000 1.000000
1.677571 0.000000 1.000000
1.677571 0.000000 1.000000
1.677571 0.000000 1.000000
1.677571 0.000000 1.000000
1.677571 0.000000 1.000000
1.677571 0.000000 1.000000
1.677571 0.000000 1.000000
1.677571 0.000000 1.000000
1.677571 0.000000 1.000000
1.677571 0.000000 1.000000
1.677571 0.000000 1.000000
1.677571 0.000000 1.000000
1.677571 0.000000 1.000000
1.677571 0.000000 1.000000
1.677571 0.000000 1.000000
1.677571 0.000000 1.000000
1.677571 0.000000 1.000000
1.677571 0.000000 1.000000
1.677571 0.000000 1.000000
1.677571 0.000000 1.000000
1.677571 0.000000 1.000000
1.677571 0.000000 1.000000
1.677571 0.000000 1.000000
1.677571 0.000000 1.000000
1.677571 0.000000 1.000000
1.677571 0.000000 1.000000
1.677571 0.000000 1.000000
1.677571 0.000000 1.000000
1.677571 0.000000 1.000000
1.677571 0.000000 1.000000
1.677571 0.000000 1.000000
1.677571 0.000000 1.000000
1.677571 0.000000 1.000000
1.677571 0.000000 1.000000
1.677571 0.000000 1.000000
1.677571 0.000000 1.000000
1.677571 0.000000 1.000000
1.677571 0.000000 1.000000
1.677571 0.000000 1.000000
1.677571 0.000000 1.000000
1.677571 0.000000 1.000000
1.677571 0.000000 1.000000
1.677571 0.000000 1.000000
1.677571 0.000000 1.000000
1.677571 0.000000 1.000000
1.677571 0.000000 1.000000
1.677571 0.000000 1.000000
1.677571 0.000000 1.000000
1.677571 0.000000 1.000000
1.677571 0.000000 1.000000
1.677571 0.000000 1.000000
1.677571 0.000000 1.000000
1.677571 0.000000 1.000000
1.677571 0.000000 1.000000
1.677571 0.000000 1.000000
1.677571 0.000000 1.000000
1.677571 0.000000 1.000000
1.677571 0.000000 1.000000
1.677571 0.000000 1.000000
1.677571 0.000000 1.000000
1.677571 0.000000 1.000000
1.677571 0.000000 1.000000
1.677571 0.000000 1.000000
1.677571 0.000000 1.000000
1.677571 0.000000 1.000000
1.677571 0.000000 1.000000
1.677571 0.000000 1.000000
1.677571 0.000000 1.000000
1.677571 0.000000 1.000000
1.677571 0.000000 1.000000
1.677571 0.000000 1.000000
1.677571 0.000000 1.000000
1.677571 0.000000 1.000000
1.677571 0.000000 1.000000
1.677571 0.000000 1.000000
1.677571 0.000000 1.000000
1.677571 0.000000 1.000000
1.677571 0.000000 1.000000
1.677571 0.000000 1.000000
1.677571 0.000000 1.000000
1.677571 0.000000 1.000000
1.677571 0.000000 1.000000
1.677571 0.000000 1.000000
1.677571 0.000000 1.000000
1.677571 0.000000 1.000000
1.677571 0.000000 1.000000
1.677571 0.000000 1.000000
1.677571 0.000000 1.000000
1.677571 0.000000 1.000000
1.677571 0.000000 1.000000
1.677571 0.000000 1.000000
1.677571 0.000000 1.000000
1.677571 0.000000 1.000000
1.677571 0.000000 1.000000
1.677571 0.000000 1.000000
1.677571 0.000000 1.000000
1.677571 0.000000 1.000000
1.677571 0.000000 1.000000
1.677571 0.000000 1.000000
1.677571 0.000000 1.000000
1.677571 0.000000 1.000000
1.677571 0.000000 1.000000
1.677571 0.000000 1.000000
1.677571 0.000000 1.000000
1.677571 0.000000 1.000000
1.677571 0.000000 1.000000
1.677571 0.000000 1.000000
1.677571 0.000000 1.000000
1.677571 0.000000 1.000000
1.677571 0.000000 1.000000
1.677571 0.000000 1.000000
1.677571 0.000000 1.000000
1.677571 0.000000 1.000000
1.677571 0.000000 1.000000
1.677571 0.000000 1.000000
1.677571 0.000000 1.000000
1.677571 0.000000 1.000000
1.677571 0.000000 1.000000
1.677571 0.000000 1.000000
1.677571 0.000000 1.000000
1.677571 0.000000 1.000000
1.677571 0.000000 1.000000
1.677571 0.000000 1.000000
1.677571 0.000000 1.000000
1.677571 0.000000 1.000000
1.677571 0.000000 1.000000
1.677571 0.000000 1.000000
1.677571 0.000000 1.000000
1.677571 0.000000 1.000000
1.677571 0.000000 1.000000
1.677571 0.000000 1.000000
1.677571 0.000000 1.000000
1.677571 0.000000 1.000000
1.677571 0.000000 1.000000
1.677571 0.000000 1.000000
1.677571 0.000000 1.000000
1.677571 0.000000 1.000000
1.677571 0.000000 1.000000
1.677571 0.000000 1.000000
1.677571 0.000000 1.000000
1.677571 0.000000 1.000000
1.677571 0.000000 1.000000
1.677571 0.000000 1.000000
1.677571 0.000000 1.000000
1.677571 0.000000 1.000000
1.677571 0.000000 1.000000
1.677571 0.000000 1.000000
1.677571 0.000000 1.000000
1.677571 0.000000 1.000000
1.677571 0.000000 1.000000
1.677571 0.000000 1.000000
1.677571 0.000000 1.000000
1.677571 0.000000 1.000000
1.677571 0.000000 1.000000
1.677571 0.000000 1.000000
1.677571 0.000000 1.000000
1.677571 0.000000 1.000000
1.677571 0.000000 1.000000
1.677571 0.000000 1.000000
1.677571 0.000000 1.000000
1.677571 0.000000 1.000000
1.677571 0.000000 1.000000
1.677571 0.000000 1.000000
1.677571 0.000000 1.000000
1.677571 0.000000 1.000000
1.677571 0.000000 1.000000
1.677571 0.000000 1.000000
1.677571 0.000000 1.000000
1.677571 0.000000 1.000000
1.677571 0.000000 1.000000
1.677571 0.000000 1.000000
1.677571 0.000000 1.000000
1.677571 0.000000 1.000000
1.677571 0.000000 1.000000
1.677571 0.000000 1.000000
1.677571 0.000000 1.000000
1.677571 0.000000 1.000000
1.677571 0.000000 1.000000
1.677571 0.000000 1.000000
1.677571 0.000000 1.000000
1.677571 0.000000 1.000000
1.677571 0.000000 1.000000
1.677571 0.000000 1.000000
1.677571 0.000000 1.000000
1.677571 0.000000 1.000000
1.677571 0.000000 1.000000
1.677571 0.000000 1.000000
1.677571 0.000000 1.000000
1.677571 0.000000 1.000000
1.677571 0.000000 1.000000
1.677571 0.000000 1.000000
1.677571 0.000000 1.000000
1.677571 0.000000 1.000000
1.677571 0.000000 1.000000
1.677571 0.000000 1.000000
1.677571 0.000000 1.000000
1.677571 0.000000 1.000000
1.677571 0.000000 1.000000
1.677571 0.000000 1.000000
1.677571 0.000000 1.000000
1.677571 0.000000 1.000000
1.677571 0.000000 1.000000
1.677571 0.000000 1.000000
1.677571 0.000000 1.000000
1.677571 0.000000 1.000000
1.677571 0.000000 1.000000
1.677571 0.000000 1.000000
1.677571 0.000000 1.000000
1.677571 0.000000 1.000000
1.677571 0.000000 1.000000
1.677571 0.000000 1.000000
1.677571 0.000000 1.000000
1.677571 0.000000 1.000000
1.677571 0.000000 1.000000
1.677571 0.000000 1.000000
1.677571 0.000000 1.000000
1.677571 0.000000 1.000000
1.677571 0.000000 1.000000
1.677571 0.000000 1.000000
1.677571 0.000000 1.000000
1.677571 0.000000 1.000000
1.677571 0.000000 1.000000
1.677571 0.000000 1.000000
1.677571 0.000000 1.000000
1.677571 0.000000 1.000000
1.677571 0.000000 1.000000
1.677571 0.000000 1.000000
1.677571 0.000000 1.000000
1.677571 0.000000 1.000000
1.677571 0.000000 1.000000
1.677571 0.000000 1.000000
1.677571 0.000000 1.000000
1.677571 0.000000 1.000000
1.677571 0.000000 1.000000
1.677571 0.000000 1.000000
1.677571 0.000000 1.000000
1.677571 0.000000 1.000000
1.677571 0.000000 1.000000
1.677571 0.000000 1.000000
1.677571 0.000000 1.000000
1.677571 0.000000 1.000000
1.677571 0.000000 1.000000
1.677571 0.000000 1.000000
1.677571 0.000000 1.000000
1.677571 0.000000 1.000000
1.677571 0.000000 1.000000
1.677571 0.000000 1.000000
1.677571 0.000000 1.000000
1.677571 0.000000 1.000000
1.677571 0.000000 1.000000
1.677571 0.000000 1.000000
1.677571 0.000000 1.000000
1.677571 0.000000 1.000000
1.677571 0.000000 1.000000
1.677571 0.000000 1.000000
1.677571 0.000000 1.000000
1.677571 0.000000 1.000000
1.677571 0.000000 1.000000
1.677571 0.000000 1.000000
1.677571 0.000000 1.000000
1.677571 0.000000 1.000000
1.677571 0.000000 1.000000
1.677571 0.000000 1.000000
1.677571 0.000000 1.000000
1.677571 0.000000 1.000000
1.677571 0.000000 1.000000
1.677571 0.000000 1.000000
1.677571 0.000000 1.000000
1.677571 0.000000 1.000000
1.677571 0.000000 1.000000
1.677571 0.000000 1.000000
1.677571 0.000000 1.000000
1.677571 0.000000 1.000000
1.677571 0.000000 1.000000
1.677571 0.000000 1.000000
1.677571 0.000000 1.000000
1.677571 0.000000 1.000000
1.677571 0.000000 1.000000
1.677571 0.000000 1.000000
1.677571 0.000000 1.000000
1.677571 0.000000 1.000000
1.677571 0.000000 1.000000
1.677571 0.000000 1.000000
1.677571 0.000000 1.000000
1.677571 0.000000 1.000000
1.677571 0.000000 1.000000
1.677571 0.000000 1.000000
1.677571 0.000000 1.000000
1.677571 0.000000 1.000000
1.677571 0.000000 1.000000
1.677571 0.000000 1.000000
1.677571 0.000000 1.000000
1.677571 0.000000 1.000000
1.677571 0.000000 1.000000
1.677571 0.000000 1.000000
1.677571 0.000000 1.000000
1.677571 0.000000 1.000000
1.677571 0.000000 1.000000
1.677571 0.000000 1.000000
1.677571 0.000000 1.000000
1.677571 0.000000 1.000000
1.677571 0.000000 1.000000
1.677571 0.000000 1.000000
1.677571 0.000000 1.000000
1.677571 0.000000 1.000000
1.677571 0.000000 1.000000
1.677571 0.000000 1.000000
1.677571 0.000000 1.000000
1.677571 0.000000 1.000000
1.677571 0.000000 1.000000
1.677571 0.000000 1.000000
1.677571 0.000000 1.000000
1.677571 0.000000 1.000000
1.677571 0.000000 1.000000
1.677571 0.000000 1.000000
1.677571 0.000000 1.000000
1.677571 0.000000 1.000000
1.677571 0.000000 1.000000
1.677571 0.000000 1.000000
1.677571 0.000000 1.000000
1.677571 0.000000 1.000000
1.677571 0.000000 1.000000
1.677571 0.000000 1.000000
1.677571 0.000000 1.000000
1.677571 0.000000 1.000000
1.677571 0.000000 1.000000
1.677571 0.000000 1.000000
1.677571 0.000000 1.000000
1.677571 0.000000 1.000000
1.677571 0.000000 1.000000
1.677571 0.000000 1.000000
1.677571 0.000000 1.000000
1.677571 0.000000 1.000000
1.677571 0.000000 1.000000
1.677571 0.000000 1.000000
1.677571 0.000000 1.000000
1.677571 0.000000 1.000000
1.677571 0.000000 1.000000
1.677571 0.000000 1.000000
1.677571 0.000000 1.000000
1.677571 0.000000 1.000000
1.677571 0.000000 1.000000
1.677571 0.000000 1.000000
1.677571 0.000000 1.000000
1.677571 0.000000 1.000000
1.677571 0.000000 1.000000
1.677571 0.000000 1.000000
1.677571 0.000000 1.000000
1.677571 0.000000 1.000000
1.677571 0.000000 1.000000
1.677571 0.000000 1.000000
1.677571 0.000000 1.000000
1.677571 0.000000 1.000000
1.677571 0.000000 1.000000
1.677571 0.000000 1.000000
1.677571 0.000000 1.000000
1.677571 0.000000 1.000000
1.677571 0.000000 1.000000
1.677571 0.000000 1.000000
1.677571 0.000000 1.000000
1.677571 0.000000 1.000000
1.677571 0.000000 1.000000
1.677571 0.000000 1.000000
1.677571 0.000000 1.000000
1.677571 0.000000 1.000000
1.677571 0.000000 1.000000
1.677571 0.000000 1.000000
1.677571 0.000000 1.000000
1.677571 0.000000 1.000000
1.677571 0.000000 1.000000
1.677571 0.000000 1.000000
1.677571 0.000000 1.000000
1.677571 0.000000 1.000000
1.677571 0.000000 1.000000
1.677571 0.000000 1.000000
1.677571 0.000000 1.000000
1.677571 0.000000 1.000000
1.677571 0.000000 1.000000
1.677571 0.000000 1.000000
1.677571 0.000000 1.000000
1.677571 0.000000 1.000000
1.677571 0.000000 1.000000
1.677571 0.000000 1.000000
1.677571 0.000000 1.000000
1.677571 0.000000 1.000000
1.677571 0.000000 1.000000
1.677571 0.000000 1.000000
1.677571 0.000000 1.000000
1.677571 0.000000 1.000000
1.677571 0.000000 1.000000
1.677571 0.000000 1.000000
1.677571 0.000000 1.000000
1.677571 0.000000 1.000000
1.677571 0.000000 1.000000
1.677571 0.000000 1.000000
1.677571 0.000000 1.000000
1.677571 0.000000 1.000000
1.677571 0.000000 1.000000
1.677571 0.000000 1.000000
1.677571 0.000000 1.000000
1.677571 0.000000 1.000000
1.677571 0.000000 1.000000
1.677571 0.000000 1.000000
1.677571 0.000000 1.000000
1.677571 0.000000 1.000000
1.677571 0.000000 1.000000
1.677571 0.000000 1.000000
1.677571 0.000000 1.000000
1.677571 0.000000 1.000000
1.677571 0.000000 1.000000
1.677571 0.000000 1.000000
1.677571 0.000000 1.000000
1.677571 0.000000 1.000000
1.677571 0.000000 1.000000
1.677571 0.000000 1.000000
1.677571 0.000000 1.000000
1.677571 0.000000 1.000000
1.677571 0.000000 1.000000
1.677571 0.000000 1.000000
1.677571 0.000000 1.000000
1.677571 0.000000 1.000000
1.677571 0.000000 1.000000
1.677571 0.000000 1.000000
1.677571 0.000000 1.000000
1.677571 0.000000 1.000000
1.677571 0.000000 1.000000
1.677571 0.000000 1.000000
1.677571 0.000000 1.000000
1.677571 0.000000 1.000000
1.677571 0.000000 1.000000
1.677571 0.000000 1.000000
1.677571 0.000000 1.000000
1.677571 0.000000 1.000000
1.677571 0.000000 1.000000
1.677571 0.000000 1.000000
1.677571 0.000000 1.000000
1.677571 0.000000 1.000000
1.677571 0.000000 1.000000
1.677571 0.000000 1.000000
1.677571 0.000000 1.000000
1.677571 0.000000 1.000000
1.677571 0.000000 1.000000
1.677571 0.000000 1.000000
1.677571 0.000000 1.000000
1.677571 0.000000 1.000000
1.677571 0.000000 1.000000
1.677571 0.000000 1.000000
1.677571 0.000000 1.000000
1.677571 0.000000 1.000000
1.677571 0.000000 1.000000
1.677571 0.000000 1.000000
1.677571 0.000000 1.000000
1.677571 0.000000 1.000000
1.677571 0.000000 1.000000
1.677571 0.000000 1.000000
1.677571 0.000000 1.000000
1.677571 0.000000 1.000000
1.677571 0.000000 1.000000
1.677571 0.000000 1.000000
1.677571 0.000000 1.000000
1.677571 0.000000 1.000000
1.677571 0.000000 1.000000
1.677571 0.000000 1.000000
1.677571 0.000000 1.000000
1.677571 0.000000 1.000000
1.677571 0.000000 1.000000
1.677571 0.000000 1.000000
1.677571 0.000000 1.000000
1.677571 0.000000 1.000000
1.677571 0.000000 1.000000
1.677571 0.000000 1.000000
1.677571 0.000000 1.000000
1.677571 0.000000 1.000000
1.677571 0.000000 1.000000
1.677571 0.000000 1.000000
1.677571 0.000000 1.000000
1.677571 0.000000 1.000000
1.677571 0.000000 1.000000
1.677571 0.000000 1.000000
1.677571 0.000000 1.000000
1.677571 0.000000 1.000000
1.677571 0.000000 1.000000
1.677571 0.000000 1.000000
1.677571 0.000000 1.000000
1.677571 0.000000 1.000000
1.677571 0.000000 1.000000
1.677571 0.000000 1.000000
1.677571 0.000000 1.000000
1.677571 0.000000 1.000000
1.677571 0.000000 1.000000
1.677571 0.000000 1.000000
1.677571 0.000000 1.000000
1.677571 0.000000 1.000000
1.677571 0.000000 1.000000
1.677571 0.000000 1.000000
1.677571 0.000000 1.000000
1.677571 0.000000 1.000000
1.677571 0.000000 1.000000
1.677571 0.000000 1.000000
1.677571 0.000000 1.000000
1.677571 0.000000 1.000000
1.677571 0.000000 1.000000
1.677571 0.000000 1.000000
1.677571 0.000000 1.000000
1.677571 0.000000 1.000000
1.677571 0.000000 1.000000
1.677571 0.000000 1.000000
1.677571 0.000000 1.000000
1.677571 0.000000 1.000000
1.677571 0.000000 1.000000
1.677571 0.000000 1.000000
1.677571 0.000000 1.000000
1.677571 0.000000 1.000000
1.677571 0.000000 1.000000
1.677571 0.000000 1.000000
1.677571 0.000000 1.000000
1.677571 0.000000 1.000000
1.677571 0.000000 1.000000
1.677571 0.000000 1.000000
1.677571 0.000000 1.000000
1.677571 0.000000 1.000000
1.677571 0.000000 1.000000
1.677571 0.000000 1.000000
1.677571 0.000000 1.000000
1.677571 0.000000 1.000000
1.677571 0.000000 1.000000
1.677571 0.000000 1.000000
1.677571 0.000000 1.000000
1.677571 0.000000 1.000000
1.677571 0.000000 1.000000
1.677571 0.000000 1.000000
1.677571 0.000000 1.000000
1.677571 0.000000 1.000000
1.677571 0.000000 1.000000
1.677571 0.000000 1.000000
1.677571 0.000000 1.000000
1.677571 0.000000 1.000000
1.677571 0.000000 1.000000
1.677571 0.000000 1.000000
1.677571 0.000000 1.000000
1.677571 0.000000 1.000000
1.677571 0.000000 1.000000
1.677571 0.000000 1.000000
1.677571 0.000000 1.000000
1.677571 0.000000 1.000000
1.677571 0.000000 1.000000
1.677571 0.000000 1.000000
1.677571 0.000000 1.000000
1.677571 0.000000 1.000000
1.677571 0.000000 1.000000
1.677571 0.000000 1.000000
1.677571 0.000000 1.000000
1.677571 0.000000 1.000000
1.677571 0.000000 1.000000
1.677571 0.000000 1.000000
1.677571 0.000000 1.000000
1.677571 0.000000 1.000000
1.677571 0.000000 1.000000
1.677571 0.000000 1.000000
1.677571 0.000000 1.000000
1.677571 0.000000 1.000000
1.677571 0.000000 1.000000
1.677571 0.000000 1.000000
1.677571 0.000000 1.000000
1.677571 0.000000 1.000000
1.677571 0.000000 1.000000
1.677571 0.000000 1.000000
1.677571 0.000000 1.000000
1.677571 0.000000 1.000000
1.677571 0.000000 1.000000
1.677571 0.000000 1.000000
1.677571 0.000000 1.000000
1.677571 0.000000 1.000000
1.677571 0.000000 1.000000
1.677571 0.000000 1.000000
1.677571 0.000000 1.000000
1.677571 0.000000 1.000000
1.677571 0.000000 1.000000
1.677571 0.000000 1.000000
1.677571 0.000000 1.000000
1.677571 0.000000 1.000000
1.677571 0.000000 1.000000
1.677571 0.000000 1.000000
1.677571 0.000000 1.000000
1.677571 0.000000 1.000000
1.677571 0.000000 1.000000
1.677571 0.000000 1.000000
1.677571 0.000000 1.000000
1.677571 0.000000 1.000000
1.677571 0.000000 1.000000
1.677571 0.000000 1.000000
1.677571 0.000000 1.000000
1.677571 0.000000 1.000000
1.677571 0.000000 1.000000
1.677571 0.000000 1.000000
1.677571 0.000000 1.000000
1.677571 0.000000 1.000000
1.677571 0.000000 1.000000
1.677571 0.000000 1.000000
1.677571 0.000000 1.000000
1.677571 0.000000 1.000000
1.677571 0.000000 1.000000
1.677571 0.000000 1.000000
1.677571 0.000000 1.000000
1.677571 0.000000 1.000000
1.677571 0.000000 1.000000
1.677571 0.000000 1.000000
1.677571 0.000000 1.000000
1.677571 0.000000 1.000000
1.677571 0.000000 1.000000
1.677571 0.000000 1.000000
1.677571 0.000000 1.000000
1.677571 0.000000 1.000000
1.677571 0.000000 1.000000
1.677571 0.000000 1.000000
1.677571 0.000000 1.000000
1.677571 0.000000 1.000000
1.677571 0.000000 1.000000
1.677571 0.000000 1.000000
1.677571 0.000000 1.000000
1.677571 0.000000 1.000000
1.677571 0.000000 1.000000
1.677571 0.000000 1.000000
1.677571 0.000000 1.000000
1.677571 0.000000 1.000000
1.677571 0.000000 1.000000
1.677571 0.000000 1.000000
1.677571 0.000000 1.000000
1.677571 0.000000 1.000000
1.677571 0.000000 1.000000
1.677571 0.000000 1.000000
1.677571 0.000000 1.000000
1.677571 0.000000 1.000000
1.677571 0.000000 1.000000
1.677571 0.000000 1.000000
1.677571 0.000000 1.000000
1.677571 0.000000 1.000000
1.677571 0.000000 1.000000
1.677571 0.000000 1.000000
1.677571 0.000000 1.000000
1.677571 0.000000 1.000000
1.677571 0.000000 1.000000
1.677571 0.000000 1.000000
1.677571 0.000000 1.000000
1.677571 0.000000 1.000000
1.677571 0.000000 1.000000
1.677571 0.000000 1.000000
1.677571 0.000000 1.000000
1.677571 0.000000 1.000000
1.677571 0.000000 1.000000
1.677571 0.000000 1.000000
1.677571 0.000000 1.000000
1.677571 0.000000 1.000000
1.677571 0.000000 1.000000
1.677571 0.000000 1.000000
1.677571 0.000000 1.000000
1.677571 0.000000 1.000000
1.677571 0.000000 1.000000
1.677571 0.000000 1.000000
1.677571 0.000000 1.000000
1.677571 0.000000 1.000000
1.677571 0.000000 1.000000
1.677571 0.000000 1.000000
1.677571 0.000000 1.000000
1.677571 0.000000 1.000000
1.677571 0.000000 1.000000
1.677571 0.000000 1.000000
1.677571 0.000000 1.000000
1.677571 0.000000 1.000000
1.677571 0.000000 1.000000
1.677571 0.000000 1.000000
1.677571 0.000000 1.000000
1.677571 0.000000 1.000000
1.677571 0.000000 1.000000
1.677571 0.000000 1.000000
1.677571 0.000000 1.000000
1.677571 0.000000 1.000000
1.677571 0.000000 1.000000
1.677571 0.000000 1.000000
1.677571 0.000000 1.000000
1.677571 0.000000 1.000000
1.677571 0.000000 1.000000
1.677571 0.000000 1.000000
1.677571 0.000000 1.000000
1.677571 0.000000 1.000000
1.677571 0.000000 1.000000
1.677571 0.000000 1.000000
1.677571 0.000000 1.000000
1.677571 0.000000 1.000000
1.677571 0.000000 1.000000
1.677571 0.000000 1.000000
1.677571 0.000000 1.000000
1.677571 0.000000 1.000000
1.677571 0.000000 1.000000
1.677571 0.000000 1.000000
1.677571 0.000000 1.000000
1.677571 0.000000 1.000000
1.677571 0.000000 1.000000
1.677571 0.000000 1.000000
1.677571 0.000000 1.000000
1.677571 0.000000 1.000000
1.677571 0.000000 1.000000
1.677571 0.000000 1.000000
1.677571 0.000000 1.000000
1.677571 0.000000 1.000000
1.677571 0.000000 1.000000
1.677571 0.000000 1.000000
1.677571 0.000000 1.000000
1.677571 0.000000 1.000000
1.677571 0.000000 1.000000
1.677571 0.000000 1.000000
1.677571 0.000000 1.000000
1.677571 0.000000 1.000000
1.677571 0.000000 1.000000
1.677571 0.000000 1.000000
1.677571 0.000000 1.000000
1.677571 0.000000 1.000000
1.677571 0.000000 1.000000
1.677571 0.000000 1.000000
1.677571 0.000000 1.000000
1.677571 0.000000 1.000000
1.677571 0.000000 1.000000
1.677571 0.000000 1.000000
1.677571 0.000000 1.000000
1.677571 0.000000 1.000000
1.677571 0.000000 1.000000
1.677571 0.000000 1.000000
1.677571 0.000000 1.000000
1.677571 0.000000 1.000000
1.677571 0.000000 1.000000
1.677571 0.000000 1.000000
1.677571 0.000000 1.000000
1.677571 0.000000 1.000000
1.677571 0.000000 1.000000
1.677571 0.000000 1.000000
1.677571 0.000000 1.000000
1.677571 0.000000 1.000000
1.677571 0.000000 1.000000
1.677571 0.000000 1.000000
1.677571 0.000000 1.000000
1.677571 0.000000 1.000000
1.677571 0.000000 1.000000
1.677571 0.000000 1.000000
1.677571 0.000000 1.000000
1.677571 0.000000 1.000000
1.677571 0.000000 1.000000
1.677571 0.000000 1.000000
1.677571 0.000000 1.000000
1.677571 0.000000 1.000000
1.677571 0.000000 1.000000
1.677571 0.000000 1.000000
1.677571 0.000000 1.000000
1.677571 0.000000 1.000000
1.677571 0.000000 1.000000
1.677571 0.000000 1.000000
1.677571 0.000000 1.000000
1.677571 0.000000 1.000000
1.677571 0.000000 1.000000
1.677571 0.000000 1.000000
1.677571 0.000000 1.000000
1.677571 0.000000 1.000000
1.677571 0.000000 1.000000
1.677571 0.000000 1.000000
1.677571 0.000000 1.000000
1.677571 0.000000 1.000000
1.677571 0.000000 1.000000
1.677571 0.000000 1.000000
1.677571 0.000000 1.000000
1.677571 0.000000 1.000000
1.677571 0.000000 1.000000
1.677571 0.000000 1.000000
1.677571 0.000000 1.000000
1.677571 0.000000 1.000000
1.677571 0.000000 1.000000
1.677571 0.000000 1.000000
1.677571 0.000000 1.000000
1.677571 0.000000 1.000000
1.677571 0.000000 1.000000
1.677571 0.000000 1.000000
1.677571 0.000000 1.000000
1.677571 0.000000 1.000000
1.677571 0.000000 1.000000
1.677571 0.000000 1.000000
1.677571 0.000000 1.000000
1.677571 0.000000 1.000000
1.677571 0.000000 1.000000
1.677571 0.000000 1.000000
1.677571 0.000000 1.000000
1.677571 0.000000 1.000000
1.677571 0.000000 1.000000
1.677571 0.000000 1.000000
1.677571 0.000000 1.000000
1.677571 0.000000 1.000000
1.677571 0.000000 1.000000
1.677571 0.000000 1.000000
1.677571 0.000000 1.000000
1.677571 0.000000 1.000000
1.677571 0.000000 1.000000
1.677571 0.000000 1.000000
1.677571 0.000000 1.000000
1.677571 0.000000 1.000000
1.677571 0.000000 1.000000
1.677571 0.000000 1.000000
1.677571 0.000000 1.000000
1.677571 0.000000 1.000000
1.677571 0.000000 1.000000
1.677571 0.000000 1.000000
1.677571 0.000000 1.000000
1.677571 0.000000 1.000000
1.677571 0.000000 1.000000
1.677571 0.000000 1.000000
1.677571 0.000000 1.000000
1.677571 0.000000 1.000000
1.677571 0.000000 1.000000
1.677571 0.000000 1.000000
1.677571 0.000000 1.000000
1.677571 0.000000 1.000000
1.677571 0.000000 1.000000
1.677571 0.000000 1.000000
1.677571 0.000000 1.000000
1.677571 0.000000 1.000000
1.677571 0.000000 1.000000
1.677571 0.000000 1.000000
1.677571 0.000000 1.000000
1.677571 0.000000 1.000000
1.677571 0.000000 1.000000
1.677571 0.000000 1.000000
1.677571 0.000000 1.000000
1.677571 0.000000 1.000000
1.677571 0.000000 1.000000
1.677571 0.000000 1.000000
1.677571 0.000000 1.000000
1.677571 0.000000 1.000000
1.677571 0.000000 1.000000
1.677571 0.000000 1.000000
1.677571 0.000000 1.000000
1.677571 0.000000 1.000000
1.677571 0.000000 1.000000
1.677571 0.000000 1.000000
1.677571 0.000000 1.000000
1.677571 0.000000 1.000000
1.677571 0.000000 1.000000
1.677571 0.000000 1.000000
1.677571 0.000000 1.000000
1.677571 0.000000 1.000000
1.677571 0.000000 1.000000
1.677571 0.000000 1.000000
1.677571 0.000000 1.000000
1.677571 0.000000 1.000000
1.677571 0.000000 1.000000
1.677571 0.000000 1.000000
1.677571 0.000000 1.000000
1.677571 0.000000 1.000000
1.677571 0.000000 1.000000
1.677571 0.000000 1.000000
1.677571 0.000000 1.000000
1.677571 0.000000 1.000000
1.677571 0.000000 1.000000
1.677571 0.000000 1.000000
1.677571 0.000000 1.000000
1.677571 0.000000 1.000000
1.677571 0.000000 1.000000
1.677571 0.000000 1.000000
1.677571 0.000000 1.000000
1.677571 0.000000 1.000000
1.677571 0.000000 1.000000
1.677571 0.000000 1.000000
1.677571 0.000000 1.000000
1.677571 0.000000 1.000000
1.677571 0.000000 1.000000
1.677571 0.000000 1.000000
1.677571 0.000000 1.000000
1.677571 0.000000 1.000000
1.677571 0.000000 1.000000
1.677571 0.000000 1.000000
1.677571 0.000000 1.000000
1.677571 0.000000 1.000000
1.677571 0.000000 1.000000
1.677571 0.000000 1.000000
1.677571 0.000000 1.000000
1.677571 0.000000 1.000000
1.677571 0.000000 1.000000
1.677571 0.000000 1.000000
1.677571 0.000000 1.000000
1.677571 0.000000 1.000000
1.677571 0.000000 1.000000
1.677571 0.000000 1.000000
1.677571 0.000000 1.000000
1.677571 0.000000 1.000000
1.677571 0.000000 1.000000
1.677571 0.000000 1.000000
1.677571 0.000000 1.000000
1.677571 0.000000 1.000000
1.677571 0.000000 1.000000
1.677571 0.000000 1.000000
1.677571 0.000000 1.000000
1.677571 0.000000 1.000000
1.677571 0.000000 1.000000
1.677571 0.000000 1.000000
1.677571 0.000000 1.000000
1.677571 0.000000 1.000000
1.677571 0.000000 1.000000
1.677571 0.000000 1.000000
1.677571 0.000000 1.000000
1.677571 0.000000 1.000000
1.677571 0.000000 1.000000
1.677571 0.000000 1.000000
1.677571 0.000000 1.000000
1.677571 0.000000 1.000000
1.677571 0.000000 1.000000
1.677571 0.000000 1.000000
1.677571 0.000000 1.000000
1.677571 0.000000 1.000000
1.677571 0.000000 1.000000
1.677571 0.000000 1.000000
1.677571 0.000000 1.000000
1.677571 0.000000 1.000000
1.677571 0.000000 1.000000
1.677571 0.000000 1.000000
1.677571 0.000000 1.000000
1.677571 0.000000 1.000000
1.677571 0.000000 1.000000
1.677571 0.000000 1.000000
1.677571 0.000000 1.000000
1.677571 0.000000 1.000000
1.677571 0.000000 1.000000
1.677571 0.000000 1.000000
1.677571 0.000000 1.000000
1.677571 0.000000 1.000000
1.677571 0.000000 1.000000
1.677571 0.000000 1.000000
1.677571 0.000000 1.000000
1.677571 0.000000 1.000000
1.677571 0.000000 1.000000
1.677571 0.000000 1.000000
1.677571 0.000000 1.000000
1.677571 0.000000 1.000000
1.677571 0.000000 1.000000
1.677571 0.000000 1.000000
1.677571 0.000000 1.000000
1.677571 0.000000 1.000000
1.677571 0.000000 1.000000
1.677571 0.000000 1.000000
1.677571 0.000000 1.000000
1.677571 0.000000 1.000000
1.677571 0.000000 1.000000
1.677571 0.000000 1.000000
1.677571 0.000000 1.000000
1.677571 0.000000 1.000000
1.677571 0.000000 1.000000
1.677571 0.000000 1.000000
1.677571 0.000000 1.000000
1.677571 0.000000 1.000000
1.677571 0.000000 1.000000
1.677571 0.000000 1.000000
1.677571 0.000000 1.000000
1.677571 0.000000 1.000000
1.677571 0.000000 1.000000
1.677571 0.000000 1.000000
1.677571 0.000000 1.000000
1.677571 0.000000 1.000000
1.677571 0.000000 1.000000
1.677571 0.000000 1.000000
1.677571 0.000000 1.000000
1.677571 0.000000 1.000000
1.677571 0.000000 1.000000
1.677571 0.000000 1.000000
1.677571 0.000000 1.000000
1.677571 0.000000 1.000000
1.677571 0.000000 1.000000
1.677571 0.000000 1.000000
1.677571 0.000000 1.000000
1.677571 0.000000 1.000000
1.677571 0.000000 1.000000
1.677571 0.000000 1.000000
1.677571 0.000000 1.000000
1.677571 0.000000 1.000000
1.677571 0.000000 1.000000
1.677571 0.000000 1.000000
1.677571 0.000000 1.000000
1.677571 0.000000 1.000000
1.677571 0.000000 1.000000
1.677571 0.000000 1.000000
1.677571 0.000000 1.000000
1.677571 0.000000 1.000000
1.677571 0.000000 1.000000
1.677571 0.000000 1.000000
1.677571 0.000000 1.000000
1.677571 0.000000 1.000000
1.677571 0.000000 1.000000
1.677571 0.000000 1.000000
1.677571 0.000000 1.000000
1.677571 0.000000 1.000000
1.677571 0.000000 1.000000
1.677571 0.000000 1.000000
1.677571 0.000000 1.000000
1.677571 0.000000 1.000000
1.677571 0.000000 1.000000
1.677571 0.000000 1.000000
1.677571 0.000000 1.000000
1.677571 0.000000 1.000000
1.677571 0.000000 1.000000
1.677571 0.000000 1.000000
1.677571 0.000000 1.000000
1.677571 0.000000 1.000000
1.677571 0.000000 1.000000
1.677571 0.000000 1.000000
1.677571 0.000000 1.000000
1.677571 0.000000 1.000000
1.677571 0.000000 1.000000
1.677571 0.000000 1.000000
1.677571 0.000000 1.000000
1.677571 0.000000 1.000000
1.677571 0.000000 1.000000
1.677571 0.000000 1.000000
1.677571 0.000000 1.000000
1.677571 0.000000 1.000000
1.677571 0.000000 1.000000
1.677571 0.000000 1.000000
1.677571 0.000000 1.000000
1.677571 0.000000 1.000000
1.677571 0.000000 1.000000
1.677571 0.000000 1.000000
1.677571 0.000000 1.000000
1.677571 0.000000 1.000000
1.677571 0.000000 1.000000
1.677571 0.000000 1.000000
1.677571 0.000000 1.000000
1.677571 0.000000 1.000000
1.677571 0.000000 1.000000
1.677571 0.000000 1.000000
1.677571 0.000000 1.000000
1.677571 0.000000 1.000000
1.677571 0.000000 1.000000
1.677571 0.000000 1.000000
1.677571 0.000000 1.000000
1.677571 0.000000 1.000000
1.677571 0.000000 1.000000
1.677571 0.000000 1.000000
1.677571 0.000000 1.000000
1.677571 0.000000 1.000000
1.677571 0.000000 1.000000
1.677571 0.000000 1.000000
1.677571 0.000000 1.000000
1.677571 0.000000 1.000000
1.677571 0.000000 1.000000
1.677571 0.000000 1.000000
1.677571 0.000000 1.000000
1.677571 0.000000 1.000000
1.677571 0.000000 1.000000
1.677571 0.000000 1.000000
1.677571 0.000000 1.000000
1.677571 0.000000 1.000000
1.677571 0.000000 1.000000
1.677571 0.000000 1.000000
1.677571 0.000000 1.000000
1.677571 0.000000 1.000000
1.677571 0.000000 1.000000
1.677571 0.000000 1.000000
1.677571 0.000000 1.000000
1.677571 0.000000 1.000000
1.677571 0.000000 1.000000
1.677571 0.000000 1.000000
1.677571 0.000000 1.000000
1.677571 0.000000 1.000000
1.677571 0.000000 1.000000
1.677571 0.000000 1.000000
1.677571 0.000000 1.000000
1.677571 0.000000 1.000000
1.677571 0.000000 1.000000
1.677571 0.000000 1.000000
1.677571 0.000000 1.000000
1.677571 0.000000 1.000000
1.677571 0.000000 1.000000
1.677571 0.000000 1.000000
1.677571 0.000000 1.000000
1.677571 0.000000 1.000000
1.677571 0.000000 1.000000
1.677571 0.000000 1.000000
1.677571 0.000000 1.000000
1.677571 0.000000 1.000000
1.677571 0.000000 1.000000
1.677571 0.000000 1.000000
1.677571 0.000000 1.000000
1.677571 0.000000 1.000000
1.677571 0.000000 1.000000
1.677571 0.000000 1.000000
1.677571 0.000000 1.000000
1.677571 0.000000 1.000000
1.677571 0.000000 1.000000
1.677571 0.000000 1.000000
1.677571 0.000000 1.000000
1.677571 0.000000 1.000000
1.677571 0.000000 1.000000
1.677571 0.000000 1.000000
1.677571 0.000000 1.000000
1.677571 0.000000 1.000000
1.677571 0.000000 1.000000
1.677571 0.000000 1.000000
1.677571 0.000000 1.000000
1.677571 0.000000 1.000000
1.677571 0.000000 1.000000
1.677571 0.000000 1.000000
1.677571 0.000000 1.000000
1.677571 0.000000 1.000000
1.677571 0.000000 1.000000
1.677571 0.000000 1.000000
1.677571 0.000000 1.000000
1.677571 0.000000 1.000000
1.677571 0.000000 1.000000
1.677571 0.000000 1.000000
1.677571 0.000000 1.000000
1.677571 0.000000 1.000000
1.677571 0.000000 1.000000
1.677571 0.000000 1.000000
1.677571 0.000000 1.000000
1.677571 0.000000 1.000000
1.677571 0.000000 1.000000
1.677571 0.000000 1.000000
1.677571 0.000000 1.000000
1.677571 0.000000 1.000000
1.677571 0.000000 1.000000
1.677571 0.000000 1.000000
1.677571 0.000000 1.000000
1.677571 0.000000 1.000000
1.677571 0.000000 1.000000
1.677571 0.000000 1.000000
1.677571 0.000000 1.000000
1.677571 0.000000 1.000000
1.677571 0.000000 1.000000
1.677571 0.000000 1.000000
1.677571 0.000000 1.000000
1.677571 0.000000 1.000000
1.677571 0.000000 1.000000
1.677571 0.000000 1.000000
1.677571 0.000000 1.000000
1.677571 0.000000 1.000000
1.677571 0.000000 1.000000
1.677571 0.000000 1.000000
1.677571 0.000000 1.000000
1.677571 0.000000 1.000000
1.677571 0.000000 1.000000
1.677571 0.000000 1.000000
1.677571 0.000000 1.000000
1.677571 0.000000 1.000000
1.677571 0.000000 1.000000
1.677571 0.000000 1.000000
1.677571 0.000000 1.000000
1.677571 0.000000 1.000000
1.677571 0.000000 1.000000
1.677571 0.000000 1.000000
1.677571 0.000000 1.000000
1.677571 0.000000 1.000000
1.677571 0.000000 1.000000
1.677571 0.000000 1.000000
1.677571 0.000000 1.000000
1.677571 0.000000 1.000000
1.677571 0.000000 1.000000
1.677571 0.000000 1.000000
1.677571 0.000000 1.000000
1.677571 0.000000 1.000000
1.677571 0.000000 1.000000
1.677571 0.000000 1.000000
1.677571 0.000000 1.000000
1.677571 0.000000 1.000000
1.677571 0.000000 1.000000
1.677571 0.000000 1.000000
1.677571 0.000000 1.000000
1.677571 0.000000 1.000000
1.677571 0.000000 1.000000
1.677571 0.000000 1.000000
1.677571 0.000000 1.000000
1.677571 0.000000 1.000000
1.677571 0.000000 1.000000
1.677571 0.000000 1.000000
1.677571 0.000000 1.000000
1.677571 0.000000 1.000000
1.677571 0.000000 1.000000
1.677571 0.000000 1.000000
1.677571 0.000000 1.000000
1.677571 0.000000 1.000000
1.677571 0.000000 1.000000
1.677571 0.000000 1.000000
1.677571 0.000000 1.000000
1.677571 0.000000 1.000000
1.677571 0.000000 1.000000
1.677571 0.000000 1.000000
1.677571 0.000000 1.000000
1.677571 0.000000 1.000000
1.677571 0.000000 1.000000
1.677571 0.000000 1.000000
1.677571 0.000000 1.000000
1.677571 0.000000 1.000000
1.677571 0.000000 1.000000
1.677571 0.000000 1.000000
1.677571 0.000000 1.000000
1.677571 0.000000 1.000000
1.677571 0.000000 1.000000
1.677571 0.000000 1.000000
1.677571 0.000000 1.000000
1.677571 0.000000 1.000000
1.677571 0.000000 1.000000
1.677571 0.000000 1.000000
1.677571 0.000000 1.000000
1.677571 0.000000 1.000000
1.677571 0.000000 1.000000
1.677571 0.000000 1.000000
1.677571 0.000000 1.000000
1.677571 0.000000 1.000000
1.677571 0.000000 1.000000
1.677571 0.000000 1.000000
1.677571 0.000000 1.000000
1.677571 0.000000 1.000000
1.677571 0.000000 1.000000
1.677571 0.000000 1.000000
1.677571 0.000000 1.000000
1.677571 0.000000 1.000000
1.677571 0.000000 1.000000
1.677571 0.000000 1.000000
1.677571 0.000000 1.000000
1.677571 0.000000 1.000000
1.677571 0.000000 1.000000
1.677571 0.000000 1.000000
1.677571 0.000000 1.000000
1.677571 0.000000 1.000000
1.677571 0.000000 1.000000
1.677571 0.000000 1.000000
1.677571 0.000000 1.000000
1.677571 0.000000 1.000000
1.677571 0.000000 1.000000
1.677571 0.000000 1.000000
1.677571 0.000000 1.000000
1.677571 0.000000 1.000000
1.677571 0.000000 1.000000
1.677571 0.000000 1.000000
1.677571 0.000000 1.000000
1.677571 0.000000 1.000000
1.677571 0.000000 1.000000
1.677571 0.000000 1.000000
1.677571 0.000000 1.000000
1.677571 0.000000 1.000000
1.677571 0.000000 1.000000
1.677571 0.000000 1.000000
1.677571 0.000000 1.000000
1.677571 0.000000 1.000000
1.677571 0.000000 1.000000
1.677571 0.000000 1.000000
1.677571 0.000000 1.000000
1.677571 0.000000 1.000000
1.677571 0.000000 1.000000
1.677571 0.000000 1.000000
1.677571 0.000000 1.000000
1.677571 0.000000 1.000000
1.677571 0.000000 1.000000
1.677571 0.000000 1.000000
1.677571 0.000000 1.000000
1.677571 0.000000 1.000000
1.677571 0.000000 1.000000
1.677571 0.000000 1.000000
1.677571 0.000000 1.000000
1.677571 0.000000 1.000000
1.677571 0.000000 1.000000
1.677571 0.000000 1.000000
1.677571 0.000000 1.000000
1.677571 0.000000 1.000000
1.677571 0.000000 1.000000
1.677571 0.000000 1.000000
1.677571 0.000000 1.000000
1.677571 0.000000 1.000000
1.677571 0.000000 1.000000
1.677571 0.000000 1.000000
1.677571 0.000000 1.000000
1.677571 0.000000 1.000000
1.677571 0.000000 1.000000
1.677571 0.000000 1.000000
1.677571 0.000000 1.000000
1.677571 0.000000 1.000000
1.677571 0.000000 1.000000
1.677571 0.000000 1.000000
1.677571 0.000000 1.000000
1.677571 0.000000 1.000000
1.677571 0.000000 1.000000
1.677571 0.000000 1.000000
1.677571 0.000000 1.000000
1.677571 0.000000 1.000000
1.677571 0.000000 1.000000
1.677571 0.000000 1.000000
1.677571 0.000000 1.000000
1.677571 0.000000 1.000000
1.677571 0.000000 1.000000
1.677571 0.000000 1.000000
1.677571 0.000000 1.000000
1.677571 0.000000 1.000000
1.677571 0.000000 1.000000
1.677571 0.000000 1.000000
1.677571 0.000000 1.000000
1.677571 0.000000 1.000000
1.677571 0.000000 1.000000
1.677571 0.000000 1.000000
1.677571 0.000000 1.000000
1.677571 0.000000 1.000000
1.677571 0.000000 1.000000
1.677571 0.000000 1.000000
1.677571 0.000000 1.000000
1.677571 0.000000 1.000000
1.677571 0.000000 1.000000
1.677571 0.000000 1.000000
1.677571 0.000000 1.000000
1.677571 0.000000 1.000000
1.677571 0.000000 1.000000
1.677571 0.000000 1.000000
1.677571 0.000000 1.000000
1.677571 0.000000 1.000000
1.677571 0.000000 1.000000
1.677571 0.000000 1.000000
1.677571 0.000000 1.000000
1.677571 0.000000 1.000000
1.677571 0.000000 1.000000
1.677571 0.000000 1.000000
1.677571 0.000000 1.000000
1.677571 0.000000 1.000000
1.677571 0.000000 1.000000
1.677571 0.000000 1.000000
1.677571 0.000000 1.000000
1.677571 0.000000 1.000000
1.677571 0.000000 1.000000
1.677571 0.000000 1.000000
1.677571 0.000000 1.000000
1.677571 0.000000 1.000000
1.677571 0.000000 1.000000
1.677571 0.000000 1.000000
1.677571 0.000000 1.000000
1.677571 0.000000 1.000000
1.677571 0.000000 1.000000
1.677571 0.000000 1.000000
1.677571 0.000000 1.000000
1.677571 0.000000 1.000000
1.677571 0.000000 1.000000
1.677571 0.000000 1.000000
1.677571 0.000000 1.000000
1.677571 0.000000 1.000000
1.677571 0.000000 1.000000
1.677571 0.000000 1.000000
1.677571 0.000000 1.000000
1.677571 0.000000 1.000000
1.677571 0.000000 1.000000
1.677571 0.000000 1.000000
1.677571 0.000000 1.000000
1.677571 0.000000 1.000000
1.677571 0.000000 1.000000
1.677571 0.000000 1.000000
1.677571 0.000000 1.000000
1.677571 0.000000 1.000000
1.677571 0.000000 1.000000
1.677571 0.000000 1.000000
1.677571 0.000000 1.000000
1.677571 0.000000 1.000000
1.677571 0.000000 1.000000
1.677571 0.000000 1.000000
1.677571 0.000000 1.000000
1.677571 0.000000 1.000000
1.677571 0.000000 1.000000
1.677571 0.000000 1.000000
1.677571 0.000000 1.000000
1.677571 0.000000 1.000000
1.677571 0.000000 1.000000
1.677571 0.000000 1.000000
1.677571 0.000000 1.000000
1.677571 0.000000 1.000000
1.677571 0.000000 1.000000
1.677571 0.000000 1.000000
1.677571 0.000000 1.000000
1.677571 0.000000 1.000000
1.677571 0.000000 1.000000
1.677571 0.000000 1.000000
1.677571 0.000000 1.000000
1.677571 0.000000 1.000000
1.677571 0.000000 1.000000
1.677571 0.000000 1.000000
1.677571 0.000000 1.000000
1.677571 0.000000 1.000000
1.677571 0.000000 1.000000
1.677571 0.000000 1.000000
1.677571 0.000000 1.000000
1.677571 0.000000 1.000000
1.677571 0.000000 1.000000
1.677571 0.000000 1.000000
1.677571 0.000000 1.000000
1.677571 0.000000 1.000000
1.677571 0.000000 1.000000
1.677571 0.000000 1.000000
1.677571 0.000000 1.000000
1.677571 0.000000 1.000000
1.677571 0.000000 1.000000
1.677571 0.000000 1.000000
1.677571 0.000000 1.000000
1.677571 0.000000 1.000000
1.677571 0.000000 1.000000
1.677571 0.000000 1.000000
1.677571 0.000000 1.000000
1.677571 0.000000 1.000000
1.677571 0.000000 1.000000
1.677571 0.000000 1.000000
1.677571 0.000000 1.000000
1.677571 0.000000 1.000000
1.677571 0.000000 1.000000
1.677571 0.000000 1.000000
1.677571 0.000000 1.000000
1.677571 0.000000 1.000000
1.677571 0.000000 1.000000
1.677571 0.000000 1.000000
1.677571 0.000000 1.000000
1.677571 0.000000 1.000000
1.677571 0.000000 1.000000
1.677571 0.000000 1.000000
1.677571 0.000000 1.000000
1.677571 0.000000 1.000000
1.677571 0.000000 1.000000
1.677571 0.000000 1.000000
1.677571 0.000000 1.000000
1.677571 0.000000 1.000000
1.677571 0.000000 1.000000
1.677571 0.000000 1.000000
1.677571 0.000000 1.000000
1.677571 0.000000 1.000000
1.677571 0.000000 1.000000
1.677571 0.000000 1.000000
1.677571 0.000000 1.000000
1.677571 0.000000 1.000000
1.677571 0.000000 1.000000
1.677571 0.000000 1.000000
1.677571 0.000000 1.000000
1.677571 0.000000 1.000000
1.677571 0.000000 1.000000
1.677571 0.000000 1.000000
1.677571 0.000000 1.000000
1.677571 0.000000 1.000000
1.677571 0.000000 1.000000
1.677571 0.000000 1.000000
1.677571 0.000000 1.000000
1.677571 0.000000 1.000000
1.677571 0.000000 1.000000
1.677571 0.000000 1.000000
1.677571 0.000000 1.000000
1.677571 0.000000 1.000000
1.677571 0.000000 1.000000
1.677571 0.000000 1.000000
1.677571 0.000000 1.000000
1.677571 0.000000 1.000000
1.677571 0.000000 1.000000
1.677571 0.000000 1.000000
1.677571 0.000000 1.000000
1.677571 0.000000 1.000000
1.677571 0.000000 1.000000
1.677571 0.000000 1.000000
1.677571 0.000000 1.000000
1.677571 0.000000 1.000000
1.677571 0.000000 1.000000
1.677571 0.000000 1.000000
1.677571 0.000000 1.000000
1.677571 0.000000 1.000000
1.677571 0.000000 1.000000
1.677571 0.000000 1.000000
1.677571 0.000000 1.000000
1.677571 0.000000 1.000000
1.677571 0.000000 1.000000
1.677571 0.000000 1.000000
1.677571 0.000000 1.000000
1.677571 0.000000 1.000000
1.677571 0.000000 1.000000
1.677571 0.000000 1.000000
1.677571 0.000000 1.000000
1.677571 0.000000 1.000000
1.677571 0.000000 1.000000
1.677571 0.000000 1.000000
1.677571 0.000000 1.000000
1.677571 0.000000 1.000000
1.677571 0.000000 1.000000
1.677571 0.000000 1.000000
1.677571 0.000000 1.000000
1.677571 0.000000 1.000000
1.677571 0.000000 1.000000
1.677571 0.000000 1.000000
1.677571 0.000000 1.000000
1.677571 0.000000 1.000000
1.677571 0.000000 1.000000
1.677571 0.000000 1.000000
1.677571 0.000000 1.000000
1.677571 0.000000 1.000000
1.677571 0.000000 1.000000
1.677571 0.000000 1.000000
1.677571 0.000000 1.000000
1.677571 0.000000 1.000000
1.677571 0.000000 1.000000
1.677571 0.000000 1.000000
1.677571 0.000000 1.000000
1.677571 0.000000 1.000000
1.677571 0.000000 1.000000
1.677571 0.000000 1.000000
1.677571 0.000000 1.000000
1.677571 0.000000 1.000000
1.677571 0.000000 1.000000
1.677571 0.000000 1.000000
1.677571 0.000000 1.000000
1.677571 0.000000 1.000000
1.677571 0.000000 1.000000
1.677571 0.000000 1.000000
1.677571 0.000000 1.000000
1.677571 0.000000 1.000000
1.677571 0.000000 1.000000
1.677571 0.000000 1.000000
1.677571 0.000000 1.000000
1.677571 0.000000 1.000000
1.677571 0.000000 1.000000
1.677571 0.000000 1.000000
1.677571 0.000000 1.000000
1.677571 0.000000 1.000000
1.677571 0.000000 1.000000
1.677571 0.000000 1.000000
1.677571 0.000000 1.000000
1.677571 0.000000 1.000000
1.677571 0.000000 1.000000
1.677571 0.000000 1.000000
1.677571 0.000000 1.000000
1.677571 0.000000 1.000000
1.677571 0.000000 1.000000
1.677571 0.000000 1.000000
1.677571 0.000000 1.000000
1.677571 0.000000 1.000000
1.677571 0.000000 1.000000
1.677571 0.000000 1.000000
1.677571 0.000000 1.000000
1.677571 0.000000 1.000000
1.677571 0.000000 1.000000
1.677571 0.000000 1.000000
1.677571 0.000000 1.000000
1.677571 0.000000 1.000000
1.677571 0.000000 1.000000
1.677571 0.000000 1.000000
1.677571 0.000000 1.000000
1.677571 0.000000 1.000000
1.677571 0.000000 1.000000
1.677571 0.000000 1.000000
1.677571 0.000000 1.000000
1.677571 0.000000 1.000000
1.677571 0.000000 1.000000
1.677571 0.000000 1.000000
1.677571 0.000000 1.000000
1.677571 0.000000 1.000000
1.677571 0.000000 1.000000
1.677571 0.000000 1.000000
1.677571 0.000000 1.000000
1.677571 0.000000 1.000000
1.677571 0.000000 1.000000
1.677571 0.000000 1.000000
1.677571 0.000000 1.000000
1.677571 0.000000 1.000000
1.677571 0.000000 1.000000
1.677571 0.000000 1.000000
1.677571 0.000000 1.000000
1.677571 0.000000 1.000000
1.677571 0.000000 1.000000
1.677571 0.000000 1.000000
1.677571 0.000000 1.000000
1.677571 0.000000 1.000000
1.677571 0.000000 1.000000
1.677571 0.000000 1.000000
1.677571 0.000000 1.000000
1.677571 0.000000 1.000000
1.677571 0.000000 1.000000
1.677571 0.000000 1.000000
1.677571 0.000000 1.000000
1.677571 0.000000 1.000000
1.677571 0.000000 1.000000
1.677571 0.000000 1.000000
1.677571 0.000000 1.000000
1.677571 0.000000 1.000000
1.677571 0.000000 1.000000
1.677571 0.000000 1.000000
1.677571 0.000000 1.000000
1.677571 0.000000 1.000000
1.677571 0.000000 1.000000
1.677571 0.000000 1.000000
1.677571 0.000000 1.000000
1.677571 0.000000 1.000000
1.677571 0.000000 1.000000
1.677571 0.000000 1.000000
1.677571 0.000000 1.000000
1.677571 0.000000 1.000000
1.677571 0.000000 1.000000
1.677571 0.000000 1.000000
1.677571 0.000000 1.000000
1.677571 0.000000 1.000000
1.677571 0.000000 1.000000
1.677571 0.000000 1.000000
1.677571 0.000000 1.000000
1.677571 0.000000 1.000000
1.677571 0.000000 1.000000
1.677571 0.000000 1.000000
1.677571 0.000000 1.000000
1.677571 0.000000 1.000000
1.677571 0.000000 1.000000
1.677571 0.000000 1.000000
1.677571 0.000000 1.000000
1.677571 0.000000 1.000000
1.677571 0.000000 1.000000
1.677571 0.000000 1.000000
1.677571 0.000000 1.000000
1.677571 0.000000 1.000000
1.677571 0.000000 1.000000
1.677571 0.000000 1.000000
1.677571 0.000000 1.000000
1.677571 0.000000 1.000000
1.677571 0.000000 1.000000
1.677571 0.000000 1.000000
1.677571 0.000000 1.000000
1.677571 0.000000 1.000000
1.677571 0.000000 1.000000
1.677571 0.000000 1.000000
1.677571 0.000000 1.000000
1.677571 0.000000 1.000000
1.677571 0.000000 1.000000
1.677571 0.000000 1.000000
1.677571 0.000000 1.000000
1.677571 0.000000 1.000000
1.677571 0.000000 1.000000
1.677571 0.000000 1.000000
1.677571 0.000000 1.000000
1.677571 0.000000 1.000000
1.677571 0.000000 1.000000
1.677571 0.000000 1.000000
1.677571 0.000000 1.000000
1.677571 0.000000 1.000000
1.677571 0.000000 1.000000
1.677571 0.000000 1.000000
1.677571 0.000000 1.000000
1.677571 0.000000 1.000000
1.677571 0.000000 1.000000
1.677571 0.000000 1.000000
1.677571 0.000000 1.000000
1.677571 0.000000 1.000000
1.677571 0.000000 1.000000
1.677571 0.000000 1.000000
1.677571 0.000000 1.000000
1.677571 0.000000 1.000000
1.677571 0.000000 1.000000
1.677571 0.000000 1.000000
1.677571 0.000000 1.000000
1.677571 0.000000 1.000000
1.677571 0.000000 1.000000
1.677571 0.000000 1.000000
1.677571 0.000000 1.000000
1.677571 0.000000 1.000000
1.677571 0.000000 1.000000
1.677571 0.000000 1.000000
1.677571 0.000000 1.000000
1.677571 0.000000 1.000000
1.677571 0.000000 1.000000
1.677571 0.000000 1.000000
1.677571 0.000000 1.000000
1.677571 0.000000 1.000000
1.677571 0.000000 1.000000
1.677571 0.000000 1.000000
1.677571 0.000000 1.000000
1.677571 0.000000 1.000000
1.677571 0.000000 1.000000
1.677571 0.000000 1.000000
1.677571 0.000000 1.000000
1.677571 0.000000 1.000000
1.677571 0.000000 1.000000
1.677571 0.000000 1.000000
1.677571 0.000000 1.000000
1.677571 0.000000 1.000000
1.677571 0.000000 1.000000
1.677571 0.000000 1.000000
1.677571 0.000000 1.000000
1.677571 0.000000 1.000000
1.677571 0.000000 1.000000
1.677571 0.000000 1.000000
1.677571 0.000000 1.000000
1.677571 0.000000 1.000000
1.677571 0.000000 1.000000
1.677571 0.000000 1.000000
1.677571 0.000000 1.000000
1.677571 0.000000 1.000000
1.677571 0.000000 1.000000
1.677571 0.000000 1.000000
1.677571 0.000000 1.000000
1.677571 0.000000 1.000000
1.677571 0.000000 1.000000
1.677571 0.000000 1.000000
1.677571 0.000000 1.000000
1.677571 0.000000 1.000000
1.677571 0.000000 1.000000
1.677571 0.000000 1.000000
1.677571 0.000000 1.000000
1.677571 0.000000 1.000000
1.677571 0.000000 1.000000
1.677571 0.000000 1.000000
1.677571 0.000000 1.000000
1.677571 0.000000 1.000000
1.677571 0.000000 1.000000
1.677571 0.000000 1.000000
1.677571 0.000000 1.000000
1.677571 0.000000 1.000000
1.677571 0.000000 1.000000
1.677571 0.000000 1.000000
1.677571 0.000000 1.000000
1.677571 0.000000 1.000000
1.677571 0.000000 1.000000
1.677571 0.000000 1.000000
1.677571 0.000000 1.000000
1.677571 0.000000 1.000000
1.677571 0.000000 1.000000
1.677571 0.000000 1.000000
1.677571 0.000000 1.000000
1.677571 0.000000 1.000000
1.677571 0.000000 1.000000
1.677571 0.000000 1.000000
1.677571 0.000000 1.000000
1.677571 0.000000 1.000000
1.677571 0.000000 1.000000
1.677571 0.000000 1.000000
1.677571 0.000000 1.000000
1.677571 0.000000 1.000000
1.677571 0.000000 1.000000
1.677571 0.000000 1.000000
1.677571 0.000000 1.000000
1.677571 0.000000 1.000000
1.677571 0.000000 1.000000
1.677571 0.000000 1.000000
1.677571 0.000000 1.000000
1.677571 0.000000 1.000000
1.677571 0.000000 1.000000
1.677571 0.000000 1.000000
1.677571 0.000000 1.000000
1.677571 0.000000 1.000000
1.677571 0.000000 1.000000
1.677571 0.000000 1.000000
1.677571 0.000000 1.000000
1.677571 0.000000 1.000000
1.677571 0.000000 1.000000
1.677571 0.000000 1.000000
1.677571 0.000000 1.000000
1.677571 0.000000 1.000000
1.677571 0.000000 1.000000
1.677571 0.000000 1.000000
1.677571 0.000000 1.000000
1.677571 0.000000 1.000000
1.677571 0.000000 1.000000
1.677571 0.000000 1.000000
1.677571 0.000000 1.000000
1.677571 0.000000 1.000000
1.677571 0.000000 1.000000
1.677571 0.000000 1.000000
1.677571 0.000000 1.000000
1.677571 0.000000 1.000000
1.677571 0.000000 1.000000
1.677571 0.000000 1.000000
1.677571 0.000000 1.000000
1.677571 0.000000 1.000000
1.677571 0.000000 1.000000
1.677571 0.000000 1.000000
1.677571 0.000000 1.000000
1.677571 0.000000 1.000000
1.677571 0.000000 1.000000
1.677571 0.000000 1.000000
1.677571 0.000000 1.000000
1.677571 0.000000 1.000000
1.677571 0.000000 1.000000
1.677571 0.000000 1.000000
1.677571 0.000000 1.000000
1.677571 0.000000 1.000000
1.677571 0.000000 1.000000
1.677571 0.000000 1.000000
1.677571 0.000000 1.000000
1.677571 0.000000 1.000000
1.677571 0.000000 1.000000
1.677571 0.000000 1.000000
1.677571 0.000000 1.000000
1.677571 0.000000 1.000000
1.677571 0.000000 1.000000
1.677571 0.000000 1.000000
1.677571 0.000000 1.000000
1.677571 0.000000 1.000000
1.677571 0.000000 1.000000
1.677571 0.000000 1.000000
1.677571 0.000000 1.000000
1.677571 0.000000 1.000000
1.677571 0.000000 1.000000
1.677571 0.000000 1.000000
1.677571 0.000000 1.000000
1.677571 0.000000 1.000000
1.677571 0.000000 1.000000
1.677571 0.000000 1.000000
1.677571 0.000000 1.000000
1.677571 0.000000 1.000000
1.677571 0.000000 1.000000
1.677571 0.000000 1.000000
1.677571 0.000000 1.000000
1.677571 0.000000 1.000000
1.677571 0.000000 1.000000
1.677571 0.000000 1.000000
1.677571 0.000000 1.000000
1.677571 0.000000 1.000000
1.677571 0.000000 1.000000
1.677571 0.000000 1.000000
1.677571 0.000000 1.000000
1.677571 0.000000 1.000000
1.677571 0.000000 1.000000
1.677571 0.000000 1.000000
1.677571 0.000000 1.000000
1.677571 0.000000 1.000000
1.677571 0.000000 1.000000
1.677571 0.000000 1.000000
1.677571 0.000000 1.000000
1.677571 0.000000 1.000000
1.677571 0.000000 1.000000
1.677571 0.000000 1.000000
1.677571 0.000000 1.000000
1.677571 0.000000 1.000000
1.677571 0.000000 1.000000
1.677571 0.000000 1.000000
1.677571 0.000000 1.000000
1.677571 0.000000 1.000000
1.677571 0.000000 1.000000
1.677571 0.000000 1.000000
1.677571 0.000000 1.000000
1.677571 0.000000 1.000000
1.677571 0.000000 1.000000
1.677571 0.000000 1.000000
1.677571 0.000000 1.000000
1.677571 0.000000 1.000000
1.677571 0.000000 1.000000
1.677571 0.000000 1.000000
1.677571 0.000000 1.000000
1.677571 0.000000 1.000000
1.677571 0.000000 1.000000
1.677571 0.000000 1.000000
1.677571 0.000000 1.000000
1.677571 0.000000 1.000000
1.677571 0.000000 1.000000
1.677571 0.000000 1.000000
1.677571 0.000000 1.000000
1.677571 0.000000 1.000000
1.677571 0.000000 1.000000
1.677571 0.000000 1.000000
1.677571 0.000000 1.000000
1.677571 0.000000 1.000000
1.677571 0.000000 1.000000
1.677571 0.000000 1.000000
1.677571 0.000000 1.000000
1.677571 0.000000 1.000000
1.677571 0.000000 1.000000
1.677571 0.000000 1.000000
1.677571 0.000000 1.000000
1.677571 0.000000 1.000000
1.677571 0.000000 1.000000
1.677571 0.000000 1.000000
1.677571 0.000000 1.000000
1.677571 0.000000 1.000000
1.677571 0.000000 1.000000
1.677571 0.000000 1.000000
1.677571 0.000000 1.000000
1.677571 0.000000 1.000000
1.677571 0.000000 1.000000
1.677571 0.000000 1.000000
1.677571 0.000000 1.000000
1.677571 0.000000 1.000000
1.677571 0.000000 1.000000
1.677571 0.000000 1.000000
1.677571 0.000000 1.000000
1.677571 0.000000 1.000000
1.677571 0.000000 1.000000
1.677571 0.000000 1.000000
1.677571 0.000000 1.000000
1.677571 0.000000 1.000000
1.677571 0.000000 1.000000
1.677571 0.000000 1.000000
1.677571 0.000000 1.000000
1.677571 0.000000 1.000000
1.677571 0.000000 1.000000
1.677571 0.000000 1.000000
1.677571 0.000000 1.000000
1.677571 0.000000 1.000000
1.677571 0.000000 1.000000
1.677571 0.000000 1.000000
1.677571 0.000000 1.000000
1.677571 0.000000 1.000000
1.677571 0.000000 1.000000
1.677571 0.000000 1.000000
1.677571 0.000000 1.000000
1.677571 0.000000 1.000000
1.677571 0.000000 1.000000
1.677571 0.000000 1.000000
1.677571 0.000000 1.000000
1.677571 0.000000 1.000000
1.677571 0.000000 1.000000
1.677571 0.000000 1.000000
1.677571 0.000000 1.000000
1.677571 0.000000 1.000000
1.677571 0.000000 1.000000
1.677571 0.000000 1.000000
1.677571 0.000000 1.000000
1.677571 0.000000 1.000000
1.677571 0.000000 1.000000
1.677571 0.000000 1.000000
1.677571 0.000000 1.000000
1.677571 0.000000 1.000000
1.677571 0.000000 1.000000
1.677571 0.000000 1.000000
1.677571 0.000000 1.000000
1.677571 0.000000 1.000000
1.677571 0.000000 1.000000
1.677571 0.000000 1.000000
1.677571 0.000000 1.000000
1.677571 0.000000 1.000000
1.677571 0.000000 1.000000
1.677571 0.000000 1.000000
1.677571 0.000000 1.000000
1.677571 0.000000 1.000000
1.677571 0.000000 1.000000
1.677571 0.000000 1.000000
1.677571 0.000000 1.000000
1.677571 0.000000 1.000000
1.677571 0.000000 1.000000
1.677571 0.000000 1.000000
1.677571 0.000000 1.000000
1.677571 0.000000 1.000000
1.677571 0.000000 1.000000
1.677571 0.000000 1.000000
1.677571 0.000000 1.000000
1.677571 0.000000 1.000000
1.677571 0.000000 1.000000
1.677571 0.000000 1.000000
1.677571 0.000000 1.000000
1.677571 0.000000 1.000000
1.677571 0.000000 1.000000
1.677571 0.000000 1.000000
1.677571 0.000000 1.000000
1.677571 0.000000 1.000000
1.677571 0.000000 1.000000
1.677571 0.000000 1.000000
1.677571 0.000000 1.000000
1.677571 0.000000 1.000000
1.677571 0.000000 1.000000
1.677571 0.000000 1.000000
1.677571 0.000000 1.000000
1.677571 0.000000 1.000000
1.677571 0.000000 1.000000
1.677571 0.000000 1.000000
1.677571 0.000000 1.000000
1.677571 0.000000 1.000000
1.677571 0.000000 1.000000
1.677571 0.000000 1.000000
1.677571 0.000000 1.000000
1.677571 0.000000 1.000000
1.677571 0.000000 1.000000
1.677571 0.000000 1.000000
1.677571 0.000000 1.000000
1.677571 0.000000 1.000000
1.677571 0.000000 1.000000
1.677571 0.000000 1.000000
1.677571 0.000000 1.000000
1.677571 0.000000 1.000000
1.677571 0.000000 1.000000
1.677571 0.000000 1.000000
1.677571 0.000000 1.000000
1.677571 0.000000 1.000000
1.677571 0.000000 1.000000
1.677571 0.000000 1.000000
1.677571 0.000000 1.000000
1.677571 0.000000 1.000000
1.677571 0.000000 1.000000
1.677571 0.000000 1.000000
1.677571 0.000000 1.000000
1.677571 0.000000 1.000000
1.677571 0.000000 1.000000
1.677571 0.000000 1.000000
1.677571 0.000000 1.000000
1.677571 0.000000 1.000000
1.677571 0.000000 1.000000
1.677571 0.000000 1.000000
1.677571 0.000000 1.000000
1.677571 0.000000 1.000000
1.677571 0.000000 1.000000
1.677571 0.000000 1.000000
1.677571 0.000000 1.000000
1.677571 0.000000 1.000000
1.677571 0.000000 1.000000
1.677571 0.000000 1.000000
1.677571 0.000000 1.000000
1.677571 0.000000 1.000000
1.677571 0.000000 1.000000
1.677571 0.000000 1.000000
1.677571 0.000000 1.000000
1.677571 0.000000 1.000000
1.677571 0.000000 1.000000
1.677571 0.000000 1.000000
1.677571 0.000000 1.000000
1.677571 0.000000 1.000000
1.677571 0.000000 1.000000
1.677571 0.000000 1.000000
1.677571 0.000000 1.000000
1.677571 0.000000 1.000000
1.677571 0.000000 1.000000
1.677571 0.000000 1.000000
1.677571 0.000000 1.000000
1.677571 0.000000 1.000000
1.677571 0.000000 1.000000
1.677571 0.000000 1.000000
1.677571 0.000000 1.000000
1.677571 0.000000 1.000000
1.677571 0.000000 1.000000
1.677571 0.000000 1.000000
1.677571 0.000000 1.000000
1.677571 0.000000 1.000000
1.677571 0.000000 1.000000
1.677571 0.000000 1.000000
1.677571 0.000000 1.000000
1.677571 0.000000 1.000000
1.677571 0.000000 1.000000
1.677571 0.000000 1.000000
1.677571 0.000000 1.000000
1.677571 0.000000 1.000000
1.677571 0.000000 1.000000
1.677571 0.000000 1.000000
1.677571 0.000000 1.000000
1.677571 0.000000 1.000000
1.677571 0.000000 1.000000
1.677571 0.000000 1.000000
1.677571 0.000000 1.000000
1.677571 0.000000 1.000000
1.677571 0.000000 1.000000
1.677571 0.000000 1.000000
1.677571 0.000000 1.000000
1.677571 0.000000 1.000000
1.677571 0.000000 1.000000
1.677571 0.000000 1.000000
1.677571 0.000000 1.000000
1.677571 0.000000 1.000000
1.677571 0.000000 1.000000
1.677571 0.000000 1.000000
1.677571 0.000000 1.000000
1.677571 0.000000 1.000000
1.677571 0.000000 1.000000
1.677571 0.000000 1.000000
1.677571 0.000000 1.000000
1.677571 0.000000 1.000000
1.677571 0.000000 1.000000
1.677571 0.000000 1.000000
1.677571 0.000000 1.000000
1.677571 0.000000 1.000000
1.677571 0.000000 1.000000
1.677571 0.000000 1.000000
1.677571 0.000000 1.000000
1.677571 0.000000 1.000000
1.677571 0.000000 1.000000
1.677571 0.000000 1.000000
1.677571 0.000000 1.000000
1.677571 0.000000 1.000000
1.677571 0.000000 1.000000
1.677571 0.000000 1.000000
1.677571 0.000000 1.000000
1.677571 0.000000 1.000000
1.677571 0.000000 1.000000
1.677571 0.000000 1.000000
1.677571 0.000000 1.000000
1.677571 0.000000 1.000000
1.677571 0.000000 1.000000
1.677571 0.000000 1.000000
1.677571 0.000000 1.000000
1.677571 0.000000 1.000000
1.677571 0.000000 1.000000
1.677571 0.000000 1.000000
1.677571 0.000000 1.000000
1.677571 0.000000 1.000000
1.677571 0.000000 1.000000
1.677571 0.000000 1.000000
1.677571 0.000000 1.000000
1.677571 0.000000 1.000000
1.677571 0.000000 1.000000
1.677571 0.000000 1.000000
1.677571 0.000000 1.000000
1.677571 0.000000 1.000000
1.677571 0.000000 1.000000
1.677571 0.000000 1.000000
1.677571 0.000000 1.000000
1.677571 0.000000 1.000000
1.677571 0.000000 1.000000
1.677571 0.000000 1.000000
1.677571 0.000000 1.000000
1.677571 0.000000 1.000000
1.677571 0.000000 1.000000
1.677571 0.000000 1.000000
1.677571 0.000000 1.000000
1.677571 0.000000 1.000000
1.677571 0.000000 1.000000
1.677571 0.000000 1.000000
1.677571 0.000000 1.000000
1.677571 0.000000 1.000000
1.677571 0.000000 1.000000
1.677571 0.000000 1.000000
1.677571 0.000000 1.000000
1.677571 0.000000 1.000000
1.677571 0.000000 1.000000
1.677571 0.000000 1.000000
1.677571 0.000000 1.000000
1.677571 0.000000 1.000000
1.677571 0.000000 1.000000
1.677571 0.000000 1.000000
1.677571 0.000000 1.000000
1.677571 0.000000 1.000000
1.677571 0.000000 1.000000
1.677571 0.000000 1.000000
1.677571 0.000000 1.000000
1.677571 0.000000 1.000000
1.677571 0.000000 1.000000
1.677571 0.000000 1.000000
1.677571 0.000000 1.000000
1.677571 0.000000 1.000000
1.677571 0.000000 1.000000
1.677571 0.000000 1.000000
1.677571 0.000000 1.000000
1.677571 0.000000 1.000000
1.677571 0.000000 1.000000
1.677571 0.000000 1.000000
1.677571 0.000000 1.000000
1.677571 0.000000 1.000000
1.677571 0.000000 1.000000
1.677571 0.000000 1.000000
1.677571 0.000000 1.000000
1.677571 0.000000 1.000000
1.677571 0.000000 1.000000
1.677571 0.000000 1.000000
1.677571 0.000000 1.000000
1.677571 0.000000 1.000000
1.677571 0.000000 1.000000
1.677571 0.000000 1.000000
1.677571 0.000000 1.000000
1.677571 0.000000 1.000000
1.677571 0.000000 1.000000
1.677571 0.000000 1.000000
1.677571 0.000000 1.000000
1.677571 0.000000 1.000000
1.677571 0.000000 1.000000
1.677571 0.000000 1.000000
1.677571 0.000000 1.000000
1.677571 0.000000 1.000000
1.677571 0.000000 1.000000
1.677571 0.000000 1.000000
1.677571 0.000000 1.000000
1.677571 0.000000 1.000000
1.677571 0.000000 1.000000
1.677571 0.000000 1.000000
1.677571 0.000000 1.000000
1.677571 0.000000 1.000000
1.677571 0.000000 1.000000
1.677571 0.000000 1.000000
1.677571 0.000000 1.000000
1.677571 0.000000 1.000000
1.677571 0.000000 1.000000
1.677571 0.000000 1.000000
1.677571 0.000000 1.000000
1.677571 0.000000 1.000000
1.677571 0.000000 1.000000
1.677571 0.000000 1.000000
1.677571 0.000000 1.000000
1.677571 0.000000 1.000000
1.677571 0.000000 1.000000
1.677571 0.000000 1.000000
1.677571 0.000000 1.000000
1.677571 0.000000 1.000000
1.677571 0.000000 1.000000
1.677571 0.000000 1.000000
1.677571 0.000000 1.000000
1.677571 0.000000 1.000000
1.677571 0.000000 1.000000
1.677571 0.000000 1.000000
1.677571 0.000000 1.000000
1.677571 0.000000 1.000000
1.677571 0.000000 1.000000
1.677571 0.000000 1.000000
1.677571 0.000000 1.000000
1.677571 0.000000 1.000000
1.677571 0.000000 1.000000
1.677571 0.000000 1.000000
1.677571 0.000000 1.000000
1.677571 0.000000 1.000000
1.677571 0.000000 1.000000
1.677571 0.000000 1.000000
1.677571 0.000000 1.000000
1.677571 0.000000 1.000000
1.677571 0.000000 1.000000
1.677571 0.000000 1.000000
1.677571 0.000000 1.000000
1.677571 0.000000 1.000000
1.677571 0.000000 1.000000
1.677571 0.000000 1.000000
1.677571 0.000000 1.000000
1.677571 0.000000 1.000000
1.677571 0.000000 1.000000
1.677571 0.000000 1.000000
1.677571 0.000000 1.000000
1.677571 0.000000 1.000000
1.677571 0.000000 1.000000
1.677571 0.000000 1.000000
1.677571 0.000000 1.000000
1.677571 0.000000 1.000000
1.677571 0.000000 1.000000
1.677571 0.000000 1.000000
1.677571 0.000000 1.000000
1.677571 0.000000 1.000000
1.677571 0.000000 1.000000
1.677571 0.000000 1.000000
1.677571 0.000000 1.000000
1.677571 0.000000 1.000000
1.677571 0.000000 1.000000
1.677571 0.000000 1.000000
1.677571 0.000000 1.000000
1.677571 0.000000 1.000000
1.677571 0.000000 1.000000
1.677571 0.000000 1.000000
1.677571 0.000000 1.000000
1.677571 0.000000 1.000000
1.677571 0.000000 1.000000
1.677571 0.000000 1.000000
1.677571 0.000000 1.000000
1.677571 0.000000 1.000000
1.677571 0.000000 1.000000
1.677571 0.000000 1.000000
1.677571 0.000000 1.000000
1.677571 0.000000 1.000000
1.677571 0.000000 1.000000
1.677571 0.000000 1.000000
1.677571 0.000000 1.000000
1.677571 0.000000 1.000000
1.677571 0.000000 1.000000
1.677571 0.000000 1.000000
1.677571 0.000000 1.000000
1.677571 0.000000 1.000000
1.677571 0.000000 1.000000
1.677571 0.000000 1.000000
1.677571 0.000000 1.000000
1.677571 0.000000 1.000000
1.677571 0.000000 1.000000
1.677571 0.000000 1.000000
1.677571 0.000000 1.000000
1.677571 0.000000 1.000000
1.677571 0.000000 1.000000
1.677571 0.000000 1.000000
1.677571 0.000000 1.000000
1.677571 0.000000 1.000000
1.677571 0.000000 1.000000
1.677571 0.000000 1.000000
1.677571 0.000000 1.000000
1.677571 0.000000 1.000000
1.677571 0.000000 1.000000
1.677571 0.000000 1.000000
1.677571 0.000000 1.000000
1.677571 0.000000 1.000000
1.677571 0.000000 1.000000
1.677571 0.000000 1.000000
1.677571 0.000000 1.000000
1.677571 0.000000 1.000000
1.677571 0.000000 1.000000
1.677571 0.000000 1.000000
1.677571 0.000000 1.000000
1.677571 0.000000 1.000000
1.677571 0.000000 1.000000
1.677571 0.000000 1.000000
1.677571 0.000000 1.000000
1.677571 0.000000 1.000000
1.677571 0.000000 1.000000
1.677571 0.000000 1.000000
1.677571 0.000000 1.000000
1.677571 0.000000 1.000000
1.677571 0.000000 1.000000
1.677571 0.000000 1.000000
1.677571 0.000000 1.000000
1.677571 0.000000 1.000000
1.677571 0.000000 1.000000
1.677571 0.000000 1.000000
1.677571 0.000000 1.000000
1.677571 0.000000 1.000000
1.677571 0.000000 1.000000
1.677571 0.000000 1.000000
1.677571 0.000000 1.000000
1.677571 0.000000 1.000000
1.677571 0.000000 1.000000
1.677571 0.000000 1.000000
1.677571 0.000000 1.000000
1.677571 0.000000 1.000000
1.677571 0.000000 1.000000
1.677571 0.000000 1.000000
1.677571 0.000000 1.000000
1.677571 0.000000 1.000000
1.677571 0.000000 1.000000
1.677571 0.000000 1.000000
1.677571 0.000000 1.000000
1.677571 0.000000 1.000000
1.677571 0.000000 1.000000
1.677571 0.000000 1.000000
1.677571 0.000000 1.000000
1.677571 0.000000 1.000000
1.677571 0.000000 1.000000
1.677571 0.000000 1.000000
1.677571 0.000000 1.000000
1.677571 0.000000 1.000000
1.677571 0.000000 1.000000
1.677571 0.000000 1.000000
1.677571 0.000000 1.000000
1.677571 0.000000 1.000000
1.677571 0.000000 1.000000
1.677571 0.000000 1.000000
1.677571 0.000000 1.000000
1.677571 0.000000 1.000000
1.677571 0.000000 1.000000
1.677571 0.000000 1.000000
1.677571 0.000000 1.000000
1.677571 0.000000 1.000000
1.677571 0.000000 1.000000
1.677571 0.000000 1.000000
1.677571 0.000000 1.000000
1.677571 0.000000 1.000000
1.677571 0.000000 1.000000
1.677571 0.000000 1.000000
1.677571 0.000000 1.000000
1.677571 0.000000 1.000000
1.677571 0.000000 1.000000
1.677571 0.000000 1.000000
1.677571 0.000000 1.000000
1.677571 0.000000 1.000000
1.677571 0.000000 1.000000
1.677571 0.000000 1.000000
1.677571 0.000000 1.000000
1.677571 0.000000 1.000000
1.677571 0.000000 1.000000
1.677571 0.000000 1.000000
1.677571 0.000000 1.000000
1.677571 0.000000 1.000000
1.677571 0.000000 1.000000
1.677571 0.000000 1.000000
1.677571 0.000000 1.000000
1.677571 0.000000 1.000000
1.677571 0.000000 1.000000
1.677571 0.000000 1.000000
1.677571 0.000000 1.000000
1.677571 0.000000 1.000000
1.677571 0.000000 1.000000
1.677571 0.000000 1.000000
1.677571 0.000000 1.000000
1.677571 0.000000 1.000000
1.677571 0.000000 1.000000
1.677571 0.000000 1.000000
1.677571 0.000000 1.000000
1.677571 0.000000 1.000000
1.677571 0.000000 1.000000
1.677571 0.000000 1.000000
1.677571 0.000000 1.000000
1.677571 0.000000 1.000000
1.677571 0.000000 1.000000
1.677571 0.000000 1.000000
1.677571 0.000000 1.000000
1.677571 0.000000 1.000000
1.677571 0.000000 1.000000
1.677571 0.000000 1.000000
1.677571 0.000000 1.000000
1.677571 0.000000 1.000000
1.677571 0.000000 1.000000
1.677571 0.000000 1.000000
1.677571 0.000000 1.000000
1.677571 0.000000 1.000000
1.677571 0.000000 1.000000
1.677571 0.000000 1.000000
1.677571 0.000000 1.000000
1.677571 0.000000 1.000000
1.677571 0.000000 1.000000
1.677571 0.000000 1.000000
1.677571 0.000000 1.000000
1.677571 0.000000 1.000000
1.677571 0.000000 1.000000
1.677571 0.000000 1.000000
1.677571 0.000000 1.000000
1.677571 0.000000 1.000000
1.677571 0.000000 1.000000
1.677571 0.000000 1.000000
1.677571 0.000000 1.000000
1.677571 0.000000 1.000000
1.677571 0.000000 1.000000
1.677571 0.000000 1.000000
1.677571 0.000000 1.000000
1.677571 0.000000 1.000000
1.677571 0.000000 1.000000
1.677571 0.000000 1.000000
1.677571 0.000000 1.000000
1.677571 0.000000 1.000000
1.677571 0.000000 1.000000
1.677571 0.000000 1.000000
1.677571 0.000000 1.000000
1.677571 0.000000 1.000000
1.677571 0.000000 1.000000
1.677571 0.000000 1.000000
1.677571 0.000000 1.000000
1.677571 0.000000 1.000000
1.677571 0.000000 1.000000
1.677571 0.000000 1.000000
1.677571 0.000000 1.000000
1.677571 0.000000 1.000000
1.677571 0.000000 1.000000
1.677571 0.000000 1.000000
1.677571 0.000000 1.000000
1.677571 0.000000 1.000000
1.677571 0.000000 1.000000
1.677571 0.000000 1.000000
1.677571 0.000000 1.000000
1.677571 0.000000 1.000000
1.677571 0.000000 1.000000
1.677571 0.000000 1.000000
1.677571 0.000000 1.000000
1.677571 0.000000 1.000000
1.677571 0.000000 1.000000
1.677571 0.000000 1.000000
1.677571 0.000000 1.000000
1.677571 0.000000 1.000000
1.677571 0.000000 1.000000
1.677571 0.000000 1.000000
1.677571 0.000000 1.000000
1.677571 0.000000 1.000000
1.677571 0.000000 1.000000
1.677571 0.000000 1.000000
1.677571 0.000000 1.000000
1.677571 0.000000 1.000000
1.677571 0.000000 1.000000
1.677571 0.000000 1.000000
1.677571 0.000000 1.000000
1.677571 0.000000 1.000000
1.677571 0.000000 1.000000
1.677571 0.000000 1.000000
1.677571 0.000000 1.000000
1.677571 0.000000 1.000000
1.677571 0.000000 1.000000
1.677571 0.000000 1.000000
1.677571 0.000000 1.000000
1.677571 0.000000 1.000000
1.677571 0.000000 1.000000
1.677571 0.000000 1.000000
1.677571 0.000000 1.000000
1.677571 0.000000 1.000000
1.677571 0.000000 1.000000
1.677571 0.000000 1.000000
1.677571 0.000000 1.000000
1.677571 0.000000 1.000000
1.677571 0.000000 1.000000
1.677571 0.000000 1.000000
1.677571 0.000000 1.000000
1.677571 0.000000 1.000000
1.677571 0.000000 1.000000
1.677571 0.000000 1.000000
1.677571 0.000000 1.000000
1.677571 0.000000 1.000000
1.677571 0.000000 1.000000
1.677571 0.000000 1.000000
1.677571 0.000000 1.000000
1.677571 0.000000 1.000000
1.677571 0.000000 1.000000
1.677571 0.000000 1.000000
1.677571 0.000000 1.000000
1.677571 0.000000 1.000000
1.677571 0.000000 1.000000
1.677571 0.000000 1.000000
1.677571 0.000000 1.000000
1.677571 0.000000 1.000000
1.677571 0.000000 1.000000
1.677571 0.000000 1.000000
1.677571 0.000000 1.000000
1.677571 0.000000 1.000000
1.677571 0.000000 1.000000
1.677571 0.000000 1.000000
1.677571 0.000000 1.000000
1.677571 0.000000 1.000000
1.677571 0.000000 1.000000
1.677571 0.000000 1.000000
1.677571 0.000000 1.000000
1.677571 0.000000 1.000000
1.677571 0.000000 1.000000
1.677571 0.000000 1.000000
1.677571 0.000000 1.000000
1.677571 0.000000 1.000000
1.677571 0.000000 1.000000
1.677571 0.000000 1.000000
1.677571 0.000000 1.000000
1.677571 0.000000 1.000000
1.677571 0.000000 1.000000
1.677571 0.000000 1.000000
1.677571 0.000000 1.000000
1.677571 0.000000 1.000000
1.677571 0.000000 1.000000
1.677571 0.000000 1.000000
1.677571 0.000000 1.000000
1.677571 0.000000 1.000000
1.677571 0.000000 1.000000
1.677571 0.000000 1.000000
1.677571 0.000000 1.000000
1.677571 0.000000 1.000000
1.677571 0.000000 1.000000
1.677571 0.000000 1.000000
1.677571 0.000000 1.000000
1.677571 0.000000 1.000000
1.677571 0.000000 1.000000
1.677571 0.000000 1.000000
1.677571 0.000000 1.000000
1.677571 0.000000 1.000000
1.677571 0.000000 1.000000
1.677571 0.000000 1.000000
1.677571 0.000000 1.000000
1.677571 0.000000 1.000000
1.677571 0.000000 1.000000
1.677571 0.000000 1.000000
1.677571 0.000000 1.000000
1.677571 0.000000 1.000000
1.677571 0.000000 1.000000
1.677571 0.000000 1.000000
1.677571 0.000000 1.000000
1.677571 0.000000 1.000000
1.677571 0.000000 1.000000
1.677571 0.000000 1.000000
1.677571 0.000000 1.000000
1.677571 0.000000 1.000000
1.677571 0.000000 1.000000
1.677571 0.000000 1.000000
1.677571 0.000000 1.000000
1.677571 0.000000 1.000000
1.677571 0.000000 1.000000
1.677571 0.000000 1.000000
1.677571 0.000000 1.000000
1.677571 0.000000 1.000000
1.677571 0.000000 1.000000
1.677571 0.000000 1.000000
1.677571 0.000000 1.000000
1.677571 0.000000 1.000000
1.677571 0.000000 1.000000
1.677571 0.000000 1.000000
1.677571 0.000000 1.000000
1.677571 0.000000 1.000000
1.677571 0.000000 1.000000
1.677571 0.000000 1.000000
1.677571 0.000000 1.000000
1.677571 0.000000 1.000000
1.677571 0.000000 1.000000
1.677571 0.000000 1.000000
1.677571 0.000000 1.000000
1.677571 0.000000 1.000000
1.677571 0.000000 1.000000
1.677571 0.000000 1.000000
1.677571 0.000000 1.000000
1.677571 0.000000 1.000000
1.677571 0.000000 1.000000
1.677571 0.000000 1.000000
1.677571 0.000000 1.000000
1.677571 0.000000 1.000000
1.677571 0.000000 1.000000
1.677571 0.000000 1.000000
1.677571 0.000000 1.000000
1.677571 0.000000 1.000000
1.677571 0.000000 1.000000
1.677571 0.000000 1.000000
1.677571 0.000000 1.000000
1.677571 0.000000 1.000000
1.677571 0.000000 1.000000
1.677571 0.000000 1.000000
1.677571 0.000000 1.000000
1.677571 0.000000 1.000000
1.677571 0.000000 1.000000
1.677571 0.000000 1.000000
1.677571 0.000000 1.000000
1.677571 0.000000 1.000000
1.677571 0.000000 1.000000
1.677571 0.000000 1.000000
1.677571 0.000000 1.000000
1.677571 0.000000 1.000000
1.677571 0.000000 1.000000
1.677571 0.000000 1.000000
1.677571 0.000000 1.000000
1.677571 0.000000 1.000000
1.677571 0.000000 1.000000
1.677571 0.000000 1.000000
1.677571 0.000000 1.000000
1.677571 0.000000 1.000000
1.677571 0.000000 1.000000
1.677571 0.000000 1.000000
1.677571 0.000000 1.000000
1.677571 0.000000 1.000000
1.677571 0.000000 1.000000
1.677571 0.000000 1.000000
1.677571 0.000000 1.000000
1.677571 0.000000 1.000000
1.677571 0.000000 1.000000
1.677571 0.000000 1.000000
1.677571 0.000000 1.000000
1.677571 0.000000 1.000000
1.677571 0.000000 1.000000
1.677571 0.000000 1.000000
1.677571 0.000000 1.000000
1.677571 0.000000 1.000000
1.677571 0.000000 1.000000
1.677571 0.000000 1.000000
1.677571 0.000000 1.000000
1.677571 0.000000 1.000000
1.677571 0.000000 1.000000
1.677571 0.000000 1.000000
1.677571 0.000000 1.000000
1.677571 0.000000 1.000000
1.677571 0.000000 1.000000
1.677571 0.000000 1.000000
1.677571 0.000000 1.000000
1.677571 0.000000 1.000000
1.677571 0.000000 1.000000
1.677571 0.000000 1.000000
1.677571 0.000000 1.000000
1.677571 0.000000 1.000000
1.677571 0.000000 1.000000
1.677571 0.000000 1.000000
1.677571 0.000000 1.000000
1.677571 0.000000 1.000000
1.677571 0.000000 1.000000
1.677571 0.000000 1.000000
1.677571 0.000000 1.000000
1.677571 0.000000 1.000000
1.677571 0.000000 1.000000
1.677571 0.000000 1.000000
1.677571 0.000000 1.000000
1.677571 0.000000 1.000000
1.677571 0.000000 1.000000
1.677571 0.000000 1.000000
1.677571 0.000000 1.000000
1.677571 0.000000 1.000000
1.677571 0.000000 1.000000
1.677571 0.000000 1.000000
1.677571 0.000000 1.000000
1.677571 0.000000 1.000000
1.677571 0.000000 1.000000
1.677571 0.000000 1.000000
1.677571 0.000000 1.000000
1.677571 0.000000 1.000000
1.677571 0.000000 1.000000
1.677571 0.000000 1.000000
1.677571 0.000000 1.000000
1.677571 0.000000 1.000000
1.677571 0.000000 1.000000
1.677571 0.000000 1.000000
1.677571 0.000000 1.000000
1.677571 0.000000 1.000000
1.677571 0.000000 1.000000
1.677571 0.000000 1.000000
1.677571 0.000000 1.000000
1.677571 0.000000 1.000000
1.677571 0.000000 1.000000
1.677571 0.000000 1.000000
1.677571 0.000000 1.000000
1.677571 0.000000 1.000000
1.677571 0.000000 1.000000
1.677571 0.000000 1.000000
1.677571 0.000000 1.000000
1.677571 0.000000 1.000000
1.677571 0.000000 1.000000
1.677571 0.000000 1.000000
1.677571 0.000000 1.000000
1.677571 0.000000 1.000000
1.677571 0.000000 1.000000
1.677571 0.000000 1.000000
1.677571 0.000000 1.000000
1.677571 0.000000 1.000000
1.677571 0.000000 1.000000
1.677571 0.000000 1.000000
1.677571 0.000000 1.000000
1.677571 0.000000 1.000000
1.677571 0.000000 1.000000
1.677571 0.000000 1.000000
1.677571 0.000000 1.000000
1.677571 0.000000 1.000000
1.677571 0.000000 1.000000
1.677571 0.000000 1.000000
1.677571 0.000000 1.000000
1.677571 0.000000 1.000000
1.677571 0.000000 1.000000
1.677571 0.000000 1.000000
1.677571 0.000000 1.000000
1.677571 0.000000 1.000000
1.677571 0.000000 1.000000
1.677571 0.000000 1.000000
1.677571 0.000000 1.000000
1.677571 0.000000 1.000000
1.677571 0.000000 1.000000
1.677571 0.000000 1.000000
1.677571 0.000000 1.000000
1.677571 0.000000 1.000000
1.677571 0.000000 1.000000
1.677571 0.000000 1.000000
1.677571 0.000000 1.000000
1.677571 0.000000 1.000000
1.677571 0.000000 1.000000
1.677571 0.000000 1.000000
1.677571 0.000000 1.000000
1.677571 0.000000 1.000000
1.677571 0.000000 1.000000
1.677571 0.000000 1.000000
1.677571 0.000000 1.000000
1.677571 0.000000 1.000000
1.677571 0.000000 1.000000
1.677571 0.000000 1.000000
1.677571 0.000000 1.000000
1.677571 0.000000 1.000000
1.677571 0.000000 1.000000
1.677571 0.000000 1.000000
1.677571 0.000000 1.000000
1.677571 0.000000 1.000000
1.677571 0.000000 1.000000
1.677571 0.000000 1.000000
1.677571 0.000000 1.000000
1.677571 0.000000 1.000000
1.677571 0.000000 1.000000
1.677571 0.000000 1.000000
1.677571 0.000000 1.000000
1.677571 0.000000 1.000000
1.677571 0.000000 1.000000
1.677571 0.000000 1.000000
1.677571 0.000000 1.000000
1.677571 0.000000 1.000000
1.677571 0.000000 1.000000
1.677571 0.000000 1.000000
1.677571 0.000000 1.000000
1.677571 0.000000 1.000000
1.677571 0.000000 1.000000
1.677571 0.000000 1.000000
1.677571 0.000000 1.000000
1.677571 0.000000 1.000000
1.677571 0.000000 1.000000
1.677571 0.000000 1.000000
1.677571 0.000000 1.000000
1.677571 0.000000 1.000000
1.677571 0.000000 1.000000
1.677571 0.000000 1.000000
1.677571 0.000000 1.000000
1.677571 0.000000 1.000000
1.677571 0.000000 1.000000
1.677571 0.000000 1.000000
1.677571 0.000000 1.000000
1.677571 0.000000 1.000000
1.677571 0.000000 1.000000
1.677571 0.000000 1.000000
1.677571 0.000000 1.000000
1.677571 0.000000 1.000000
1.677571 0.000000 1.000000
1.677571 0.000000 1.000000
1.677571 0.000000 1.000000
1.677571 0.000000 1.000000
1.677571 0.000000 1.000000
1.677571 0.000000 1.000000
1.677571 0.000000 1.000000
1.677571 0.000000 1.000000
1.677571 0.000000 1.000000
1.677571 0.000000 1.000000
1.677571 0.000000 1.000000
1.677571 0.000000 1.000000
1.677571 0.000000 1.000000
1.677571 0.000000 1.000000
1.677571 0.000000 1.000000
1.677571 0.000000 1.000000
1.677571 0.000000 1.000000
1.677571 0.000000 1.000000
1.677571 0.000000 1.000000
1.677571 0.000000 1.000000
1.677571 0.000000 1.000000
1.677571 0.000000 1.000000
1.677571 0.000000 1.000000
1.677571 0.000000 1.000000
1.677571 0.000000 1.000000
1.677571 0.000000 1.000000
1.677571 0.000000 1.000000
1.677571 0.000000 1.000000
1.677571 0.000000 1.000000
1.677571 0.000000 1.000000
1.677571 0.000000 1.000000
1.677571 0.000000 1.000000
1.677571 0.000000 1.000000
1.677571 0.000000 1.000000
1.677571 0.000000 1.000000
1.677571 0.000000 1.000000
1.677571 0.000000 1.000000
1.677571 0.000000 1.000000
1.677571 0.000000 1.000000
1.677571 0.000000 1.000000
1.677571 0.000000 1.000000
1.677571 0.000000 1.000000
1.677571 0.000000 1.000000
1.677571 0.000000 1.000000
1.677571 0.000000 1.000000
1.677571 0.000000 1.000000
1.677571 0.000000 1.000000
1.677571 0.000000 1.000000
1.677571 0.000000 1.000000
1.677571 0.000000 1.000000
1.677571 0.000000 1.000000
1.677571 0.000000 1.000000
1.677571 0.000000 1.000000
1.677571 0.000000 1.000000
1.677571 0.000000 1.000000
1.677571 0.000000 1.000000
1.677571 0.000000 1.000000
1.677571 0.000000 1.000000
1.677571 0.000000 1.000000
1.677571 0.000000 1.000000
1.677571 0.000000 1.000000
1.677571 0.000000 1.000000
1.677571 0.000000 1.000000
1.677571 0.000000 1.000000
1.677571 0.000000 1.000000
1.677571 0.000000 1.000000
1.677571 0.000000 1.000000
1.677571 0.000000 1.000000
1.677571 0.000000 1.000000
1.677571 0.000000 1.000000
1.677571 0.000000 1.000000
1.677571 0.000000 1.000000
1.677571 0.000000 1.000000
1.677571 0.000000 1.000000
1.677571 0.000000 1.000000
1.677571 0.000000 1.000000
1.677571 0.000000 1.000000
1.677571 0.000000 1.000000
1.677571 0.000000 1.000000
1.677571 0.000000 1.000000
1.677571 0.000000 1.000000
1.677571 0.000000 1.000000
1.677571 0.000000 1.000000
1.677571 0.000000 1.000000
1.677571 0.000000 1.000000
1.677571 0.000000 1.000000
1.677571 0.000000 1.000000
1.677571 0.000000 1.000000
1.677571 0.000000 1.000000
1.677571 0.000000 1.000000
1.677571 0.000000 1.000000
1.677571 0.000000 1.000000
1.677571 0.000000 1.000000
1.677571 0.000000 1.000000
1.677571 0.000000 1.000000
1.677571 0.000000 1.000000
1.677571 0.000000 1.000000
1.677571 0.000000 1.000000
1.677571 0.000000 1.000000
1.677571 0.000000 1.000000
1.677571 0.000000 1.000000
1.677571 0.000000 1.000000
1.677571 0.000000 1.000000
1.677571 0.000000 1.000000
1.677571 0.000000 1.000000
1.677571 0.000000 1.000000
1.677571 0.000000 1.000000
1.677571 0.000000 1.000000
1.677571 0.000000 1.000000
1.677571 0.000000 1.000000
1.677571 0.000000 1.000000
1.677571 0.000000 1.000000
1.677571 0.000000 1.000000
1.677571 0.000000 1.000000
1.677571 0.000000 1.000000
1.677571 0.000000 1.000000
1.677571 0.000000 1.000000
1.677571 0.000000 1.000000
1.677571 0.000000 1.000000
1.677571 0.000000 1.000000
1.677571 0.000000 1.000000
1.677571 0.000000 1.000000
1.677571 0.000000 1.000000
1.677571 0.000000 1.000000
1.677571 0.000000 1.000000
1.677571 0.000000 1.000000
1.677571 0.000000 1.000000
1.677571 0.000000 1.000000
1.677571 0.000000 1.000000
1.677571 0.000000 1.000000
1.677571 0.000000 1.000000
1.677571 0.000000 1.000000
1.677571 0.000000 1.000000
1.677571 0.000000 1.000000
1.677571 0.000000 1.000000
1.677571 0.000000 1.000000
1.677571 0.000000 1.000000
1.677571 0.000000 1.000000
1.677571 0.000000 1.000000
1.677571 0.000000 1.000000
1.677571 0.000000 1.000000
1.677571 0.000000 1.000000
1.677571 0.000000 1.000000
1.677571 0.000000 1.000000
1.677571 0.000000 1.000000
1.677571 0.000000 1.000000
1.677571 0.000000 1.000000
1.677571 0.000000 1.000000
1.677571 0.000000 1.000000
1.677571 0.000000 1.000000
1.677571 0.000000 1.000000
1.677571 0.000000 1.000000
1.677571 0.000000 1.000000
1.677571 0.000000 1.000000
1.677571 0.000000 1.000000
1.677571 0.000000 1.000000
1.677571 0.000000 1.000000
1.677571 0.000000 1.000000
1.677571 0.000000 1.000000
1.677571 0.000000 1.000000
1.677571 0.000000 1.000000
1.677571 0.000000 1.000000
1.677571 0.000000 1.000000
1.677571 0.000000 1.000000
1.677571 0.000000 1.000000
1.677571 0.000000 1.000000
1.677571 0.000000 1.000000
1.677571 0.000000 1.000000
1.677571 0.000000 1.000000
1.677571 0.000000 1.000000
1.677571 0.000000 1.000000
1.677571 0.000000 1.000000
1.677571 0.000000 1.000000
1.677571 0.000000 1.000000
1.677571 0.000000 1.000000
1.677571 0.000000 1.000000
1.677571 0.000000 1.000000
1.677571 0.000000 1.000000
1.677571 0.000000 1.000000
1.677571 0.000000 1.000000
1.677571 0.000000 1.000000
1.677571 0.000000 1.000000
1.677571 0.000000 1.000000
1.677571 0.000000 1.000000
1.677571 0.000000 1.000000
1.677571 0.000000 1.000000
1.677571 0.000000 1.000000
1.677571 0.000000 1.000000
1.677571 0.000000 1.000000
1.677571 0.000000 1.000000
1.677571 0.000000 1.000000
1.677571 0.000000 1.000000
1.677571 0.000000 1.000000
1.677571 0.000000 1.000000
1.677571 0.000000 1.000000
1.677571 0.000000 1.000000
1.677571 0.000000 1.000000
1.677571 0.000000 1.000000
1.677571 0.000000 1.000000
1.677571 0.000000 1.000000
1.677571 0.000000 1.000000
1.677571 0.000000 1.000000
1.677571 0.000000 1.000000
1.677571 0.000000 1.000000
1.677571 0.000000 1.000000
1.677571 0.000000 1.000000
1.677571 0.000000 1.000000
1.677571 0.000000 1.000000
1.677571 0.000000 1.000000
1.677571 0.000000 1.000000
1.677571 0.000000 1.000000
1.677571 0.000000 1.000000
1.677571 0.000000 1.000000
1.677571 0.000000 1.000000
1.677571 0.000000 1.000000
1.677571 0.000000 1.000000
1.677571 0.000000 1.000000
1.677571 0.000000 1.000000
1.677571 0.000000 1.000000
1.677571 0.000000 1.000000
1.677571 0.000000 1.000000
1.677571 0.000000 1.000000
1.677571 0.000000 1.000000
1.677571 0.000000 1.000000
1.677571 0.000000 1.000000
1.677571 0.000000 1.000000
1.677571 0.000000 1.000000
1.677571 0.000000 1.000000
1.677571 0.000000 1.000000
1.677571 0.000000 1.000000
1.677571 0.000000 1.000000
1.677571 0.000000 1.000000
1.677571 0.000000 1.000000
1.677571 0.000000 1.000000
1.677571 0.000000 1.000000
1.677571 0.000000 1.000000
1.677571 0.000000 1.000000
1.677571 0.000000 1.000000
1.677571 0.000000 1.000000
1.677571 0.000000 1.000000
1.677571 0.000000 1.000000
1.677571 0.000000 1.000000
1.677571 0.000000 1.000000
1.677571 0.000000 1.000000
1.677571 0.000000 1.000000
1.677571 0.000000 1.000000
1.677571 0.000000 1.000000
1.677571 0.000000 1.000000
1.677571 0.000000 1.000000
1.677571 0.000000 1.000000
1.677571 0.000000 1.000000
1.677571 0.000000 1.000000
1.677571 0.000000 1.000000
1.677571 0.000000 1.000000
1.677571 0.000000 1.000000
1.677571 0.000000 1.000000
1.677571 0.000000 1.000000
1.677571 0.000000 1.000000
1.677571 0.000000 1.000000
1.677571 0.000000 1.000000
1.677571 0.000000 1.000000
1.677571 0.000000 1.000000
1.677571 0.000000 1.000000
1.677571 0.000000 1.000000
1.677571 0.000000 1.000000
1.677571 0.000000 1.000000
1.677571 0.000000 1.000000
1.677571 0.000000 1.000000
1.677571 0.000000 1.000000
1.677571 0.000000 1.000000
1.677571 0.000000 1.000000
1.677571 0.000000 1.000000
1.677571 0.000000 1.000000
1.677571 0.000000 1.000000
1.677571 0.000000 1.000000
1.677571 0.000000 1.000000
1.677571 0.000000 1.000000
1.677571 0.000000 1.000000
1.677571 0.000000 1.000000
1.677571 0.000000 1.000000
1.677571 0.000000 1.000000
1.677571 0.000000 1.000000
1.677571 0.000000 1.000000
1.677571 0.000000 1.000000
1.677571 0.000000 1.000000
1.677571 0.000000 1.000000
1.677571 0.000000 1.000000
1.677571 0.000000 1.000000
1.677571 0.000000 1.000000
1.677571 0.000000 1.000000
1.677571 0.000000 1.000000
1.677571 0.000000 1.000000
1.677571 0.000000 1.000000
1.677571 0.000000 1.000000
1.677571 0.000000 1.000000
1.677571 0.000000 1.000000
1.677571 0.000000 1.000000
1.677571 0.000000 1.000000
1.677571 0.000000 1.000000
1.677571 0.000000 1.000000
1.677571 0.000000 1.000000
1.677571 0.000000 1.000000
1.677571 0.000000 1.000000
1.677571 0.000000 1.000000
1.677571 0.000000 1.000000
1.677571 0.000000 1.000000
1.677571 0.000000 1.000000
1.677571 0.000000 1.000000
1.677571 0.000000 1.000000
1.677571 0.000000 1.000000
1.677571 0.000000 1.000000
1.677571 0.000000 1.000000
1.677571 0.000000 1.000000
1.677571 0.000000 1.000000
1.677571 0.000000 1.000000
1.677571 0.000000 1.000000
1.677571 0.000000 1.000000
1.677571 0.000000 1.000000
1.677571 0.000000 1.000000
1.677571 0.000000 1.000000
1.677571 0.000000 1.000000
1.677571 0.000000 1.000000
1.677571 0.000000 1.000000
1.677571 0.000000 1.000000
1.677571 0.000000 1.000000
1.677571 0.000000 1.000000
1.677571 0.000000 1.000000
1.677571 0.000000 1.000000
1.677571 0.000000 1.000000
1.677571 0.000000 1.000000
1.677571 0.000000 1.000000
1.677571 0.000000 1.000000
1.677571 0.000000 1.000000
1.677571 0.000000 1.000000
1.677571 0.000000 1.000000
1.677571 0.000000 1.000000
1.677571 0.000000 1.000000
1.677571 0.000000 1.000000
1.677571 0.000000 1.000000
1.677571 0.000000 1.000000
1.677571 0.000000 1.000000
1.677571 0.000000 1.000000
1.677571 0.000000 1.000000
1.677571 0.000000 1.000000
1.677571 0.000000 1.000000
1.677571 0.000000 1.000000
1.677571 0.000000 1.000000
1.677571 0.000000 1.000000
1.677571 0.000000 1.000000
1.677571 0.000000 1.000000
1.677571 0.000000 1.000000
1.677571 0.000000 1.000000
1.677571 0.000000 1.000000
1.677571 0.000000 1.000000
1.677571 0.000000 1.000000
1.677571 0.000000 1.000000
1.677571 0.000000 1.000000
1.677571 0.000000 1.000000
1.677571 0.000000 1.000000
1.677571 0.000000 1.000000
1.677571 0.000000 1.000000
1.677571 0.000000 1.000000
1.677571 0.000000 1.000000
1.677571 0.000000 1.000000
1.677571 0.000000 1.000000
1.677571 0.000000 1.000000
1.677571 0.000000 1.000000
1.677571 0.000000 1.000000
1.677571 0.000000 1.000000
1.677571 0.000000 1.000000
1.677571 0.000000 1.000000
1.677571 0.000000 1.000000
1.677571 0.000000 1.000000
1.677571 0.000000 1.000000
1.677571 0.000000 1.000000
1.677571 0.000000 1.000000
1.677571 0.000000 1.000000
1.677571 0.000000 1.000000
1.677571 0.000000 1.000000
1.677571 0.000000 1.000000
1.677571 0.000000 1.000000
1.677571 0.000000 1.000000
1.677571 0.000000 1.000000
1.677571 0.000000 1.000000
1.677571 0.000000 1.000000
1.677571 0.000000 1.000000
1.677571 0.000000 1.000000
1.677571 0.000000 1.000000
1.677571 0.000000 1.000000
1.677571 0.000000 1.000000
1.677571 0.000000 1.000000
1.677571 0.000000 1.000000
1.677571 0.000000 1.000000
1.677571 0.000000 1.000000
1.677571 0.000000 1.000000
1.677571 0.000000 1.000000
1.677571 0.000000 1.000000
1.677571 0.000000 1.000000
1.677571 0.000000 1.000000
1.677571 0.000000 1.000000
1.677571 0.000000 1.000000
1.677571 0.000000 1.000000
1.677571 0.000000 1.000000
1.677571 0.000000 1.000000
1.677571 0.000000 1.000000
1.677571 0.000000 1.000000
1.677571 0.000000 1.000000
1.677571 0.000000 1.000000
1.677571 0.000000 1.000000
1.677571 0.000000 1.000000
1.677571 0.000000 1.000000
1.677571 0.000000 1.000000
1.677571 0.000000 1.000000
1.677571 0.000000 1.000000
1.677571 0.000000 1.000000
1.677571 0.000000 1.000000
1.677571 0.000000 1.000000
1.677571 0.000000 1.000000
1.677571 0.000000 1.000000
1.677571 0.000000 1.000000
1.677571 0.000000 1.000000
1.677571 0.000000 1.000000
1.677571 0.000000 1.000000
1.677571 0.000000 1.000000
1.677571 0.000000 1.000000
1.677571 0.000000 1.000000
1.677571 0.000000 1.000000
1.677571 0.000000 1.000000
1.677571 0.000000 1.000000
1.677571 0.000000 1.000000
1.677571 0.000000 1.000000
1.677571 0.000000 1.000000
1.677571 0.000000 1.000000
1.677571 0.000000 1.000000
1.677571 0.000000 1.000000
1.677571 0.000000 1.000000
1.677571 0.000000 1.000000
1.677571 0.000000 1.000000
1.677571 0.000000 1.000000
1.677571 0.000000 1.000000
1.677571 0.000000 1.000000
1.677571 0.000000 1.000000
1.677571 0.000000 1.000000
1.677571 0.000000 1.000000
1.677571 0.000000 1.000000
1.677571 0.000000 1.000000
1.677571 0.000000 1.000000
1.677571 0.000000 1.000000
1.677571 0.000000 1.000000
1.677571 0.000000 1.000000
1.677571 0.000000 1.000000
1.677571 0.000000 1.000000
1.677571 0.000000 1.000000
1.677571 0.000000 1.000000
1.677571 0.000000 1.000000
1.677571 0.000000 1.000000
1.677571 0.000000 1.000000
1.677571 0.000000 1.000000
1.677571 0.000000 1.000000
1.677571 0.000000 1.000000
1.677571 0.000000 1.000000
1.677571 0.000000 1.000000
1.677571 0.000000 1.000000
1.677571 0.000000 1.000000
1.677571 0.000000 1.000000
1.677571 0.000000 1.000000
1.677571 0.000000 1.000000
1.677571 0.000000 1.000000
1.677571 0.000000 1.000000
1.677571 0.000000 1.000000
1.677571 0.000000 1.000000
1.677571 0.000000 1.000000
1.677571 0.000000 1.000000
1.677571 0.000000 1.000000
1.677571 0.000000 1.000000
1.677571 0.000000 1.000000
1.677571 0.000000 1.000000
1.677571 0.000000 1.000000
1.677571 0.000000 1.000000
1.677571 0.000000 1.000000
1.677571 0.000000 1.000000
1.677571 0.000000 1.000000
1.677571 0.000000 1.000000
1.677571 0.000000 1.000000
1.677571 0.000000 1.000000
1.677571 0.000000 1.000000
1.677571 0.000000 1.000000
1.677571 0.000000 1.000000
1.677571 0.000000 1.000000
1.677571 0.000000 1.000000
1.677571 0.000000 1.000000
1.677571 0.000000 1.000000
1.677571 0.000000 1.000000
1.677571 0.000000 1.000000
1.677571 0.000000 1.000000
1.677571 0.000000 1.000000
1.677571 0.000000 1.000000
1.677571 0.000000 1.000000
1.677571 0.000000 1.000000
1.677571 0.000000 1.000000
1.677571 0.000000 1.000000
1.677571 0.000000 1.000000
1.677571 0.000000 1.000000
1.677571 0.000000 1.000000
1.677571 0.000000 1.000000
1.677571 0.000000 1.000000
1.677571 0.000000 1.000000
1.677571 0.000000 1.000000
1.677571 0.000000 1.000000
1.677571 0.000000 1.000000
1.677571 0.000000 1.000000
1.677571 0.000000 1.000000
1.677571 0.000000 1.000000
1.677571 0.000000 1.000000
1.677571 0.000000 1.000000
1.677571 0.000000 1.000000
1.677571 0.000000 1.000000
1.677571 0.000000 1.000000
1.677571 0.000000 1.000000
1.677571 0.000000 1.000000
1.677571 0.000000 1.000000
1.677571 0.000000 1.000000
1.677571 0.000000 1.000000
1.677571 0.000000 1.000000
1.677571 0.000000 1.000000
1.677571 0.000000 1.000000
1.677571 0.000000 1.000000
1.677571 0.000000 1.000000
1.677571 0.000000 1.000000
1.677571 0.000000 1.000000
1.677571 0.000000 1.000000
1.677571 0.000000 1.000000
1.677571 0.000000 1.000000
1.677571 0.000000 1.000000
1.677571 0.000000 1.000000
1.677571 0.000000 1.000000
1.677571 0.000000 1.000000
1.677571 0.000000 1.000000
1.677571 0.000000 1.000000
1.677571 0.000000 1.000000
1.677571 0.000000 1.000000
1.677571 0.000000 1.000000
1.677571 0.000000 1.000000
1.677571 0.000000 1.000000
1.677571 0.000000 1.000000
1.677571 0.000000 1.000000
1.677571 0.000000 1.000000
1.677571 0.000000 1.000000
1.677571 0.000000 1.000000
1.677571 0.000000 1.000000
1.677571 0.000000 1.000000
1.677571 0.000000 1.000000
1.677571 0.000000 1.000000
1.677571 0.000000 1.000000
1.677571 0.000000 1.000000
1.677571 0.000000 1.000000
1.677571 0.000000 1.000000
1.677571 0.000000 1.000000
1.677571 0.000000 1.000000
1.677571 0.000000 1.000000
1.677571 0.000000 1.000000
1.677571 0.000000 1.000000
1.677571 0.000000 1.000000
1.677571 0.000000 1.000000
1.677571 0.000000 1.000000
1.677571 0.000000 1.000000
1.677571 0.000000 1.000000
1.677571 0.000000 1.000000
1.677571 0.000000 1.000000
1.677571 0.000000 1.000000
1.677571 0.000000 1.000000
1.677571 0.000000 1.000000
1.677571 0.000000 1.000000
1.677571 0.000000 1.000000
1.677571 0.000000 1.000000
1.677571 0.000000 1.000000
1.677571 0.000000 1.000000
1.677571 0.000000 1.000000
1.677571 0.000000 1.000000
1.677571 0.000000 1.000000
1.677571 0.000000 1.000000
1.677571 0.000000 1.000000
1.677571 0.000000 1.000000
1.677571 0.000000 1.000000
1.677571 0.000000 1.000000
1.677571 0.000000 1.000000
1.677571 0.000000 1.000000
1.677571 0.000000 1.000000
1.677571 0.000000 1.000000
1.677571 0.000000 1.000000
1.677571 0.000000 1.000000
1.677571 0.000000 1.000000
1.677571 0.000000 1.000000
1.677571 0.000000 1.000000
1.677571 0.000000 1.000000
1.677571 0.000000 1.000000
1.677571 0.000000 1.000000
1.677571 0.000000 1.000000
1.677571 0.000000 1.000000
1.677571 0.000000 1.000000
1.677571 0.000000 1.000000
1.677571 0.000000 1.000000
1.677571 0.000000 1.000000
1.677571 0.000000 1.000000
1.677571 0.000000 1.000000
1.677571 0.000000 1.000000
1.677571 0.000000 1.000000
1.677571 0.000000 1.000000
1.677571 0.000000 1.000000
1.677571 0.000000 1.000000
1.677571 0.000000 1.000000
1.677571 0.000000 1.000000
1.677571 0.000000 1.000000
1.677571 0.000000 1.000000
1.677571 0.000000 1.000000
1.677571 0.000000 1.000000
1.677571 0.000000 1.000000
1.677571 0.000000 1.000000
1.677571 0.000000 1.000000
1.677571 0.000000 1.000000
1.677571 0.000000 1.000000
1.677571 0.000000 1.000000
1.677571 0.000000 1.000000
1.677571 0.000000 1.000000
1.677571 0.000000 1.000000
1.677571 0.000000 1.000000
1.677571 0.000000 1.000000
1.677571 0.000000 1.000000
1.677571 0.000000 1.000000
1.677571 0.000000 1.000000
1.677571 0.000000 1.000000
1.677571 0.000000 1.000000
1.677571 0.000000 1.000000
1.677571 0.000000 1.000000
1.677571 0.000000 1.000000
1.677571 0.000000 1.000000
1.677571 0.000000 1.000000
1.569032 0.000000 0.935300
1.630599 0.000000 0.972000
1.561818 0.000000 0.931000
1.567019 0.000000 0.934100
1.568193 0.000000 0.934800
1.657776 0.000000 0.988200
1.556283 0.000000 0.927700
1.599564 0.000000 0.953500
1.599732 0.000000 0.953600
1.596544 0.000000 0.951700
1.562993 0.000000 0.931700
1.570877 0.000000 0.936400
1.595538 0.000000 0.951100
1.582453 0.000000 0.943300
1.576078 0.000000 0.939500
1.566516 0.000000 0.933800
1.566012 0.000000 0.933500
1.621876 0.000000 0.966800
1.561986 0.000000 0.931100
1.594028 0.000000 0.950200
1.569368 0.000000 0.935500
1.600403 0.000000 0.954000
1.566180 0.000000 0.933600
1.591344 0.000000 0.948600
1.576078 0.000000 0.939500
1.567187 0.000000 0.934200
1.635464 0.000000 0.974900
1.603422 0.000000 0.955800
1.493206 0.000000 0.890100
1.590673 0.000000 0.948200
1.630096 0.000000 0.971700
1.587821 0.000000 0.946500
1.580104 0.000000 0.941900
1.588827 0.000000 0.947100
1.582788 0.000000 0.943500
1.576581 0.000000 0.939800
1.579097 0.000000 0.941300
1.593860 0.000000 0.950100
1.648381 0.000000 0.982600
1.606945 0.000000 0.957900
1.567354 0.000000 0.934300
1.565174 0.000000 0.933000
1.591344 0.000000 0.948600
1.603590 0.000000 0.955900
1.602751 0.000000 0.955400
1.600570 0.000000 0.954100
1.579097 0.000000 0.941300
1.606610 0.000000 0.957700
1.612817 0.000000 0.961400
1.615836 0.000000 0.963200
1.572555 0.000000 0.937400
1.603087 0.000000 0.955600
1.611810 0.000000 0.960800
1.573394 0.000000 0.937900
1.574736 0.000000 0.938700
1.560980 0.000000 0.930500
1.616843 0.000000 0.963800
1.572555 0.000000 0.937400
1.580943 0.000000 0.942400
1.604261 0.000000 0.956300
1.589666 0.000000 0.947600
1.578091 0.000000 0.940700
1.637477 0.000000 0.976100
1.567187 0.000000 0.934200
1.613152 0.000000 0.961600
1.539842 0.000000 0.917900
1.562657 0.000000 0.931500
1.582117 0.000000 0.943100
1.584633 0.000000 0.944600
1.610971 0.000000 0.960300
1.640161 0.000000 0.977700
1.594867 0.000000 0.950700
1.581949 0.000000 0.943000
1.586814 0.000000 0.945900
1.573058 0.000000 0.937700
1.554437 0.000000 0.926600
1.542023 0.000000 0.919200
1.569535 0.000000 0.935600
1.548733 0.000000 0.923200
1.561818 0.000000 0.931000
1.588827 0.000000 0.947100
1.567019 0.000000 0.934100
1.527428 0.000000 0.910500
1.555611 0.000000 0.927300
1.596376 0.000000 0.951600
1.625902 0.000000 0.969200
1.612817 0.000000 0.961400
1.629257 0.000000 0.971200
1.596209 0.000000 0.951500
1.624056 0.000000 0.968100
1.640161 0.000000 0.977700
1.580775 0.000000 0.942300
1.677235 0.000000 0.999800
1.591344 0.000000 0.948600
1.597215 0.000000 0.952100
1.641000 0.000000 0.978200
1.608287 0.000000 0.958700
1.556450 0.000000 0.927800
1.546385 0.000000 0.921800
1.545546 0.000000 0.921300
1.605603 0.000000 0.957100
1.574400 0.000000 0.938500
1.562322 0.000000 0.931300
1.548230 0.000000 0.922900
1.507968 0.000000 0.898900
1.595034 0.000000 0.950800
1.571045 0.000000 0.936500
1.631438 0.000000 0.972500
1.581782 0.000000 0.942900
1.632780 0.000000 0.973300
1.587318 0.000000 0.946200
1.577755 0.000000 0.940500
1.544875 0.000000 0.920900
1.548733 0.000000 0.923200
1.544372 0.000000 0.920600
1.597383 0.000000 0.952200
1.552760 0.000000 0.925600
1.625734 0.000000 0.969100
1.562993 0.000000 0.931700
1.620869 0.000000 0.966200
1.591008 0.000000 0.948400
1.563832 0.000000 0.932200
1.609126 0.000000 0.959200
1.579601 0.000000 0.941600
1.520886 0.000000 0.906600
1.641839 0.000000 0.978700
1.597886 0.000000 0.952500
1.605939 0.000000 0.957300
1.633619 0.000000 0.973800
1.599396 0.000000 0.953400
1.603926 0.000000 0.956100
1.589498 0.000000 0.947500
1.623218 0.000000 0.967600
1.567522 0.000000 0.934400
1.557960 0.000000 0.928700
1.587150 0.000000 0.946100
1.575910 0.000000 0.939400
1.631438 0.000000 0.972500
1.601912 0.000000 0.954900
1.550075 0.000000 0.924000
1.587318 0.000000 0.946200
1.639155 0.000000 0.977100
1.549740 0.000000 0.923800
1.586311 0.000000 0.945600
1.574904 0.000000 0.938800
1.577588 0.000000 0.940400
1.574568 0.000000 0.938600
1.596544 0.000000 0.951700
1.574400 0.000000 0.938500
1.588324 0.000000 0.946800
1.610468 0.000000 0.960000
1.613991 0.000000 0.962100
1.582788 0.000000 0.943500
1.638651 0.000000 0.976800
1.622547 0.000000 0.967200
1.557960 0.000000 0.928700
1.609461 0.000000 0.959400
1.592686 0.000000 0.949400
1.618353 0.000000 0.964700
1.546049 0.000000 0.921600
1.594867 0.000000 0.950700
1.547056 0.000000 0.922200
1.597551 0.000000 0.952300
1.582956 0.000000 0.943600
1.593189 0.000000 0.949700
1.555611 0.000000 0.927300
1.550747 0.000000 0.924400
1.591176 0.000000 0.948500
1.565174 0.000000 0.933000
1.618353 0.000000 0.964700
1.600906 0.000000 0.954300
1.596376 0.000000 0.951600
1.633786 0.000000 0.973900
1.613991 0.000000 0.962100
1.627747 0.000000 0.970300
1.600738 0.000000 0.954200
1.567187 0.000000 0.934200
1.613320 0.000000 0.961700
1.565845 0.000000 0.933400
1.586647 0.000000 0.945800
1.597886 0.000000 0.952500
1.517195 0.000000 0.904400
1.677571 0.000000 1.000000
1.617011 0.000000 0.963900
1.661466 0.000000 0.990400
1.552424 0.000000 0.925400
1.597719 0.000000 0.952400
1.593525 0.000000 0.949900
1.616507 0.000000 0.963600
1.547056 0.000000 0.922200
1.564503 0.000000 0.932600
1.630767 0.000000 0.972100
1.600403 0.000000 0.954000
1.590840 0.000000 0.948300
1.588156 0.000000 0.946700
1.617514 0.000000 0.964200
1.599564 0.000000 0.953500
1.590840 0.000000 0.948300
1.622882 0.000000 0.967400
1.561483 0.000000 0.930800
1.563832 0.000000 0.932200
1.596544 0.000000 0.951700
1.538836 0.000000 0.917300
1.630599 0.000000 0.972000
1.592015 0.000000 0.949000
1.604597 0.000000 0.956500
1.580104 0.000000 0.941900
1.584801 0.000000 0.944700
1.569703 0.000000 0.935700
1.599564 0.000000 0.953500
1.575910 0.000000 0.939400
1.522396 0.000000 0.907500
1.581614 0.000000 0.942800
1.573226 0.000000 0.937800
1.620198 0.000000 0.965800
1.613823 0.000000 0.962000
1.625566 0.000000 0.969000
1.595705 0.000000 0.951200
1.559638 0.000000 0.929700
1.585137 0.000000 0.944900
1.590169 0.000000 0.947900
1.627747 0.000000 0.970300
1.581782 0.000000 0.942900
1.577084 0.000000 0.940100
1.579265 0.000000 0.941400
1.570206 0.000000 0.936000
1.642845 0.000000 0.979300
1.590169 0.000000 0.947900
1.619024 0.000000 0.965100
1.563328 0.000000 0.931900
1.554605 0.000000 0.926700
1.582117 0.000000 0.943100
1.581278 0.000000 0.942600
1.573394 0.000000 0.937900
1.601577 0.000000 0.954700
1.621708 0.000000 0.966700
1.573729 0.000000 0.938100
1.639490 0.000000 0.977300
1.564670 0.000000 0.932700
1.608790 0.000000 0.959000
1.585640 0.000000 0.945200
1.639826 0.000000 0.977500
1.586479 0.000000 0.945700
1.587653 0.000000 0.946400
1.604429 0.000000 0.956400
1.610971 0.000000 0.960300
1.553095 0.000000 0.925800
1.570374 0.000000 0.936100
1.602751 0.000000 0.955400
1.583962 0.000000 0.944200
1.593525 0.000000 0.949900
1.606777 0.000000 0.957800
1.555276 0.000000 0.927100
1.561147 0.000000 0.930600
1.581111 0.000000 0.942500
1.593189 0.000000 0.949700
1.602080 0.000000 0.955000
1.584130 0.000000 0.944300
1.591847 0.000000 0.948900
1.588492 0.000000 0.946900
1.618185 0.000000 0.964600
1.605939 0.000000 0.957300
1.521725 0.000000 0.907100
1.620198 0.000000 0.965800
1.586982 0.000000 0.946000
1.564838 0.000000 0.932800
1.578594 0.000000 0.941000
1.573729 0.000000 0.938100
1.585640 0.000000 0.945200
1.638316 0.000000 0.976600
1.574233 0.000000 0.938400
1.554269 0.000000 0.926500
1.574233 0.000000 0.938400
1.573058 0.000000 0.937700
1.579265 0.000000 0.941400
1.620701 0.000000 0.966100
1.553263 0.000000 0.925900
1.604093 0.000000 0.956200
1.593021 0.000000 0.949600
1.596712 0.000000 0.951800
1.585472 0.000000 0.945100
1.567690 0.000000 0.934500
1.579936 0.000000 0.941800
1.615333 0.000000 0.962900
1.589163 0.000000 0.947300
1.622211 0.000000 0.967000
1.594028 0.000000 0.950200
1.550914 0.000000 0.924500
1.640329 0.000000 0.977800
1.546553 0.000000 0.921900
1.582453 0.000000 0.943300
1.614662 0.000000 0.962500
1.570710 0.000000 0.936300
1.621037 0.000000 0.966300
1.615333 0.000000 0.962900
1.574904 0.000000 0.938800
1.602416 0.000000 0.955200
1.617178 0.000000 0.964000
1.583291 0.000000 0.943800
1.574233 0.000000 0.938400
1.605771 0.000000 0.957200
1.595873 0.000000 0.951300
1.601745 0.000000 0.954800
1.642677 0.000000 0.979200
1.627747 0.000000 0.970300
1.576749 0.000000 0.939900
1.594699 0.000000 0.950600
1.592518 0.000000 0.949300
1.596712 0.000000 0.951800
1.573058 0.000000 0.937700
1.574736 0.000000 0.938700
1.611307 0.000000 0.960500
1.639658 0.000000 0.977400
1.618185 0.000000 0.964600
1.593357 0.000000 0.949800
1.655595 0.000000 0.986900
1.574400 0.000000 0.938500
1.591008 0.000000 0.948400
1.618017 0.000000 0.964500
1.643516 0.000000 0.979700
1.619024 0.000000 0.965100
1.565677 0.000000 0.933300
1.605435 0.000000 0.957000
1.531622 0.000000 0.913000
1.604764 0.000000 0.956600
1.586647 0.000000 0.945800
1.601577 0.000000 0.954700
1.588492 0.000000 0.946900
1.602080 0.000000 0.955000
1.600738 0.000000 0.954200
1.594028 0.000000 0.950200
1.594196 0.000000 0.950300
1.597886 0.000000 0.952500
1.583124 0.000000 0.943700
1.605100 0.000000 0.956800
1.553263 0.000000 0.925900
1.600570 0.000000 0.954100
1.624056 0.000000 0.968100
1.566683 0.000000 0.933900
1.588995 0.000000 0.947200
1.571045 0.000000 0.936500
1.627579 0.000000 0.970200
1.574736 0.000000 0.938700
1.609461 0.000000 0.959400
1.660124 0.000000 0.989600
1.583124 0.000000 0.943700
1.594699 0.000000 0.950600
1.590169 0.000000 0.947900
1.565174 0.000000 0.933000
1.582285 0.000000 0.943200
1.577084 0.000000 0.940100
1.608958 0.000000 0.959100
1.623721 0.000000 0.967900
1.598893 0.000000 0.953100
1.584466 0.000000 0.944500
1.598893 0.000000 0.953100
1.648717 0.000000 0.982800
1.549740 0.000000 0.923800
1.583627 0.000000 0.944000
1.643013 0.000000 0.979400
1.618856 0.000000 0.965000
1.586814 0.000000 0.945900
1.584969 0.000000 0.944800
1.553431 0.000000 0.926000
1.557457 0.000000 0.928400
1.593860 0.000000 0.950100
1.610971 0.000000 0.960300
1.585137 0.000000 0.944900
1.596041 0.000000 0.951400
1.598893 0.000000 0.953100
1.551921 0.000000 0.925100
1.605100 0.000000 0.956800
1.621708 0.000000 0.966700
1.559302 0.000000 0.929500
1.633451 0.000000 0.973700
1.645697 0.000000 0.981000
1.618688 0.000000 0.964900
1.571045 0.000000 0.936500
1.588156 0.000000 0.946700
1.602416 0.000000 0.955200
1.607448 0.000000 0.958200
1.568529 0.000000 0.935000
1.598725 0.000000 0.953000
1.571213 0.000000 0.936600
1.552256 0.000000 0.925300
1.568697 0.000000 0.935100
1.548230 0.000000 0.922900
1.559134 0.000000 0.929400
1.612984 0.000000 0.961500
1.585976 0.000000 0.945400
1.597551 0.000000 0.952300
1.640497 0.000000 0.977900
1.600235 0.000000 0.953900
1.624056 0.000000 0.968100
1.565845 0.000000 0.933400
1.588156 0.000000 0.946700
1.628921 0.000000 0.971000
1.582453 0.000000 0.943300
1.614662 0.000000 0.962500
1.575407 0.000000 0.939100
1.615501 0.000000 0.963000
1.587150 0.000000 0.946100
1.645026 0.000000 0.980600
1.590673 0.000000 0.948200
1.615669 0.000000 0.963100
1.612984 0.000000 0.961500
1.593525 0.000000 0.949900
1.623721 0.000000 0.967900
1.609126 0.000000 0.959200
1.588492 0.000000 0.946900
1.609461 0.000000 0.959400
1.620030 0.000000 0.965700
1.617346 0.000000 0.964100
1.612984 0.000000 0.961500
1.574904 0.000000 0.938800
1.570206 0.000000 0.936000
1.615165 0.000000 0.962800
1.592686 0.000000 0.949400
1.565845 0.000000 0.933400
1.627579 0.000000 0.970200
1.595705 0.000000 0.951200
1.603087 0.000000 0.955600
1.633954 0.000000 0.974000
1.625566 0.000000 0.969000
1.551250 0.000000 0.924700
1.631102 0.000000 0.972300
1.572723 0.000000 0.937500
1.631941 0.000000 0.972800
1.589834 0.000000 0.947700
1.557289 0.000000 0.928300
1.595370 0.000000 0.951000
1.594699 0.000000 0.950600
1.606610 0.000000 0.957700
1.605268 0.000000 0.956900
1.571045 0.000000 0.936500
1.623218 0.000000 0.967600
1.610971 0.000000 0.960300
1.563664 0.000000 0.932100
1.618856 0.000000 0.965000
1.618185 0.000000 0.964600
1.606945 0.000000 0.957900
1.585808 0.000000 0.945300
1.583124 0.000000 0.943700
1.595873 0.000000 0.951300
1.622547 0.000000 0.967200
1.566516 0.000000 0.933800
1.564670 0.000000 0.932700
1.656769 0.000000 0.987600
1.595538 0.000000 0.951100
1.569032 0.000000 0.935300
1.655595 0.000000 0.986900
1.597551 0.000000 0.952300
1.573394 0.000000 0.937900
1.541520 0.000000 0.918900
1.593860 0.000000 0.950100
1.599228 0.000000 0.953300
1.586647 0.000000 0.945800
1.586311 0.000000 0.945600
1.584801 0.000000 0.944700
1.646704 0.000000 0.981600
1.556618 0.000000 0.927900
1.582788 0.000000 0.943500
1.575239 0.000000 0.939000
1.606610 0.000000 0.957700
1.611810 0.000000 0.960800
1.601409 0.000000 0.954600
1.620701 0.000000 0.966100
1.613320 0.000000 0.961700
1.605603 0.000000 0.957100
1.594028 0.000000 0.950200
1.628250 0.000000 0.970600
1.579265 0.000000 0.941400
1.651233 0.000000 0.984300
1.552927 0.000000 0.925700
1.599061 0.000000 0.953200
1.537661 0.000000 0.916600
1.549908 0.000000 0.923900
1.614494 0.000000 0.962400
1.511491 0.000000 0.901000
1.542359 0.000000 0.919400
1.595202 0.000000 0.950900
1.612481 0.000000 0.961200
1.562825 0.000000 0.931600
1.616004 0.000000 0.963300
1.553431 0.000000 0.926000
1.603926 0.000000 0.956100
1.620366 0.000000 0.965900
1.609797 0.000000 0.959600
1.547559 0.000000 0.922500
1.547391 0.000000 0.922400
1.657776 0.000000 0.988200
1.665325 0.000000 0.992700
1.603590 0.000000 0.955900
1.562993 0.000000 0.931700
1.580607 0.000000 0.942200
1.571884 0.000000 0.937000
1.616507 0.000000 0.963600
1.677571 0.000000 1.000000
1.610971 0.000000 0.960300
1.595538 0.000000 0.951100
1.639490 0.000000 0.977300
1.586814 0.000000 0.945900
1.568361 0.000000 0.934900
1.534139 0.000000 0.914500
1.593357 0.000000 0.949800
1.575071 0.000000 0.938900
1.613991 0.000000 0.962100
1.604597 0.000000 0.956500
1.557289 0.000000 0.928300
1.653078 0.000000 0.985400
1.618185 0.000000 0.964600
1.614326 0.000000 0.962300
1.633283 0.000000 0.973600
1.595370 0.000000 0.951000
1.561818 0.000000 0.931000
1.600570 0.000000 0.954100
1.596041 0.000000 0.951400
1.595370 0.000000 0.951000
1.623050 0.000000 0.967500
1.616004 0.000000 0.963300
1.591679 0.000000 0.948800
1.648549 0.000000 0.982700
1.570710 0.000000 0.936300
1.617011 0.000000 0.963900
1.561818 0.000000 0.931000
1.643516 0.000000 0.979700
1.581278 0.000000 0.942600
1.600403 0.000000 0.954000
1.617514 0.000000 0.964200
1.584801 0.000000 0.944700
1.579936 0.000000 0.941800
1.598054 0.000000 0.952600
1.527261 0.000000 0.910400
1.559638 0.000000 0.929700
1.611642 0.000000 0.960700
1.601074 0.000000 0.954400
1.578259 0.000000 0.940800
1.618520 0.000000 0.964800
1.599732 0.000000 0.953600
1.578426 0.000000 0.940900
1.573897 0.000000 0.938200
1.505620 0.000000 0.897500
1.592854 0.000000 0.949500
1.632947 0.000000 0.973400
1.544875 0.000000 0.920900
1.538332 0.000000 0.917000
1.580607 0.000000 0.942200
1.555108 0.000000 0.927000
1.630263 0.000000 0.971800
1.591679 0.000000 0.948800
1.602583 0.000000 0.955300
1.591176 0.000000 0.948500
1.580607 0.000000 0.942200
1.556786 0.000000 0.928000
1.615165 0.000000 0.962800
1.572219 0.000000 0.937200
1.622043 0.000000 0.966900
1.574400 0.000000 0.938500
1.554940 0.000000 0.926900
1.612817 0.000000 0.961400
1.581278 0.000000 0.942600
1.626908 0.000000 0.969800
1.583291 0.000000 0.943800
1.615501 0.000000 0.963000
1.596209 0.000000 0.951500
1.595705 0.000000 0.951200
1.586479 0.000000 0.945700
1.601745 0.000000 0.954800
1.615165 0.000000 0.962800
1.615669 0.000000 0.963100
1.604597 0.000000 0.956500
1.601745 0.000000 0.954800
1.620030 0.000000 0.965700
1.621540 0.000000 0.966600
1.590002 0.000000 0.947800
1.603926 0.000000 0.956100
1.618856 0.000000 0.965000
1.557960 0.000000 0.928700
1.591679 0.000000 0.948800
1.612817 0.000000 0.961400
1.572219 0.000000 0.937200
1.536990 0.000000 0.916200
1.609797 0.000000 0.959600
1.602583 0.000000 0.955300
1.552592 0.000000 0.925500
1.563328 0.000000 0.931900
1.594196 0.000000 0.950300
1.609294 0.000000 0.959300
1.610636 0.000000 0.960100
1.623218 0.000000 0.967600
1.618856 0.000000 0.965000
1.570206 0.000000 0.936000
1.603926 0.000000 0.956100
1.576246 0.000000 0.939600
1.613320 0.000000 0.961700
1.623553 0.000000 0.967800
1.593525 0.000000 0.949900
1.593525 0.000000 0.949900
1.630599 0.000000 0.972000
1.606442 0.000000 0.957600
1.576917 0.000000 0.940000
1.608623 0.000000 0.958900
1.581446 0.000000 0.942700
1.650226 0.000000 0.983700
1.604932 0.000000 0.956700
1.612649 0.000000 0.961300
1.549740 0.000000 0.923800
1.587989 0.000000 0.946600
1.554940 0.000000 0.926900
1.600906 0.000000 0.954300
1.576413 0.000000 0.939700
1.589331 0.000000 0.947400
1.631102 0.000000 0.972300
1.552089 0.000000 0.925200
1.583962 0.000000 0.944200
1.638987 0.000000 0.977000
1.549069 0.000000 0.923400
1.630096 0.000000 0.971700
1.593525 0.000000 0.949900
1.646200 0.000000 0.981300
1.561147 0.000000 0.930600
1.637812 0.000000 0.976300
1.580104 0.000000 0.941900
1.600067 0.000000 0.953800
1.592518 0.000000 0.949300
1.580775 0.000000 0.942300
1.612649 0.000000 0.961300
1.616004 0.000000 0.963300
1.490857 0.000000 0.888700
1.606106 0.000000 0.957400
1.624224 0.000000 0.968200
1.617178 0.000000 0.964000
1.583124 0.000000 0.943700
1.568864 0.000000 0.935200
1.598390 0.000000 0.952800
1.559805 0.000000 0.929800
1.603254 0.000000 0.955700
1.558463 0.000000 0.929000
1.574065 0.000000 0.938300
1.590169 0.000000 0.947900
1.595202 0.000000 0.950900
1.619695 0.000000 0.965500
1.601912 0.000000 0.954900
1.529609 0.000000 0.911800
1.642006 0.000000 0.978800
1.574736 0.000000 0.938700
1.581278 0.000000 0.942600
1.630767 0.000000 0.972100
1.576246 0.000000 0.939600
1.555108 0.000000 0.927000
1.598390 0.000000 0.952800
1.600403 0.000000 0.954000
1.540346 0.000000 0.918200
1.579433 0.000000 0.941500
1.606610 0.000000 0.957700
1.549908 0.000000 0.923900
1.623385 0.000000 0.967700
1.612146 0.000000 0.961000
1.588660 0.000000 0.947000
1.570039 0.000000 0.935900
1.599228 0.000000 0.953300
1.573058 0.000000 0.937700
1.609965 0.000000 0.959700
1.540681 0.000000 0.918400
1.590169 0.000000 0.947900
1.605268 0.000000 0.956900
1.534474 0.000000 0.914700
1.584298 0.000000 0.944400
1.628083 0.000000 0.970500
1.601074 0.000000 0.954400
1.561315 0.000000 0.930700
1.586311 0.000000 0.945600
1.621204 0.000000 0.966400
1.597383 0.000000 0.952200
1.606442 0.000000 0.957600
1.593525 0.000000 0.949900
1.584130 0.000000 0.944300
1.605268 0.000000 0.956900
1.600067 0.000000 0.953800
1.583124 0.000000 0.943700
1.552089 0.000000 0.925200
1.581446 0.000000 0.942700
1.579433 0.000000 0.941500
1.604429 0.000000 0.956400
1.559973 0.000000 0.929900
1.595370 0.000000 0.951000
1.613320 0.000000 0.961700
1.655762 0.000000 0.987000
1.587821 0.000000 0.946500
1.622043 0.000000 0.966900
1.606274 0.000000 0.957500
1.603758 0.000000 0.956000
1.562154 0.000000 0.931200
1.594196 0.000000 0.950300
1.652911 0.000000 0.985300
1.651569 0.000000 0.984500
1.656769 0.000000 0.987600
1.606945 0.000000 0.957900
1.598222 0.000000 0.952700
1.601074 0.000000 0.954400
1.632780 0.000000 0.973300
1.582453 0.000000 0.943300
1.563161 0.000000 0.931800
1.545882 0.000000 0.921500
1.538500 0.000000 0.917100
1.567019 0.000000 0.934100
1.577420 0.000000 0.940300
1.588660 0.000000 0.947000
1.562993 0.000000 0.931700
1.619191 0.000000 0.965200
1.576246 0.000000 0.939600
1.613152 0.000000 0.961600
1.595034 0.000000 0.950800
1.610133 0.000000 0.959800
1.603087 0.000000 0.955600
1.557457 0.000000 0.928400
1.630431 0.000000 0.971900
1.575575 0.000000 0.939200
1.550075 0.000000 0.924000
1.566516 0.000000 0.933800
1.561483 0.000000 0.930800
1.563328 0.000000 0.931900
1.579097 0.000000 0.941300
1.558967 0.000000 0.929300
1.589834 0.000000 0.947700
1.554269 0.000000 0.926500
1.548230 0.000000 0.922900
1.570206 0.000000 0.936000
1.626908 0.000000 0.969800
1.587653 0.000000 0.946400
1.589498 0.000000 0.947500
1.510149 0.000000 0.900200
1.554269 0.000000 0.926500
1.606442 0.000000 0.957600
1.592518 0.000000 0.949300
1.614494 0.000000 0.962400
1.507801 0.000000 0.898800
1.569871 0.000000 0.935800
1.615165 0.000000 0.962800
1.558463 0.000000 0.929000
1.577084 0.000000 0.940100
1.574065 0.000000 0.938300
1.523067 0.000000 0.907900
1.611810 0.000000 0.960800
1.569871 0.000000 0.935800
1.579601 0.000000 0.941600
1.560812 0.000000 0.930400
1.590169 0.000000 0.947900
1.558967 0.000000 0.929300
1.578930 0.000000 0.941200
1.601409 0.000000 0.954600
1.543533 0.000000 0.920100
1.521221 0.000000 0.906800
1.575407 0.000000 0.939100
1.548901 0.000000 0.923300
1.593692 0.000000 0.950000
1.592518 0.000000 0.949300
1.591511 0.000000 0.948700
1.614997 0.000000 0.962700
1.528435 0.000000 0.911100
1.580607 0.000000 0.942200
1.601912 0.000000 0.954900
1.602416 0.000000 0.955200
1.598054 0.000000 0.952600
1.539339 0.000000 0.917600
1.625398 0.000000 0.968900
1.588492 0.000000 0.946900
1.579265 0.000000 0.941400
1.547727 0.000000 0.922600
1.580775 0.000000 0.942300
1.582620 0.000000 0.943400
1.586982 0.000000 0.946000
1.613991 0.000000 0.962100
1.554605 0.000000 0.926700
1.586143 0.000000 0.945500
1.609797 0.000000 0.959600
1.596712 0.000000 0.951800
1.583627 0.000000 0.944000
1.592518 0.000000 0.949300
1.574065 0.000000 0.938300
1.568864 0.000000 0.935200
1.588492 0.000000 0.946900
1.590337 0.000000 0.948000
1.600067 0.000000 0.953800
1.614830 0.000000 0.962600
1.556115 0.000000 0.927600
1.554605 0.000000 0.926700
1.504278 0.000000 0.896700
1.577084 0.000000 0.940100
1.562825 0.000000 0.931600
1.586143 0.000000 0.945500
1.591847 0.000000 0.948900
1.589498 0.000000 0.947500
1.605268 0.000000 0.956900
1.599228 0.000000 0.953300
1.581614 0.000000 0.942800
1.549404 0.000000 0.923600
1.577588 0.000000 0.940400
1.579601 0.000000 0.941600
1.608287 0.000000 0.958700
1.612649 0.000000 0.961300
1.593189 0.000000 0.949700
1.621708 0.000000 0.966700
1.555276 0.000000 0.927100
1.559134 0.000000 0.929400
1.558296 0.000000 0.928900
1.604597 0.000000 0.956500
1.624056 0.000000 0.968100
1.604261 0.000000 0.956300
1.566851 0.000000 0.934000
1.612313 0.000000 0.961100
1.565677 0.000000 0.933300
1.631270 0.000000 0.972400
1.568361 0.000000 0.934900
1.532629 0.000000 0.913600
1.635128 0.000000 0.974700
1.531287 0.000000 0.912800
1.588827 0.000000 0.947100
1.634625 0.000000 0.974400
1.560812 0.000000 0.930400
1.551921 0.000000 0.925100
1.578594 0.000000 0.941000
1.551585 0.000000 0.924900
1.596209 0.000000 0.951500
1.517866 0.000000 0.904800
1.582956 0.000000 0.943600
1.601409 0.000000 0.954600
1.620701 0.000000 0.966100
1.558631 0.000000 0.929100
1.549237 0.000000 0.923500
1.565006 0.000000 0.932900
1.636974 0.000000 0.975800
1.624560 0.000000 0.968400
1.570374 0.000000 0.936100
1.594028 0.000000 0.950200
1.584298 0.000000 0.944400
1.553095 0.000000 0.925800
1.602751 0.000000 0.955400
1.658279 0.000000 0.988500
1.608119 0.000000 0.958600
1.571716 0.000000 0.936900
1.553934 0.000000 0.926300
1.584801 0.000000 0.944700
1.601241 0.000000 0.954500
1.563664 0.000000 0.932100
1.581782 0.000000 0.942900
1.596712 0.000000 0.951800
1.570542 0.000000 0.936200
1.590673 0.000000 0.948200
1.566348 0.000000 0.933700
1.622211 0.000000 0.967000
1.589498 0.000000 0.947500
1.594363 0.000000 0.950400
1.620030 0.000000 0.965700
1.591679 0.000000 0.948800
1.574904 0.000000 0.938800
1.555276 0.000000 0.927100
1.580104 0.000000 0.941900
1.585304 0.000000 0.945000
1.556618 0.000000 0.927900
1.500419 0.000000 0.894400
1.605939 0.000000 0.957300
1.566348 0.000000 0.933700
1.605100 0.000000 0.956800
1.549908 0.000000 0.923900
1.594867 0.000000 0.950700
1.557625 0.000000 0.928500
1.573729 0.000000 0.938100
1.537997 0.000000 0.916800
1.577252 0.000000 0.940200
1.570206 0.000000 0.936000
1.603254 0.000000 0.955700
1.594699 0.000000 0.950600
1.573729 0.000000 0.938100
1.573561 0.000000 0.938000
1.576917 0.000000 0.940000
1.556618 0.000000 0.927900
1.520718 0.000000 0.906500
1.626908 0.000000 0.969800
1.519376 0.000000 0.905700
1.562657 0.000000 0.931500
1.554773 0.000000 0.926800
1.585808 0.000000 0.945300
1.583627 0.000000 0.944000
1.542862 0.000000 0.919700
1.550747 0.000000 0.924400
1.589834 0.000000 0.947700
1.635632 0.000000 0.975000
1.566683 0.000000 0.933900
1.628754 0.000000 0.970900
1.570877 0.000000 0.936400
1.577755 0.000000 0.940500
1.618017 0.000000 0.964500
1.620198 0.000000 0.965800
1.657105 0.000000 0.987800
1.593189 0.000000 0.949700
1.587989 0.000000 0.946600
1.609126 0.000000 0.959200
1.605603 0.000000 0.957100
1.513169 0.000000 0.902000
1.559973 0.000000 0.929900
1.577252 0.000000 0.940200
1.574233 0.000000 0.938400
1.561147 0.000000 0.930600
1.583627 0.000000 0.944000
1.604764 0.000000 0.956600
1.600906 0.000000 0.954300
1.546049 0.000000 0.921600
1.592518 0.000000 0.949300
1.564503 0.000000 0.932600
1.595873 0.000000 0.951300
1.567019 0.000000 0.934100
1.577084 0.000000 0.940100
1.531287 0.000000 0.912800
1.619695 0.000000 0.965500
1.555611 0.000000 0.927300
1.485825 0.000000 0.885700
1.578091 0.000000 0.940700
1.530112 0.000000 0.912100
1.588156 0.000000 0.946700
1.588660 0.000000 0.947000
1.550075 0.000000 0.924000
1.601745 0.000000 0.954800
1.582620 0.000000 0.943400
1.568864 0.000000 0.935200
1.622882 0.000000 0.967400
1.549740 0.000000 0.923800
1.531958 0.000000 0.913200
1.618520 0.000000 0.964800
1.579097 0.000000 0.941300
1.599564 0.000000 0.953500
1.606777 0.000000 0.957800
1.607281 0.000000 0.958100
1.585640 0.000000 0.945200
1.601912 0.000000 0.954900
1.604932 0.000000 0.956700
1.585640 0.000000 0.945200
1.606442 0.000000 0.957600
1.586479 0.000000 0.945700
1.560476 0.000000 0.930200
1.543533 0.000000 0.920100
1.621876 0.000000 0.966800
1.554605 0.000000 0.926700
1.533132 0.000000 0.913900
1.536823 0.000000 0.916100
1.567354 0.000000 0.934300
1.611642 0.000000 0.960700
1.623889 0.000000 0.968000
1.557792 0.000000 0.928600
1.620198 0.000000 0.965800
1.615669 0.000000 0.963100
1.573897 0.000000 0.938200
1.550747 0.000000 0.924400
1.580775 0.000000 0.942300
1.536152 0.000000 0.915700
1.579601 0.000000 0.941600
1.588492 0.000000 0.946900
1.566516 0.000000 0.933800
1.606274 0.000000 0.957500
1.611810 0.000000 0.960800
1.595202 0.000000 0.950900
1.607784 0.000000 0.958400
1.539507 0.000000 0.917700
1.591008 0.000000 0.948400
1.501929 0.000000 0.895300
1.622043 0.000000 0.966900
1.590840 0.000000 0.948300
1.598054 0.000000 0.952600
1.637980 0.000000 0.976400
1.638819 0.000000 0.976900
1.593189 0.000000 0.949700
1.571716 0.000000 0.936900
1.600403 0.000000 0.954000
1.595538 0.000000 0.951100
1.601409 0.000000 0.954600
1.675222 0.000000 0.998600
1.591679 0.000000 0.948800
1.562490 0.000000 0.931400
1.596544 0.000000 0.951700
1.563999 0.000000 0.932300
1.600403 0.000000 0.954000
1.580104 0.000000 0.941900
1.573729 0.000000 0.938100
1.558296 0.000000 0.928900
1.579265 0.000000 0.941400
1.580607 0.000000 0.942200
1.590002 0.000000 0.947800
1.570374 0.000000 0.936100
1.617178 0.000000 0.964000
1.611978 0.000000 0.960900
1.568025 0.000000 0.934700
1.591176 0.000000 0.948500
1.579768 0.000000 0.941700
1.575239 0.000000 0.939000
1.648717 0.000000 0.982800
1.618353 0.000000 0.964700
1.640832 0.000000 0.978100
1.570206 0.000000 0.936000
1.608119 0.000000 0.958600
1.589498 0.000000 0.947500
1.558631 0.000000 0.929100
1.553598 0.000000 0.926100
1.545378 0.000000 0.921200
1.563999 0.000000 0.932300
1.581446 0.000000 0.942700
1.568193 0.000000 0.934800
1.608455 0.000000 0.958800
1.588324 0.000000 0.946800
1.590505 0.000000 0.948100
1.592350 0.000000 0.949200
1.574233 0.000000 0.938400
1.521054 0.000000 0.906700
1.563328 0.000000 0.931900
1.589331 0.000000 0.947400
1.584969 0.000000 0.944800
1.585976 0.000000 0.945400
1.570877 0.000000 0.936400
1.592518 0.000000 0.949300
1.623889 0.000000 0.968000
1.593021 0.000000 0.949600
1.582453 0.000000 0.943300
1.598725 0.000000 0.953000
1.528099 0.000000 0.910900
1.587150 0.000000 0.946100
1.572052 0.000000 0.937100
1.571884 0.000000 0.937000
1.618520 0.000000 0.964800
1.574904 0.000000 0.938800
1.552927 0.000000 0.925700
1.585304 0.000000 0.945000
1.572052 0.000000 0.937100
1.524912 0.000000 0.909000
1.534139 0.000000 0.914500
1.557960 0.000000 0.928700
1.573897 0.000000 0.938200
1.561818 0.000000 0.931000
1.525918 0.000000 0.909600
1.590505 0.000000 0.948100
1.572052 0.000000 0.937100
1.537661 0.000000 0.916600
1.577588 0.000000 0.940400
1.563832 0.000000 0.932200
1.600738 0.000000 0.954200
1.536152 0.000000 0.915700
1.638819 0.000000 0.976900
1.583124 0.000000 0.943700
1.565509 0.000000 0.933200
1.568025 0.000000 0.934700
1.546888 0.000000 0.922100
1.621204 0.000000 0.966400
1.394565 0.000000 0.831300
1.604764 0.000000 0.956600
1.493709 0.000000 0.890400
1.400604 0.000000 0.834900
1.481295 0.000000 0.883000
1.516021 0.000000 0.903700
1.537326 0.000000 0.916400
1.554773 0.000000 0.926800
1.576078 0.000000 0.939500
1.547224 0.000000 0.922300
1.471397 0.000000 0.877100
1.536152 0.000000 0.915700
1.521054 0.000000 0.906700
1.502936 0.000000 0.895900
1.466365 0.000000 0.874100
1.530112 0.000000 0.912100
1.535313 0.000000 0.915200
1.515685 0.000000 0.903500
1.531958 0.000000 0.913200
1.555947 0.000000 0.927500
1.539842 0.000000 0.917900
1.482637 0.000000 0.883800
1.554269 0.000000 0.926500
1.455796 0.000000 0.867800
1.468881 0.000000 0.875600
1.521054 0.000000 0.906700
1.581614 0.000000 0.942800
1.493709 0.000000 0.890400
1.522396 0.000000 0.907500
1.545043 0.000000 0.921000
1.516860 0.000000 0.904200
1.424761 0.000000 0.849300
1.508807 0.000000 0.899400
1.523067 0.000000 0.907900
1.555108 0.000000 0.927000
1.605100 0.000000 0.956800
1.641503 0.000000 0.978500
1.540513 0.000000 0.918300
1.494045 0.000000 0.890600
1.501929 0.000000 0.895300
1.516021 0.000000 0.903700
1.528099 0.000000 0.910900
1.571381 0.000000 0.936700
1.484147 0.000000 0.884700
1.533300 0.000000 0.914000
1.536319 0.000000 0.915800
1.532293 0.000000 0.913400
1.459654 0.000000 0.870100
1.425935 0.000000 0.850000
1.549069 0.000000 0.923400
1.576917 0.000000 0.940000
1.520382 0.000000 0.906300
1.567187 0.000000 0.934200
1.616507 0.000000 0.963600
1.503271 0.000000 0.896100
1.504446 0.000000 0.896800
1.413521 0.000000 0.842600
1.483476 0.000000 0.884300
1.519711 0.000000 0.905900
1.456467 0.000000 0.868200
1.445563 0.000000 0.861700
1.474417 0.000000 0.878900
1.493709 0.000000 0.890400
1.522731 0.000000 0.907700
1.589331 0.000000 0.947400
1.546217 0.000000 0.921700
1.482469 0.000000 0.883700
1.486328 0.000000 0.886000
1.348431 0.000000 0.803800
1.398926 0.000000 0.833900
1.501258 0.000000 0.894900
1.511491 0.000000 0.901000
1.471062 0.000000 0.876900
1.589666 0.000000 0.947600
1.444053 0.000000 0.860800
1.555779 0.000000 0.927400
1.486663 0.000000 0.886200
1.516860 0.000000 0.904200
1.477940 0.000000 0.881000
1.502768 0.000000 0.895800
1.534810 0.000000 0.914900
1.512330 0.000000 0.901500
1.511491 0.000000 0.901000
1.478946 0.000000 0.881600
1.480792 0.000000 0.882700
1.454789 0.000000 0.867200
1.458145 0.000000 0.869200
1.357155 0.000000 0.809000
1.508807 0.000000 0.899400
1.475088 0.000000 0.879300
1.447911 0.000000 0.863100
1.370408 0.000000 0.816900
1.514511 0.000000 0.902800
1.540681 0.000000 0.918400
1.433317 0.000000 0.854400
1.578930 0.000000 0.941200
1.450931 0.000000 0.864900
1.530783 0.000000 0.912500
1.571548 0.000000 0.936800
1.492199 0.000000 0.889500
1.513504 0.000000 0.902200
1.450763 0.000000 0.864800
1.523402 0.000000 0.908100
1.428452 0.000000 0.851500
1.490689 0.000000 0.888600
1.509814 0.000000 0.900000
1.439188 0.000000 0.857900
1.501929 0.000000 0.895300
1.472236 0.000000 0.877600
1.475424 0.000000 0.879500
1.385841 0.000000 0.826100
1.371246 0.000000 0.817400
1.560309 0.000000 0.930100
1.422412 0.000000 0.847900
1.542023 0.000000 0.919200
1.438517 0.000000 0.857500
1.480121 0.000000 0.882300
1.428619 0.000000 0.851600
1.411173 0.000000 0.841200
1.476933 0.000000 0.880400
1.451938 0.000000 0.865500
1.499245 0.000000 0.893700
1.403456 0.000000 0.836600
1.469217 0.000000 0.875800
1.442543 0.000000 0.859900
1.590337 0.000000 0.948000
1.379634 0.000000 0.822400
1.517363 0.000000 0.904500
1.463345 0.000000 0.872300
1.416541 0.000000 0.844400
1.526757 0.000000 0.910100
1.449421 0.000000 0.864000
1.443382 0.000000 0.860400
1.518705 0.000000 0.905300
1.525415 0.000000 0.909300
1.489012 0.000000 0.887600
1.452944 0.000000 0.866100
1.448415 0.000000 0.863400
1.518705 0.000000 0.905300
1.500587 0.000000 0.894500
1.496393 0.000000 0.892000
1.532461 0.000000 0.913500
1.518705 0.000000 0.905300
1.504110 0.000000 0.896600
1.411844 0.000000 0.841600
1.509814 0.000000 0.900000
1.507801 0.000000 0.898800
1.463513 0.000000 0.872400
1.447408 0.000000 0.862800
1.401107 0.000000 0.835200
1.452105 0.000000 0.865600
1.384331 0.000000 0.825200
1.514847 0.000000 0.903000
1.529777 0.000000 0.911900
1.499916 0.000000 0.894100
1.588660 0.000000 0.947000
1.486328 0.000000 0.886000
1.447744 0.000000 0.863000
1.473746 0.000000 0.878500
1.497064 0.000000 0.892400
1.457641 0.000000 0.868900
1.447744 0.000000 0.863000
1.499581 0.000000 0.893900
1.440027 0.000000 0.858400
1.494716 0.000000 0.891000
1.464519 0.000000 0.873000
1.466029 0.000000 0.873900
1.494045 0.000000 0.890600
1.406475 0.000000 0.838400
1.407817 0.000000 0.839200
1.505955 0.000000 0.897700
1.497064 0.000000 0.892400
1.447073 0.000000 0.862600
1.566348 0.000000 0.933700
1.519544 0.000000 0.905800
1.457641 0.000000 0.868900
1.527428 0.000000 0.910500
1.583962 0.000000 0.944200
1.439524 0.000000 0.858100
1.509311 0.000000 0.899700
1.445060 0.000000 0.861400
1.529274 0.000000 0.911600
1.324610 0.000000 0.789600
1.560980 0.000000 0.930500
1.468378 0.000000 0.875300
1.445731 0.000000 0.861800
1.452273 0.000000 0.865700
1.466029 0.000000 0.873900
1.479785 0.000000 0.882100
1.453783 0.000000 0.866600
1.491361 0.000000 0.889000
1.468713 0.000000 0.875500
1.520886 0.000000 0.906600
1.396074 0.000000 0.832200
1.448247 0.000000 0.863300
1.518034 0.000000 0.904900
1.498071 0.000000 0.893000
1.530112 0.000000 0.912100
1.460996 0.000000 0.870900
1.573561 0.000000 0.938000
1.540513 0.000000 0.918300
1.534139 0.000000 0.914500
1.463345 0.000000 0.872300
1.535816 0.000000 0.915500
1.437007 0.000000 0.856600
1.535648 0.000000 0.915400
1.411340 0.000000 0.841300
1.569703 0.000000 0.935700
1.575742 0.000000 0.939300
1.567858 0.000000 0.934600
1.548733 0.000000 0.923200
1.536319 0.000000 0.915800
1.403120 0.000000 0.836400
1.390706 0.000000 0.829000
1.467707 0.000000 0.874900
1.447911 0.000000 0.863100
1.520215 0.000000 0.906200
1.459319 0.000000 0.869900
1.480624 0.000000 0.882600
1.459822 0.000000 0.870200
1.506459 0.000000 0.898000
1.494380 0.000000 0.890800
1.451770 0.000000 0.865400
1.412515 0.000000 0.842000
1.385506 0.000000 0.825900
1.459654 0.000000 0.870100
1.399933 0.000000 0.834500
1.492367 0.000000 0.889600
1.447911 0.000000 0.863100
1.480960 0.000000 0.882800
1.484315 0.000000 0.884800
1.512330 0.000000 0.901500
1.412682 0.000000 0.842100
1.500755 0.000000 0.894600
1.389029 0.000000 0.828000
1.508807 0.000000 0.899400
1.418889 0.000000 0.845800
1.359671 0.000000 0.810500
1.429290 0.000000 0.852000
1.522060 0.000000 0.907300
1.436001 0.000000 0.856000
1.432310 0.000000 0.853800
1.519879 0.000000 0.906000
1.481966 0.000000 0.883400
1.483979 0.000000 0.884600
1.428116 0.000000 0.851300
1.459654 0.000000 0.870100
1.475759 0.000000 0.879700
1.488005 0.000000 0.887000
1.384164 0.000000 0.825100
1.499077 0.000000 0.893600
1.514343 0.000000 0.902700
1.533971 0.000000 0.914400
1.397417 0.000000 0.833000
1.558128 0.000000 0.928800
1.405469 0.000000 0.837800
1.465023 0.000000 0.873300
1.481798 0.000000 0.883300
1.505284 0.000000 0.897300
1.502936 0.000000 0.895900
1.496729 0.000000 0.892200
1.527428 0.000000 0.910500
1.557289 0.000000 0.928300
1.506459 0.000000 0.898000
1.412515 0.000000 0.842000
1.557289 0.000000 0.928300
1.551082 0.000000 0.924600
1.459151 0.000000 0.869800
1.446402 0.000000 0.862200
1.369401 0.000000 0.816300
1.471062 0.000000 0.876900
1.431471 0.000000 0.853300
1.545043 0.000000 0.921000
1.436336 0.000000 0.856200
1.442208 0.000000 0.859700
1.536319 0.000000 0.915800
1.485657 0.000000 0.885600
1.479114 0.000000 0.881700
1.522228 0.000000 0.907400
1.408824 0.000000 0.839800
1.526589 0.000000 0.910000
1.460325 0.000000 0.870500
1.527428 0.000000 0.910500
1.531958 0.000000 0.913200
1.439691 0.000000 0.858200
1.495051 0.000000 0.891200
1.437175 0.000000 0.856700
1.491528 0.000000 0.889100
1.455796 0.000000 0.867800
1.352290 0.000000 0.806100
1.475927 0.000000 0.879800
1.416038 0.000000 0.844100
1.462506 0.000000 0.871800
1.505788 0.000000 0.897600
1.565509 0.000000 0.933200
1.501929 0.000000 0.895300
1.475088 0.000000 0.879300
1.579601 0.000000 0.941600
1.571381 0.000000 0.936700
1.542359 0.000000 0.919400
1.447744 0.000000 0.863000
1.414024 0.000000 0.842900
1.515350 0.000000 0.903300
1.557289 0.000000 0.928300
1.441704 0.000000 0.859400
1.522228 0.000000 0.907400
1.466532 0.000000 0.874200
1.457138 0.000000 0.868600
1.442208 0.000000 0.859700
1.499413 0.000000 0.893800
1.495387 0.000000 0.891400
1.522396 0.000000 0.907500
1.464519 0.000000 0.873000
1.543030 0.000000 0.919800
1.484315 0.000000 0.884800
1.456803 0.000000 0.868400
1.480289 0.000000 0.882400
1.376447 0.000000 0.820500
1.453615 0.000000 0.866500
1.449086 0.000000 0.863800
1.483140 0.000000 0.884100
1.445395 0.000000 0.861600
1.466365 0.000000 0.874100
1.557457 0.000000 0.928400
1.429961 0.000000 0.852400
1.494883 0.000000 0.891100
1.480792 0.000000 0.882700
1.509814 0.000000 0.900000
1.473243 0.000000 0.878200
1.606610 0.000000 0.957700
1.381480 0.000000 0.823500
1.527261 0.000000 0.910400
1.440195 0.000000 0.858500
1.491361 0.000000 0.889000
1.510820 0.000000 0.900600
1.547895 0.000000 0.922700
1.519376 0.000000 0.905700
1.466868 0.000000 0.874400
1.427781 0.000000 0.851100
1.430129 0.000000 0.852500
1.466868 0.000000 0.874400
1.491864 0.000000 0.889300
1.410166 0.000000 0.840600
1.438014 0.000000 0.857200
1.526422 0.000000 0.909900
1.416038 0.000000 0.844100
1.541017 0.000000 0.918600
1.449925 0.000000 0.864300
1.544540 0.000000 0.920700
1.531454 0.000000 0.912900
1.543533 0.000000 0.920100
1.428955 0.000000 0.851800
1.515014 0.000000 0.903100
1.542191 0.000000 0.919300
1.560309 0.000000 0.930100
1.466197 0.000000 0.874000
1.399765 0.000000 0.834400
1.596041 0.000000 0.951400
1.472572 0.000000 0.877800
1.543030 0.000000 0.919800
1.527261 0.000000 0.910400
1.494716 0.000000 0.891000
1.534474 0.000000 0.914700
1.484147 0.000000 0.884700
1.496058 0.000000 0.891800
1.506626 0.000000 0.898100
1.482469 0.000000 0.883700
1.423251 0.000000 0.848400
1.565509 0.000000 0.933200
1.505788 0.000000 0.897600
1.460493 0.000000 0.870600
1.437175 0.000000 0.856700
1.518369 0.000000 0.905100
1.439524 0.000000 0.858100
1.434491 0.000000 0.855100
1.454789 0.000000 0.867200
1.483811 0.000000 0.884500
1.410502 0.000000 0.840800
1.481463 0.000000 0.883100
1.410669 0.000000 0.840900
1.439859 0.000000 0.858300
1.451099 0.000000 0.865000
1.504278 0.000000 0.896700
1.444389 0.000000 0.861000
1.439859 0.000000 0.858300
1.456132 0.000000 0.868000
1.544372 0.000000 0.920600
1.460325 0.000000 0.870500
1.431471 0.000000 0.853300
1.461835 0.000000 0.871400
1.526757 0.000000 0.910100
1.485489 0.000000 0.885500
1.500252 0.000000 0.894300
1.511995 0.000000 0.901300
1.399430 0.000000 0.834200
1.548733 0.000000 0.923200
1.524744 0.000000 0.908900
1.475759 0.000000 0.879700
1.452105 0.000000 0.865600
1.474585 0.000000 0.879000
1.516860 0.000000 0.904200
1.490522 0.000000 0.888500
1.409327 0.000000 0.840100
1.430800 0.000000 0.852900
1.383996 0.000000 0.825000
1.553263 0.000000 0.925900
1.505955 0.000000 0.897700
1.511659 0.000000 0.901100
1.446066 0.000000 0.862000
1.394732 0.000000 0.831400
1.528267 0.000000 0.911000
1.598557 0.000000 0.952900
1.529609 0.000000 0.911800
1.430129 0.000000 0.852500
1.462674 0.000000 0.871900
1.532461 0.000000 0.913500
1.451099 0.000000 0.865000
1.505452 0.000000 0.897400
1.475927 0.000000 0.879800
1.530616 0.000000 0.912400
1.509646 0.000000 0.899900
1.449253 0.000000 0.863900
1.491361 0.000000 0.889000
1.565677 0.000000 0.933300
1.456299 0.000000 0.868100
1.471565 0.000000 0.877200
1.507633 0.000000 0.898700
1.466365 0.000000 0.874100
1.500419 0.000000 0.894400
1.503775 0.000000 0.896400
1.466532 0.000000 0.874200
1.473578 0.000000 0.878400
1.511827 0.000000 0.901200
1.492535 0.000000 0.889700
1.527261 0.000000 0.910400
1.499245 0.000000 0.893700
1.523905 0.000000 0.908400
1.479282 0.000000 0.881800
1.498239 0.000000 0.893100
1.549740 0.000000 0.923800
1.531790 0.000000 0.913100
1.525583 0.000000 0.909400
1.498742 0.000000 0.893400
1.542359 0.000000 0.919400
1.501929 0.000000 0.895300
1.503775 0.000000 0.896400
1.558128 0.000000 0.928800
1.490689 0.000000 0.888600
1.448079 0.000000 0.863200
1.483140 0.000000 0.884100
1.571884 0.000000 0.937000
1.513337 0.000000 0.902100
1.430968 0.000000 0.853000
1.421406 0.000000 0.847300
1.475591 0.000000 0.879600
1.559470 0.000000 0.929600
1.489012 0.000000 0.887600
1.537494 0.000000 0.916500
1.453112 0.000000 0.866200
1.417547 0.000000 0.845000
1.408153 0.000000 0.839400
1.506291 0.000000 0.897900
1.465861 0.000000 0.873800
1.527093 0.000000 0.910300
1.448247 0.000000 0.863300
1.467875 0.000000 0.875000
1.498742 0.000000 0.893400
1.527093 0.000000 0.910300
1.440027 0.000000 0.858400
1.476933 0.000000 0.880400
1.458480 0.000000 0.869400
1.555276 0.000000 0.927100
1.485321 0.000000 0.885400
1.378628 0.000000 0.821800
1.440027 0.000000 0.858400
1.494045 0.000000 0.890600
1.588660 0.000000 0.947000
1.453280 0.000000 0.866300
1.447911 0.000000 0.863100
1.475088 0.000000 0.879300
1.500923 0.000000 0.894700
1.475424 0.000000 0.879500
1.477772 0.000000 0.880900
1.398255 0.000000 0.833500
1.431639 0.000000 0.853400
1.445060 0.000000 0.861400
1.489347 0.000000 0.887800
1.478108 0.000000 0.881100
1.461668 0.000000 0.871300
1.469217 0.000000 0.875800
1.514847 0.000000 0.903000
1.455293 0.000000 0.867500
1.544875 0.000000 0.920900
1.412515 0.000000 0.842000
1.479282 0.000000 0.881800
1.427445 0.000000 0.850900
1.548398 0.000000 0.923000
1.514343 0.000000 0.902700
1.469888 0.000000 0.876200
1.589163 0.000000 0.947300
1.516021 0.000000 0.903700
1.481798 0.000000 0.883300
1.437510 0.000000 0.856900
1.506794 0.000000 0.898200
1.561315 0.000000 0.930700
1.399933 0.000000 0.834500
1.478611 0.000000 0.881400
1.482637 0.000000 0.883800
1.567187 0.000000 0.934200
1.505955 0.000000 0.897700
1.545714 0.000000 0.921400
1.319074 0.000000 0.786300
1.479953 0.000000 0.882200
1.497400 0.000000 0.892600
1.457977 0.000000 0.869100
1.470559 0.000000 0.876600
1.583291 0.000000 0.943800
1.561147 0.000000 0.930600
1.561147 0.000000 0.930600
1.482134 0.000000 0.883500
1.555444 0.000000 0.927200
1.366046 0.000000 0.814300
1.542526 0.000000 0.919500
1.450260 0.000000 0.864500
1.526086 0.000000 0.909700
1.516021 0.000000 0.903700
1.459654 0.000000 0.870100
1.439524 0.000000 0.858100
1.535984 0.000000 0.915600
1.504949 0.000000 0.897100
1.526589 0.000000 0.910000
1.452105 0.000000 0.865600
1.391210 0.000000 0.829300
1.550075 0.000000 0.924000
1.517698 0.000000 0.904700
1.556115 0.000000 0.927600
1.478443 0.000000 0.881300
1.488341 0.000000 0.887200
1.457474 0.000000 0.868800
1.515182 0.000000 0.903200
1.415870 0.000000 0.844000
1.511827 0.000000 0.901200
1.583627 0.000000 0.944000
1.519208 0.000000 0.905600
1.455460 0.000000 0.867600
1.455293 0.000000 0.867500
1.456299 0.000000 0.868100
1.504781 0.000000 0.897000
1.485825 0.000000 0.885700
1.467539 0.000000 0.874800
1.508472 0.000000 0.899200
1.539842 0.000000 0.917900
1.515182 0.000000 0.903200
1.414863 0.000000 0.843400
1.492032 0.000000 0.889400
1.460996 0.000000 0.870900
1.535648 0.000000 0.915400
1.475256 0.000000 0.879400
1.484315 0.000000 0.884800
1.545043 0.000000 0.921000
1.528435 0.000000 0.911100
1.466365 0.000000 0.874100
1.462339 0.000000 0.871700
1.512833 0.000000 0.901800
1.471230 0.000000 0.877000
1.431136 0.000000 0.853100
1.549404 0.000000 0.923600
1.471733 0.000000 0.877300
1.475591 0.000000 0.879600
1.416541 0.000000 0.844400
1.460158 0.000000 0.870400
1.419560 0.000000 0.846200
1.459487 0.000000 0.870000
1.513169 0.000000 0.902000
1.532293 0.000000 0.913400
1.511827 0.000000 0.901200
1.580775 0.000000 0.942300
1.575071 0.000000 0.938900
1.467036 0.000000 0.874500
1.528267 0.000000 0.911000
1.559973 0.000000 0.929900
1.357994 0.000000 0.809500
1.538500 0.000000 0.917100
1.404295 0.000000 0.837100
1.486999 0.000000 0.886400
1.491696 0.000000 0.889200
1.548733 0.000000 0.923200
1.534977 0.000000 0.915000
1.434323 0.000000 0.855000
1.545211 0.000000 0.921100
1.499077 0.000000 0.893600
1.502432 0.000000 0.895600
1.512666 0.000000 0.901700
1.468210 0.000000 0.875200
1.459990 0.000000 0.870300
1.410837 0.000000 0.841000
1.536655 0.000000 0.916000
1.608623 0.000000 0.958900
1.486328 0.000000 0.886000
1.455460 0.000000 0.867600
1.473075 0.000000 0.878100
1.552927 0.000000 0.925700
1.416205 0.000000 0.844200
1.484147 0.000000 0.884700
1.536990 0.000000 0.916200
1.496393 0.000000 0.892000
1.457306 0.000000 0.868700
1.516021 0.000000 0.903700
1.517698 0.000000 0.904700
1.350780 0.000000 0.805200
1.534977 0.000000 0.915000
1.476430 0.000000 0.880100
1.569871 0.000000 0.935800
1.546217 0.000000 0.921700
1.399765 0.000000 0.834400
1.396913 0.000000 0.832700
1.393390 0.000000 0.830600
1.442375 0.000000 0.859800
1.521221 0.000000 0.906800
1.528770 0.000000 0.911300
1.541184 0.000000 0.918700
1.422748 0.000000 0.848100
1.436168 0.000000 0.856100
1.518034 0.000000 0.904900
1.461668 0.000000 0.871300
1.461164 0.000000 0.871000
1.495051 0.000000 0.891200
1.395403 0.000000 0.831800
1.469552 0.000000 0.876000
1.517027 0.000000 0.904300
1.446737 0.000000 0.862400
1.540849 0.000000 0.918500
1.534474 0.000000 0.914700
1.454789 0.000000 0.867200
1.437343 0.000000 0.856800
1.442543 0.000000 0.859900
1.472404 0.000000 0.877700
1.503775 0.000000 0.896400
1.470559 0.000000 0.876600
1.464016 0.000000 0.872700
1.406140 0.000000 0.838200
1.506123 0.000000 0.897800
1.499077 0.000000 0.893600
1.399597 0.000000 0.834300
1.530112 0.000000 0.912100
1.492870 0.000000 0.889900
1.493206 0.000000 0.890100
1.505955 0.000000 0.897700
1.428284 0.000000 0.851400
1.456970 0.000000 0.868500
1.431639 0.000000 0.853400
1.455628 0.000000 0.867700
1.440866 0.000000 0.858900
1.555947 0.000000 0.927500
1.453447 0.000000 0.866400
1.419057 0.000000 0.845900
1.513504 0.000000 0.902200
1.446737 0.000000 0.862400
1.468042 0.000000 0.875100
1.504949 0.000000 0.897100
1.611810 0.000000 0.960800
1.491864 0.000000 0.889300
1.414192 0.000000 0.843000
1.536487 0.000000 0.915900
1.497568 0.000000 0.892700
1.490186 0.000000 0.888300
1.454789 0.000000 0.867200
1.440866 0.000000 0.858900
1.446569 0.000000 0.862300
1.392048 0.000000 0.829800
1.510317 0.000000 0.900300
1.449589 0.000000 0.864100
1.449086 0.000000 0.863800
1.520047 0.000000 0.906100
1.540010 0.000000 0.918000
1.460158 0.000000 0.870400
1.486831 0.000000 0.886300
1.418554 0.000000 0.845600
1.385841 0.000000 0.826100
1.527932 0.000000 0.910800
1.412179 0.000000 0.841800
1.386512 0.000000 0.826500
1.544875 0.000000 0.920900
1.470223 0.000000 0.876400
1.454118 0.000000 0.866800
1.498239 0.000000 0.893100
1.544372 0.000000 0.920600
1.515014 0.000000 0.903100
1.476766 0.000000 0.880300
1.473243 0.000000 0.878200
1.443717 0.000000 0.860600
1.544372 0.000000 0.920600
1.475088 0.000000 0.879300
1.527093 0.000000 0.910300
1.474585 0.000000 0.879000
1.511324 0.000000 0.900900
1.427445 0.000000 0.850900
1.493877 0.000000 0.890500
1.453280 0.000000 0.866300
1.469552 0.000000 0.876000
1.580272 0.000000 0.942000
1.482637 0.000000 0.883800
1.474082 0.000000 0.878700
1.454789 0.000000 0.867200
1.422412 0.000000 0.847900
1.468713 0.000000 0.875500
1.469888 0.000000 0.876200
1.487502 0.000000 0.886700
1.450428 0.000000 0.864600
1.444389 0.000000 0.861000
1.484986 0.000000 0.885200
1.435497 0.000000 0.855700
1.513504 0.000000 0.902200
1.456132 0.000000 0.868000
1.478108 0.000000 0.881100
1.446066 0.000000 0.862000
1.525415 0.000000 0.909300
1.460661 0.000000 0.870700
1.499748 0.000000 0.894000
1.417380 0.000000 0.844900
1.487502 0.000000 0.886700
1.426103 0.000000 0.850100
1.478611 0.000000 0.881400
1.476598 0.000000 0.880200
1.397584 0.000000 0.833100
1.431807 0.000000 0.853500
1.387351 0.000000 0.827000
1.539171 0.000000 0.917500
1.527764 0.000000 0.910700
1.443717 0.000000 0.860600
1.518034 0.000000 0.904900
1.537326 0.000000 0.916400
1.484650 0.000000 0.885000
1.467875 0.000000 0.875000
1.465526 0.000000 0.873600
1.420232 0.000000 0.846600
1.418386 0.000000 0.845500
1.474753 0.000000 0.879100
1.450763 0.000000 0.864800
1.424258 0.000000 0.849000
1.470223 0.000000 0.876400
1.537997 0.000000 0.916800
1.400772 0.000000 0.835000
1.404462 0.000000 0.837200
1.485992 0.000000 0.885800
1.407650 0.000000 0.839100
1.455293 0.000000 0.867500
1.476262 0.000000 0.880000
1.441537 0.000000 0.859300
1.494045 0.000000 0.890600
1.514175 0.000000 0.902600
1.475759 0.000000 0.879700
1.520382 0.000000 0.906300
1.443885 0.000000 0.860700
1.483140 0.000000 0.884100
1.527093 0.000000 0.910300
1.451770 0.000000 0.865400
1.415367 0.000000 0.843700
1.513504 0.000000 0.902200
1.457977 0.000000 0.869100
1.452609 0.000000 0.865900
1.417715 0.000000 0.845100
1.422077 0.000000 0.847700
1.461500 0.000000 0.871200
1.509143 0.000000 0.899600
1.468546 0.000000 0.875400
1.520382 0.000000 0.906300
1.474082 0.000000 0.878700
1.433988 0.000000 0.854800
1.514343 0.000000 0.902700
1.489012 0.000000 0.887600
1.487838 0.000000 0.886900
1.508136 0.000000 0.899000
1.498071 0.000000 0.893000
1.504949 0.000000 0.897100
1.392887 0.000000 0.830300
1.515518 0.000000 0.903400
1.420232 0.000000 0.846600
1.450260 0.000000 0.864500
1.455796 0.000000 0.867800
1.437175 0.000000 0.856700
1.452776 0.000000 0.866000
1.535648 0.000000 0.915400
1.450596 0.000000 0.864700
1.444556 0.000000 0.861100
1.494716 0.000000 0.891000
1.459990 0.000000 0.870300
1.436839 0.000000 0.856500
1.486831 0.000000 0.886300
1.470223 0.000000 0.876400
1.470055 0.000000 0.876300
1.442879 0.000000 0.860100
1.485992 0.000000 0.885800
1.530280 0.000000 0.912200
1.538668 0.000000 0.917200
1.488509 0.000000 0.887300
1.522563 0.000000 0.907600
1.481463 0.000000 0.883100
1.470894 0.000000 0.876800
1.539507 0.000000 0.917700
1.496058 0.000000 0.891800
1.514847 0.000000 0.903000
1.430297 0.000000 0.852600
1.529441 0.000000 0.911700
1.477269 0.000000 0.880600
1.451099 0.000000 0.865000
1.422077 0.000000 0.847700
1.508639 0.000000 0.899300
1.452776 0.000000 0.866000
1.457474 0.000000 0.868800
1.405637 0.000000 0.837900
1.497232 0.000000 0.892500
1.445731 0.000000 0.861800
1.572890 0.000000 0.937600
1.444389 0.000000 0.861000
1.418218 0.000000 0.845400
1.360510 0.000000 0.811000
1.435497 0.000000 0.855700
1.494045 0.000000 0.890600
1.388358 0.000000 0.827600
1.458145 0.000000 0.869200
1.458145 0.000000 0.869200
1.449925 0.000000 0.864300
1.422245 0.000000 0.847800
1.464687 0.000000 0.873100
1.529441 0.000000 0.911700
1.445898 0.000000 0.861900
1.501929 0.000000 0.895300
1.543533 0.000000 0.920100
1.597886 0.000000 0.952500
1.443214 0.000000 0.860300
1.502432 0.000000 0.895600
1.486496 0.000000 0.886100
1.455125 0.000000 0.867400
1.378628 0.000000 0.821800
1.473578 0.000000 0.878400
1.494716 0.000000 0.891000
1.457474 0.000000 0.868800
1.537997 0.000000 0.916800
1.453280 0.000000 0.866300
1.507633 0.000000 0.898700
1.491528 0.000000 0.889100
1.526925 0.000000 0.910200
1.448415 0.000000 0.863400
1.468378 0.000000 0.875300
1.459990 0.000000 0.870300
1.374602 0.000000 0.819400
1.420903 0.000000 0.847000
1.542862 0.000000 0.919700
1.443214 0.000000 0.860300
1.435833 0.000000 0.855900
1.437678 0.000000 0.857000
1.516524 0.000000 0.904000
1.526925 0.000000 0.910200
1.485992 0.000000 0.885800
1.517027 0.000000 0.904300
1.455964 0.000000 0.867900
1.489515 0.000000 0.887900
1.532125 0.000000 0.913300
1.391210 0.000000 0.829300
1.513169 0.000000 0.902000
1.512833 0.000000 0.901800
1.543533 0.000000 0.920100
1.458145 0.000000 0.869200
1.507297 0.000000 0.898500
1.468713 0.000000 0.875500
1.503439 0.000000 0.896200
1.493374 0.000000 0.890200
1.515518 0.000000 0.903400
1.560812 0.000000 0.930400
1.406475 0.000000 0.838400
1.465358 0.000000 0.873500
1.466029 0.000000 0.873900
1.491696 0.000000 0.889200
1.447911 0.000000 0.863100
1.504278 0.000000 0.896700
1.454286 0.000000 0.866900
1.476933 0.000000 0.880400
1.553766 0.000000 0.926200
1.487838 0.000000 0.886900
1.575407 0.000000 0.939100
1.508304 0.000000 0.899100
1.464184 0.000000 0.872800
1.539004 0.000000 0.917400
1.510485 0.000000 0.900400
1.560812 0.000000 0.930400
1.440530 0.000000 0.858700
1.470559 0.000000 0.876600
1.503942 0.000000 0.896500
1.488173 0.000000 0.887100
1.455796 0.000000 0.867800
1.475927 0.000000 0.879800
1.526086 0.000000 0.909700
1.507968 0.000000 0.898900
1.476262 0.000000 0.880000
1.468881 0.000000 0.875600
1.521557 0.000000 0.907000
1.420735 0.000000 0.846900
1.525247 0.000000 0.909200
1.479450 0.000000 0.881900
1.403120 0.000000 0.836400
1.390874 0.000000 0.829100
1.442711 0.000000 0.860000
1.469888 0.000000 0.876200
1.427445 0.000000 0.850900
1.469552 0.000000 0.876000
1.438685 0.000000 0.857600
1.462842 0.000000 0.872000
1.476933 0.000000 0.880400
1.450260 0.000000 0.864500
1.471062 0.000000 0.876900
1.477604 0.000000 0.880800
1.518369 0.000000 0.905100
1.446905 0.000000 0.862500
1.416541 0.000000 0.844400
1.536990 0.000000 0.916200
1.548398 0.000000 0.923000
1.443214 0.000000 0.860300
1.456132 0.000000 0.868000
1.506962 0.000000 0.898300
1.517866 0.000000 0.904800
1.433317 0.000000 0.854400
1.409998 0.000000 0.840500
1.462339 0.000000 0.871700
1.535816 0.000000 0.915500
1.455293 0.000000 0.867500
1.485321 0.000000 0.885400
1.541352 0.000000 0.918800
1.495051 0.000000 0.891200
1.486328 0.000000 0.886000
1.528267 0.000000 0.911000
1.483979 0.000000 0.884600
1.496729 0.000000 0.892200
1.467036 0.000000 0.874500
1.425600 0.000000 0.849800
1.362020 0.000000 0.811900
1.486831 0.000000 0.886300
1.480121 0.000000 0.882300
1.484986 0.000000 0.885200
1.388693 0.000000 0.827800
1.467539 0.000000 0.874800
1.368730 0.000000 0.815900
1.422748 0.000000 0.848100
1.463177 0.000000 0.872200
1.459822 0.000000 0.870200
1.555108 0.000000 0.927000
1.484147 0.000000 0.884700
1.427110 0.000000 0.850700
1.465526 0.000000 0.873600
1.417212 0.000000 0.844800
1.458983 0.000000 0.869700
1.481966 0.000000 0.883400
1.442543 0.000000 0.859900
1.440530 0.000000 0.858700
1.469552 0.000000 0.876000
1.519040 0.000000 0.905500
1.513840 0.000000 0.902400
1.494380 0.000000 0.890800
1.483308 0.000000 0.884200
1.399933 0.000000 0.834500
1.489012 0.000000 0.887600
1.533635 0.000000 0.914200
1.515853 0.000000 0.903600
1.551585 0.000000 0.924900
1.523402 0.000000 0.908100
1.497568 0.000000 0.892700
1.481295 0.000000 0.883000
1.339876 0.000000 0.798700
1.430297 0.000000 0.852600
1.573394 0.000000 0.937900
1.487838 0.000000 0.886900
1.465526 0.000000 0.873600
1.416205 0.000000 0.844200
1.505117 0.000000 0.897200
1.466868 0.000000 0.874400
1.405469 0.000000 0.837800
1.471733 0.000000 0.877300
1.470391 0.000000 0.876500
1.423419 0.000000 0.848500
1.500419 0.000000 0.894400
1.511827 0.000000 0.901200
1.433317 0.000000 0.854400
1.598893 0.000000 0.953100
1.506459 0.000000 0.898000
1.434659 0.000000 0.855200
1.376447 0.000000 0.820500
1.429626 0.000000 0.852200
1.544204 0.000000 0.920500
1.430632 0.000000 0.852800
1.441537 0.000000 0.859300
1.542526 0.000000 0.919500
1.416876 0.000000 0.844600
1.423922 0.000000 0.848800
1.498742 0.000000 0.893400
1.364368 0.000000 0.813300
1.356987 0.000000 0.808900
1.552760 0.000000 0.925600
1.565006 0.000000 0.932900
1.488005 0.000000 0.887000
1.524409 0.000000 0.908700
1.482469 0.000000 0.883700
1.533300 0.000000 0.914000
1.455125 0.000000 0.867400
1.452273 0.000000 0.865700
1.510653 0.000000 0.900500
1.455460 0.000000 0.867600
1.539675 0.000000 0.917800
1.475927 0.000000 0.879800
1.441872 0.000000 0.859500
1.442040 0.000000 0.859600
1.531119 0.000000 0.912700
1.383828 0.000000 0.824900
1.523570 0.000000 0.908200
1.553095 0.000000 0.925800
1.470894 0.000000 0.876800
1.380976 0.000000 0.823200
1.551250 0.000000 0.924700
1.413689 0.000000 0.842700
1.441201 0.000000 0.859100
1.472739 0.000000 0.877900
1.528099 0.000000 0.910900
1.474417 0.000000 0.878900
1.499748 0.000000 0.894000
1.418722 0.000000 0.845700
1.409160 0.000000 0.840000
1.514343 0.000000 0.902700
1.415534 0.000000 0.843800
1.478275 0.000000 0.881200
1.417715 0.000000 0.845100
1.498742 0.000000 0.893400
1.506794 0.000000 0.898200
1.534474 0.000000 0.914700
1.436672 0.000000 0.856400
1.519208 0.000000 0.905600
1.452609 0.000000 0.865900
1.415199 0.000000 0.843600
1.413018 0.000000 0.842300
1.481966 0.000000 0.883400
1.434659 0.000000 0.855200
1.477269 0.000000 0.880600
1.500252 0.000000 0.894300
1.509646 0.000000 0.899900
1.444892 0.000000 0.861300
1.383325 0.000000 0.824600
1.444053 0.000000 0.860800
1.411676 0.000000 0.841500
1.491696 0.000000 0.889200
1.471565 0.000000 0.877200
1.520550 0.000000 0.906400
1.433484 0.000000 0.854500
1.392048 0.000000 0.829800
1.550914 0.000000 0.924500
1.415702 0.000000 0.843900
1.453615 0.000000 0.866500
1.526757 0.000000 0.910100
1.421406 0.000000 0.847300
1.503775 0.000000 0.896400
1.490689 0.000000 0.888600
1.534139 0.000000 0.914500
1.465358 0.000000 0.873500
1.459654 0.000000 0.870100
1.538836 0.000000 0.917300
1.495722 0.000000 0.891600
1.484986 0.000000 0.885200
1.510485 0.000000 0.900400
1.452273 0.000000 0.865700
1.465023 0.000000 0.873300
1.534474 0.000000 0.914700
1.484818 0.000000 0.885100
1.510988 0.000000 0.900700
1.463345 0.000000 0.872300
1.457474 0.000000 0.868800
1.490186 0.000000 0.888300
1.407314 0.000000 0.838900
1.463345 0.000000 0.872300
1.513672 0.000000 0.902300
1.498071 0.000000 0.893000
1.541688 0.000000 0.919000
1.356652 0.000000 0.808700
1.527596 0.000000 0.910600
1.380976 0.000000 0.823200
1.528267 0.000000 0.911000
1.542191 0.000000 0.919300
1.473914 0.000000 0.878600
1.447240 0.000000 0.862700
1.426103 0.000000 0.850100
1.425600 0.000000 0.849800
1.483308 0.000000 0.884200
1.465190 0.000000 0.873400
1.469217 0.000000 0.875800
1.412011 0.000000 0.841700
1.537661 0.000000 0.916600
1.452776 0.000000 0.866000
1.590505 0.000000 0.948100
1.472236 0.000000 0.877600
1.505955 0.000000 0.897700
1.543030 0.000000 0.919800
1.530112 0.000000 0.912100
1.570374 0.000000 0.936100
1.467036 0.000000 0.874500
1.500419 0.000000 0.894400
1.426606 0.000000 0.850400
1.445227 0.000000 0.861500
1.413857 0.000000 0.842800
1.501929 0.000000 0.895300
1.485657 0.000000 0.885600
1.492870 0.000000 0.889900
1.453783 0.000000 0.866600
1.433149 0.000000 0.854300
1.557121 0.000000 0.928200
1.513672 0.000000 0.902300
1.379299 0.000000 0.822200
1.500084 0.000000 0.894200
1.513169 0.000000 0.902000
1.427445 0.000000 0.850900
1.582620 0.000000 0.943400
1.430129 0.000000 0.852500
1.456803 0.000000 0.868400
1.450260 0.000000 0.864500
1.530951 0.000000 0.912600
1.502768 0.000000 0.895800
1.459990 0.000000 0.870300
1.424929 0.000000 0.849400
1.468210 0.000000 0.875200
1.512162 0.000000 0.901400
1.592015 0.000000 0.949000
1.488509 0.000000 0.887300
1.477940 0.000000 0.881000
1.490018 0.000000 0.888200
1.521054 0.000000 0.906700
1.568361 0.000000 0.934900
1.364536 0.000000 0.813400
1.552592 0.000000 0.925500
1.454118 0.000000 0.866800
1.485321 0.000000 0.885400
1.452944 0.000000 0.866100
1.470559 0.000000 0.876600
1.460493 0.000000 0.870600
1.339876 0.000000 0.798700
1.439356 0.000000 0.858000
1.467539 0.000000 0.874800
1.450763 0.000000 0.864800
1.402449 0.000000 0.836000
1.438685 0.000000 0.857600
1.468042 0.000000 0.875100
1.495387 0.000000 0.891400
1.500755 0.000000 0.894600
1.485489 0.000000 0.885500
1.399430 0.000000 0.834200
1.477940 0.000000 0.881000
1.407650 0.000000 0.839100
1.403456 0.000000 0.836600
1.403959 0.000000 0.836900
1.462506 0.000000 0.871800
1.393055 0.000000 0.830400
1.499077 0.000000 0.893600
1.490522 0.000000 0.888500
1.382151 0.000000 0.823900
1.413689 0.000000 0.842700
1.489012 0.000000 0.887600
1.422245 0.000000 0.847800
1.482637 0.000000 0.883800
1.472068 0.000000 0.877500
1.456970 0.000000 0.868500
1.480792 0.000000 0.882700
1.421406 0.000000 0.847300
1.438014 0.000000 0.857200
1.461332 0.000000 0.871100
1.463681 0.000000 0.872500
1.516189 0.000000 0.903800
1.544204 0.000000 0.920500
1.488509 0.000000 0.887300
1.482637 0.000000 0.883800
1.389532 0.000000 0.828300
1.531119 0.000000 0.912700
1.397417 0.000000 0.833000
1.470391 0.000000 0.876500
1.432478 0.000000 0.853900
1.464016 0.000000 0.872700
1.489515 0.000000 0.887900
1.490857 0.000000 0.888700
1.384499 0.000000 0.825300
1.464687 0.000000 0.873100
1.481966 0.000000 0.883400
1.426103 0.000000 0.850100
1.543197 0.000000 0.919900
1.514679 0.000000 0.902900
1.483979 0.000000 0.884600
1.471901 0.000000 0.877400
1.453112 0.000000 0.866200
1.538500 0.000000 0.917100
1.547391 0.000000 0.922400
1.475424 0.000000 0.879500
1.492870 0.000000 0.889900
1.445227 0.000000 0.861500
1.446905 0.000000 0.862500
1.436672 0.000000 0.856400
1.473243 0.000000 0.878200
1.525247 0.000000 0.909200
1.528435 0.000000 0.911100
1.436839 0.000000 0.856500
1.415199 0.000000 0.843600
1.414528 0.000000 0.843200
1.475759 0.000000 0.879700
1.365375 0.000000 0.813900
1.477437 0.000000 0.880700
1.459990 0.000000 0.870300
1.390706 0.000000 0.829000
1.408992 0.000000 0.839900
1.585640 0.000000 0.945200
1.423754 0.000000 0.848700
1.511827 0.000000 0.901200
1.422580 0.000000 0.848000
1.511659 0.000000 0.901100
1.494716 0.000000 0.891000
1.527764 0.000000 0.910700
1.400939 0.000000 0.835100
1.473411 0.000000 0.878300
1.387687 0.000000 0.827200
1.493877 0.000000 0.890500
1.395403 0.000000 0.831800
1.475088 0.000000 0.879300
1.412347 0.000000 0.841900
1.446569 0.000000 0.862300
1.465694 0.000000 0.873700
1.468378 0.000000 0.875300
1.471397 0.000000 0.877100
1.476598 0.000000 0.880200
1.490522 0.000000 0.888500
1.471901 0.000000 0.877400
1.625734 0.000000 0.969100
1.438014 0.000000 0.857200
1.484818 0.000000 0.885100
1.518202 0.000000 0.905000
1.450931 0.000000 0.864900
1.521557 0.000000 0.907000
1.520382 0.000000 0.906300
1.351283 0.000000 0.805500
1.534977 0.000000 0.915000
1.434994 0.000000 0.855400
1.454789 0.000000 0.867200
1.440362 0.000000 0.858600
1.487670 0.000000 0.886800
1.436504 0.000000 0.856300
1.458312 0.000000 0.869300
1.369233 0.000000 0.816200
1.426606 0.000000 0.850400
1.580775 0.000000 0.942300
1.439859 0.000000 0.858300
1.537326 0.000000 0.916400
1.493038 0.000000 0.890000
1.468210 0.000000 0.875200
1.508472 0.000000 0.899200
1.501258 0.000000 0.894900
1.494716 0.000000 0.891000
1.459319 0.000000 0.869900
1.440698 0.000000 0.858800
1.418889 0.000000 0.845800
1.470055 0.000000 0.876300
1.477940 0.000000 0.881000
1.483811 0.000000 0.884500
1.486160 0.000000 0.885900
1.498742 0.000000 0.893400
1.460493 0.000000 0.870600
1.472236 0.000000 0.877600
1.452944 0.000000 0.866100
1.400939 0.000000 0.835100
1.386177 0.000000 0.826300
1.458983 0.000000 0.869700
1.433820 0.000000 0.854700
1.540681 0.000000 0.918400
1.597886 0.000000 0.952500
1.536990 0.000000 0.916200
1.474753 0.000000 0.879100
1.521725 0.000000 0.907100
1.388022 0.000000 0.827400
1.498910 0.000000 0.893500
1.453112 0.000000 0.866200
1.482973 0.000000 0.884000
1.469552 0.000000 0.876000
1.446569 0.000000 0.862300
1.472068 0.000000 0.877500
1.429794 0.000000 0.852300
1.432142 0.000000 0.853700
1.489683 0.000000 0.888000
1.444556 0.000000 0.861100
1.495387 0.000000 0.891400
1.323939 0.000000 0.789200
1.546049 0.000000 0.921600
1.445731 0.000000 0.861800
1.460493 0.000000 0.870600
1.513840 0.000000 0.902400
1.505788 0.000000 0.897600
1.375273 0.000000 0.819800
1.536152 0.000000 0.915700
1.530280 0.000000 0.912200
1.452273 0.000000 0.865700
1.448079 0.000000 0.863200
1.429961 0.000000 0.852400
1.477772 0.000000 0.880900
1.370575 0.000000 0.817000
1.377621 0.000000 0.821200
1.412682 0.000000 0.842100
1.413018 0.000000 0.842300
1.427613 0.000000 0.851000
1.420399 0.000000 0.846700
1.524073 0.000000 0.908500
1.479618 0.000000 0.882000
1.542191 0.000000 0.919300
1.438853 0.000000 0.857700
1.442040 0.000000 0.859600
1.498742 0.000000 0.893400
1.537326 0.000000 0.916400
1.472739 0.000000 0.877900
1.354303 0.000000 0.807300
1.440530 0.000000 0.858700
1.476933 0.000000 0.880400
1.485992 0.000000 0.885800
1.508639 0.000000 0.899300
1.500419 0.000000 0.894400
1.423587 0.000000 0.848600
1.465861 0.000000 0.873800
1.378292 0.000000 0.821600
1.556954 0.000000 0.928100
1.469888 0.000000 0.876200
1.511156 0.000000 0.900800
1.451938 0.000000 0.865500
1.481798 0.000000 0.883300
1.473914 0.000000 0.878600
1.454286 0.000000 0.866900
1.416205 0.000000 0.844200
1.459319 0.000000 0.869900
1.480960 0.000000 0.882800
1.450428 0.000000 0.864600
1.433988 0.000000 0.854800
1.424090 0.000000 0.848900
1.407817 0.000000 0.839200
1.403120 0.000000 0.836400
1.503271 0.000000 0.896100
1.414863 0.000000 0.843400
1.418722 0.000000 0.845700
1.467371 0.000000 0.874700
1.496058 0.000000 0.891800
1.493541 0.000000 0.890300
1.419057 0.000000 0.845900
1.463177 0.000000 0.872200
1.512666 0.000000 0.901700
1.498071 0.000000 0.893000
1.471062 0.000000 0.876900
1.463345 0.000000 0.872300
1.464519 0.000000 0.873000
1.443382 0.000000 0.860400
1.487167 0.000000 0.886500
1.530783 0.000000 0.912500
1.478443 0.000000 0.881300
1.439524 0.000000 0.858100
1.433988 0.000000 0.854800
1.442040 0.000000 0.859600
1.428787 0.000000 0.851700
1.423587 0.000000 0.848600
1.429961 0.000000 0.852400
1.584969 0.000000 0.944800
1.460661 0.000000 0.870700
1.393894 0.000000 0.830900
1.459151 0.000000 0.869800
1.390035 0.000000 0.828600
1.513169 0.000000 0.902000
1.383493 0.000000 0.824700
1.485321 0.000000 0.885400
1.477269 0.000000 0.880600
1.451434 0.000000 0.865200
1.510485 0.000000 0.900400
1.442208 0.000000 0.859700
1.436504 0.000000 0.856300
1.465526 0.000000 0.873600
1.412682 0.000000 0.842100
1.428619 0.000000 0.851600
1.422412 0.000000 0.847900
1.501594 0.000000 0.895100
1.415199 0.000000 0.843600
1.519711 0.000000 0.905900
1.471397 0.000000 0.877100
1.413689 0.000000 0.842700
1.479282 0.000000 0.881800
1.572219 0.000000 0.937200
1.457809 0.000000 0.869000
1.454286 0.000000 0.866900
1.358497 0.000000 0.809800
1.493709 0.000000 0.890400
1.374937 0.000000 0.819600
1.502768 0.000000 0.895800
1.447911 0.000000 0.863100
1.503439 0.000000 0.896200
1.411173 0.000000 0.841200
1.517698 0.000000 0.904700
1.503775 0.000000 0.896400
1.483979 0.000000 0.884600
1.421741 0.000000 0.847500
1.499413 0.000000 0.893800
1.400772 0.000000 0.835000
1.507465 0.000000 0.898600
1.443717 0.000000 0.860600
1.400939 0.000000 0.835100
1.471733 0.000000 0.877300
1.444389 0.000000 0.861000
1.443717 0.000000 0.860600
1.428955 0.000000 0.851800
1.454957 0.000000 0.867300
1.512498 0.000000 0.901600
1.457138 0.000000 0.868600
1.468210 0.000000 0.875200
1.389364 0.000000 0.828200
1.480121 0.000000 0.882300
1.466868 0.000000 0.874400
1.420399 0.000000 0.846700
1.438517 0.000000 0.857500
1.506459 0.000000 0.898000
1.390874 0.000000 0.829100
1.442208 0.000000 0.859700
1.478779 0.000000 0.881500
1.485489 0.000000 0.885500
1.384164 0.000000 0.825100
1.404295 0.000000 0.837100
1.367556 0.000000 0.815200
1.460996 0.000000 0.870900
1.488341 0.000000 0.887200
1.478779 0.000000 0.881500
1.487167 0.000000 0.886500
1.547391 0.000000 0.922400
1.464855 0.000000 0.873200
1.408992 0.000000 0.839900
1.477437 0.000000 0.880700
1.514008 0.000000 0.902500
1.462339 0.000000 0.871700
1.491025 0.000000 0.888800
1.446234 0.000000 0.862100
1.492870 0.000000 0.889900
1.492199 0.000000 0.889500
1.457809 0.000000 0.869000
1.464016 0.000000 0.872700
1.388190 0.000000 0.827500
1.441704 0.000000 0.859400
1.440866 0.000000 0.858900
1.472739 0.000000 0.877900
1.404462 0.000000 0.837200
1.449925 0.000000 0.864300
1.528938 0.000000 0.911400
1.454957 0.000000 0.867300
1.416541 0.000000 0.844400
1.438517 0.000000 0.857500
1.472739 0.000000 0.877900
1.536487 0.000000 0.915900
1.485825 0.000000 0.885700
1.420903 0.000000 0.847000
1.346418 0.000000 0.802600
1.520550 0.000000 0.906400
1.438349 0.000000 0.857400
1.437510 0.000000 0.856900
1.483979 0.000000 0.884600
1.478946 0.000000 0.881600
1.368395 0.000000 0.815700
1.443717 0.000000 0.860600
1.481966 0.000000 0.883400
1.480792 0.000000 0.882700
1.611139 0.000000 0.960400
1.451099 0.000000 0.865000
1.484315 0.000000 0.884800
1.493038 0.000000 0.890000
1.422748 0.000000 0.848100
1.396746 0.000000 0.832600
1.430465 0.000000 0.852700
1.418722 0.000000 0.845700
1.462171 0.000000 0.871600
1.470726 0.000000 0.876700
1.480456 0.000000 0.882500
1.512498 0.000000 0.901600
1.493877 0.000000 0.890500
1.452944 0.000000 0.866100
1.469049 0.000000 0.875700
1.455125 0.000000 0.867400
1.484818 0.000000 0.885100
1.411676 0.000000 0.841500
1.423922 0.000000 0.848800
1.407314 0.000000 0.838900
1.461835 0.000000 0.871400
1.468042 0.000000 0.875100
1.456467 0.000000 0.868200
1.494883 0.000000 0.891100
1.437510 0.000000 0.856900
1.442208 0.000000 0.859700
1.496896 0.000000 0.892300
1.454957 0.000000 0.867300
1.412347 0.000000 0.841900
1.515014 0.000000 0.903100
1.519376 0.000000 0.905700
1.480456 0.000000 0.882500
1.481127 0.000000 0.882900
1.503104 0.000000 0.896000
1.458312 0.000000 0.869300
1.413857 0.000000 0.842800
1.399262 0.000000 0.834100
1.463848 0.000000 0.872600
1.478108 0.000000 0.881100
1.403624 0.000000 0.836700
1.415534 0.000000 0.843800
1.382318 0.000000 0.824000
1.433484 0.000000 0.854500
1.496896 0.000000 0.892300
1.383660 0.000000 0.824800
1.452776 0.000000 0.866000
1.525583 0.000000 0.909400
1.416709 0.000000 0.844500
1.439524 0.000000 0.858100
1.529106 0.000000 0.911500
1.483308 0.000000 0.884200
1.490857 0.000000 0.888700
1.447576 0.000000 0.862900
1.479953 0.000000 0.882200
1.452609 0.000000 0.865900
1.412515 0.000000 0.842000
1.472236 0.000000 0.877600
1.506962 0.000000 0.898300
1.475591 0.000000 0.879600
1.430800 0.000000 0.852900
1.442543 0.000000 0.859900
1.504110 0.000000 0.896600
1.410502 0.000000 0.840800
1.443717 0.000000 0.860600
1.411005 0.000000 0.841100
1.581446 0.000000 0.942700
1.499245 0.000000 0.893700
1.456132 0.000000 0.868000
1.484482 0.000000 0.884900
1.397752 0.000000 0.833200
1.503607 0.000000 0.896300
1.495722 0.000000 0.891600
1.425432 0.000000 0.849700
1.600403 0.000000 0.954000
1.479450 0.000000 0.881900
1.412515 0.000000 0.842000
1.394900 0.000000 0.831500
1.446737 0.000000 0.862400
1.453783 0.000000 0.866600
1.479450 0.000000 0.881900
1.423251 0.000000 0.848400
1.430129 0.000000 0.852500
1.441704 0.000000 0.859400
1.419560 0.000000 0.846200
1.372085 0.000000 0.817900
1.512666 0.000000 0.901700
1.440027 0.000000 0.858400
1.422748 0.000000 0.848100
1.416876 0.000000 0.844600
1.536823 0.000000 0.916100
1.427445 0.000000 0.850900
1.394397 0.000000 0.831200
1.510988 0.000000 0.900700
1.531454 0.000000 0.912900
1.507465 0.000000 0.898600
1.482469 0.000000 0.883700
1.440027 0.000000 0.858400
1.505284 0.000000 0.897300
1.515853 0.000000 0.903600
1.457306 0.000000 0.868700
1.546217 0.000000 0.921700
1.443382 0.000000 0.860400
1.467707 0.000000 0.874900
1.464519 0.000000 0.873000
1.560476 0.000000 0.930200
1.406979 0.000000 0.838700
1.435330 0.000000 0.855600
1.489851 0.000000 0.888100
1.481127 0.000000 0.882900
1.516021 0.000000 0.903700
1.445227 0.000000 0.861500
1.523067 0.000000 0.907900
1.494716 0.000000 0.891000
1.444389 0.000000 0.861000
1.396913 0.000000 0.832700
1.477269 0.000000 0.880600
1.473243 0.000000 0.878200
1.471062 0.000000 0.876900
1.487334 0.000000 0.886600
1.448247 0.000000 0.863300
1.441537 0.000000 0.859300
1.447911 0.000000 0.863100
1.401946 0.000000 0.835700
1.546385 0.000000 0.921800
1.529777 0.000000 0.911900
1.354806 0.000000 0.807600
1.510149 0.000000 0.900200
1.450763 0.000000 0.864800
1.458312 0.000000 0.869300
1.529945 0.000000 0.912000
1.496393 0.000000 0.892000
1.462339 0.000000 0.871700
1.445227 0.000000 0.861500
1.520382 0.000000 0.906300
1.492032 0.000000 0.889400
1.500755 0.000000 0.894600
1.492870 0.000000 0.889900
1.467371 0.000000 0.874700
1.537661 0.000000 0.916600
1.407482 0.000000 0.839000
1.445060 0.000000 0.861400
1.442879 0.000000 0.860100
1.516524 0.000000 0.904000
1.395236 0.000000 0.831700
1.432646 0.000000 0.854000
1.478611 0.000000 0.881400
1.527093 0.000000 0.910300
1.362859 0.000000 0.812400
1.499077 0.000000 0.893600
1.536823 0.000000 0.916100
1.428787 0.000000 0.851700
1.380305 0.000000 0.822800
1.460158 0.000000 0.870400
1.458312 0.000000 0.869300
1.439524 0.000000 0.858100
1.508807 0.000000 0.899400
1.422245 0.000000 0.847800
1.482805 0.000000 0.883900
1.446066 0.000000 0.862000
1.437343 0.000000 0.856800
1.473075 0.000000 0.878100
1.469720 0.000000 0.876100
1.436336 0.000000 0.856200
1.419393 0.000000 0.846100
1.388525 0.000000 0.827700
1.516860 0.000000 0.904200
1.404127 0.000000 0.837000
1.457809 0.000000 0.869000
1.469888 0.000000 0.876200
1.563161 0.000000 0.931800
1.396410 0.000000 0.832400
1.394732 0.000000 0.831400
1.463345 0.000000 0.872300
1.452441 0.000000 0.865800
1.424090 0.000000 0.848900
1.386512 0.000000 0.826500
1.457306 0.000000 0.868700
1.362355 0.000000 0.812100
1.512833 0.000000 0.901800
1.464352 0.000000 0.872900
1.367053 0.000000 0.814900
1.474249 0.000000 0.878800
1.410837 0.000000 0.841000
1.543030 0.000000 0.919800
1.540513 0.000000 0.918300
1.586647 0.000000 0.945800
1.432142 0.000000 0.853700
1.440866 0.000000 0.858900
1.533635 0.000000 0.914200
1.504949 0.000000 0.897100
1.471230 0.000000 0.877000
1.460829 0.000000 0.870800
1.436168 0.000000 0.856100
1.536990 0.000000 0.916200
1.557457 0.000000 0.928400
1.386009 0.000000 0.826200
1.523905 0.000000 0.908400
1.507633 0.000000 0.898700
1.520215 0.000000 0.906200
1.537158 0.000000 0.916300
1.378796 0.000000 0.821900
1.528603 0.000000 0.911200
1.456299 0.000000 0.868100
1.368059 0.000000 0.815500
1.400436 0.000000 0.834800
1.459654 0.000000 0.870100
1.544204 0.000000 0.920500
1.434826 0.000000 0.855300
1.408489 0.000000 0.839600
1.536319 0.000000 0.915800
1.408992 0.000000 0.839900
1.463848 0.000000 0.872600
1.425767 0.000000 0.849900
1.508639 0.000000 0.899300
1.486328 0.000000 0.886000
1.488341 0.000000 0.887200
1.377957 0.000000 0.821400
1.463681 0.000000 0.872500
1.480121 0.000000 0.882300
1.404630 0.000000 0.837300
1.553766 0.000000 0.926200
1.415534 0.000000 0.843800
1.409160 0.000000 0.840000
1.437175 0.000000 0.856700
1.421070 0.000000 0.847100
1.454789 0.000000 0.867200
1.466197 0.000000 0.874000
1.432142 0.000000 0.853700
1.479114 0.000000 0.881700
1.388525 0.000000 0.827700
1.458480 0.000000 0.869400
1.514847 0.000000 0.903000
1.393558 0.000000 0.830700
1.508975 0.000000 0.899500
1.455628 0.000000 0.867700
1.526254 0.000000 0.909800
1.463848 0.000000 0.872600
1.444221 0.000000 0.860900
1.505284 0.000000 0.897300
1.452944 0.000000 0.866100
1.422412 0.000000 0.847900
1.514008 0.000000 0.902500
1.435162 0.000000 0.855500
1.470559 0.000000 0.876600
1.482469 0.000000 0.883700
1.500252 0.000000 0.894300
1.503607 0.000000 0.896300
1.468713 0.000000 0.875500
1.415534 0.000000 0.843800
1.555108 0.000000 0.927000
1.500084 0.000000 0.894200
1.425767 0.000000 0.849900
1.502936 0.000000 0.895900
1.446905 0.000000 0.862500
1.484482 0.000000 0.884900
1.491025 0.000000 0.888800
1.433652 0.000000 0.854600
1.480289 0.000000 0.882400
1.513504 0.000000 0.902200
1.486160 0.000000 0.885900
1.508639 0.000000 0.899300
1.434659 0.000000 0.855200
1.444556 0.000000 0.861100
1.381647 0.000000 0.823600
1.593525 0.000000 0.949900
1.431136 0.000000 0.853100
1.463345 0.000000 0.872300
1.481295 0.000000 0.883000
1.545714 0.000000 0.921400
1.473075 0.000000 0.878100
1.462003 0.000000 0.871500
1.534810 0.000000 0.914900
1.461164 0.000000 0.871000
1.433820 0.000000 0.854700
1.481798 0.000000 0.883300
1.369569 0.000000 0.816400
1.463010 0.000000 0.872100
1.416541 0.000000 0.844400
1.495554 0.000000 0.891500
1.494716 0.000000 0.891000
1.466532 0.000000 0.874200
1.381144 0.000000 0.823300
1.516692 0.000000 0.904100
1.384835 0.000000 0.825500
1.362355 0.000000 0.812100
1.427445 0.000000 0.850900
1.507801 0.000000 0.898800
1.456132 0.000000 0.868000
1.460829 0.000000 0.870800
1.453112 0.000000 0.866200
1.470726 0.000000 0.876700
1.451602 0.000000 0.865300
1.335682 0.000000 0.796200
1.461668 0.000000 0.871300
1.527093 0.000000 0.910300
1.426774 0.000000 0.850500
1.427613 0.000000 0.851000
1.446737 0.000000 0.862400
1.497735 0.000000 0.892800
1.411676 0.000000 0.841500
1.470223 0.000000 0.876400
1.464352 0.000000 0.872900
1.477269 0.000000 0.880600
1.468546 0.000000 0.875400
1.541520 0.000000 0.918900
1.506123 0.000000 0.897800
1.494548 0.000000 0.890900
1.423083 0.000000 0.848300
1.413353 0.000000 0.842500
1.458648 0.000000 0.869500
1.369737 0.000000 0.816500
1.399597 0.000000 0.834300
1.413689 0.000000 0.842700
1.372924 0.000000 0.818400
1.376950 0.000000 0.820800
1.416876 0.000000 0.844600
1.558631 0.000000 0.929100
1.538500 0.000000 0.917100
1.400101 0.000000 0.834600
1.478611 0.000000 0.881400
1.464855 0.000000 0.873200
1.409663 0.000000 0.840300
1.515014 0.000000 0.903100
1.419225 0.000000 0.846000
1.487334 0.000000 0.886600
1.439859 0.000000 0.858300
1.459319 0.000000 0.869900
1.414696 0.000000 0.843300
1.410502 0.000000 0.840800
1.466700 0.000000 0.874300
1.480121 0.000000 0.882300
1.549908 0.000000 0.923900
1.520718 0.000000 0.906500
1.420903 0.000000 0.847000
1.530616 0.000000 0.912400
1.524912 0.000000 0.909000
1.426103 0.000000 0.850100
1.443885 0.000000 0.860700
1.357826 0.000000 0.809400
1.458816 0.000000 0.869600
1.486831 0.000000 0.886300
1.513169 0.000000 0.902000
1.435162 0.000000 0.855500
1.477940 0.000000 0.881000
1.442879 0.000000 0.860100
1.495051 0.000000 0.891200
1.442543 0.000000 0.859900
1.495387 0.000000 0.891400
1.463010 0.000000 0.872100
1.522060 0.000000 0.907300
1.454622 0.000000 0.867100
1.481798 0.000000 0.883300
1.416038 0.000000 0.844100
1.340044 0.000000 0.798800
1.447911 0.000000 0.863100
1.517698 0.000000 0.904700
1.528770 0.000000 0.911300
1.452944 0.000000 0.866100
1.414192 0.000000 0.843000
1.487838 0.000000 0.886900
1.460661 0.000000 0.870700
1.474082 0.000000 0.878700
1.496896 0.000000 0.892300
1.469217 0.000000 0.875800
1.423251 0.000000 0.848400
1.382486 0.000000 0.824100
1.488676 0.000000 0.887400
1.503607 0.000000 0.896300
1.425264 0.000000 0.849600
1.533971 0.000000 0.914400
1.396913 0.000000 0.832700
1.432646 0.000000 0.854000
1.505284 0.000000 0.897300
1.462003 0.000000 0.871500
1.425264 0.000000 0.849600
1.489180 0.000000 0.887700
1.316390 0.000000 0.784700
1.429290 0.000000 0.852000
1.454789 0.000000 0.867200
1.495051 0.000000 0.891200
1.363194 0.000000 0.812600
1.443046 0.000000 0.860200
1.484315 0.000000 0.884800
1.467875 0.000000 0.875000
1.580607 0.000000 0.942200
1.471733 0.000000 0.877300
1.438517 0.000000 0.857500
1.385506 0.000000 0.825900
1.468713 0.000000 0.875500
1.439356 0.000000 0.858000
1.451770 0.000000 0.865400
1.471397 0.000000 0.877100
1.454789 0.000000 0.867200
1.490522 0.000000 0.888500
1.483811 0.000000 0.884500
1.462339 0.000000 0.871700
1.446737 0.000000 0.862400
1.445395 0.000000 0.861600
1.399765 0.000000 0.834400
1.408824 0.000000 0.839800
1.493541 0.000000 0.890300
1.448415 0.000000 0.863400
1.629089 0.000000 0.971100
1.490689 0.000000 0.888600
1.440027 0.000000 0.858400
1.337527 0.000000 0.797300
1.364872 0.000000 0.813600
1.508136 0.000000 0.899000
1.495219 0.000000 0.891300
1.476430 0.000000 0.880100
1.459654 0.000000 0.870100
1.480289 0.000000 0.882400
1.455293 0.000000 0.867500
1.454286 0.000000 0.866900
1.401778 0.000000 0.835600
1.448750 0.000000 0.863600
1.479953 0.000000 0.882200
1.454622 0.000000 0.867100
1.425767 0.000000 0.849900
1.556283 0.000000 0.927700
1.454957 0.000000 0.867300
1.504446 0.000000 0.896800
1.485321 0.000000 0.885400
1.478443 0.000000 0.881300
1.373260 0.000000 0.818600
1.453112 0.000000 0.866200
1.427613 0.000000 0.851000
1.514511 0.000000 0.902800
1.496225 0.000000 0.891900
1.519208 0.000000 0.905600
1.465526 0.000000 0.873600
1.579265 0.000000 0.941400
1.456803 0.000000 0.868400
1.465694 0.000000 0.873700
1.490857 0.000000 0.888700
1.515853 0.000000 0.903600
1.536823 0.000000 0.916100
1.518369 0.000000 0.905100
1.499245 0.000000 0.893700
1.451267 0.000000 0.865100
1.453615 0.000000 0.866500
1.373260 0.000000 0.818600
1.450596 0.000000 0.864700
1.495722 0.000000 0.891600
1.547559 0.000000 0.922500
1.487167 0.000000 0.886500
1.460829 0.000000 0.870800
1.405637 0.000000 0.837900
1.398088 0.000000 0.833400
1.470223 0.000000 0.876400
1.484650 0.000000 0.885000
1.470055 0.000000 0.876300
1.455964 0.000000 0.867900
1.446905 0.000000 0.862500
1.437175 0.000000 0.856700
1.437846 0.000000 0.857100
1.453615 0.000000 0.866500
1.566851 0.000000 0.934000
1.378460 0.000000 0.821700
1.468378 0.000000 0.875300
1.539004 0.000000 0.917400
1.366885 0.000000 0.814800
1.445731 0.000000 0.861800
1.442543 0.000000 0.859900
1.466700 0.000000 0.874300
1.454789 0.000000 0.867200
1.522899 0.000000 0.907800
1.328133 0.000000 0.791700
1.409663 0.000000 0.840300
1.441201 0.000000 0.859100
1.501761 0.000000 0.895200
1.484315 0.000000 0.884800
1.435330 0.000000 0.855600
1.482805 0.000000 0.883900
1.507968 0.000000 0.898900
1.482805 0.000000 0.883900
1.472739 0.000000 0.877900
1.368395 0.000000 0.815700
1.435162 0.000000 0.855500
1.462506 0.000000 0.871800
1.479785 0.000000 0.882100
1.438853 0.000000 0.857700
1.450596 0.000000 0.864700
1.498742 0.000000 0.893400
1.431975 0.000000 0.853600
1.358665 0.000000 0.809900
1.430632 0.000000 0.852800
1.436336 0.000000 0.856200
1.503439 0.000000 0.896200
1.402953 0.000000 0.836300
1.514847 0.000000 0.903000
1.430968 0.000000 0.853000
1.430465 0.000000 0.852700
1.468042 0.000000 0.875100
1.378292 0.000000 0.821600
1.448247 0.000000 0.863300
1.489851 0.000000 0.888100
1.472572 0.000000 0.877800
1.396242 0.000000 0.832300
1.474249 0.000000 0.878800
1.459319 0.000000 0.869900
1.407985 0.000000 0.839300
1.507297 0.000000 0.898500
1.501258 0.000000 0.894900
1.467371 0.000000 0.874700
1.504949 0.000000 0.897100
1.580272 0.000000 0.942000
1.326120 0.000000 0.790500
1.461332 0.000000 0.871100
1.404966 0.000000 0.837500
1.448750 0.000000 0.863600
1.512833 0.000000 0.901800
1.429458 0.000000 0.852100
1.501761 0.000000 0.895200
1.520718 0.000000 0.906500
1.463345 0.000000 0.872300
1.426439 0.000000 0.850300
1.386009 0.000000 0.826200
1.479618 0.000000 0.882000
1.565174 0.000000 0.933000
1.406979 0.000000 0.838700
1.401275 0.000000 0.835300
1.432478 0.000000 0.853900
1.512833 0.000000 0.901800
1.393726 0.000000 0.830800
1.444892 0.000000 0.861300
1.528770 0.000000 0.911300
1.448582 0.000000 0.863500
1.456970 0.000000 0.868500
1.433652 0.000000 0.854600
1.545211 0.000000 0.921100
1.385506 0.000000 0.825900
1.440027 0.000000 0.858400
1.523234 0.000000 0.908000
1.438349 0.000000 0.857400
1.512666 0.000000 0.901700
1.397081 0.000000 0.832800
1.438685 0.000000 0.857600
1.535145 0.000000 0.915100
1.456132 0.000000 0.868000
1.482302 0.000000 0.883600
1.491864 0.000000 0.889300
1.480624 0.000000 0.882600
1.432981 0.000000 0.854200
1.482637 0.000000 0.883800
1.417044 0.000000 0.844700
1.449253 0.000000 0.863900
1.439020 0.000000 0.857800
1.507130 0.000000 0.898400
1.460829 0.000000 0.870800
1.469552 0.000000 0.876000
1.547895 0.000000 0.922700
1.472404 0.000000 0.877700
1.425935 0.000000 0.850000
1.470894 0.000000 0.876800
1.401946 0.000000 0.835700
1.434323 0.000000 0.855000
1.535145 0.000000 0.915100
1.458145 0.000000 0.869200
1.514847 0.000000 0.903000
1.460829 0.000000 0.870800
1.491864 0.000000 0.889300
1.482973 0.000000 0.884000
1.467371 0.000000 0.874700
1.432478 0.000000 0.853900
1.421070 0.000000 0.847100
1.415031 0.000000 0.843500
1.529274 0.000000 0.911600
1.439188 0.000000 0.857900
1.498071 0.000000 0.893000
1.485992 0.000000 0.885800
1.471901 0.000000 0.877400
1.403288 0.000000 0.836500
1.511324 0.000000 0.900900
1.429794 0.000000 0.852300
1.446905 0.000000 0.862500
1.516860 0.000000 0.904200
1.421070 0.000000 0.847100
1.389196 0.000000 0.828100
1.494380 0.000000 0.890800
1.479114 0.000000 0.881700
1.407482 0.000000 0.839000
1.487838 0.000000 0.886900
1.469384 0.000000 0.875900
1.513169 0.000000 0.902000
1.484650 0.000000 0.885000
1.456467 0.000000 0.868200
1.475256 0.000000 0.879400
1.475591 0.000000 0.879600
1.523905 0.000000 0.908400
1.425432 0.000000 0.849700
1.478611 0.000000 0.881400
1.440866 0.000000 0.858900
1.528435 0.000000 0.911100
1.447744 0.000000 0.863000
1.441033 0.000000 0.859000
1.416876 0.000000 0.844600
1.550411 0.000000 0.924200
1.486831 0.000000 0.886300
1.492367 0.000000 0.889600
1.477269 0.000000 0.880600
1.472572 0.000000 0.877800
1.452105 0.000000 0.865600
1.378292 0.000000 0.821600
1.490522 0.000000 0.888500
1.437175 0.000000 0.856700
1.465023 0.000000 0.873300
1.485489 0.000000 0.885500
1.471230 0.000000 0.877000
1.417883 0.000000 0.845200
1.541184 0.000000 0.918700
1.461835 0.000000 0.871400
1.484147 0.000000 0.884700
1.436168 0.000000 0.856100
1.430297 0.000000 0.852600
1.399933 0.000000 0.834500
1.503607 0.000000 0.896300
1.490186 0.000000 0.888300
1.534474 0.000000 0.914700
1.472907 0.000000 0.878000
1.427948 0.000000 0.851200
1.459990 0.000000 0.870300
1.499077 0.000000 0.893600
1.504613 0.000000 0.896900
1.407482 0.000000 0.839000
1.524241 0.000000 0.908600
1.497232 0.000000 0.892500
1.467203 0.000000 0.874600
1.400939 0.000000 0.835100
1.415702 0.000000 0.843900
1.461835 0.000000 0.871400
1.500587 0.000000 0.894500
1.453112 0.000000 0.866200
1.496058 0.000000 0.891800
1.462171 0.000000 0.871600
1.499916 0.000000 0.894100
1.507633 0.000000 0.898700
1.451770 0.000000 0.865400
1.451434 0.000000 0.865200
1.442375 0.000000 0.859800
1.508304 0.000000 0.899100
1.454622 0.000000 0.867100
1.372924 0.000000 0.818400
1.408992 0.000000 0.839900
1.438014 0.000000 0.857200
1.482302 0.000000 0.883600
1.414024 0.000000 0.842900
1.457138 0.000000 0.868600
1.426271 0.000000 0.850200
1.513337 0.000000 0.902100
1.426439 0.000000 0.850300
1.554269 0.000000 0.926500
1.465861 0.000000 0.873800
1.401778 0.000000 0.835600
1.452944 0.000000 0.866100
1.435665 0.000000 0.855800
1.518537 0.000000 0.905200
1.549572 0.000000 0.923700
1.513337 0.000000 0.902100
1.404462 0.000000 0.837200
1.513337 0.000000 0.902100
1.488676 0.000000 0.887400
1.372253 0.000000 0.818000
1.428284 0.000000 0.851400
1.299950 0.000000 0.774900
1.391210 0.000000 0.829300
1.480624 0.000000 0.882600
1.486328 0.000000 0.886000
1.456803 0.000000 0.868400
1.451434 0.000000 0.865200
1.460996 0.000000 0.870900
1.471062 0.000000 0.876900
1.552760 0.000000 0.925600
1.517531 0.000000 0.904600
1.428284 0.000000 0.851400
1.440362 0.000000 0.858600
1.405804 0.000000 0.838000
1.453280 0.000000 0.866300
1.385338 0.000000 0.825800
1.435665 0.000000 0.855800
1.415367 0.000000 0.843700
1.526422 0.000000 0.909900
1.455293 0.000000 0.867500
1.482637 0.000000 0.883800
1.406308 0.000000 0.838300
1.415702 0.000000 0.843900
1.467539 0.000000 0.874800
1.288039 0.000000 0.767800
1.401610 0.000000 0.835500
1.510988 0.000000 0.900700
1.439188 0.000000 0.857900
1.501761 0.000000 0.895200
1.550075 0.000000 0.924000
1.432478 0.000000 0.853900
1.437175 0.000000 0.856700
1.466197 0.000000 0.874000
1.466868 0.000000 0.874400
1.429626 0.000000 0.852200
1.427110 0.000000 0.850700
1.463848 0.000000 0.872600
1.480121 0.000000 0.882300
1.545211 0.000000 0.921100
1.558799 0.000000 0.929200
1.461835 0.000000 0.871400
1.530280 0.000000 0.912200
1.405637 0.000000 0.837900
1.392719 0.000000 0.830200
1.385674 0.000000 0.826000
1.466532 0.000000 0.874200
1.405469 0.000000 0.837800
1.514511 0.000000 0.902800
1.432646 0.000000 0.854000
1.417547 0.000000 0.845000
1.461164 0.000000 0.871000
1.466197 0.000000 0.874000
1.447408 0.000000 0.862800
1.470055 0.000000 0.876300
1.428452 0.000000 0.851500
1.494716 0.000000 0.891000
1.555276 0.000000 0.927100
1.518705 0.000000 0.905300
1.514847 0.000000 0.903000
1.432646 0.000000 0.854000
1.500923 0.000000 0.894700
1.402449 0.000000 0.836000
1.448750 0.000000 0.863600
1.461835 0.000000 0.871400
1.454957 0.000000 0.867300
1.482302 0.000000 0.883600
1.537997 0.000000 0.916800
1.445227 0.000000 0.861500
1.417380 0.000000 0.844900
1.361517 0.000000 0.811600
1.420232 0.000000 0.846600
1.382989 0.000000 0.824400
1.457138 0.000000 0.868600
1.442040 0.000000 0.859600
1.526254 0.000000 0.909800
1.483308 0.000000 0.884200
1.503104 0.000000 0.896000
1.539507 0.000000 0.917700
1.444892 0.000000 0.861300
1.473578 0.000000 0.878400
1.458312 0.000000 0.869300
1.567354 0.000000 0.934300
1.436168 0.000000 0.856100
1.539339 0.000000 0.917600
1.454286 0.000000 0.866900
1.457306 0.000000 0.868700
1.458983 0.000000 0.869700
1.516189 0.000000 0.903800
1.453783 0.000000 0.866600
1.519711 0.000000 0.905900
1.458816 0.000000 0.869600
1.300956 0.000000 0.775500
1.431136 0.000000 0.853100
1.463681 0.000000 0.872500
1.550411 0.000000 0.924200
1.503271 0.000000 0.896100
1.496729 0.000000 0.892200
1.374769 0.000000 0.819500
1.448415 0.000000 0.863400
1.498574 0.000000 0.893300
1.491025 0.000000 0.888800
1.472404 0.000000 0.877700
1.453112 0.000000 0.866200
1.467707 0.000000 0.874900
1.358497 0.000000 0.809800
1.440195 0.000000 0.858500
1.502936 0.000000 0.895900
1.414192 0.000000 0.843000
1.479450 0.000000 0.881900
1.526254 0.000000 0.909800
1.500084 0.000000 0.894200
1.534139 0.000000 0.914500
1.528770 0.000000 0.911300
1.452441 0.000000 0.865800
1.549908 0.000000 0.923900
1.494212 0.000000 0.890700
1.454789 0.000000 0.867200
1.460325 0.000000 0.870500
1.511827 0.000000 0.901200
1.501090 0.000000 0.894800
1.530616 0.000000 0.912400
1.479953 0.000000 0.882200
1.461835 0.000000 0.871400
1.516692 0.000000 0.904100
1.406979 0.000000 0.838700
1.497903 0.000000 0.892900
1.455125 0.000000 0.867400
1.532629 0.000000 0.913600
1.529777 0.000000 0.911900
1.500419 0.000000 0.894400
1.555276 0.000000 0.927100
1.491528 0.000000 0.889100
1.383660 0.000000 0.824800
1.518202 0.000000 0.905000
1.433149 0.000000 0.854300
1.456467 0.000000 0.868200
1.405804 0.000000 0.838000
1.494883 0.000000 0.891100
1.534306 0.000000 0.914600
1.532629 0.000000 0.913600
1.470223 0.000000 0.876400
1.499916 0.000000 0.894100
1.468378 0.000000 0.875300
1.577755 0.000000 0.940500
1.472739 0.000000 0.877900
1.342560 0.000000 0.800300
1.408321 0.000000 0.839500
1.490857 0.000000 0.888700
1.473746 0.000000 0.878500
1.430800 0.000000 0.852900
1.518034 0.000000 0.904900
1.467875 0.000000 0.875000
1.461500 0.000000 0.871200
1.501761 0.000000 0.895200
1.382989 0.000000 0.824400
1.521557 0.000000 0.907000
1.514511 0.000000 0.902800
1.558799 0.000000 0.929200
1.410837 0.000000 0.841000
1.574568 0.000000 0.938600
1.524912 0.000000 0.909000
1.459990 0.000000 0.870300
1.481798 0.000000 0.883300
1.510653 0.000000 0.900500
1.431136 0.000000 0.853100
1.530951 0.000000 0.912600
1.401107 0.000000 0.835200
1.478443 0.000000 0.881300
1.527093 0.000000 0.910300
1.506626 0.000000 0.898100
1.488341 0.000000 0.887200
1.475088 0.000000 0.879300
1.477940 0.000000 0.881000
1.420399 0.000000 0.846700
1.494045 0.000000 0.890600
1.456635 0.000000 0.868300
1.389532 0.000000 0.828300
1.484986 0.000000 0.885200
1.433317 0.000000 0.854400
1.403456 0.000000 0.836600
1.460493 0.000000 0.870600
1.465358 0.000000 0.873500
1.503104 0.000000 0.896000
1.492535 0.000000 0.889700
1.479114 0.000000 0.881700
1.398926 0.000000 0.833900
1.482805 0.000000 0.883900
1.411005 0.000000 0.841100
1.515182 0.000000 0.903200
1.451938 0.000000 0.865500
1.509478 0.000000 0.899800
1.492032 0.000000 0.889400
1.466700 0.000000 0.874300
1.458648 0.000000 0.869500
1.507297 0.000000 0.898500
1.551250 0.000000 0.924700
1.437846 0.000000 0.857100
1.376279 0.000000 0.820400
1.459487 0.000000 0.870000
1.481798 0.000000 0.883300
1.383493 0.000000 0.824700
1.499916 0.000000 0.894100
1.507633 0.000000 0.898700
1.559805 0.000000 0.929800
1.500419 0.000000 0.894400
1.392384 0.000000 0.830000
1.496225 0.000000 0.891900
1.465023 0.000000 0.873300
1.480456 0.000000 0.882500
1.456803 0.000000 0.868400
1.472404 0.000000 0.877700
1.428452 0.000000 0.851500
1.509814 0.000000 0.900000
1.506459 0.000000 0.898000
1.511995 0.000000 0.901300
1.606106 0.000000 0.957400
1.380305 0.000000 0.822800
1.431807 0.000000 0.853500
1.467875 0.000000 0.875000
1.529777 0.000000 0.911900
1.439356 0.000000 0.858000
1.499581 0.000000 0.893900
1.444724 0.000000 0.861200
1.504949 0.000000 0.897100
1.492870 0.000000 0.889900
1.511995 0.000000 0.901300
1.468881 0.000000 0.875600
1.473578 0.000000 0.878400
1.551250 0.000000 0.924700
1.532293 0.000000 0.913400
1.494045 0.000000 0.890600
1.384667 0.000000 0.825400
1.394565 0.000000 0.831300
1.387519 0.000000 0.827100
1.413689 0.000000 0.842700
1.452944 0.000000 0.866100
1.501761 0.000000 0.895200
1.494716 0.000000 0.891000
1.522396 0.000000 0.907500
1.548062 0.000000 0.922800
1.527093 0.000000 0.910300
1.584633 0.000000 0.944600
1.441704 0.000000 0.859400
1.457138 0.000000 0.868600
1.452441 0.000000 0.865800
1.475424 0.000000 0.879500
1.457641 0.000000 0.868900
1.550243 0.000000 0.924100
1.368059 0.000000 0.815500
1.434826 0.000000 0.855300
1.517363 0.000000 0.904500
1.525918 0.000000 0.909600
1.565006 0.000000 0.932900
1.405804 0.000000 0.838000
1.495554 0.000000 0.891500
1.437678 0.000000 0.857000
1.406308 0.000000 0.838300
1.442543 0.000000 0.859900
1.559805 0.000000 0.929800
1.521892 0.000000 0.907200
1.470726 0.000000 0.876700
1.506962 0.000000 0.898300
1.518202 0.000000 0.905000
1.519040 0.000000 0.905500
1.410837 0.000000 0.841000
1.418386 0.000000 0.845500
1.421909 0.000000 0.847600
1.481966 0.000000 0.883400
1.427948 0.000000 0.851200
1.500084 0.000000 0.894200
1.512833 0.000000 0.901800
1.442040 0.000000 0.859600
1.422245 0.000000 0.847800
1.532293 0.000000 0.913400
1.521389 0.000000 0.906900
1.431303 0.000000 0.853200
1.414696 0.000000 0.843300
1.487838 0.000000 0.886900
1.500923 0.000000 0.894700
1.520382 0.000000 0.906300
1.532797 0.000000 0.913700
1.479114 0.000000 0.881700
1.551921 0.000000 0.925100
1.408992 0.000000 0.839900
1.392384 0.000000 0.830000
1.510988 0.000000 0.900700
1.411676 0.000000 0.841500
1.423754 0.000000 0.848700
1.466868 0.000000 0.874400
1.497903 0.000000 0.892900
1.498910 0.000000 0.893500
1.553598 0.000000 0.926100
1.417715 0.000000 0.845100
1.575071 0.000000 0.938900
1.464016 0.000000 0.872700
1.429290 0.000000 0.852000
1.479282 0.000000 0.881800
1.569032 0.000000 0.935300
1.501929 0.000000 0.895300
1.452105 0.000000 0.865600
1.514511 0.000000 0.902800
1.482469 0.000000 0.883700
1.487502 0.000000 0.886700
1.524073 0.000000 0.908500
1.569535 0.000000 0.935600
1.465526 0.000000 0.873600
1.469384 0.000000 0.875900
1.557792 0.000000 0.928600
1.457474 0.000000 0.868800
1.517698 0.000000 0.904700
1.466029 0.000000 0.873900
1.456132 0.000000 0.868000
1.488509 0.000000 0.887300
1.516021 0.000000 0.903700
1.504781 0.000000 0.897000
1.510485 0.000000 0.900400
1.476766 0.000000 0.880300
1.498742 0.000000 0.893400
1.447240 0.000000 0.862700
1.480792 0.000000 0.882700
1.395571 0.000000 0.831900
1.467539 0.000000 0.874800
1.447073 0.000000 0.862600
1.408489 0.000000 0.839600
1.367220 0.000000 0.815000
1.498239 0.000000 0.893100
1.480624 0.000000 0.882600
1.470223 0.000000 0.876400
1.457306 0.000000 0.868700
1.399262 0.000000 0.834100
1.383157 0.000000 0.824500
1.463345 0.000000 0.872300
1.479618 0.000000 0.882000
1.487167 0.000000 0.886500
1.440362 0.000000 0.858600
1.513337 0.000000 0.902100
1.512330 0.000000 0.901500
1.411173 0.000000 0.841200
1.533300 0.000000 0.914000
1.368898 0.000000 0.816000
1.556954 0.000000 0.928100
1.529777 0.000000 0.911900
1.439020 0.000000 0.857800
1.491193 0.000000 0.888900
1.447073 0.000000 0.862600
1.505788 0.000000 0.897600
1.399597 0.000000 0.834300
1.479785 0.000000 0.882100
1.457977 0.000000 0.869100
1.525583 0.000000 0.909400
1.447240 0.000000 0.862700
1.477437 0.000000 0.880700
1.467539 0.000000 0.874800
1.437343 0.000000 0.856800
1.449086 0.000000 0.863800
1.580607 0.000000 0.942200
1.499916 0.000000 0.894100
1.437678 0.000000 0.857000
1.392887 0.000000 0.830300
1.519376 0.000000 0.905700
1.484315 0.000000 0.884800
1.394732 0.000000 0.831400
1.419560 0.000000 0.846200
1.408153 0.000000 0.839400
1.440027 0.000000 0.858400
1.399430 0.000000 0.834200
1.482302 0.000000 0.883600
1.549069 0.000000 0.923400
1.492535 0.000000 0.889700
1.531622 0.000000 0.913000
1.511491 0.000000 0.901000
1.471230 0.000000 0.877000
1.501761 0.000000 0.895200
1.467203 0.000000 0.874600
1.439524 0.000000 0.858100
1.495554 0.000000 0.891500
1.540849 0.000000 0.918500
1.464016 0.000000 0.872700
1.564335 0.000000 0.932500
1.502600 0.000000 0.895700
1.417044 0.000000 0.844700
1.490354 0.000000 0.888400
1.422245 0.000000 0.847800
1.517866 0.000000 0.904800
1.496561 0.000000 0.892100
1.501929 0.000000 0.895300
1.517698 0.000000 0.904700
1.574904 0.000000 0.938800
1.431471 0.000000 0.853300
1.417547 0.000000 0.845000
1.413018 0.000000 0.842300
1.454454 0.000000 0.867000
1.390874 0.000000 0.829100
1.581111 0.000000 0.942500
1.529945 0.000000 0.912000
1.469552 0.000000 0.876000
1.540010 0.000000 0.918000
1.411005 0.000000 0.841100
1.463513 0.000000 0.872400
1.390035 0.000000 0.828600
1.438014 0.000000 0.857200
1.480121 0.000000 0.882300
1.490186 0.000000 0.888300
1.417212 0.000000 0.844800
1.480456 0.000000 0.882500
1.516524 0.000000 0.904000
1.516860 0.000000 0.904200
1.482302 0.000000 0.883600
1.464016 0.000000 0.872700
1.493206 0.000000 0.890100
1.506626 0.000000 0.898100
1.605268 0.000000 0.956900
1.494380 0.000000 0.890800
1.510149 0.000000 0.900200
1.457474 0.000000 0.868800
1.402785 0.000000 0.836200
1.454957 0.000000 0.867300
1.507801 0.000000 0.898800
1.440866 0.000000 0.858900
1.508136 0.000000 0.899000
1.485825 0.000000 0.885700
1.429961 0.000000 0.852400
1.534642 0.000000 0.914800
1.422245 0.000000 0.847800
1.519208 0.000000 0.905600
1.524576 0.000000 0.908800
1.499748 0.000000 0.894000
1.466197 0.000000 0.874000
1.548230 0.000000 0.922900
1.587821 0.000000 0.946500
1.484315 0.000000 0.884800
1.476933 0.000000 0.880400
1.518369 0.000000 0.905100
1.458480 0.000000 0.869400
1.568697 0.000000 0.935100
1.417044 0.000000 0.844700
1.447408 0.000000 0.862800
1.417547 0.000000 0.845000
1.459654 0.000000 0.870100
1.427445 0.000000 0.850900
1.497735 0.000000 0.892800
1.456467 0.000000 0.868200
1.467539 0.000000 0.874800
1.424258 0.000000 0.849000
1.474417 0.000000 0.878900
1.543868 0.000000 0.920300
1.418889 0.000000 0.845800
1.499245 0.000000 0.893700
1.530951 0.000000 0.912600
1.477772 0.000000 0.880900
1.468881 0.000000 0.875600
1.498071 0.000000 0.893000
1.473075 0.000000 0.878100
1.476262 0.000000 0.880000
1.452776 0.000000 0.866000
1.600235 0.000000 0.953900
1.550243 0.000000 0.924100
1.467371 0.000000 0.874700
1.458312 0.000000 0.869300
1.483644 0.000000 0.884400
1.401275 0.000000 0.835300
1.421238 0.000000 0.847200
1.413353 0.000000 0.842500
1.408153 0.000000 0.839400
1.486831 0.000000 0.886300
1.446737 0.000000 0.862400
1.551250 0.000000 0.924700
1.364201 0.000000 0.813200
1.422916 0.000000 0.848200
1.460325 0.000000 0.870500
1.400436 0.000000 0.834800
1.448750 0.000000 0.863600
1.435497 0.000000 0.855700
1.459654 0.000000 0.870100
1.408321 0.000000 0.839500
1.459151 0.000000 0.869800
1.463513 0.000000 0.872400
1.417883 0.000000 0.845200
1.485992 0.000000 0.885800
1.484986 0.000000 0.885200
1.423587 0.000000 0.848600
1.436839 0.000000 0.856500
1.398926 0.000000 0.833900
1.524744 0.000000 0.908900
1.447240 0.000000 0.862700
1.527932 0.000000 0.910800
1.505788 0.000000 0.897600
1.423251 0.000000 0.848400
1.409495 0.000000 0.840200
1.532797 0.000000 0.913700
1.572052 0.000000 0.937100
1.482302 0.000000 0.883600
1.566516 0.000000 0.933800
1.480792 0.000000 0.882700
1.414024 0.000000 0.842900
1.471733 0.000000 0.877300
1.484482 0.000000 0.884900
1.508975 0.000000 0.899500
1.489347 0.000000 0.887800
1.459654 0.000000 0.870100
1.412011 0.000000 0.841700
1.419225 0.000000 0.846000
1.557121 0.000000 0.928200
1.421238 0.000000 0.847200
1.428787 0.000000 0.851700
1.456970 0.000000 0.868500
1.528099 0.000000 0.910900
1.488844 0.000000 0.887500
1.390539 0.000000 0.828900
1.409495 0.000000 0.840200
1.422077 0.000000 0.847700
1.385841 0.000000 0.826100
1.439188 0.000000 0.857900
1.436001 0.000000 0.856000
1.575742 0.000000 0.939300
1.401275 0.000000 0.835300
1.471733 0.000000 0.877300
1.498910 0.000000 0.893500
1.421070 0.000000 0.847100
1.488341 0.000000 0.887200
1.540513 0.000000 0.918300
1.356987 0.000000 0.808900
1.434155 0.000000 0.854900
1.491361 0.000000 0.889000
1.465861 0.000000 0.873800
1.432813 0.000000 0.854100
1.524912 0.000000 0.909000
1.437007 0.000000 0.856600
1.461500 0.000000 0.871200
1.415702 0.000000 0.843900
1.412179 0.000000 0.841800
1.520047 0.000000 0.906100
1.494548 0.000000 0.890900
1.484650 0.000000 0.885000
1.409327 0.000000 0.840100
1.508975 0.000000 0.899500
1.414863 0.000000 0.843400
1.543030 0.000000 0.919800
1.501929 0.000000 0.895300
1.500755 0.000000 0.894600
1.443885 0.000000 0.860700
1.497735 0.000000 0.892800
1.503439 0.000000 0.896200
1.522563 0.000000 0.907600
1.479953 0.000000 0.882200
1.518537 0.000000 0.905200
1.451938 0.000000 0.865500
1.413857 0.000000 0.842800
1.453951 0.000000 0.866700
1.404295 0.000000 0.837100
1.359503 0.000000 0.810400
1.469217 0.000000 0.875800
1.385003 0.000000 0.825600
1.403288 0.000000 0.836500
1.455125 0.000000 0.867400
1.383828 0.000000 0.824900
1.411844 0.000000 0.841600
1.519208 0.000000 0.905600
1.465023 0.000000 0.873300
1.467539 0.000000 0.874800
1.452273 0.000000 0.865700
1.501090 0.000000 0.894800
1.444221 0.000000 0.860900
1.473411 0.000000 0.878300
1.468210 0.000000 0.875200
1.492199 0.000000 0.889500
1.451099 0.000000 0.865000
1.501258 0.000000 0.894900
1.347928 0.000000 0.803500
1.396074 0.000000 0.832200
1.410837 0.000000 0.841000
1.477604 0.000000 0.880800
1.492870 0.000000 0.889900
1.533300 0.000000 0.914000
1.452609 0.000000 0.865900
1.429794 0.000000 0.852300
1.411173 0.000000 0.841200
1.437846 0.000000 0.857100
1.411005 0.000000 0.841100
1.417715 0.000000 0.845100
1.498071 0.000000 0.893000
1.482469 0.000000 0.883700
1.505620 0.000000 0.897500
1.515182 0.000000 0.903200
1.467036 0.000000 0.874500
1.376279 0.000000 0.820400
1.460158 0.000000 0.870400
1.427445 0.000000 0.850900
1.372924 0.000000 0.818400
1.427781 0.000000 0.851100
1.378460 0.000000 0.821700
1.466197 0.000000 0.874000
1.497735 0.000000 0.892800
1.507968 0.000000 0.898900
1.550747 0.000000 0.924400
1.472404 0.000000 0.877700
1.400939 0.000000 0.835100
1.437343 0.000000 0.856800
1.479450 0.000000 0.881900
1.407314 0.000000 0.838900
1.588660 0.000000 0.947000
1.468210 0.000000 0.875200
1.465190 0.000000 0.873400
1.448079 0.000000 0.863200
1.414024 0.000000 0.842900
1.445060 0.000000 0.861400
1.392216 0.000000 0.829900
1.377789 0.000000 0.821300
1.513504 0.000000 0.902200
1.481798 0.000000 0.883300
1.497400 0.000000 0.892600
1.474082 0.000000 0.878700
1.520550 0.000000 0.906400
1.476766 0.000000 0.880300
1.471230 0.000000 0.877000
1.463177 0.000000 0.872200
1.483476 0.000000 0.884300
1.485657 0.000000 0.885600
1.484986 0.000000 0.885200
1.501594 0.000000 0.895100
1.455125 0.000000 0.867400
1.491528 0.000000 0.889100
1.460493 0.000000 0.870600
1.435497 0.000000 0.855700
1.516021 0.000000 0.903700
1.435497 0.000000 0.855700
1.470055 0.000000 0.876300
1.409160 0.000000 0.840000
1.442711 0.000000 0.860000
1.438014 0.000000 0.857200
1.362020 0.000000 0.811900
1.469384 0.000000 0.875900
1.453615 0.000000 0.866500
1.547391 0.000000 0.922400
1.581278 0.000000 0.942600
1.477437 0.000000 0.880700
1.449086 0.000000 0.863800
1.513672 0.000000 0.902300
1.572052 0.000000 0.937100
1.527261 0.000000 0.910400
1.480289 0.000000 0.882400
1.524241 0.000000 0.908600
1.496225 0.000000 0.891900
1.409998 0.000000 0.840500
1.404295 0.000000 0.837100
1.462674 0.000000 0.871900
1.495051 0.000000 0.891200
1.495219 0.000000 0.891300
1.477269 0.000000 0.880600
1.525247 0.000000 0.909200
1.526422 0.000000 0.909900
1.451099 0.000000 0.865000
1.417715 0.000000 0.845100
1.478946 0.000000 0.881600
1.513840 0.000000 0.902400
1.448079 0.000000 0.863200
1.491193 0.000000 0.888900
1.506794 0.000000 0.898200
1.518873 0.000000 0.905400
1.458648 0.000000 0.869500
1.494716 0.000000 0.891000
1.432142 0.000000 0.853700
1.505788 0.000000 0.897600
1.461668 0.000000 0.871300
1.492367 0.000000 0.889600
1.455964 0.000000 0.867900
1.456635 0.000000 0.868300
1.503942 0.000000 0.896500
1.468713 0.000000 0.875500
1.465526 0.000000 0.873600
1.548901 0.000000 0.923300
1.405637 0.000000 0.837900
1.504613 0.000000 0.896900
1.597551 0.000000 0.952300
1.493709 0.000000 0.890400
1.435497 0.000000 0.855700
1.443717 0.000000 0.860600
1.452105 0.000000 0.865600
1.514175 0.000000 0.902600
1.492199 0.000000 0.889500
1.430465 0.000000 0.852700
1.385338 0.000000 0.825800
1.401946 0.000000 0.835700
1.454118 0.000000 0.866800
1.455964 0.000000 0.867900
1.388358 0.000000 0.827600
1.470894 0.000000 0.876800
1.419225 0.000000 0.846000
1.402114 0.000000 0.835800
1.368730 0.000000 0.815900
1.511156 0.000000 0.900800
1.519879 0.000000 0.906000
1.479282 0.000000 0.881800
1.479785 0.000000 0.882100
1.472907 0.000000 0.878000
1.525583 0.000000 0.909400
1.402617 0.000000 0.836100
1.476095 0.000000 0.879900
1.429458 0.000000 0.852100
1.491864 0.000000 0.889300
1.485153 0.000000 0.885300
1.533803 0.000000 0.914300
1.527764 0.000000 0.910700
1.461164 0.000000 0.871000
1.530616 0.000000 0.912400
1.481631 0.000000 0.883200
1.551753 0.000000 0.925000
1.476766 0.000000 0.880300
1.475424 0.000000 0.879500
1.519711 0.000000 0.905900
1.439188 0.000000 0.857900
1.529106 0.000000 0.911500
1.544707 0.000000 0.920800
1.533132 0.000000 0.913900
1.476262 0.000000 0.880000
1.581782 0.000000 0.942900
1.446066 0.000000 0.862000
1.406475 0.000000 0.838400
1.474920 0.000000 0.879200
1.520718 0.000000 0.906500
1.517698 0.000000 0.904700
1.456635 0.000000 0.868300
1.407985 0.000000 0.839300
1.370072 0.000000 0.816700
1.460325 0.000000 0.870500
1.420567 0.000000 0.846800
1.508975 0.000000 0.899500
1.480960 0.000000 0.882800
1.466365 0.000000 0.874100
1.519544 0.000000 0.905800
1.561147 0.000000 0.930600
1.392552 0.000000 0.830100
1.490186 0.000000 0.888300
1.539507 0.000000 0.917700
1.524241 0.000000 0.908600
1.417883 0.000000 0.845200
1.517698 0.000000 0.904700
1.526254 0.000000 0.909800
1.441872 0.000000 0.859500
1.454789 0.000000 0.867200
1.397417 0.000000 0.833000
1.495722 0.000000 0.891600
1.516524 0.000000 0.904000
1.424258 0.000000 0.849000
1.429961 0.000000 0.852400
1.457977 0.000000 0.869100
1.493877 0.000000 0.890500
1.449925 0.000000 0.864300
1.510317 0.000000 0.900300
1.479114 0.000000 0.881700
1.619527 0.000000 0.965400
1.380305 0.000000 0.822800
1.398591 0.000000 0.833700
1.518202 0.000000 0.905000
1.414360 0.000000 0.843100
1.467707 0.000000 0.874900
1.515685 0.000000 0.903500
1.458480 0.000000 0.869400
1.511491 0.000000 0.901000
1.484147 0.000000 0.884700
1.494212 0.000000 0.890700
1.429626 0.000000 0.852200
1.476766 0.000000 0.880300
1.521725 0.000000 0.907100
1.453280 0.000000 0.866300
1.421741 0.000000 0.847500
1.464352 0.000000 0.872900
1.515014 0.000000 0.903100
1.494045 0.000000 0.890600
1.558128 0.000000 0.928800
1.527596 0.000000 0.910600
1.363194 0.000000 0.812600
1.491361 0.000000 0.889000
1.531454 0.000000 0.912900
1.480960 0.000000 0.882800
1.505117 0.000000 0.897200
1.536319 0.000000 0.915800
1.473411 0.000000 0.878300
1.422412 0.000000 0.847900
1.420232 0.000000 0.846600
1.370240 0.000000 0.816800
1.459487 0.000000 0.870000
1.436504 0.000000 0.856300
1.478108 0.000000 0.881100
1.442375 0.000000 0.859800
1.420903 0.000000 0.847000
1.522396 0.000000 0.907500
1.420903 0.000000 0.847000
1.514343 0.000000 0.902700
1.361181 0.000000 0.811400
1.512498 0.000000 0.901600
1.513840 0.000000 0.902400
1.468210 0.000000 0.875200
1.439356 0.000000 0.858000
1.470223 0.000000 0.876400
1.447744 0.000000 0.863000
1.510149 0.000000 0.900200
1.480456 0.000000 0.882500
1.470559 0.000000 0.876600
1.534474 0.000000 0.914700
1.462171 0.000000 0.871600
1.558463 0.000000 0.929000
1.447911 0.000000 0.863100
1.527261 0.000000 0.910400
1.555611 0.000000 0.927300
1.474920 0.000000 0.879200
1.475088 0.000000 0.879300
1.494212 0.000000 0.890700
1.452441 0.000000 0.865800
1.451938 0.000000 0.865500
1.415031 0.000000 0.843500
1.538668 0.000000 0.917200
1.549069 0.000000 0.923400
1.480121 0.000000 0.882300
1.498239 0.000000 0.893100
1.470726 0.000000 0.876700
1.455293 0.000000 0.867500
1.485321 0.000000 0.885400
1.392887 0.000000 0.830300
1.451099 0.000000 0.865000
1.502432 0.000000 0.895600
1.508472 0.000000 0.899200
1.493038 0.000000 0.890000
1.466029 0.000000 0.873900
1.472236 0.000000 0.877600
1.428116 0.000000 0.851300
1.525918 0.000000 0.909600
1.421741 0.000000 0.847500
1.448247 0.000000 0.863300
1.482302 0.000000 0.883600
1.473243 0.000000 0.878200
1.509311 0.000000 0.899700
1.508472 0.000000 0.899200
1.490186 0.000000 0.888300
1.506794 0.000000 0.898200
1.602416 0.000000 0.955200
1.510317 0.000000 0.900300
1.510820 0.000000 0.900600
1.490354 0.000000 0.888400
1.478108 0.000000 0.881100
1.500419 0.000000 0.894400
1.429123 0.000000 0.851900
1.504446 0.000000 0.896800
1.465694 0.000000 0.873700
1.455125 0.000000 0.867400
1.404295 0.000000 0.837100
1.436672 0.000000 0.856400
1.507297 0.000000 0.898500
1.537829 0.000000 0.916700
1.464352 0.000000 0.872900
1.417044 0.000000 0.844700
1.502432 0.000000 0.895600
1.521389 0.000000 0.906900
1.461835 0.000000 0.871400
1.524744 0.000000 0.908900
1.536823 0.000000 0.916100
1.498910 0.000000 0.893500
1.468881 0.000000 0.875600
1.579097 0.000000 0.941300
1.597383 0.000000 0.952200
1.358665 0.000000 0.809900
1.509982 0.000000 0.900100
1.471901 0.000000 0.877400
1.424761 0.000000 0.849300
1.491864 0.000000 0.889300
1.457809 0.000000 0.869000
1.433149 0.000000 0.854300
1.428452 0.000000 0.851500
1.440027 0.000000 0.858400
1.393558 0.000000 0.830700
1.500755 0.000000 0.894600
1.471397 0.000000 0.877100
1.463513 0.000000 0.872400
1.568025 0.000000 0.934700
1.507130 0.000000 0.898400
1.467875 0.000000 0.875000
1.513840 0.000000 0.902400
1.503942 0.000000 0.896500
1.510820 0.000000 0.900600
1.416709 0.000000 0.844500
1.504446 0.000000 0.896800
1.488005 0.000000 0.887000
1.407482 0.000000 0.839000
1.471230 0.000000 0.877000
1.500419 0.000000 0.894400
1.568361 0.000000 0.934900
1.586143 0.000000 0.945500
1.425264 0.000000 0.849600
1.489347 0.000000 0.887800
1.524744 0.000000 0.908900
1.456467 0.000000 0.868200
1.605435 0.000000 0.957000
1.586311 0.000000 0.945600
1.530616 0.000000 0.912400
1.492870 0.000000 0.889900
1.473243 0.000000 0.878200
1.502936 0.000000 0.895900
1.415702 0.000000 0.843900
1.462506 0.000000 0.871800
1.386680 0.000000 0.826600
1.448750 0.000000 0.863600
1.453951 0.000000 0.866700
1.396074 0.000000 0.832200
1.504110 0.000000 0.896600
1.481966 0.000000 0.883400
1.537997 0.000000 0.916800
1.483476 0.000000 0.884300
1.515014 0.000000 0.903100
1.462171 0.000000 0.871600
1.381983 0.000000 0.823800
1.469384 0.000000 0.875900
1.502768 0.000000 0.895800
1.509478 0.000000 0.899800
1.458816 0.000000 0.869600
1.461332 0.000000 0.871100
1.513001 0.000000 0.901900
1.479953 0.000000 0.882200
1.491193 0.000000 0.888900
1.510149 0.000000 0.900200
1.445395 0.000000 0.861600
1.543868 0.000000 0.920300
1.390706 0.000000 0.829000
1.611810 0.000000 0.960800
1.507465 0.000000 0.898600
1.475927 0.000000 0.879800
1.526422 0.000000 0.909900
1.489012 0.000000 0.887600
1.536152 0.000000 0.915700
1.535145 0.000000 0.915100
1.503942 0.000000 0.896500
1.539507 0.000000 0.917700
1.366549 0.000000 0.814600
1.510317 0.000000 0.900300
1.584130 0.000000 0.944300
1.497064 0.000000 0.892400
1.538668 0.000000 0.917200
1.433988 0.000000 0.854800
1.431303 0.000000 0.853200
1.447576 0.000000 0.862900
1.565174 0.000000 0.933000
1.483644 0.000000 0.884400
1.473243 0.000000 0.878200
1.543533 0.000000 0.920100
1.454957 0.000000 0.867300
1.514847 0.000000 0.903000
1.532293 0.000000 0.913400
1.479618 0.000000 0.882000
1.536823 0.000000 0.916100
1.414192 0.000000 0.843000
1.503271 0.000000 0.896100
1.605268 0.000000 0.956900
1.457977 0.000000 0.869100
1.426774 0.000000 0.850500
1.446234 0.000000 0.862100
1.377789 0.000000 0.821300
1.518369 0.000000 0.905100
1.422412 0.000000 0.847900
1.468042 0.000000 0.875100
1.519040 0.000000 0.905500
1.470894 0.000000 0.876800
1.411676 0.000000 0.841500
1.472236 0.000000 0.877600
1.462171 0.000000 0.871600
1.352122 0.000000 0.806000
1.466197 0.000000 0.874000
1.490186 0.000000 0.888300
1.390035 0.000000 0.828600
1.504446 0.000000 0.896800
1.506794 0.000000 0.898200
1.452609 0.000000 0.865900
1.463010 0.000000 0.872100
1.426774 0.000000 0.850500
1.432646 0.000000 0.854000
1.446066 0.000000 0.862000
1.500923 0.000000 0.894700
1.537326 0.000000 0.916400
1.477101 0.000000 0.880500
1.499245 0.000000 0.893700
1.472739 0.000000 0.877900
1.472404 0.000000 0.877700
1.596209 0.000000 0.951500
1.518202 0.000000 0.905000
1.491696 0.000000 0.889200
1.395068 0.000000 0.831600
1.454286 0.000000 0.866900
1.427781 0.000000 0.851100
1.470726 0.000000 0.876700
1.525918 0.000000 0.909600
1.432142 0.000000 0.853700
1.508472 0.000000 0.899200
1.551753 0.000000 0.925000
1.562490 0.000000 0.931400
1.560812 0.000000 0.930400
1.439859 0.000000 0.858300
1.490689 0.000000 0.888600
1.499748 0.000000 0.894000
1.501594 0.000000 0.895100
1.460829 0.000000 0.870800
1.501090 0.000000 0.894800
1.482805 0.000000 0.883900
1.417212 0.000000 0.844800
1.491361 0.000000 0.889000
1.439188 0.000000 0.857900
1.523738 0.000000 0.908300
1.509814 0.000000 0.900000
1.359336 0.000000 0.810300
1.449589 0.000000 0.864100
1.549740 0.000000 0.923800
1.569368 0.000000 0.935500
1.443214 0.000000 0.860300
1.399597 0.000000 0.834300
1.472236 0.000000 0.877600
1.503104 0.000000 0.896000
1.489347 0.000000 0.887800
1.400101 0.000000 0.834600
1.476766 0.000000 0.880300
1.457641 0.000000 0.868900
1.511156 0.000000 0.900800
1.520550 0.000000 0.906400
1.466365 0.000000 0.874100
1.422916 0.000000 0.848200
1.428787 0.000000 0.851700
1.426271 0.000000 0.850200
1.429123 0.000000 0.851900
1.395068 0.000000 0.831600
1.457306 0.000000 0.868700
1.428619 0.000000 0.851600
1.507968 0.000000 0.898900
1.516524 0.000000 0.904000
1.452776 0.000000 0.866000
1.433988 0.000000 0.854800
1.487670 0.000000 0.886800
1.520382 0.000000 0.906300
1.512498 0.000000 0.901600
1.431303 0.000000 0.853200
1.454957 0.000000 0.867300
1.497568 0.000000 0.892700
1.419225 0.000000 0.846000
1.433820 0.000000 0.854700
1.417380 0.000000 0.844900
1.491025 0.000000 0.888800
1.492199 0.000000 0.889500
1.478275 0.000000 0.881200
1.590505 0.000000 0.948100
1.427110 0.000000 0.850700
1.386009 0.000000 0.826200
1.416541 0.000000 0.844400
1.488844 0.000000 0.887500
1.458480 0.000000 0.869400
1.395571 0.000000 0.831900
1.446737 0.000000 0.862400
1.445731 0.000000 0.861800
1.427781 0.000000 0.851100
1.485825 0.000000 0.885700
1.438182 0.000000 0.857300
1.332662 0.000000 0.794400
1.567354 0.000000 0.934300
1.561315 0.000000 0.930700
1.493374 0.000000 0.890200
1.433149 0.000000 0.854300
1.444724 0.000000 0.861200
1.450428 0.000000 0.864600
1.465526 0.000000 0.873600
1.416373 0.000000 0.844300
1.487502 0.000000 0.886700
1.532293 0.000000 0.913400
1.423251 0.000000 0.848400
1.499748 0.000000 0.894000
1.494883 0.000000 0.891100
1.466029 0.000000 0.873900
1.404630 0.000000 0.837300
1.388861 0.000000 0.827900
1.507465 0.000000 0.898600
1.512666 0.000000 0.901700
1.351787 0.000000 0.805800
1.384667 0.000000 0.825400
1.507465 0.000000 0.898600
1.446569 0.000000 0.862300
1.581278 0.000000 0.942600
1.528770 0.000000 0.911300
1.427445 0.000000 0.850900
1.391042 0.000000 0.829200
1.629592 0.000000 0.971400
1.479282 0.000000 0.881800
1.477772 0.000000 0.880900
1.418386 0.000000 0.845500
1.562490 0.000000 0.931400
1.484650 0.000000 0.885000
1.478275 0.000000 0.881200
1.489515 0.000000 0.887900
1.508136 0.000000 0.899000
1.450931 0.000000 0.864900
1.483811 0.000000 0.884500
1.441201 0.000000 0.859100
1.552927 0.000000 0.925700
1.568864 0.000000 0.935200
1.433484 0.000000 0.854500
1.491864 0.000000 0.889300
1.365039 0.000000 0.813700
1.436839 0.000000 0.856500
1.486328 0.000000 0.886000
1.546553 0.000000 0.921900
1.517195 0.000000 0.904400
1.471062 0.000000 0.876900
1.535984 0.000000 0.915600
1.383828 0.000000 0.824900
1.527093 0.000000 0.910300
1.501761 0.000000 0.895200
1.386177 0.000000 0.826300
1.472068 0.000000 0.877500
1.426103 0.000000 0.850100
1.488509 0.000000 0.887300
1.480624 0.000000 0.882600
1.508136 0.000000 0.899000
1.435833 0.000000 0.855900
1.514847 0.000000 0.903000
1.485489 0.000000 0.885500
1.464687 0.000000 0.873100
1.492535 0.000000 0.889700
1.453447 0.000000 0.866400
1.506962 0.000000 0.898300
1.368059 0.000000 0.815500
1.476766 0.000000 0.880300
1.460996 0.000000 0.870900
1.482469 0.000000 0.883700
1.419225 0.000000 0.846000
1.499916 0.000000 0.894100
1.551921 0.000000 0.925100
1.582788 0.000000 0.943500
1.493877 0.000000 0.890500
1.522396 0.000000 0.907500
1.494045 0.000000 0.890600
1.422245 0.000000 0.847800
1.445395 0.000000 0.861600
1.497064 0.000000 0.892400
1.527093 0.000000 0.910300
1.546888 0.000000 0.922100
1.448918 0.000000 0.863700
1.543197 0.000000 0.919900
1.479450 0.000000 0.881900
1.348767 0.000000 0.804000
1.509982 0.000000 0.900100
1.426606 0.000000 0.850400
1.406308 0.000000 0.838300
1.509982 0.000000 0.900100
1.478779 0.000000 0.881500
1.425432 0.000000 0.849700
1.441033 0.000000 0.859000
1.564838 0.000000 0.932800
1.483140 0.000000 0.884100
1.388190 0.000000 0.827500
1.413186 0.000000 0.842400
1.426439 0.000000 0.850300
1.593860 0.000000 0.950100
1.439524 0.000000 0.858100
1.448582 0.000000 0.863500
1.500923 0.000000 0.894700
1.581782 0.000000 0.942900
1.529274 0.000000 0.911600
1.539675 0.000000 0.917800
1.554773 0.000000 0.926800
1.421909 0.000000 0.847600
1.402617 0.000000 0.836100
1.476598 0.000000 0.880200
1.503439 0.000000 0.896200
1.445563 0.000000 0.861700
1.515014 0.000000 0.903100
1.542694 0.000000 0.919600
1.428955 0.000000 0.851800
1.484315 0.000000 0.884800
1.445060 0.000000 0.861400
1.504446 0.000000 0.896800
1.370743 0.000000 0.817100
1.463345 0.000000 0.872300
1.462842 0.000000 0.872000
1.463681 0.000000 0.872500
1.492199 0.000000 0.889500
1.460996 0.000000 0.870900
1.463010 0.000000 0.872100
1.528099 0.000000 0.910900
1.433149 0.000000 0.854300
1.422245 0.000000 0.847800
1.567858 0.000000 0.934600
1.468042 0.000000 0.875100
1.418051 0.000000 0.845300
1.475927 0.000000 0.879800
1.473578 0.000000 0.878400
1.461500 0.000000 0.871200
1.425264 0.000000 0.849600
1.521725 0.000000 0.907100
1.517531 0.000000 0.904600
1.569871 0.000000 0.935800
1.467371 0.000000 0.874700
1.466532 0.000000 0.874200
1.495722 0.000000 0.891600
1.476598 0.000000 0.880200
1.466365 0.000000 0.874100
1.472739 0.000000 0.877900
1.443046 0.000000 0.860200
1.404966 0.000000 0.837500
1.388861 0.000000 0.827900
1.552760 0.000000 0.925600
1.450931 0.000000 0.864900
1.453615 0.000000 0.866500
1.436839 0.000000 0.856500
1.495051 0.000000 0.891200
1.436672 0.000000 0.856400
1.412179 0.000000 0.841800
1.519208 0.000000 0.905600
1.432813 0.000000 0.854100
1.457809 0.000000 0.869000
1.485321 0.000000 0.885400
1.472404 0.000000 0.877700
1.512833 0.000000 0.901800
1.463513 0.000000 0.872400
1.406811 0.000000 0.838600
1.574904 0.000000 0.938800
1.492367 0.000000 0.889600
1.469384 0.000000 0.875900
1.557960 0.000000 0.928700
1.430465 0.000000 0.852700
1.490689 0.000000 0.888600
1.509982 0.000000 0.900100
1.449757 0.000000 0.864200
1.511659 0.000000 0.901100
1.441872 0.000000 0.859500
1.422077 0.000000 0.847700
1.542191 0.000000 0.919300
1.553431 0.000000 0.926000
1.491528 0.000000 0.889100
1.508639 0.000000 0.899300
1.480960 0.000000 0.882800
1.548566 0.000000 0.923100
1.520886 0.000000 0.906600
1.459654 0.000000 0.870100
1.414528 0.000000 0.843200
1.500084 0.000000 0.894200
1.521725 0.000000 0.907100
1.449421 0.000000 0.864000
1.512833 0.000000 0.901800
1.491696 0.000000 0.889200
1.450092 0.000000 0.864400
1.514343 0.000000 0.902700
1.526925 0.000000 0.910200
1.562322 0.000000 0.931300
1.463513 0.000000 0.872400
1.376279 0.000000 0.820400
1.578594 0.000000 0.941000
1.325952 0.000000 0.790400
1.519208 0.000000 0.905600
1.546553 0.000000 0.921900
1.537326 0.000000 0.916400
1.411508 0.000000 0.841400
1.475927 0.000000 0.879800
1.580440 0.000000 0.942100
1.469217 0.000000 0.875800
1.500084 0.000000 0.894200
1.469720 0.000000 0.876100
1.504110 0.000000 0.896600
1.480289 0.000000 0.882400
1.461332 0.000000 0.871100
1.483979 0.000000 0.884600
1.471397 0.000000 0.877100
1.520047 0.000000 0.906100
1.411173 0.000000 0.841200
1.422748 0.000000 0.848100
1.525583 0.000000 0.909400
1.384331 0.000000 0.825200
1.523234 0.000000 0.908000
1.571381 0.000000 0.936700
1.468881 0.000000 0.875600
1.568697 0.000000 0.935100
1.496393 0.000000 0.892000
1.511491 0.000000 0.901000
1.408656 0.000000 0.839700
1.486831 0.000000 0.886300
1.463513 0.000000 0.872400
1.456635 0.000000 0.868300
1.399430 0.000000 0.834200
1.446569 0.000000 0.862300
1.441201 0.000000 0.859100
1.442879 0.000000 0.860100
1.563161 0.000000 0.931800
1.482302 0.000000 0.883600
1.539339 0.000000 0.917600
1.516524 0.000000 0.904000
1.596209 0.000000 0.951500
1.429290 0.000000 0.852000
1.463010 0.000000 0.872100
1.452776 0.000000 0.866000
1.492367 0.000000 0.889600
1.518034 0.000000 0.904900
1.545211 0.000000 0.921100
1.473746 0.000000 0.878500
1.483308 0.000000 0.884200
1.477101 0.000000 0.880500
1.542023 0.000000 0.919200
1.427445 0.000000 0.850900
1.608790 0.000000 0.959000
1.457306 0.000000 0.868700
1.453615 0.000000 0.866500
1.433484 0.000000 0.854500
1.369401 0.000000 0.816300
1.491864 0.000000 0.889300
1.490857 0.000000 0.888700
1.473075 0.000000 0.878100
1.453615 0.000000 0.866500
1.474417 0.000000 0.878900
1.554102 0.000000 0.926400
1.550243 0.000000 0.924100
1.538165 0.000000 0.916900
1.435330 0.000000 0.855600
1.466365 0.000000 0.874100
1.514343 0.000000 0.902700
1.511156 0.000000 0.900800
1.388525 0.000000 0.827700
1.433652 0.000000 0.854600
1.489851 0.000000 0.888100
1.562490 0.000000 0.931400
1.439859 0.000000 0.858300
1.501594 0.000000 0.895100
1.504781 0.000000 0.897000
1.381983 0.000000 0.823800
1.457474 0.000000 0.868800
1.426606 0.000000 0.850400
1.435162 0.000000 0.855500
1.437343 0.000000 0.856800
1.484147 0.000000 0.884700
1.448079 0.000000 0.863200
1.509982 0.000000 0.900100
1.423922 0.000000 0.848800
1.480121 0.000000 0.882300
1.484650 0.000000 0.885000
1.509814 0.000000 0.900000
1.396913 0.000000 0.832700
1.424258 0.000000 0.849000
1.496225 0.000000 0.891900
1.436672 0.000000 0.856400
1.407985 0.000000 0.839300
1.552592 0.000000 0.925500
1.510149 0.000000 0.900200
1.495890 0.000000 0.891700
1.572723 0.000000 0.937500
1.476262 0.000000 0.880000
1.518202 0.000000 0.905000
1.480121 0.000000 0.882300
1.474753 0.000000 0.879100
1.490689 0.000000 0.888600
1.555947 0.000000 0.927500
1.467203 0.000000 0.874600
1.376782 0.000000 0.820700
1.409327 0.000000 0.840100
1.438517 0.000000 0.857500
1.492032 0.000000 0.889400
1.453112 0.000000 0.866200
1.485992 0.000000 0.885800
1.521389 0.000000 0.906900
1.443382 0.000000 0.860400
1.494716 0.000000 0.891000
1.523905 0.000000 0.908400
1.441369 0.000000 0.859200
1.419393 0.000000 0.846100
1.440195 0.000000 0.858500
1.547391 0.000000 0.922400
1.508639 0.000000 0.899300
1.578259 0.000000 0.940800
1.529945 0.000000 0.912000
1.510820 0.000000 0.900600
1.475591 0.000000 0.879600
1.464855 0.000000 0.873200
1.500923 0.000000 0.894700
1.531119 0.000000 0.912700
1.500084 0.000000 0.894200
1.449589 0.000000 0.864100
1.507465 0.000000 0.898600
1.498910 0.000000 0.893500
1.547559 0.000000 0.922500
1.503439 0.000000 0.896200
1.506123 0.000000 0.897800
1.481966 0.000000 0.883400
1.488844 0.000000 0.887500
1.546553 0.000000 0.921900
1.512833 0.000000 0.901800
1.461500 0.000000 0.871200
1.472236 0.000000 0.877600
1.540513 0.000000 0.918300
1.517866 0.000000 0.904800
1.478108 0.000000 0.881100
1.399094 0.000000 0.834000
1.452776 0.000000 0.866000
1.534139 0.000000 0.914500
1.460829 0.000000 0.870800
1.469384 0.000000 0.875900
1.591679 0.000000 0.948800
1.536823 0.000000 0.916100
1.505117 0.000000 0.897200
1.571045 0.000000 0.936500
1.505955 0.000000 0.897700
1.503271 0.000000 0.896100
1.501426 0.000000 0.895000
1.433652 0.000000 0.854600
1.538332 0.000000 0.917000
1.438349 0.000000 0.857400
1.510653 0.000000 0.900500
1.498239 0.000000 0.893100
1.460829 0.000000 0.870800
1.533468 0.000000 0.914100
1.399262 0.000000 0.834100
1.432142 0.000000 0.853700
1.546888 0.000000 0.922100
1.493374 0.000000 0.890200
1.477604 0.000000 0.880800
1.455460 0.000000 0.867600
1.505955 0.000000 0.897700
1.509646 0.000000 0.899900
1.478779 0.000000 0.881500
1.503607 0.000000 0.896300
1.508975 0.000000 0.899500
1.497903 0.000000 0.892900
1.465694 0.000000 0.873700
1.425264 0.000000 0.849600
1.499413 0.000000 0.893800
1.520550 0.000000 0.906400
1.533468 0.000000 0.914100
1.497400 0.000000 0.892600
1.365207 0.000000 0.813800
1.391713 0.000000 0.829600
1.410837 0.000000 0.841000
1.503271 0.000000 0.896100
1.567187 0.000000 0.934200
1.473746 0.000000 0.878500
1.493541 0.000000 0.890300
1.469217 0.000000 0.875800
1.492870 0.000000 0.889900
1.480456 0.000000 0.882500
1.473075 0.000000 0.878100
1.441201 0.000000 0.859100
1.548062 0.000000 0.922800
1.550075 0.000000 0.924000
1.470894 0.000000 0.876800
1.466365 0.000000 0.874100
1.486999 0.000000 0.886400
1.531119 0.000000 0.912700
1.474585 0.000000 0.879000
1.575575 0.000000 0.939200
1.486328 0.000000 0.886000
1.407650 0.000000 0.839100
1.547224 0.000000 0.922300
1.452105 0.000000 0.865600
1.503775 0.000000 0.896400
1.458816 0.000000 0.869600
1.610636 0.000000 0.960100
1.546720 0.000000 0.922000
1.543701 0.000000 0.920200
1.483644 0.000000 0.884400
1.490857 0.000000 0.888700
1.494045 0.000000 0.890600
1.509646 0.000000 0.899900
1.552592 0.000000 0.925500
1.455628 0.000000 0.867700
1.429626 0.000000 0.852200
1.487167 0.000000 0.886500
1.455628 0.000000 0.867700
1.390035 0.000000 0.828600
1.517027 0.000000 0.904300
1.414863 0.000000 0.843400
1.425096 0.000000 0.849500
1.404462 0.000000 0.837200
1.407314 0.000000 0.838900
1.503942 0.000000 0.896500
1.469384 0.000000 0.875900
1.504110 0.000000 0.896600
1.515014 0.000000 0.903100
1.522228 0.000000 0.907400
1.404127 0.000000 0.837000
1.507465 0.000000 0.898600
1.362355 0.000000 0.812100
1.519208 0.000000 0.905600
1.506291 0.000000 0.897900
1.403288 0.000000 0.836500
1.521725 0.000000 0.907100
1.586647 0.000000 0.945800
1.412347 0.000000 0.841900
1.388525 0.000000 0.827700
1.479618 0.000000 0.882000
1.487334 0.000000 0.886600
1.546217 0.000000 0.921700
1.483308 0.000000 0.884200
1.365543 0.000000 0.814000
1.465694 0.000000 0.873700
1.483979 0.000000 0.884600
1.480624 0.000000 0.882600
1.480289 0.000000 0.882400
1.547224 0.000000 0.922300
1.558463 0.000000 0.929000
1.452944 0.000000 0.866100
1.353632 0.000000 0.806900
1.542862 0.000000 0.919700
1.488341 0.000000 0.887200
1.517363 0.000000 0.904500
1.480624 0.000000 0.882600
1.438182 0.000000 0.857300
1.540513 0.000000 0.918300
1.519040 0.000000 0.905500
1.560644 0.000000 0.930300
1.453615 0.000000 0.866500
1.371582 0.000000 0.817600
1.500252 0.000000 0.894300
1.479282 0.000000 0.881800
1.510317 0.000000 0.900300
1.537158 0.000000 0.916300
1.484482 0.000000 0.884900
1.399597 0.000000 0.834300
1.379802 0.000000 0.822500
1.460661 0.000000 0.870700
1.496896 0.000000 0.892300
1.482637 0.000000 0.883800
1.493038 0.000000 0.890000
1.494548 0.000000 0.890900
1.448918 0.000000 0.863700
1.495387 0.000000 0.891400
1.483308 0.000000 0.884200
1.468881 0.000000 0.875600
1.540681 0.000000 0.918400
1.470559 0.000000 0.876600
1.494380 0.000000 0.890800
1.515853 0.000000 0.903600
1.497400 0.000000 0.892600
1.486999 0.000000 0.886400
1.432310 0.000000 0.853800
1.522899 0.000000 0.907800
1.486160 0.000000 0.885900
1.467203 0.000000 0.874600
1.411844 0.000000 0.841600
1.506291 0.000000 0.897900
1.419896 0.000000 0.846400
1.465694 0.000000 0.873700
1.499748 0.000000 0.894000
1.462506 0.000000 0.871800
1.421909 0.000000 0.847600
1.612146 0.000000 0.961000
1.528267 0.000000 0.911000
1.460829 0.000000 0.870800
1.507130 0.000000 0.898400
1.495554 0.000000 0.891500
1.473914 0.000000 0.878600
1.510820 0.000000 0.900600
1.544036 0.000000 0.920400
1.577252 0.000000 0.940200
1.477437 0.000000 0.880700
1.404798 0.000000 0.837400
1.449925 0.000000 0.864300
1.432646 0.000000 0.854000
1.488341 0.000000 0.887200
1.381815 0.000000 0.823700
1.537997 0.000000 0.916800
1.387351 0.000000 0.827000
1.465526 0.000000 0.873600
1.470726 0.000000 0.876700
1.552424 0.000000 0.925400
1.657776 0.000000 0.988200
1.464687 0.000000 0.873100
1.455964 0.000000 0.867900
1.545714 0.000000 0.921400
1.459487 0.000000 0.870000
1.497735 0.000000 0.892800
1.459319 0.000000 0.869900
1.489515 0.000000 0.887900
1.559638 0.000000 0.929700
1.430297 0.000000 0.852600
1.577923 0.000000 0.940600
1.503775 0.000000 0.896400
1.513337 0.000000 0.902100
1.460158 0.000000 0.870400
1.464855 0.000000 0.873200
1.468713 0.000000 0.875500
1.476598 0.000000 0.880200
1.550075 0.000000 0.924000
1.534642 0.000000 0.914800
1.462003 0.000000 0.871500
1.558631 0.000000 0.929100
1.475591 0.000000 0.879600
1.558128 0.000000 0.928800
1.448415 0.000000 0.863400
1.483476 0.000000 0.884300
1.557625 0.000000 0.928500
1.449421 0.000000 0.864000
1.442879 0.000000 0.860100
1.383996 0.000000 0.825000
1.499581 0.000000 0.893900
1.465358 0.000000 0.873500
1.523402 0.000000 0.908100
1.406475 0.000000 0.838400
1.421238 0.000000 0.847200
1.469720 0.000000 0.876100
1.449086 0.000000 0.863800
1.482302 0.000000 0.883600
1.430968 0.000000 0.853000
1.461332 0.000000 0.871100
1.427110 0.000000 0.850700
1.541352 0.000000 0.918800
1.604764 0.000000 0.956600
1.520215 0.000000 0.906200
1.462339 0.000000 0.871700
1.514175 0.000000 0.902600
1.464016 0.000000 0.872700
1.554605 0.000000 0.926700
1.504949 0.000000 0.897100
1.475591 0.000000 0.879600
1.509143 0.000000 0.899600
1.504613 0.000000 0.896900
1.444892 0.000000 0.861300
1.389700 0.000000 0.828400
1.521725 0.000000 0.907100
1.569200 0.000000 0.935400
1.419896 0.000000 0.846400
1.417212 0.000000 0.844800
1.483308 0.000000 0.884200
1.503775 0.000000 0.896400
1.522060 0.000000 0.907300
1.486999 0.000000 0.886400
1.506123 0.000000 0.897800
1.454789 0.000000 0.867200
1.518537 0.000000 0.905200
1.483308 0.000000 0.884200
1.498910 0.000000 0.893500
1.474920 0.000000 0.879200
1.470055 0.000000 0.876300
1.377286 0.000000 0.821000
1.482637 0.000000 0.883800
1.412850 0.000000 0.842200
1.464016 0.000000 0.872700
1.385170 0.000000 0.825700
1.531287 0.000000 0.912800
1.511491 0.000000 0.901000
1.413689 0.000000 0.842700
1.497735 0.000000 0.892800
1.503439 0.000000 0.896200
1.527764 0.000000 0.910700
1.409663 0.000000 0.840300
1.423587 0.000000 0.848600
1.533132 0.000000 0.913900
1.570374 0.000000 0.936100
1.449589 0.000000 0.864100
1.444389 0.000000 0.861000
1.478779 0.000000 0.881500
1.512330 0.000000 0.901500
1.497400 0.000000 0.892600
1.532964 0.000000 0.913800
1.475088 0.000000 0.879300
1.508304 0.000000 0.899100
1.515014 0.000000 0.903100
1.427277 0.000000 0.850800
1.397249 0.000000 0.832900
1.508807 0.000000 0.899400
1.434323 0.000000 0.855000
1.415031 0.000000 0.843500
1.474417 0.000000 0.878900
1.438685 0.000000 0.857600
1.480624 0.000000 0.882600
1.516860 0.000000 0.904200
1.517531 0.000000 0.904600
1.436168 0.000000 0.856100
1.449086 0.000000 0.863800
1.420903 0.000000 0.847000
1.470391 0.000000 0.876500
1.497232 0.000000 0.892500
1.505452 0.000000 0.897400
1.474249 0.000000 0.878800
1.433484 0.000000 0.854500
1.456803 0.000000 0.868400
1.437846 0.000000 0.857100
1.385170 0.000000 0.825700
1.486663 0.000000 0.886200
1.530448 0.000000 0.912300
1.512833 0.000000 0.901800
1.483811 0.000000 0.884500
1.471397 0.000000 0.877100
1.478108 0.000000 0.881100
1.435497 0.000000 0.855700
1.474920 0.000000 0.879200
1.509646 0.000000 0.899900
1.497735 0.000000 0.892800
1.468042 0.000000 0.875100
1.344573 0.000000 0.801500
1.457641 0.000000 0.868900
1.496896 0.000000 0.892300
1.474920 0.000000 0.879200
1.540849 0.000000 0.918500
1.586814 0.000000 0.945900
1.439188 0.000000 0.857900
1.484482 0.000000 0.884900
1.473075 0.000000 0.878100
1.405301 0.000000 0.837700
1.448079 0.000000 0.863200
1.544875 0.000000 0.920900
1.366885 0.000000 0.814800
1.434491 0.000000 0.855100
1.424258 0.000000 0.849000
1.506626 0.000000 0.898100
1.409663 0.000000 0.840300
1.539507 0.000000 0.917700
1.546049 0.000000 0.921600
1.569703 0.000000 0.935700
1.566516 0.000000 0.933800
1.490689 0.000000 0.888600
1.487670 0.000000 0.886800
1.450092 0.000000 0.864400
1.469552 0.000000 0.876000
1.469552 0.000000 0.876000
1.543868 0.000000 0.920300
1.518369 0.000000 0.905100
1.570039 0.000000 0.935900
1.480624 0.000000 0.882600
1.579097 0.000000 0.941300
1.606945 0.000000 0.957900
1.518369 0.000000 0.905100
1.463345 0.000000 0.872300
1.498742 0.000000 0.893400
1.427110 0.000000 0.850700
1.408656 0.000000 0.839700
1.400101 0.000000 0.834600
1.398255 0.000000 0.833500
1.552424 0.000000 0.925400
1.499245 0.000000 0.893700
1.454622 0.000000 0.867100
1.482302 0.000000 0.883600
1.564838 0.000000 0.932800
1.565509 0.000000 0.933200
1.552089 0.000000 0.925200
1.524576 0.000000 0.908800
1.513001 0.000000 0.901900
1.440866 0.000000 0.858900
1.502097 0.000000 0.895400
1.527932 0.000000 0.910800
1.440530 0.000000 0.858700
1.508136 0.000000 0.899000
1.525415 0.000000 0.909300
1.544540 0.000000 0.920700
1.491864 0.000000 0.889300
1.544036 0.000000 0.920400
1.465358 0.000000 0.873500
1.411844 0.000000 0.841600
1.489851 0.000000 0.888100
1.500419 0.000000 0.894400
1.511491 0.000000 0.901000
1.431807 0.000000 0.853500
1.507633 0.000000 0.898700
1.485992 0.000000 0.885800
1.487334 0.000000 0.886600
1.504446 0.000000 0.896800
1.476598 0.000000 0.880200
1.428284 0.000000 0.851400
1.546217 0.000000 0.921700
1.570206 0.000000 0.936000
1.460661 0.000000 0.870700
1.562490 0.000000 0.931400
1.544036 0.000000 0.920400
1.480456 0.000000 0.882500
1.447911 0.000000 0.863100
1.440698 0.000000 0.858800
1.434323 0.000000 0.855000
1.523738 0.000000 0.908300
1.535145 0.000000 0.915100
1.542191 0.000000 0.919300
1.514175 0.000000 0.902600
1.451602 0.000000 0.865300
1.585137 0.000000 0.944900
1.453783 0.000000 0.866600
1.474585 0.000000 0.879000
1.511995 0.000000 0.901300
1.516189 0.000000 0.903800
1.481127 0.000000 0.882900
1.420567 0.000000 0.846800
1.556115 0.000000 0.927600
1.591847 0.000000 0.948900
1.579768 0.000000 0.941700
1.605268 0.000000 0.956900
1.533132 0.000000 0.913900
1.529945 0.000000 0.912000
1.581278 0.000000 0.942600
1.480792 0.000000 0.882700
1.504278 0.000000 0.896700
1.500755 0.000000 0.894600
1.528099 0.000000 0.910900
1.486999 0.000000 0.886400
1.396074 0.000000 0.832200
1.505955 0.000000 0.897700
1.491193 0.000000 0.888900
1.478946 0.000000 0.881600
1.477772 0.000000 0.880900
1.540346 0.000000 0.918200
1.483979 0.000000 0.884600
1.563832 0.000000 0.932200
1.558631 0.000000 0.929100
1.516524 0.000000 0.904000
1.463681 0.000000 0.872500
1.505452 0.000000 0.897400
1.503942 0.000000 0.896500
1.514511 0.000000 0.902800
1.514847 0.000000 0.903000
1.520382 0.000000 0.906300
1.580607 0.000000 0.942200
1.572052 0.000000 0.937100
1.480792 0.000000 0.882700
1.392216 0.000000 0.829900
1.452609 0.000000 0.865900
1.477269 0.000000 0.880600
1.401946 0.000000 0.835700
1.485153 0.000000 0.885300
1.438182 0.000000 0.857300
1.455460 0.000000 0.867600
1.510653 0.000000 0.900500
1.492367 0.000000 0.889600
1.531119 0.000000 0.912700
1.520047 0.000000 0.906100
1.461835 0.000000 0.871400
1.475591 0.000000 0.879600
1.502936 0.000000 0.895900
1.474417 0.000000 0.878900
1.444892 0.000000 0.861300
1.526925 0.000000 0.910200
1.460996 0.000000 0.870900
1.401610 0.000000 0.835500
1.493541 0.000000 0.890300
1.604764 0.000000 0.956600
1.404462 0.000000 0.837200
1.484315 0.000000 0.884800
1.478275 0.000000 0.881200
1.405133 0.000000 0.837600
1.531958 0.000000 0.913200
1.517698 0.000000 0.904700
1.425767 0.000000 0.849900
1.575239 0.000000 0.939000
1.438685 0.000000 0.857600
1.421909 0.000000 0.847600
1.511827 0.000000 0.901200
1.458145 0.000000 0.869200
1.524409 0.000000 0.908700
1.542862 0.000000 0.919700
1.487167 0.000000 0.886500
1.448918 0.000000 0.863700
1.565341 0.000000 0.933100
1.433317 0.000000 0.854400
1.548398 0.000000 0.923000
1.471230 0.000000 0.877000
1.488173 0.000000 0.887100
1.495387 0.000000 0.891400
1.477269 0.000000 0.880600
1.435497 0.000000 0.855700
1.480792 0.000000 0.882700
1.400772 0.000000 0.835000
1.455125 0.000000 0.867400
1.520215 0.000000 0.906200
1.492703 0.000000 0.889800
1.581949 0.000000 0.943000
1.534642 0.000000 0.914800
1.530783 0.000000 0.912500
1.551585 0.000000 0.924900
1.570877 0.000000 0.936400
1.432646 0.000000 0.854000
1.456803 0.000000 0.868400
1.441201 0.000000 0.859100
1.495890 0.000000 0.891700
1.537326 0.000000 0.916400
1.461835 0.000000 0.871400
1.546888 0.000000 0.922100
1.430968 0.000000 0.853000
1.472907 0.000000 0.878000
1.471565 0.000000 0.877200
1.539339 0.000000 0.917600
1.583459 0.000000 0.943900
1.433484 0.000000 0.854500
1.449086 0.000000 0.863800
1.459151 0.000000 0.869800
1.470894 0.000000 0.876800
1.409495 0.000000 0.840200
1.532797 0.000000 0.913700
1.459487 0.000000 0.870000
1.528603 0.000000 0.911200
1.475256 0.000000 0.879400
1.491864 0.000000 0.889300
1.473578 0.000000 0.878400
1.492032 0.000000 0.889400
1.466532 0.000000 0.874200
1.493541 0.000000 0.890300
1.397417 0.000000 0.833000
1.440195 0.000000 0.858500
1.492535 0.000000 0.889700
1.520047 0.000000 0.906100
1.492032 0.000000 0.889400
1.458145 0.000000 0.869200
1.415534 0.000000 0.843800
1.507130 0.000000 0.898400
1.592350 0.000000 0.949200
1.525415 0.000000 0.909300
1.550579 0.000000 0.924300
1.509982 0.000000 0.900100
1.457977 0.000000 0.869100
1.432813 0.000000 0.854100
1.475591 0.000000 0.879600
1.538500 0.000000 0.917100
1.453615 0.000000 0.866500
1.460325 0.000000 0.870500
1.453783 0.000000 0.866600
1.498742 0.000000 0.893400
1.514175 0.000000 0.902600
1.476766 0.000000 0.880300
1.395739 0.000000 0.832000
1.526757 0.000000 0.910100
1.530616 0.000000 0.912400
1.506291 0.000000 0.897900
1.497568 0.000000 0.892700
1.475088 0.000000 0.879300
1.493038 0.000000 0.890000
1.535816 0.000000 0.915500
1.566348 0.000000 0.933700
1.514679 0.000000 0.902900
1.507465 0.000000 0.898600
1.517195 0.000000 0.904400
1.493038 0.000000 0.890000
1.436504 0.000000 0.856300
1.446737 0.000000 0.862400
1.542191 0.000000 0.919300
1.594196 0.000000 0.950300
1.461668 0.000000 0.871300
1.350277 0.000000 0.804900
1.473914 0.000000 0.878600
1.495051 0.000000 0.891200
1.450428 0.000000 0.864600
1.558967 0.000000 0.929300
1.493206 0.000000 0.890100
1.624895 0.000000 0.968600
1.526422 0.000000 0.909900
1.544372 0.000000 0.920600
1.480456 0.000000 0.882500
1.435665 0.000000 0.855800
1.455460 0.000000 0.867600
1.556450 0.000000 0.927800
1.560141 0.000000 0.930000
1.530280 0.000000 0.912200
1.592183 0.000000 0.949100
1.482805 0.000000 0.883900
1.514343 0.000000 0.902700
1.511659 0.000000 0.901100
1.491025 0.000000 0.888800
1.555444 0.000000 0.927200
1.496058 0.000000 0.891800
1.471733 0.000000 0.877300
1.389532 0.000000 0.828300
1.511995 0.000000 0.901300
1.432142 0.000000 0.853700
1.484482 0.000000 0.884900
1.504110 0.000000 0.896600
1.450428 0.000000 0.864600
1.492535 0.000000 0.889700
1.466197 0.000000 0.874000
1.524073 0.000000 0.908500
1.538165 0.000000 0.916900
1.440362 0.000000 0.858600
1.573394 0.000000 0.937900
1.529777 0.000000 0.911900
1.428787 0.000000 0.851700
1.457809 0.000000 0.869000
1.442543 0.000000 0.859900
1.422245 0.000000 0.847800
1.527428 0.000000 0.910500
1.451938 0.000000 0.865500
1.519208 0.000000 0.905600
1.522396 0.000000 0.907500
1.532461 0.000000 0.913500
1.491528 0.000000 0.889100
1.544707 0.000000 0.920800
1.476598 0.000000 0.880200
1.426271 0.000000 0.850200
1.578091 0.000000 0.940700
1.567019 0.000000 0.934100
1.460996 0.000000 0.870900
1.477604 0.000000 0.880800
1.450763 0.000000 0.864800
1.514847 0.000000 0.903000
1.525415 0.000000 0.909300
1.430465 0.000000 0.852700
1.513337 0.000000 0.902100
1.478443 0.000000 0.881300
1.456132 0.000000 0.868000
1.435665 0.000000 0.855800
1.445227 0.000000 0.861500
1.488173 0.000000 0.887100
1.422245 0.000000 0.847800
1.458983 0.000000 0.869700
1.449589 0.000000 0.864100
1.513337 0.000000 0.902100
1.449589 0.000000 0.864100
1.528770 0.000000 0.911300
1.537494 0.000000 0.916500
1.522396 0.000000 0.907500
1.497903 0.000000 0.892900
1.549237 0.000000 0.923500
1.500587 0.000000 0.894500
1.483979 0.000000 0.884600
1.506794 0.000000 0.898200
1.529106 0.000000 0.911500
1.495722 0.000000 0.891600
1.575407 0.000000 0.939100
1.536319 0.000000 0.915800
1.493877 0.000000 0.890500
1.506626 0.000000 0.898100
1.532629 0.000000 0.913600
1.518537 0.000000 0.905200
1.531287 0.000000 0.912800
1.533635 0.000000 0.914200
1.455964 0.000000 0.867900
1.465861 0.000000 0.873800
1.385338 0.000000 0.825800
1.473914 0.000000 0.878600
1.394229 0.000000 0.831100
1.494716 0.000000 0.891000
1.392048 0.000000 0.829800
1.423251 0.000000 0.848400
1.468881 0.000000 0.875600
1.513337 0.000000 0.902100
1.521054 0.000000 0.906700
1.494716 0.000000 0.891000
1.442543 0.000000 0.859900
1.427948 0.000000 0.851200
1.491025 0.000000 0.888800
1.550243 0.000000 0.924100
1.564335 0.000000 0.932500
1.498071 0.000000 0.893000
1.480289 0.000000 0.882400
1.582620 0.000000 0.943400
1.420399 0.000000 0.846700
1.473914 0.000000 0.878600
1.523067 0.000000 0.907900
1.402449 0.000000 0.836000
1.532461 0.000000 0.913500
1.548230 0.000000 0.922900
1.498574 0.000000 0.893300
1.444389 0.000000 0.861000
1.528267 0.000000 0.911000
1.480624 0.000000 0.882600
1.431136 0.000000 0.853100
1.496729 0.000000 0.892200
1.448247 0.000000 0.863300
1.514679 0.000000 0.902900
1.449421 0.000000 0.864000
1.487334 0.000000 0.886600
1.532293 0.000000 0.913400
1.473746 0.000000 0.878500
1.425767 0.000000 0.849900
1.551921 0.000000 0.925100
1.509982 0.000000 0.900100
1.499413 0.000000 0.893800
1.469217 0.000000 0.875800
1.504278 0.000000 0.896700
1.519711 0.000000 0.905900
1.561651 0.000000 0.930900
1.451602 0.000000 0.865300
1.546385 0.000000 0.921800
1.525080 0.000000 0.909100
1.444053 0.000000 0.860800
1.476095 0.000000 0.879900
1.505284 0.000000 0.897300
1.518537 0.000000 0.905200
1.454957 0.000000 0.867300
1.520382 0.000000 0.906300
1.500419 0.000000 0.894400
1.541855 0.000000 0.919100
1.481463 0.000000 0.883100
1.510820 0.000000 0.900600
1.466868 0.000000 0.874400
1.396578 0.000000 0.832500
1.557121 0.000000 0.928200
1.477437 0.000000 0.880700
1.436672 0.000000 0.856400
1.491864 0.000000 0.889300
1.537494 0.000000 0.916500
1.364872 0.000000 0.813600
1.483476 0.000000 0.884300
1.439188 0.000000 0.857900
1.427277 0.000000 0.850800
1.453951 0.000000 0.866700
1.439020 0.000000 0.857800
1.501258 0.000000 0.894900
1.460996 0.000000 0.870900
1.517531 0.000000 0.904600
1.446569 0.000000 0.862300
1.470055 0.000000 0.876300
1.508472 0.000000 0.899200
1.458145 0.000000 0.869200
1.444892 0.000000 0.861300
1.522563 0.000000 0.907600
1.462674 0.000000 0.871900
1.484482 0.000000 0.884900
1.529274 0.000000 0.911600
1.520215 0.000000 0.906200
1.451602 0.000000 0.865300
1.502097 0.000000 0.895400
1.544372 0.000000 0.920600
1.542862 0.000000 0.919700
1.461332 0.000000 0.871100
1.485153 0.000000 0.885300
1.524912 0.000000 0.909000
1.470391 0.000000 0.876500
1.451770 0.000000 0.865400
1.469552 0.000000 0.876000
1.489012 0.000000 0.887600
1.457306 0.000000 0.868700
1.518202 0.000000 0.905000
1.442208 0.000000 0.859700
1.514343 0.000000 0.902700
1.524744 0.000000 0.908900
1.543701 0.000000 0.920200
1.524241 0.000000 0.908600
1.516356 0.000000 0.903900
1.445395 0.000000 0.861600
1.521221 0.000000 0.906800
1.531119 0.000000 0.912700
1.487167 0.000000 0.886500
1.482469 0.000000 0.883700
1.504781 0.000000 0.897000
1.438517 0.000000 0.857500
1.490018 0.000000 0.888200
1.388861 0.000000 0.827900
1.621708 0.000000 0.966700
1.547056 0.000000 0.922200
1.493709 0.000000 0.890400
1.491528 0.000000 0.889100
1.487167 0.000000 0.886500
1.432646 0.000000 0.854000
1.528267 0.000000 0.911000
1.505620 0.000000 0.897500
1.462674 0.000000 0.871900
1.457474 0.000000 0.868800
1.432646 0.000000 0.854000
1.529106 0.000000 0.911500
1.634457 0.000000 0.974300
1.499413 0.000000 0.893800
1.406643 0.000000 0.838500
1.372253 0.000000 0.818000
1.478779 0.000000 0.881500
1.386848 0.000000 0.826700
1.490522 0.000000 0.888500
1.466365 0.000000 0.874100
1.433149 0.000000 0.854300
1.420735 0.000000 0.846900
1.540010 0.000000 0.918000
1.466700 0.000000 0.874300
1.496561 0.000000 0.892100
1.495890 0.000000 0.891700
1.481966 0.000000 0.883400
1.570374 0.000000 0.936100
1.499077 0.000000 0.893600
1.461164 0.000000 0.871000
1.444221 0.000000 0.860900
1.473914 0.000000 0.878600
1.490857 0.000000 0.888700
1.372253 0.000000 0.818000
1.506962 0.000000 0.898300
1.425767 0.000000 0.849900
1.499245 0.000000 0.893700
1.404462 0.000000 0.837200
1.486663 0.000000 0.886200
1.495051 0.000000 0.891200
1.467875 0.000000 0.875000
1.457641 0.000000 0.868900
1.443214 0.000000 0.860300
1.569871 0.000000 0.935800
1.346586 0.000000 0.802700
1.523570 0.000000 0.908200
1.493541 0.000000 0.890300
1.456635 0.000000 0.868300
1.431807 0.000000 0.853500
1.459990 0.000000 0.870300
1.388525 0.000000 0.827700
1.496896 0.000000 0.892300
1.422077 0.000000 0.847700
1.533803 0.000000 0.914300
1.507968 0.000000 0.898900
1.439020 0.000000 0.857800
1.453951 0.000000 0.866700
1.533635 0.000000 0.914200
1.452776 0.000000 0.866000
1.435665 0.000000 0.855800
1.573058 0.000000 0.937700
1.284684 0.000000 0.765800
1.570542 0.000000 0.936200
1.428452 0.000000 0.851500
1.395907 0.000000 0.832100
1.481295 0.000000 0.883000
1.493541 0.000000 0.890300
1.397249 0.000000 0.832900
1.483308 0.000000 0.884200
1.532461 0.000000 0.913500
1.390035 0.000000 0.828600
1.475591 0.000000 0.879600
1.444892 0.000000 0.861300
1.476262 0.000000 0.880000
1.401778 0.000000 0.835600
1.522396 0.000000 0.907500
1.541688 0.000000 0.919000
1.578594 0.000000 0.941000
1.556283 0.000000 0.927700
1.470391 0.000000 0.876500
1.529609 0.000000 0.911800
1.543701 0.000000 0.920200
1.441537 0.000000 0.859300
1.494212 0.000000 0.890700
1.379299 0.000000 0.822200
1.468042 0.000000 0.875100
1.506123 0.000000 0.897800
1.433149 0.000000 0.854300
1.514175 0.000000 0.902600
1.511659 0.000000 0.901100
1.533803 0.000000 0.914300
1.509478 0.000000 0.899800
1.522563 0.000000 0.907600
1.472068 0.000000 0.877500
1.488676 0.000000 0.887400
1.504949 0.000000 0.897100
1.540010 0.000000 0.918000
1.499916 0.000000 0.894100
1.507633 0.000000 0.898700
1.494380 0.000000 0.890800
1.484818 0.000000 0.885100
1.491361 0.000000 0.889000
1.445563 0.000000 0.861700
1.472404 0.000000 0.877700
1.384499 0.000000 0.825300
1.478443 0.000000 0.881300
1.515014 0.000000 0.903100
1.436168 0.000000 0.856100
1.402617 0.000000 0.836100
1.544875 0.000000 0.920900
1.444389 0.000000 0.861000
1.408153 0.000000 0.839400
1.494380 0.000000 0.890800
1.512666 0.000000 0.901700
1.404798 0.000000 0.837400
1.519879 0.000000 0.906000
1.488341 0.000000 0.887200
1.405133 0.000000 0.837600
1.486663 0.000000 0.886200
1.552760 0.000000 0.925600
1.485992 0.000000 0.885800
1.444724 0.000000 0.861200
1.480456 0.000000 0.882500
1.490018 0.000000 0.888200
1.535816 0.000000 0.915500
1.392048 0.000000 0.829800
1.483979 0.000000 0.884600
1.428116 0.000000 0.851300
1.425600 0.000000 0.849800
1.404798 0.000000 0.837400
1.421070 0.000000 0.847100
1.510149 0.000000 0.900200
1.488341 0.000000 0.887200
1.482805 0.000000 0.883900
1.419728 0.000000 0.846300
1.416373 0.000000 0.844300
1.451267 0.000000 0.865100
1.459151 0.000000 0.869800
1.549572 0.000000 0.923700
1.523570 0.000000 0.908200
1.516524 0.000000 0.904000
1.494045 0.000000 0.890600
1.457474 0.000000 0.868800
1.500419 0.000000 0.894400
1.430465 0.000000 0.852700
1.495722 0.000000 0.891600
1.520215 0.000000 0.906200
1.535145 0.000000 0.915100
1.456635 0.000000 0.868300
1.561818 0.000000 0.931000
1.419057 0.000000 0.845900
1.461332 0.000000 0.871100
1.460325 0.000000 0.870500
1.565845 0.000000 0.933400
1.527428 0.000000 0.910500
1.474920 0.000000 0.879200
1.465023 0.000000 0.873300
1.488509 0.000000 0.887300
1.455628 0.000000 0.867700
1.424425 0.000000 0.849100
1.457809 0.000000 0.869000
1.527596 0.000000 0.910600
1.466700 0.000000 0.874300
1.501929 0.000000 0.895300
1.489515 0.000000 0.887900
1.504278 0.000000 0.896700
1.451938 0.000000 0.865500
1.460996 0.000000 0.870900
1.432142 0.000000 0.853700
1.468713 0.000000 0.875500
1.493206 0.000000 0.890100
1.406811 0.000000 0.838600
1.516692 0.000000 0.904100
1.539675 0.000000 0.917800
1.430297 0.000000 0.852600
1.463345 0.000000 0.872300
1.542862 0.000000 0.919700
1.467539 0.000000 0.874800
1.552760 0.000000 0.925600
1.504781 0.000000 0.897000
1.547727 0.000000 0.922600
1.472739 0.000000 0.877900
1.465190 0.000000 0.873400
1.485321 0.000000 0.885400
1.498574 0.000000 0.893300
1.602416 0.000000 0.955200
1.534810 0.000000 0.914900
1.545043 0.000000 0.921000
1.479114 0.000000 0.881700
1.510149 0.000000 0.900200
1.579936 0.000000 0.941800
1.455125 0.000000 0.867400
1.432478 0.000000 0.853900
1.441872 0.000000 0.859500
1.541352 0.000000 0.918800
1.388190 0.000000 0.827500
1.452944 0.000000 0.866100
1.476598 0.000000 0.880200
1.483140 0.000000 0.884100
1.486328 0.000000 0.886000
1.527093 0.000000 0.910300
1.488509 0.000000 0.887300
1.516692 0.000000 0.904100
1.425432 0.000000 0.849700
1.524409 0.000000 0.908700
1.543868 0.000000 0.920300
1.509646 0.000000 0.899900
1.442375 0.000000 0.859800
1.423587 0.000000 0.848600
1.543030 0.000000 0.919800
1.509646 0.000000 0.899900
1.485992 0.000000 0.885800
1.332495 0.000000 0.794300
1.511827 0.000000 0.901200
1.451602 0.000000 0.865300
1.514008 0.000000 0.902500
1.497903 0.000000 0.892900
1.461500 0.000000 0.871200
1.401778 0.000000 0.835600
1.456635 0.000000 0.868300
1.565509 0.000000 0.933200
1.448415 0.000000 0.863400
1.477604 0.000000 0.880800
1.441201 0.000000 0.859100
1.473075 0.000000 0.878100
1.516021 0.000000 0.903700
1.476430 0.000000 0.880100
1.603926 0.000000 0.956100
1.623889 0.000000 0.968000
1.553263 0.000000 0.925900
1.543030 0.000000 0.919800
1.470055 0.000000 0.876300
1.366717 0.000000 0.814700
1.526254 0.000000 0.909800
1.501929 0.000000 0.895300
1.422412 0.000000 0.847900
1.445898 0.000000 0.861900
1.412011 0.000000 0.841700
1.496896 0.000000 0.892300
1.425935 0.000000 0.850000
1.472572 0.000000 0.877800
1.406643 0.000000 0.838500
1.409998 0.000000 0.840500
1.489683 0.000000 0.888000
1.429961 0.000000 0.852400
1.551418 0.000000 0.924800
1.495387 0.000000 0.891400
1.476598 0.000000 0.880200
1.401443 0.000000 0.835400
1.475759 0.000000 0.879700
1.482302 0.000000 0.883600
1.480960 0.000000 0.882800
1.501426 0.000000 0.895000
1.413521 0.000000 0.842600
1.500419 0.000000 0.894400
1.441704 0.000000 0.859400
1.399933 0.000000 0.834500
1.524744 0.000000 0.908900
1.487670 0.000000 0.886800
1.496729 0.000000 0.892200
1.455628 0.000000 0.867700
1.473243 0.000000 0.878200
1.492870 0.000000 0.889900
1.399933 0.000000 0.834500
1.441704 0.000000 0.859400
1.494380 0.000000 0.890800
1.473578 0.000000 0.878400
1.433820 0.000000 0.854700
1.439524 0.000000 0.858100
1.473578 0.000000 0.878400
1.443717 0.000000 0.860600
1.515518 0.000000 0.903400
1.498406 0.000000 0.893200
1.463177 0.000000 0.872200
1.520886 0.000000 0.906600
1.456635 0.000000 0.868300
1.485992 0.000000 0.885800
1.467371 0.000000 0.874700
1.488844 0.000000 0.887500
1.377621 0.000000 0.821200
1.486999 0.000000 0.886400
1.430968 0.000000 0.853000
1.511156 0.000000 0.900800
1.438014 0.000000 0.857200
1.346418 0.000000 0.802600
1.453280 0.000000 0.866300
1.499245 0.000000 0.893700
1.479618 0.000000 0.882000
1.454957 0.000000 0.867300
1.472907 0.000000 0.878000
1.483308 0.000000 0.884200
1.538668 0.000000 0.917200
1.495554 0.000000 0.891500
1.542694 0.000000 0.919600
1.470391 0.000000 0.876500
1.501929 0.000000 0.895300
1.531790 0.000000 0.913100
1.463681 0.000000 0.872500
1.506962 0.000000 0.898300
1.434826 0.000000 0.855300
1.523234 0.000000 0.908000
1.479953 0.000000 0.882200
1.430465 0.000000 0.852700
1.417547 0.000000 0.845000
1.471230 0.000000 0.877000
1.501594 0.000000 0.895100
1.457809 0.000000 0.869000
1.425767 0.000000 0.849900
1.394397 0.000000 0.831200
1.475591 0.000000 0.879600
1.476933 0.000000 0.880400
1.486999 0.000000 0.886400
1.398926 0.000000 0.833900
1.439188 0.000000 0.857900
1.518537 0.000000 0.905200
1.451938 0.000000 0.865500
1.514008 0.000000 0.902500
1.521221 0.000000 0.906800
1.503104 0.000000 0.896000
1.498406 0.000000 0.893200
1.439859 0.000000 0.858300
1.548566 0.000000 0.923100
1.472068 0.000000 0.877500
1.500419 0.000000 0.894400
1.508304 0.000000 0.899100
1.446737 0.000000 0.862400
1.522396 0.000000 0.907500
1.564335 0.000000 0.932500
1.462842 0.000000 0.872000
1.478275 0.000000 0.881200
1.523738 0.000000 0.908300
1.479450 0.000000 0.881900
1.413018 0.000000 0.842300
1.480960 0.000000 0.882800
1.492870 0.000000 0.889900
1.475591 0.000000 0.879600
1.435162 0.000000 0.855500
1.499748 0.000000 0.894000
1.425432 0.000000 0.849700
1.551418 0.000000 0.924800
1.539842 0.000000 0.917900
1.495890 0.000000 0.891700
1.517027 0.000000 0.904300
1.446737 0.000000 0.862400
1.508136 0.000000 0.899000
1.520215 0.000000 0.906200
1.574736 0.000000 0.938700
1.471230 0.000000 0.877000
1.475424 0.000000 0.879500
1.362691 0.000000 0.812300
1.479618 0.000000 0.882000
1.503439 0.000000 0.896200
1.483979 0.000000 0.884600
1.503439 0.000000 0.896200
1.485321 0.000000 0.885400
1.425935 0.000000 0.850000
1.492367 0.000000 0.889600
1.396746 0.000000 0.832600
1.510317 0.000000 0.900300
1.412682 0.000000 0.842100
1.475591 0.000000 0.879600
1.390203 0.000000 0.828700
1.524073 0.000000 0.908500
1.492703 0.000000 0.889800
1.503271 0.000000 0.896100
1.418722 0.000000 0.845700
1.473075 0.000000 0.878100
1.516524 0.000000 0.904000
1.417380 0.000000 0.844900
1.440530 0.000000 0.858700
1.432310 0.000000 0.853800
1.408153 0.000000 0.839400
1.381144 0.000000 0.823300
1.462003 0.000000 0.871500
1.411173 0.000000 0.841200
1.531958 0.000000 0.913200
1.450092 0.000000 0.864400
1.442208 0.000000 0.859700
1.416373 0.000000 0.844300
1.466868 0.000000 0.874400
1.443885 0.000000 0.860700
1.502432 0.000000 0.895600
1.467539 0.000000 0.874800
1.408489 0.000000 0.839600
1.497568 0.000000 0.892700
1.434323 0.000000 0.855000
1.556618 0.000000 0.927900
1.456299 0.000000 0.868100
1.446569 0.000000 0.862300
1.426103 0.000000 0.850100
1.418722 0.000000 0.845700
1.429123 0.000000 0.851900
1.489012 0.000000 0.887600
1.511156 0.000000 0.900800
1.492703 0.000000 0.889800
1.452273 0.000000 0.865700
1.391881 0.000000 0.829700
1.532461 0.000000 0.913500
1.533300 0.000000 0.914000
1.373427 0.000000 0.818700
1.495387 0.000000 0.891400
1.525247 0.000000 0.909200
1.472404 0.000000 0.877700
1.543197 0.000000 0.919900
1.437678 0.000000 0.857000
1.528938 0.000000 0.911400
1.494548 0.000000 0.890900
1.390706 0.000000 0.829000
1.459487 0.000000 0.870000
1.510485 0.000000 0.900400
1.485321 0.000000 0.885400
1.507968 0.000000 0.898900
1.498239 0.000000 0.893100
1.498071 0.000000 0.893000
1.485153 0.000000 0.885300
1.458480 0.000000 0.869400
1.476430 0.000000 0.880100
1.553263 0.000000 0.925900
1.475759 0.000000 0.879700
1.515350 0.000000 0.903300
1.460996 0.000000 0.870900
1.478108 0.000000 0.881100
1.478946 0.000000 0.881600
1.548062 0.000000 0.922800
1.526757 0.000000 0.910100
1.516021 0.000000 0.903700
1.473075 0.000000 0.878100
1.462003 0.000000 0.871500
1.490186 0.000000 0.888300
1.493038 0.000000 0.890000
1.481631 0.000000 0.883200
1.482134 0.000000 0.883500
1.445731 0.000000 0.861800
1.447408 0.000000 0.862800
1.371917 0.000000 0.817800
1.522899 0.000000 0.907800
1.519711 0.000000 0.905900
1.495890 0.000000 0.891700
1.514847 0.000000 0.903000
1.429290 0.000000 0.852000
1.396578 0.000000 0.832500
1.533468 0.000000 0.914100
1.478611 0.000000 0.881400
1.443382 0.000000 0.860400
1.518873 0.000000 0.905400
1.552592 0.000000 0.925500
1.485321 0.000000 0.885400
1.577084 0.000000 0.940100
1.547056 0.000000 0.922200
1.490522 0.000000 0.888500
1.524744 0.000000 0.908900
1.556618 0.000000 0.927900
1.544036 0.000000 0.920400
1.445731 0.000000 0.861800
1.427613 0.000000 0.851000
1.477940 0.000000 0.881000
1.458648 0.000000 0.869500
1.529609 0.000000 0.911800
1.536319 0.000000 0.915800
1.413689 0.000000 0.842700
1.478443 0.000000 0.881300
1.449253 0.000000 0.863900
1.474920 0.000000 0.879200
1.443717 0.000000 0.860600
1.476095 0.000000 0.879900
1.534139 0.000000 0.914500
1.516524 0.000000 0.904000
1.496729 0.000000 0.892200
1.503271 0.000000 0.896100
1.501929 0.000000 0.895300
1.378460 0.000000 0.821700
1.438853 0.000000 0.857700
1.537158 0.000000 0.916300
1.416709 0.000000 0.844500
1.457977 0.000000 0.869100
1.354638 0.000000 0.807500
1.504110 0.000000 0.896600
1.595538 0.000000 0.951100
1.419896 0.000000 0.846400
1.398591 0.000000 0.833700
1.503439 0.000000 0.896200
1.528267 0.000000 0.911000
1.471733 0.000000 0.877300
1.442711 0.000000 0.860000
1.511491 0.000000 0.901000
1.512498 0.000000 0.901600
1.573058 0.000000 0.937700
1.486160 0.000000 0.885900
1.499413 0.000000 0.893800
1.493541 0.000000 0.890300
1.494212 0.000000 0.890700
1.517195 0.000000 0.904400
1.486496 0.000000 0.886100
1.460661 0.000000 0.870700
1.493374 0.000000 0.890200
1.492032 0.000000 0.889400
1.477437 0.000000 0.880700
1.601241 0.000000 0.954500
1.465190 0.000000 0.873400
1.529274 0.000000 0.911600
1.532293 0.000000 0.913400
1.499077 0.000000 0.893600
1.488509 0.000000 0.887300
1.411340 0.000000 0.841300
1.440027 0.000000 0.858400
1.507633 0.000000 0.898700
1.494045 0.000000 0.890600
1.591008 0.000000 0.948400
1.447240 0.000000 0.862700
1.555611 0.000000 0.927300
1.392216 0.000000 0.829900
1.391210 0.000000 0.829300
1.468881 0.000000 0.875600
1.489683 0.000000 0.888000
1.459990 0.000000 0.870300
1.582788 0.000000 0.943500
1.488005 0.000000 0.887000
1.379970 0.000000 0.822600
1.515853 0.000000 0.903600
1.490018 0.000000 0.888200
1.438853 0.000000 0.857700
1.482637 0.000000 0.883800
1.408992 0.000000 0.839900
1.511827 0.000000 0.901200
1.498910 0.000000 0.893500
1.501258 0.000000 0.894900
1.480456 0.000000 0.882500
1.532964 0.000000 0.913800
1.488173 0.000000 0.887100
1.506123 0.000000 0.897800
1.532293 0.000000 0.913400
1.432310 0.000000 0.853800
1.494883 0.000000 0.891100
1.438349 0.000000 0.857400
1.543533 0.000000 0.920100
1.471397 0.000000 0.877100
1.512162 0.000000 0.901400
1.453951 0.000000 0.866700
1.434491 0.000000 0.855100
1.489683 0.000000 0.888000
1.458983 0.000000 0.869700
1.536487 0.000000 0.915900
1.451602 0.000000 0.865300
1.476262 0.000000 0.880000
1.570039 0.000000 0.935900
1.518537 0.000000 0.905200
1.493206 0.000000 0.890100
1.392216 0.000000 0.829900
1.501929 0.000000 0.895300
1.499581 0.000000 0.893900
1.430632 0.000000 0.852800
1.507633 0.000000 0.898700
1.510653 0.000000 0.900500
1.422580 0.000000 0.848000
1.440027 0.000000 0.858400
1.450260 0.000000 0.864500
1.462506 0.000000 0.871800
1.462506 0.000000 0.871800
1.469217 0.000000 0.875800
1.469888 0.000000 0.876200
1.526757 0.000000 0.910100
1.510149 0.000000 0.900200
1.510988 0.000000 0.900700
1.408489 0.000000 0.839600
1.448750 0.000000 0.863600
1.471901 0.000000 0.877400
1.439020 0.000000 0.857800
1.499077 0.000000 0.893600
1.469217 0.000000 0.875800
1.447744 0.000000 0.863000
1.517027 0.000000 0.904300
1.501258 0.000000 0.894900
1.486160 0.000000 0.885900
1.410166 0.000000 0.840600
1.502265 0.000000 0.895500
1.448582 0.000000 0.863500
1.493877 0.000000 0.890500
1.488509 0.000000 0.887300
1.450763 0.000000 0.864800
1.458983 0.000000 0.869700
1.535481 0.000000 0.915300
1.491193 0.000000 0.888900
1.485992 0.000000 0.885800
1.494380 0.000000 0.890800
1.513001 0.000000 0.901900
1.520215 0.000000 0.906200
1.415031 0.000000 0.843500
1.537158 0.000000 0.916300
1.443885 0.000000 0.860700
1.476430 0.000000 0.880100
1.552256 0.000000 0.925300
1.480289 0.000000 0.882400
1.448247 0.000000 0.863300
1.432981 0.000000 0.854200
1.492199 0.000000 0.889500
1.552592 0.000000 0.925500
1.459990 0.000000 0.870300
1.475591 0.000000 0.879600
1.582117 0.000000 0.943100
1.522396 0.000000 0.907500
1.434155 0.000000 0.854900
1.509311 0.000000 0.899700
1.486160 0.000000 0.885900
1.518705 0.000000 0.905300
1.499748 0.000000 0.894000
1.537661 0.000000 0.916600
1.536319 0.000000 0.915800
1.423922 0.000000 0.848800
1.480121 0.000000 0.882300
1.505620 0.000000 0.897500
1.492199 0.000000 0.889500
1.496225 0.000000 0.891900
1.439020 0.000000 0.857800
1.475927 0.000000 0.879800
1.445731 0.000000 0.861800
1.424090 0.000000 0.848900
1.568529 0.000000 0.935000
1.499581 0.000000 0.893900
1.542526 0.000000 0.919500
1.452441 0.000000 0.865800
1.470055 0.000000 0.876300
1.567522 0.000000 0.934400
1.555611 0.000000 0.927300
1.588156 0.000000 0.946700
1.536152 0.000000 0.915700
1.437343 0.000000 0.856800
1.492535 0.000000 0.889700
1.503775 0.000000 0.896400
1.442879 0.000000 0.860100
1.525583 0.000000 0.909400
1.502768 0.000000 0.895800
1.446234 0.000000 0.862100
1.498239 0.000000 0.893100
1.440866 0.000000 0.858900
1.572890 0.000000 0.937600
1.490186 0.000000 0.888300
1.489012 0.000000 0.887600
1.374602 0.000000 0.819400
1.520047 0.000000 0.906100
1.517363 0.000000 0.904500
1.437343 0.000000 0.856800
1.385003 0.000000 0.825600
1.489012 0.000000 0.887600
1.422245 0.000000 0.847800
1.557625 0.000000 0.928500
1.550411 0.000000 0.924200
1.489851 0.000000 0.888100
1.458816 0.000000 0.869600
1.494212 0.000000 0.890700
1.507801 0.000000 0.898800
1.467707 0.000000 0.874900
1.404127 0.000000 0.837000
1.564335 0.000000 0.932500
1.441201 0.000000 0.859100
1.510988 0.000000 0.900700
1.467539 0.000000 0.874800
1.353800 0.000000 0.807000
1.433652 0.000000 0.854600
1.516860 0.000000 0.904200
1.520215 0.000000 0.906200
1.470223 0.000000 0.876400
1.441872 0.000000 0.859500
1.514343 0.000000 0.902700
1.507633 0.000000 0.898700
1.397249 0.000000 0.832900
1.557121 0.000000 0.928200
1.597551 0.000000 0.952300
1.503607 0.000000 0.896300
1.353296 0.000000 0.806700
1.414192 0.000000 0.843000
1.549908 0.000000 0.923900
1.480456 0.000000 0.882500
1.574568 0.000000 0.938600
1.504446 0.000000 0.896800
1.498910 0.000000 0.893500
1.477437 0.000000 0.880700
1.521725 0.000000 0.907100
1.511659 0.000000 0.901100
1.481127 0.000000 0.882900
1.502768 0.000000 0.895800
1.495387 0.000000 0.891400
1.512666 0.000000 0.901700
1.525415 0.000000 0.909300
1.552760 0.000000 0.925600
1.428284 0.000000 0.851400
1.489180 0.000000 0.887700
1.455293 0.000000 0.867500
1.521389 0.000000 0.906900
1.485153 0.000000 0.885300
1.535145 0.000000 0.915100
1.411844 0.000000 0.841600
1.436672 0.000000 0.856400
1.556450 0.000000 0.927800
1.519376 0.000000 0.905700
1.415534 0.000000 0.843800
1.493709 0.000000 0.890400
1.551082 0.000000 0.924600
1.574233 0.000000 0.938400
1.426942 0.000000 0.850600
1.499413 0.000000 0.893800
1.521389 0.000000 0.906900
1.488509 0.000000 0.887300
1.540010 0.000000 0.918000
1.522731 0.000000 0.907700
1.463513 0.000000 0.872400
1.484482 0.000000 0.884900
1.466365 0.000000 0.874100
1.554605 0.000000 0.926700
1.407650 0.000000 0.839100
1.493038 0.000000 0.890000
1.462339 0.000000 0.871700
1.430465 0.000000 0.852700
1.530112 0.000000 0.912100
1.536487 0.000000 0.915900
1.518705 0.000000 0.905300
1.478108 0.000000 0.881100
1.451099 0.000000 0.865000
1.534810 0.000000 0.914900
1.593021 0.000000 0.949600
1.425935 0.000000 0.850000
1.529945 0.000000 0.912000
1.532125 0.000000 0.913300
1.507968 0.000000 0.898900
1.539004 0.000000 0.917400
1.434826 0.000000 0.855300
1.476598 0.000000 0.880200
1.536655 0.000000 0.916000
1.461835 0.000000 0.871400
1.434323 0.000000 0.855000
1.512498 0.000000 0.901600
1.478611 0.000000 0.881400
1.438014 0.000000 0.857200
1.469888 0.000000 0.876200
1.511995 0.000000 0.901300
1.493374 0.000000 0.890200
1.574065 0.000000 0.938300
1.445731 0.000000 0.861800
1.566683 0.000000 0.933900
1.430968 0.000000 0.853000
1.407314 0.000000 0.838900
1.449253 0.000000 0.863900
1.505955 0.000000 0.897700
1.640832 0.000000 0.978100
1.441033 0.000000 0.859000
1.540010 0.000000 0.918000
1.454454 0.000000 0.867000
1.503775 0.000000 0.896400
1.448582 0.000000 0.863500
1.580104 0.000000 0.941900
1.512162 0.000000 0.901400
1.469720 0.000000 0.876100
1.441201 0.000000 0.859100
1.506962 0.000000 0.898300
1.483476 0.000000 0.884300
1.465358 0.000000 0.873500
1.526925 0.000000 0.910200
1.518537 0.000000 0.905200
1.420064 0.000000 0.846500
1.538668 0.000000 0.917200
1.386345 0.000000 0.826400
1.542694 0.000000 0.919600
1.419560 0.000000 0.846200
1.446569 0.000000 0.862300
1.477604 0.000000 0.880800
1.451267 0.000000 0.865100
1.579768 0.000000 0.941700
1.478443 0.000000 0.881300
1.452944 0.000000 0.866100
1.386009 0.000000 0.826200
1.433317 0.000000 0.854400
1.546720 0.000000 0.922000
1.468042 0.000000 0.875100
1.506123 0.000000 0.897800
1.479282 0.000000 0.881800
1.541520 0.000000 0.918900
1.486999 0.000000 0.886400
1.391713 0.000000 0.829600
1.575742 0.000000 0.939300
1.412682 0.000000 0.842100
1.634625 0.000000 0.974400
1.530616 0.000000 0.912400
1.440362 0.000000 0.858600
1.502265 0.000000 0.895500
1.441872 0.000000 0.859500
1.491696 0.000000 0.889200
1.464687 0.000000 0.873100
1.422748 0.000000 0.848100
1.480960 0.000000 0.882800
1.485489 0.000000 0.885500
1.449253 0.000000 0.863900
1.490689 0.000000 0.888600
1.461500 0.000000 0.871200
1.473243 0.000000 0.878200
1.480624 0.000000 0.882600
1.498574 0.000000 0.893300
1.524241 0.000000 0.908600
1.400939 0.000000 0.835100
1.509478 0.000000 0.899800
1.519879 0.000000 0.906000
1.389700 0.000000 0.828400
1.463848 0.000000 0.872600
1.484147 0.000000 0.884700
1.542359 0.000000 0.919400
1.529777 0.000000 0.911900
1.467371 0.000000 0.874700
1.465694 0.000000 0.873700
1.429794 0.000000 0.852300
1.409327 0.000000 0.840100
1.424761 0.000000 0.849300
1.486663 0.000000 0.886200
1.472572 0.000000 0.877800
1.516524 0.000000 0.904000
1.442543 0.000000 0.859900
1.499413 0.000000 0.893800
1.468546 0.000000 0.875400
1.462339 0.000000 0.871700
1.424593 0.000000 0.849200
1.431471 0.000000 0.853300
1.448415 0.000000 0.863400
1.411340 0.000000 0.841300
1.496393 0.000000 0.892000
1.534642 0.000000 0.914800
1.437007 0.000000 0.856600
1.482469 0.000000 0.883700
1.465526 0.000000 0.873600
1.388525 0.000000 0.827700
1.497903 0.000000 0.892900
1.492199 0.000000 0.889500
1.473075 0.000000 0.878100
1.452441 0.000000 0.865800
1.553263 0.000000 0.925900
1.505788 0.000000 0.897600
1.511995 0.000000 0.901300
1.476095 0.000000 0.879900
1.442711 0.000000 0.860000
1.534474 0.000000 0.914700
1.499748 0.000000 0.894000
1.422748 0.000000 0.848100
1.375776 0.000000 0.820100
1.525918 0.000000 0.909600
1.369066 0.000000 0.816100
1.418889 0.000000 0.845800
1.523570 0.000000 0.908200
1.470559 0.000000 0.876600
1.465358 0.000000 0.873500
1.532964 0.000000 0.913800
1.543030 0.000000 0.919800
1.439020 0.000000 0.857800
1.440866 0.000000 0.858900
1.443885 0.000000 0.860700
1.492199 0.000000 0.889500
1.449757 0.000000 0.864200
1.491193 0.000000 0.888900
1.487670 0.000000 0.886800
1.455964 0.000000 0.867900
1.416205 0.000000 0.844200
1.494883 0.000000 0.891100
1.480960 0.000000 0.882800
1.524744 0.000000 0.908900
1.377621 0.000000 0.821200
1.496896 0.000000 0.892300
1.526254 0.000000 0.909800
1.419393 0.000000 0.846100
1.432478 0.000000 0.853900
1.457474 0.000000 0.868800
1.504613 0.000000 0.896900
1.526757 0.000000 0.910100
1.443214 0.000000 0.860300
1.426606 0.000000 0.850400
1.471565 0.000000 0.877200
1.518202 0.000000 0.905000
1.500252 0.000000 0.894300
1.487838 0.000000 0.886900
1.412515 0.000000 0.842000
1.408489 0.000000 0.839600
1.442040 0.000000 0.859600
1.629928 0.000000 0.971600
1.513840 0.000000 0.902400
1.448750 0.000000 0.863600
1.501761 0.000000 0.895200
1.523738 0.000000 0.908300
1.470559 0.000000 0.876600
1.436504 0.000000 0.856300
1.493877 0.000000 0.890500
1.536152 0.000000 0.915700
1.448750 0.000000 0.863600
1.550914 0.000000 0.924500
1.500084 0.000000 0.894200
1.469552 0.000000 0.876000
1.553095 0.000000 0.925800
1.481127 0.000000 0.882900
1.446066 0.000000 0.862000
1.428116 0.000000 0.851300
1.481295 0.000000 0.883000
1.450092 0.000000 0.864400
1.510653 0.000000 0.900500
1.477772 0.000000 0.880900
1.464352 0.000000 0.872900
1.458816 0.000000 0.869600
1.444556 0.000000 0.861100
1.457306 0.000000 0.868700
1.418722 0.000000 0.845700
1.591344 0.000000 0.948600
1.541855 0.000000 0.919100
1.557289 0.000000 0.928300
1.484986 0.000000 0.885200
1.484482 0.000000 0.884900
1.435330 0.000000 0.855600
1.530616 0.000000 0.912400
1.504110 0.000000 0.896600
1.496058 0.000000 0.891800
1.525918 0.000000 0.909600
1.520382 0.000000 0.906300
1.508136 0.000000 0.899000
1.410166 0.000000 0.840600
1.453280 0.000000 0.866300
1.509478 0.000000 0.899800
1.492870 0.000000 0.889900
1.479450 0.000000 0.881900
1.579097 0.000000 0.941300
1.432981 0.000000 0.854200
1.526757 0.000000 0.910100
1.452441 0.000000 0.865800
1.489515 0.000000 0.887900
1.488005 0.000000 0.887000
1.434323 0.000000 0.855000
1.463345 0.000000 0.872300
1.453783 0.000000 0.866600
1.541520 0.000000 0.918900
1.506123 0.000000 0.897800
1.431303 0.000000 0.853200
1.420735 0.000000 0.846900
1.526086 0.000000 0.909700
1.500419 0.000000 0.894400
1.573394 0.000000 0.937900
1.537997 0.000000 0.916800
1.488509 0.000000 0.887300
1.518705 0.000000 0.905300
1.497064 0.000000 0.892400
1.457474 0.000000 0.868800
1.496393 0.000000 0.892000
1.474249 0.000000 0.878800
1.492032 0.000000 0.889400
1.504949 0.000000 0.897100
1.486328 0.000000 0.886000
1.490354 0.000000 0.888400
1.436839 0.000000 0.856500
1.403288 0.000000 0.836500
1.433652 0.000000 0.854600
1.482302 0.000000 0.883600
1.447744 0.000000 0.863000
1.434323 0.000000 0.855000
1.503439 0.000000 0.896200
1.458312 0.000000 0.869300
1.446569 0.000000 0.862300
1.462506 0.000000 0.871800
1.448918 0.000000 0.863700
1.484482 0.000000 0.884900
1.376279 0.000000 0.820400
1.430465 0.000000 0.852700
1.488341 0.000000 0.887200
1.540849 0.000000 0.918500
1.485321 0.000000 0.885400
1.522228 0.000000 0.907400
1.486328 0.000000 0.886000
1.470223 0.000000 0.876400
1.466197 0.000000 0.874000
1.476933 0.000000 0.880400
1.414696 0.000000 0.843300
1.516189 0.000000 0.903800
1.480456 0.000000 0.882500
1.573897 0.000000 0.938200
1.479618 0.000000 0.882000
1.513672 0.000000 0.902300
1.505284 0.000000 0.897300
1.539507 0.000000 0.917700
1.527764 0.000000 0.910700
1.520382 0.000000 0.906300
1.427781 0.000000 0.851100
1.568361 0.000000 0.934900
1.377453 0.000000 0.821100
1.394732 0.000000 0.831400
1.558463 0.000000 0.929000
1.409998 0.000000 0.840500
1.428284 0.000000 0.851400
1.441704 0.000000 0.859400
1.436504 0.000000 0.856300
1.506794 0.000000 0.898200
1.440362 0.000000 0.858600
1.405972 0.000000 0.838100
1.567858 0.000000 0.934600
1.447073 0.000000 0.862600
1.477772 0.000000 0.880900
1.449253 0.000000 0.863900
1.496058 0.000000 0.891800
1.487502 0.000000 0.886700
1.551753 0.000000 0.925000
1.522563 0.000000 0.907600
1.508975 0.000000 0.899500
1.595873 0.000000 0.951300
1.517027 0.000000 0.904300
1.526589 0.000000 0.910000
1.521054 0.000000 0.906700
1.490857 0.000000 0.888700
1.456970 0.000000 0.868500
1.520718 0.000000 0.906500
1.419225 0.000000 0.846000
1.532293 0.000000 0.913400
1.410166 0.000000 0.840600
1.515518 0.000000 0.903400
1.439859 0.000000 0.858300
1.464855 0.000000 0.873200
1.526086 0.000000 0.909700
1.550579 0.000000 0.924300
1.451602 0.000000 0.865300
1.540346 0.000000 0.918200
1.473746 0.000000 0.878500
1.493877 0.000000 0.890500
1.504110 0.000000 0.896600
1.480289 0.000000 0.882400
1.441537 0.000000 0.859300
1.463010 0.000000 0.872100
1.489012 0.000000 0.887600
1.421406 0.000000 0.847300
1.573058 0.000000 0.937700
1.529609 0.000000 0.911800
1.453280 0.000000 0.866300
1.517531 0.000000 0.904600
1.556786 0.000000 0.928000
1.534642 0.000000 0.914800
1.581949 0.000000 0.943000
1.512498 0.000000 0.901600
1.444389 0.000000 0.861000
1.371917 0.000000 0.817800
1.543868 0.000000 0.920300
1.447911 0.000000 0.863100
1.441537 0.000000 0.859300
1.467203 0.000000 0.874600
1.447744 0.000000 0.863000
1.451770 0.000000 0.865400
1.476933 0.000000 0.880400
1.466532 0.000000 0.874200
1.435162 0.000000 0.855500
1.424425 0.000000 0.849100
1.500252 0.000000 0.894300
1.481463 0.000000 0.883100
1.509982 0.000000 0.900100
1.408656 0.000000 0.839700
1.506459 0.000000 0.898000
1.486160 0.000000 0.885900
1.547895 0.000000 0.922700
1.446569 0.000000 0.862300
1.559973 0.000000 0.929900
1.494212 0.000000 0.890700
1.574065 0.000000 0.938300
1.457306 0.000000 0.868700
1.457306 0.000000 0.868700
1.542359 0.000000 0.919400
1.542023 0.000000 0.919200
1.471733 0.000000 0.877300
1.400604 0.000000 0.834900
1.455460 0.000000 0.867600
1.413353 0.000000 0.842500
1.560141 0.000000 0.930000
1.433988 0.000000 0.854800
1.548230 0.000000 0.922900
1.494548 0.000000 0.890900
1.500252 0.000000 0.894300
1.422412 0.000000 0.847900
1.415199 0.000000 0.843600
1.424593 0.000000 0.849200
1.556786 0.000000 0.928000
1.548733 0.000000 0.923200
1.453783 0.000000 0.866600
1.510653 0.000000 0.900500
1.500923 0.000000 0.894700
1.501090 0.000000 0.894800
1.601074 0.000000 0.954400
1.513337 0.000000 0.902100
1.546888 0.000000 0.922100
1.501258 0.000000 0.894900
1.466365 0.000000 0.874100
1.604429 0.000000 0.956400
1.529777 0.000000 0.911900
1.507801 0.000000 0.898800
1.530112 0.000000 0.912100
1.564167 0.000000 0.932400
1.513672 0.000000 0.902300
1.408153 0.000000 0.839400
1.508136 0.000000 0.899000
1.564503 0.000000 0.932600
1.520382 0.000000 0.906300
1.555444 0.000000 0.927200
1.486663 0.000000 0.886200
1.507130 0.000000 0.898400
1.500755 0.000000 0.894600
1.439020 0.000000 0.857800
1.528770 0.000000 0.911300
1.502432 0.000000 0.895600
1.502432 0.000000 0.895600
1.411173 0.000000 0.841200
1.449925 0.000000 0.864300
1.512330 0.000000 0.901500
1.430297 0.000000 0.852600
1.460661 0.000000 0.870700
1.428619 0.000000 0.851600
1.493709 0.000000 0.890400
1.428284 0.000000 0.851400
1.481463 0.000000 0.883100
1.540849 0.000000 0.918500
1.531119 0.000000 0.912700
1.472907 0.000000 0.878000
1.518202 0.000000 0.905000
1.467036 0.000000 0.874500
1.503775 0.000000 0.896400
1.377957 0.000000 0.821400
1.543868 0.000000 0.920300
1.529106 0.000000 0.911500
1.475927 0.000000 0.879800
1.520382 0.000000 0.906300
1.496729 0.000000 0.892200
1.482469 0.000000 0.883700
1.500923 0.000000 0.894700
1.472572 0.000000 0.877800
1.440195 0.000000 0.858500
1.502936 0.000000 0.895900
1.546049 0.000000 0.921600
1.529945 0.000000 0.912000
1.451099 0.000000 0.865000
1.471565 0.000000 0.877200
1.562154 0.000000 0.931200
1.430968 0.000000 0.853000
1.548901 0.000000 0.923300
1.542862 0.000000 0.919700
1.555276 0.000000 0.927100
1.521725 0.000000 0.907100
1.518202 0.000000 0.905000
1.547391 0.000000 0.922400
1.555276 0.000000 0.927100
1.478946 0.000000 0.881600
1.503942 0.000000 0.896500
1.512833 0.000000 0.901800
1.485489 0.000000 0.885500
1.556450 0.000000 0.927800
1.479953 0.000000 0.882200
1.490018 0.000000 0.888200
1.520047 0.000000 0.906100
1.514511 0.000000 0.902800
1.511827 0.000000 0.901200
1.492367 0.000000 0.889600
1.486496 0.000000 0.886100
1.491193 0.000000 0.888900
1.473243 0.000000 0.878200
1.483476 0.000000 0.884300
1.497232 0.000000 0.892500
1.537494 0.000000 0.916500
1.557625 0.000000 0.928500
1.475256 0.000000 0.879400
1.533468 0.000000 0.914100
1.516692 0.000000 0.904100
1.460325 0.000000 0.870500
1.416876 0.000000 0.844600
1.516524 0.000000 0.904000
1.425935 0.000000 0.850000
1.522731 0.000000 0.907700
1.516356 0.000000 0.903900
1.486663 0.000000 0.886200
1.470894 0.000000 0.876800
1.540681 0.000000 0.918400
1.513169 0.000000 0.902000
1.532629 0.000000 0.913600
1.509982 0.000000 0.900100
1.554605 0.000000 0.926700
1.468042 0.000000 0.875100
1.512162 0.000000 0.901400
1.427277 0.000000 0.850800
1.477101 0.000000 0.880500
1.456803 0.000000 0.868400
1.393894 0.000000 0.830900
1.446402 0.000000 0.862200
1.501594 0.000000 0.895100
1.474585 0.000000 0.879000
1.463010 0.000000 0.872100
1.577588 0.000000 0.940400
1.452944 0.000000 0.866100
1.502432 0.000000 0.895600
1.583124 0.000000 0.943700
1.425600 0.000000 0.849800
1.501090 0.000000 0.894800
1.375608 0.000000 0.820000
1.520047 0.000000 0.906100
1.372421 0.000000 0.818100
1.446905 0.000000 0.862500
1.445898 0.000000 0.861900
1.468881 0.000000 0.875600
1.471230 0.000000 0.877000
1.419057 0.000000 0.845900
1.524241 0.000000 0.908600
1.418889 0.000000 0.845800
1.481295 0.000000 0.883000
1.383157 0.000000 0.824500
1.474753 0.000000 0.879100
1.554269 0.000000 0.926500
1.547727 0.000000 0.922600
1.420567 0.000000 0.846800
1.515853 0.000000 0.903600
1.516524 0.000000 0.904000
1.503775 0.000000 0.896400
1.486999 0.000000 0.886400
1.486663 0.000000 0.886200
1.531622 0.000000 0.913000
1.508975 0.000000 0.899500
1.545378 0.000000 0.921200
1.479785 0.000000 0.882100
1.460158 0.000000 0.870400
1.465023 0.000000 0.873300
1.541352 0.000000 0.918800
1.542191 0.000000 0.919300
1.602080 0.000000 0.955000
1.440362 0.000000 0.858600
1.515685 0.000000 0.903500
1.525583 0.000000 0.909400
1.474585 0.000000 0.879000
1.474082 0.000000 0.878700
1.416541 0.000000 0.844400
1.547224 0.000000 0.922300
1.554940 0.000000 0.926900
1.504613 0.000000 0.896900
1.545882 0.000000 0.921500
1.468042 0.000000 0.875100
1.487670 0.000000 0.886800
1.530112 0.000000 0.912100
1.524744 0.000000 0.908900
1.482637 0.000000 0.883800
1.474585 0.000000 0.879000
1.529441 0.000000 0.911700
1.497232 0.000000 0.892500
1.454118 0.000000 0.866800
1.507968 0.000000 0.898900
1.546888 0.000000 0.922100
1.472068 0.000000 0.877500
1.534474 0.000000 0.914700
1.546385 0.000000 0.921800
1.524073 0.000000 0.908500
1.446234 0.000000 0.862100
1.448582 0.000000 0.863500
1.474082 0.000000 0.878700
1.470726 0.000000 0.876700
1.462339 0.000000 0.871700
1.477772 0.000000 0.880900
1.478779 0.000000 0.881500
1.435330 0.000000 0.855600
1.573058 0.000000 0.937700
1.527261 0.000000 0.910400
1.447073 0.000000 0.862600
1.475927 0.000000 0.879800
1.473914 0.000000 0.878600
1.493541 0.000000 0.890300
1.634793 0.000000 0.974500
1.440362 0.000000 0.858600
1.479785 0.000000 0.882100
1.508472 0.000000 0.899200
1.584466 0.000000 0.944500
1.453447 0.000000 0.866400
1.550243 0.000000 0.924100
1.567522 0.000000 0.934400
1.464352 0.000000 0.872900
1.622211 0.000000 0.967000
1.522228 0.000000 0.907400
1.515350 0.000000 0.903300
1.510988 0.000000 0.900700
1.513504 0.000000 0.902200
1.457641 0.000000 0.868900
1.428619 0.000000 0.851600
1.533971 0.000000 0.914400
1.574400 0.000000 0.938500
1.498910 0.000000 0.893500
1.534977 0.000000 0.915000
1.554773 0.000000 0.926800
1.449253 0.000000 0.863900
1.587150 0.000000 0.946100
1.504110 0.000000 0.896600
1.438182 0.000000 0.857300
1.475424 0.000000 0.879500
1.551585 0.000000 0.924900
1.511659 0.000000 0.901100
1.527428 0.000000 0.910500
1.533803 0.000000 0.914300
1.488844 0.000000 0.887500
1.428619 0.000000 0.851600
1.474417 0.000000 0.878900
1.499748 0.000000 0.894000
1.424593 0.000000 0.849200
1.490857 0.000000 0.888700
1.545546 0.000000 0.921300
1.490857 0.000000 0.888700
1.474417 0.000000 0.878900
1.426774 0.000000 0.850500
1.493374 0.000000 0.890200
1.456635 0.000000 0.868300
1.537494 0.000000 0.916500
1.444556 0.000000 0.861100
1.579601 0.000000 0.941600
1.577252 0.000000 0.940200
1.446737 0.000000 0.862400
1.526589 0.000000 0.910000
1.493541 0.000000 0.890300
1.446402 0.000000 0.862200
1.485153 0.000000 0.885300
1.501090 0.000000 0.894800
1.420903 0.000000 0.847000
1.430297 0.000000 0.852600
1.511156 0.000000 0.900800
1.514008 0.000000 0.902500
1.507633 0.000000 0.898700
1.433317 0.000000 0.854400
1.496561 0.000000 0.892100
1.541688 0.000000 0.919000
1.526254 0.000000 0.909800
1.508472 0.000000 0.899200
1.437510 0.000000 0.856900
1.503439 0.000000 0.896200
1.423083 0.000000 0.848300
1.456299 0.000000 0.868100
1.422245 0.000000 0.847800
1.551082 0.000000 0.924600
1.463681 0.000000 0.872500
1.498239 0.000000 0.893100
1.517363 0.000000 0.904500
1.387854 0.000000 0.827300
1.504613 0.000000 0.896900
1.541688 0.000000 0.919000
1.481463 0.000000 0.883100
1.497400 0.000000 0.892600
1.532461 0.000000 0.913500
1.557960 0.000000 0.928700
1.453112 0.000000 0.866200
1.412850 0.000000 0.842200
1.474920 0.000000 0.879200
1.460829 0.000000 0.870800
1.540513 0.000000 0.918300
1.506794 0.000000 0.898200
1.521892 0.000000 0.907200
1.476598 0.000000 0.880200
1.494212 0.000000 0.890700
1.455460 0.000000 0.867600
1.545043 0.000000 0.921000
1.484315 0.000000 0.884800
1.536990 0.000000 0.916200
1.451770 0.000000 0.865400
1.495051 0.000000 0.891200
1.473411 0.000000 0.878300
1.472572 0.000000 0.877800
1.543365 0.000000 0.920000
1.506794 0.000000 0.898200
1.501929 0.000000 0.895300
1.471733 0.000000 0.877300
1.470223 0.000000 0.876400
1.508304 0.000000 0.899100
1.574568 0.000000 0.938600
1.480960 0.000000 0.882800
1.488844 0.000000 0.887500
1.488341 0.000000 0.887200
1.481463 0.000000 0.883100
1.399262 0.000000 0.834100
1.428116 0.000000 0.851300
1.519879 0.000000 0.906000
1.584466 0.000000 0.944500
1.457138 0.000000 0.868600
1.487670 0.000000 0.886800
1.487502 0.000000 0.886700
1.447408 0.000000 0.862800
1.508304 0.000000 0.899100
1.509478 0.000000 0.899800
1.459487 0.000000 0.870000
1.586143 0.000000 0.945500
1.454789 0.000000 0.867200
1.602751 0.000000 0.955400
1.437343 0.000000 0.856800
1.449589 0.000000 0.864100
1.463010 0.000000 0.872100
1.506459 0.000000 0.898000
1.525583 0.000000 0.909400
1.462171 0.000000 0.871600
1.432478 0.000000 0.853900
1.541184 0.000000 0.918700
1.499748 0.000000 0.894000
1.554940 0.000000 0.926900
1.510653 0.000000 0.900500
1.497735 0.000000 0.892800
1.491864 0.000000 0.889300
1.537997 0.000000 0.916800
1.531119 0.000000 0.912700
1.539004 0.000000 0.917400
1.490689 0.000000 0.888600
1.415367 0.000000 0.843700
1.506794 0.000000 0.898200
1.493877 0.000000 0.890500
1.510485 0.000000 0.900400
1.490857 0.000000 0.888700
1.491528 0.000000 0.889100
1.421406 0.000000 0.847300
1.562825 0.000000 0.931600
1.468042 0.000000 0.875100
1.482637 0.000000 0.883800
1.464352 0.000000 0.872900
1.477101 0.000000 0.880500
1.404127 0.000000 0.837000
1.458312 0.000000 0.869300
1.447576 0.000000 0.862900
1.449757 0.000000 0.864200
1.458983 0.000000 0.869700
1.465861 0.000000 0.873800
1.528603 0.000000 0.911200
1.507633 0.000000 0.898700
1.524073 0.000000 0.908500
1.512498 0.000000 0.901600
1.427445 0.000000 0.850900
1.529609 0.000000 0.911800
1.529777 0.000000 0.911900
1.481463 0.000000 0.883100
1.473746 0.000000 0.878500
1.431807 0.000000 0.853500
1.600235 0.000000 0.953900
1.570374 0.000000 0.936100
1.517195 0.000000 0.904400
1.482134 0.000000 0.883500
1.483979 0.000000 0.884600
1.518034 0.000000 0.904900
1.425935 0.000000 0.850000
1.457474 0.000000 0.868800
1.502600 0.000000 0.895700
1.537661 0.000000 0.916600
1.479618 0.000000 0.882000
1.522060 0.000000 0.907300
1.506459 0.000000 0.898000
1.554437 0.000000 0.926600
1.410837 0.000000 0.841000
1.546049 0.000000 0.921600
1.451099 0.000000 0.865000
1.483476 0.000000 0.884300
1.470726 0.000000 0.876700
1.534642 0.000000 0.914800
1.455460 0.000000 0.867600
1.519879 0.000000 0.906000
1.453112 0.000000 0.866200
1.597383 0.000000 0.952200
1.431975 0.000000 0.853600
1.483811 0.000000 0.884500
1.510988 0.000000 0.900700
1.450931 0.000000 0.864900
1.430632 0.000000 0.852800
1.401443 0.000000 0.835400
1.545882 0.000000 0.921500
1.457641 0.000000 0.868900
1.474753 0.000000 0.879100
1.499916 0.000000 0.894100
1.451434 0.000000 0.865200
1.541520 0.000000 0.918900
1.430465 0.000000 0.852700
1.585137 0.000000 0.944900
1.497735 0.000000 0.892800
1.566683 0.000000 0.933900
1.442208 0.000000 0.859700
1.450931 0.000000 0.864900
1.537494 0.000000 0.916500
1.441201 0.000000 0.859100
1.497064 0.000000 0.892400
1.510149 0.000000 0.900200
1.456467 0.000000 0.868200
1.476095 0.000000 0.879900
1.463513 0.000000 0.872400
1.511491 0.000000 0.901000
1.421909 0.000000 0.847600
1.427781 0.000000 0.851100
1.550075 0.000000 0.924000
1.518202 0.000000 0.905000
1.537326 0.000000 0.916400
1.551418 0.000000 0.924800
1.446402 0.000000 0.862200
1.476430 0.000000 0.880100
1.490018 0.000000 0.888200
1.414192 0.000000 0.843000
1.428955 0.000000 0.851800
1.492870 0.000000 0.889900
1.426271 0.000000 0.850200
1.414360 0.000000 0.843100
1.486328 0.000000 0.886000
1.523570 0.000000 0.908200
1.455125 0.000000 0.867400
1.590840 0.000000 0.948300
1.509478 0.000000 0.899800
1.479282 0.000000 0.881800
1.547895 0.000000 0.922700
1.529274 0.000000 0.911600
1.425935 0.000000 0.850000
1.556786 0.000000 0.928000
1.415702 0.000000 0.843900
1.503104 0.000000 0.896000
1.539171 0.000000 0.917500
1.536319 0.000000 0.915800
1.583795 0.000000 0.944100
1.488844 0.000000 0.887500
1.492703 0.000000 0.889800
1.483644 0.000000 0.884400
1.559470 0.000000 0.929600
1.525918 0.000000 0.909600
1.482134 0.000000 0.883500
1.513672 0.000000 0.902300
1.419393 0.000000 0.846100
1.486999 0.000000 0.886400
1.475927 0.000000 0.879800
1.459654 0.000000 0.870100
1.489851 0.000000 0.888100
1.493038 0.000000 0.890000
1.517363 0.000000 0.904500
1.475256 0.000000 0.879400
1.369569 0.000000 0.816400
1.450931 0.000000 0.864900
1.502600 0.000000 0.895700
1.474753 0.000000 0.879100
1.521054 0.000000 0.906700
1.488676 0.000000 0.887400
1.479618 0.000000 0.882000
1.464855 0.000000 0.873200
1.516860 0.000000 0.904200
1.490522 0.000000 0.888500
1.520047 0.000000 0.906100
1.517866 0.000000 0.904800
1.514343 0.000000 0.902700
1.511491 0.000000 0.901000
1.466868 0.000000 0.874400
1.425096 0.000000 0.849500
1.435497 0.000000 0.855700
1.516692 0.000000 0.904100
1.592350 0.000000 0.949200
1.459487 0.000000 0.870000
1.400772 0.000000 0.835000
1.360007 0.000000 0.810700
1.542191 0.000000 0.919300
1.615836 0.000000 0.963200
1.453112 0.000000 0.866200
1.445227 0.000000 0.861500
1.521557 0.000000 0.907000
1.453280 0.000000 0.866300
1.381815 0.000000 0.823700
1.467875 0.000000 0.875000
1.527428 0.000000 0.910500
1.480792 0.000000 0.882700
1.410669 0.000000 0.840900
1.539675 0.000000 0.917800
1.528267 0.000000 0.911000
1.521725 0.000000 0.907100
1.544540 0.000000 0.920700
1.497232 0.000000 0.892500
1.459487 0.000000 0.870000
1.547224 0.000000 0.922300
1.504613 0.000000 0.896900
1.509814 0.000000 0.900000
1.485992 0.000000 0.885800
1.519711 0.000000 0.905900
1.513337 0.000000 0.902100
1.510653 0.000000 0.900500
1.469720 0.000000 0.876100
1.481798 0.000000 0.883300
1.495554 0.000000 0.891500
1.519879 0.000000 0.906000
1.502768 0.000000 0.895800
1.495219 0.000000 0.891300
1.498239 0.000000 0.893100
1.495890 0.000000 0.891700
1.490354 0.000000 0.888400
1.493374 0.000000 0.890200
1.518369 0.000000 0.905100
1.543701 0.000000 0.920200
1.450931 0.000000 0.864900
1.508975 0.000000 0.899500
1.535145 0.000000 0.915100
1.465190 0.000000 0.873400
1.491864 0.000000 0.889300
1.486663 0.000000 0.886200
1.499916 0.000000 0.894100
1.564335 0.000000 0.932500
1.500419 0.000000 0.894400
1.531287 0.000000 0.912800
1.544036 0.000000 0.920400
1.532964 0.000000 0.913800
1.578091 0.000000 0.940700
1.529441 0.000000 0.911700
1.550075 0.000000 0.924000
1.475927 0.000000 0.879800
1.446402 0.000000 0.862200
1.497568 0.000000 0.892700
1.524409 0.000000 0.908700
1.392719 0.000000 0.830200
1.479114 0.000000 0.881700
1.505788 0.000000 0.897600
1.381647 0.000000 0.823600
1.502768 0.000000 0.895800
1.503271 0.000000 0.896100
1.458816 0.000000 0.869600
1.588827 0.000000 0.947100
1.612481 0.000000 0.961200
1.535145 0.000000 0.915100
1.602416 0.000000 0.955200
1.451770 0.000000 0.865400
1.483811 0.000000 0.884500
1.458983 0.000000 0.869700
1.374266 0.000000 0.819200
1.542023 0.000000 0.919200
1.532797 0.000000 0.913700
1.543030 0.000000 0.919800
1.531790 0.000000 0.913100
1.461668 0.000000 0.871300
1.600067 0.000000 0.953800
1.475927 0.000000 0.879800
1.441704 0.000000 0.859400
1.465526 0.000000 0.873600
1.454286 0.000000 0.866900
1.484315 0.000000 0.884800
1.527261 0.000000 0.910400
1.481631 0.000000 0.883200
1.458983 0.000000 0.869700
1.499245 0.000000 0.893700
1.472572 0.000000 0.877800
1.468713 0.000000 0.875500
1.462506 0.000000 0.871800
1.473746 0.000000 0.878500
1.579601 0.000000 0.941600
1.508136 0.000000 0.899000
1.522228 0.000000 0.907400
1.571884 0.000000 0.937000
1.470894 0.000000 0.876800
1.451099 0.000000 0.865000
1.442208 0.000000 0.859700
1.522731 0.000000 0.907700
1.467036 0.000000 0.874500
1.435162 0.000000 0.855500
1.569871 0.000000 0.935800
1.481295 0.000000 0.883000
1.493206 0.000000 0.890100
1.520047 0.000000 0.906100
1.514008 0.000000 0.902500
1.540346 0.000000 0.918200
1.461668 0.000000 0.871300
1.508639 0.000000 0.899300
1.419057 0.000000 0.845900
1.494716 0.000000 0.891000
1.524241 0.000000 0.908600
1.489683 0.000000 0.888000
1.504781 0.000000 0.897000
1.444892 0.000000 0.861300
1.528770 0.000000 0.911300
1.476766 0.000000 0.880300
1.404966 0.000000 0.837500
1.495387 0.000000 0.891400
1.557792 0.000000 0.928600
1.519879 0.000000 0.906000
1.510317 0.000000 0.900300
1.522228 0.000000 0.907400
1.510988 0.000000 0.900700
1.463345 0.000000 0.872300
1.469384 0.000000 0.875900
1.424761 0.000000 0.849300
1.613655 0.000000 0.961900
1.470726 0.000000 0.876700
1.563328 0.000000 0.931900
1.470223 0.000000 0.876400
1.418554 0.000000 0.845600
1.531454 0.000000 0.912900
1.450596 0.000000 0.864700
1.428955 0.000000 0.851800
1.497735 0.000000 0.892800
1.458816 0.000000 0.869600
1.468210 0.000000 0.875200
1.559805 0.000000 0.929800
1.550075 0.000000 0.924000
1.495554 0.000000 0.891500
1.593525 0.000000 0.949900
1.502600 0.000000 0.895700
1.618520 0.000000 0.964800
1.531119 0.000000 0.912700
1.486496 0.000000 0.886100
1.486160 0.000000 0.885900
1.557792 0.000000 0.928600
1.521557 0.000000 0.907000
1.520718 0.000000 0.906500
1.488173 0.000000 0.887100
1.568193 0.000000 0.934800
1.496896 0.000000 0.892300
1.454789 0.000000 0.867200
1.527596 0.000000 0.910600
1.516021 0.000000 0.903700
1.443046 0.000000 0.860200
1.559134 0.000000 0.929400
1.484650 0.000000 0.885000
1.566012 0.000000 0.933500
1.564670 0.000000 0.932700
1.432981 0.000000 0.854200
1.495387 0.000000 0.891400
1.513840 0.000000 0.902400
1.588492 0.000000 0.946900
1.450260 0.000000 0.864500
1.491193 0.000000 0.888900
1.538500 0.000000 0.917100
1.458983 0.000000 0.869700
1.540346 0.000000 0.918200
1.535984 0.000000 0.915600
1.515685 0.000000 0.903500
1.515350 0.000000 0.903300
1.508136 0.000000 0.899000
1.353296 0.000000 0.806700
1.486831 0.000000 0.886300
1.485992 0.000000 0.885800
1.523402 0.000000 0.908100
1.608623 0.000000 0.958900
1.491864 0.000000 0.889300
1.554773 0.000000 0.926800
1.564503 0.000000 0.932600
1.584298 0.000000 0.944400
1.496561 0.000000 0.892100
1.527764 0.000000 0.910700
1.430465 0.000000 0.852700
1.537158 0.000000 0.916300
1.486496 0.000000 0.886100
1.473746 0.000000 0.878500
1.549740 0.000000 0.923800
1.496729 0.000000 0.892200
1.481631 0.000000 0.883200
1.486831 0.000000 0.886300
1.520382 0.000000 0.906300
1.528267 0.000000 0.911000
1.501761 0.000000 0.895200
1.430465 0.000000 0.852700
1.425600 0.000000 0.849800
1.494716 0.000000 0.891000
1.495219 0.000000 0.891300
1.455293 0.000000 0.867500
1.473075 0.000000 0.878100
1.436336 0.000000 0.856200
1.526589 0.000000 0.910000
1.483476 0.000000 0.884300
1.527261 0.000000 0.910400
1.500419 0.000000 0.894400
1.439020 0.000000 0.857800
1.488173 0.000000 0.887100
1.653078 0.000000 0.985400
1.530783 0.000000 0.912500
1.526254 0.000000 0.909800
1.471397 0.000000 0.877100
1.423754 0.000000 0.848700
1.417547 0.000000 0.845000
1.532629 0.000000 0.913600
1.415031 0.000000 0.843500
1.442879 0.000000 0.860100
1.442711 0.000000 0.860000
1.423419 0.000000 0.848500
1.520886 0.000000 0.906600
1.539339 0.000000 0.917600
1.495051 0.000000 0.891200
1.479618 0.000000 0.882000
1.556450 0.000000 0.927800
1.549069 0.000000 0.923400
1.444221 0.000000 0.860900
1.489180 0.000000 0.887700
1.521892 0.000000 0.907200
1.509814 0.000000 0.900000
1.454454 0.000000 0.867000
1.552927 0.000000 0.925700
1.513169 0.000000 0.902000
1.471901 0.000000 0.877400
1.426774 0.000000 0.850500
1.471901 0.000000 0.877400
1.524912 0.000000 0.909000
1.446569 0.000000 0.862300
1.484482 0.000000 0.884900
1.450596 0.000000 0.864700
1.413353 0.000000 0.842500
1.434826 0.000000 0.855300
1.551250 0.000000 0.924700
1.508136 0.000000 0.899000
1.527764 0.000000 0.910700
1.554773 0.000000 0.926800
1.520382 0.000000 0.906300
1.525415 0.000000 0.909300
1.493374 0.000000 0.890200
1.515350 0.000000 0.903300
1.438349 0.000000 0.857400
1.573561 0.000000 0.938000
1.521389 0.000000 0.906900
1.474417 0.000000 0.878900
1.453951 0.000000 0.866700
1.534139 0.000000 0.914500
1.583627 0.000000 0.944000
1.579097 0.000000 0.941300
1.478443 0.000000 0.881300
1.422748 0.000000 0.848100
1.589498 0.000000 0.947500
1.458816 0.000000 0.869600
1.503942 0.000000 0.896500
1.547727 0.000000 0.922600
1.518873 0.000000 0.905400
1.601074 0.000000 0.954400
1.523570 0.000000 0.908200
1.467539 0.000000 0.874800
1.520215 0.000000 0.906200
1.514847 0.000000 0.903000
1.458983 0.000000 0.869700
1.519376 0.000000 0.905700
1.515350 0.000000 0.903300
1.503439 0.000000 0.896200
1.466029 0.000000 0.873900
1.455628 0.000000 0.867700
1.531622 0.000000 0.913000
1.453280 0.000000 0.866300
1.518873 0.000000 0.905400
1.488844 0.000000 0.887500
1.524241 0.000000 0.908600
1.526589 0.000000 0.910000
1.417044 0.000000 0.844700
1.475256 0.000000 0.879400
1.472907 0.000000 0.878000
1.477437 0.000000 0.880700
1.457474 0.000000 0.868800
1.605100 0.000000 0.956800
1.481798 0.000000 0.883300
1.455796 0.000000 0.867800
1.480960 0.000000 0.882800
1.432478 0.000000 0.853900
1.468378 0.000000 0.875300
1.544707 0.000000 0.920800
1.508807 0.000000 0.899400
1.475927 0.000000 0.879800
1.441872 0.000000 0.859500
1.503942 0.000000 0.896500
1.346586 0.000000 0.802700
1.483979 0.000000 0.884600
1.502097 0.000000 0.895400
1.480792 0.000000 0.882700
1.535648 0.000000 0.915400
1.427948 0.000000 0.851200
1.409831 0.000000 0.840400
1.457977 0.000000 0.869100
1.447073 0.000000 0.862600
1.483476 0.000000 0.884300
1.569032 0.000000 0.935300
1.475591 0.000000 0.879600
1.457641 0.000000 0.868900
1.476430 0.000000 0.880100
1.537494 0.000000 0.916500
1.522563 0.000000 0.907600
1.609629 0.000000 0.959500
1.439020 0.000000 0.857800
1.478108 0.000000 0.881100
1.504446 0.000000 0.896800
1.514343 0.000000 0.902700
1.556115 0.000000 0.927600
1.525918 0.000000 0.909600
1.380305 0.000000 0.822800
1.532125 0.000000 0.913300
1.460493 0.000000 0.870600
1.637645 0.000000 0.976200
1.650898 0.000000 0.984100
1.525918 0.000000 0.909600
1.427948 0.000000 0.851200
1.571548 0.000000 0.936800
1.567522 0.000000 0.934400
1.433149 0.000000 0.854300
1.518537 0.000000 0.905200
1.540681 0.000000 0.918400
1.462339 0.000000 0.871700
1.551082 0.000000 0.924600
1.506459 0.000000 0.898000
1.481798 0.000000 0.883300
1.573729 0.000000 0.938100
1.547727 0.000000 0.922600
1.572219 0.000000 0.937200
1.517027 0.000000 0.904300
1.477437 0.000000 0.880700
1.559302 0.000000 0.929500
1.543701 0.000000 0.920200
1.454286 0.000000 0.866900
1.511324 0.000000 0.900900
1.579265 0.000000 0.941400
1.503271 0.000000 0.896100
1.429626 0.000000 0.852200
1.555444 0.000000 0.927200
1.432142 0.000000 0.853700
1.516356 0.000000 0.903900
1.462339 0.000000 0.871700
1.507465 0.000000 0.898600
1.441872 0.000000 0.859500
1.487502 0.000000 0.886700
1.464687 0.000000 0.873100
1.556450 0.000000 0.927800
1.505955 0.000000 0.897700
1.558296 0.000000 0.928900
1.503607 0.000000 0.896300
1.505452 0.000000 0.897400
1.444389 0.000000 0.861000
1.495722 0.000000 0.891600
1.535313 0.000000 0.915200
1.494380 0.000000 0.890800
1.373595 0.000000 0.818800
1.468546 0.000000 0.875400
1.507130 0.000000 0.898400
1.473578 0.000000 0.878400
1.545546 0.000000 0.921300
1.428955 0.000000 0.851800
1.441872 0.000000 0.859500
1.443382 0.000000 0.860400
1.438853 0.000000 0.857700
1.423754 0.000000 0.848700
1.583459 0.000000 0.943900
1.463513 0.000000 0.872400
1.491025 0.000000 0.888800
1.544875 0.000000 0.920900
1.605603 0.000000 0.957100
1.551585 0.000000 0.924900
1.476262 0.000000 0.880000
1.471901 0.000000 0.877400
1.474417 0.000000 0.878900
1.477101 0.000000 0.880500
1.426439 0.000000 0.850300
1.578762 0.000000 0.941100
1.554437 0.000000 0.926600
1.541352 0.000000 0.918800
1.480624 0.000000 0.882600
1.575575 0.000000 0.939200
1.528099 0.000000 0.910900
1.492367 0.000000 0.889600
1.506962 0.000000 0.898300
1.454957 0.000000 0.867300
1.480456 0.000000 0.882500
1.479114 0.000000 0.881700
1.483979 0.000000 0.884600
1.499581 0.000000 0.893900
1.482973 0.000000 0.884000
1.509478 0.000000 0.899800
1.502936 0.000000 0.895900
1.482469 0.000000 0.883700
1.485321 0.000000 0.885400
1.509311 0.000000 0.899700
1.460661 0.000000 0.870700
1.498910 0.000000 0.893500
1.522228 0.000000 0.907400
1.555611 0.000000 0.927300
1.585808 0.000000 0.945300
1.524241 0.000000 0.908600
1.495387 0.000000 0.891400
1.541017 0.000000 0.918600
1.538332 0.000000 0.917000
1.475759 0.000000 0.879700
1.475927 0.000000 0.879800
1.511491 0.000000 0.901000
1.554605 0.000000 0.926700
1.451770 0.000000 0.865400
1.494380 0.000000 0.890800
1.499077 0.000000 0.893600
1.540010 0.000000 0.918000
1.575910 0.000000 0.939400
1.464855 0.000000 0.873200
1.454118 0.000000 0.866800
1.486831 0.000000 0.886300
1.617011 0.000000 0.963900
1.451099 0.000000 0.865000
1.554940 0.000000 0.926900
1.496896 0.000000 0.892300
1.417380 0.000000 0.844900
1.547056 0.000000 0.922200
1.578594 0.000000 0.941000
1.537829 0.000000 0.916700
1.512498 0.000000 0.901600
1.489515 0.000000 0.887900
1.542694 0.000000 0.919600
1.497903 0.000000 0.892900
1.472572 0.000000 0.877800
1.478611 0.000000 0.881400
1.474920 0.000000 0.879200
1.492199 0.000000 0.889500
1.494212 0.000000 0.890700
1.363362 0.000000 0.812700
1.446402 0.000000 0.862200
1.530280 0.000000 0.912200
1.453783 0.000000 0.866600
1.447744 0.000000 0.863000
1.484818 0.000000 0.885100
1.439188 0.000000 0.857900
1.523402 0.000000 0.908100
1.536152 0.000000 0.915700
1.505620 0.000000 0.897500
1.539339 0.000000 0.917600
1.492870 0.000000 0.889900
1.522060 0.000000 0.907300
1.513001 0.000000 0.901900
1.542359 0.000000 0.919400
1.445563 0.000000 0.861700
1.495219 0.000000 0.891300
1.503607 0.000000 0.896300
1.509311 0.000000 0.899700
1.559302 0.000000 0.929500
1.566683 0.000000 0.933900
1.550914 0.000000 0.924500
1.435665 0.000000 0.855800
1.418889 0.000000 0.845800
1.440362 0.000000 0.858600
1.506962 0.000000 0.898300
1.374769 0.000000 0.819500
1.462674 0.000000 0.871900
1.567858 0.000000 0.934600
1.540513 0.000000 0.918300
1.542023 0.000000 0.919200
1.421070 0.000000 0.847100
1.630431 0.000000 0.971900
1.470223 0.000000 0.876400
1.443717 0.000000 0.860600
1.501090 0.000000 0.894800
1.465023 0.000000 0.873300
1.540849 0.000000 0.918500
1.493541 0.000000 0.890300
1.458816 0.000000 0.869600
1.466197 0.000000 0.874000
1.531119 0.000000 0.912700
1.493709 0.000000 0.890400
1.519711 0.000000 0.905900
1.474753 0.000000 0.879100
1.511491 0.000000 0.901000
1.478779 0.000000 0.881500
1.472236 0.000000 0.877600
1.464016 0.000000 0.872700
1.523905 0.000000 0.908400
1.502768 0.000000 0.895800
1.461332 0.000000 0.871100
1.548062 0.000000 0.922800
1.503439 0.000000 0.896200
1.467371 0.000000 0.874700
1.504446 0.000000 0.896800
1.514008 0.000000 0.902500
1.464352 0.000000 0.872900
1.472404 0.000000 0.877700
1.405469 0.000000 0.837800
1.413689 0.000000 0.842700
1.420567 0.000000 0.846800
1.554773 0.000000 0.926800
1.532461 0.000000 0.913500
1.520215 0.000000 0.906200
1.395571 0.000000 0.831900
1.475591 0.000000 0.879600
1.468713 0.000000 0.875500
1.511324 0.000000 0.900900
1.371582 0.000000 0.817600
1.492032 0.000000 0.889400
1.434826 0.000000 0.855300
1.563496 0.000000 0.932000
1.516356 0.000000 0.903900
1.503439 0.000000 0.896200
1.502768 0.000000 0.895800
1.483476 0.000000 0.884300
1.483811 0.000000 0.884500
1.490857 0.000000 0.888700
1.454454 0.000000 0.867000
1.472907 0.000000 0.878000
1.533803 0.000000 0.914300
1.558296 0.000000 0.928900
1.484482 0.000000 0.884900
1.475927 0.000000 0.879800
1.381983 0.000000 0.823800
1.595034 0.000000 0.950800
1.566012 0.000000 0.933500
1.577084 0.000000 0.940100
1.441704 0.000000 0.859400
1.475256 0.000000 0.879400
1.479618 0.000000 0.882000
1.467875 0.000000 0.875000
1.547391 0.000000 0.922400
1.498406 0.000000 0.893200
1.566516 0.000000 0.933800
1.502265 0.000000 0.895500
1.455796 0.000000 0.867800
1.380641 0.000000 0.823000
1.427948 0.000000 0.851200
1.464016 0.000000 0.872700
1.477101 0.000000 0.880500
1.501258 0.000000 0.894900
1.609126 0.000000 0.959200
1.457977 0.000000 0.869100
1.568697 0.000000 0.935100
1.476598 0.000000 0.880200
1.514175 0.000000 0.902600
1.446234 0.000000 0.862100
1.490857 0.000000 0.888700
1.458480 0.000000 0.869400
1.463681 0.000000 0.872500
1.532964 0.000000 0.913800
1.415199 0.000000 0.843600
1.447911 0.000000 0.863100
1.518705 0.000000 0.905300
1.509143 0.000000 0.899600
1.417212 0.000000 0.844800
1.560644 0.000000 0.930300
1.565341 0.000000 0.933100
1.537661 0.000000 0.916600
1.552760 0.000000 0.925600
1.468881 0.000000 0.875600
1.418889 0.000000 0.845800
1.533300 0.000000 0.914000
1.491193 0.000000 0.888900
1.546049 0.000000 0.921600
1.577420 0.000000 0.940300
1.493877 0.000000 0.890500
1.528603 0.000000 0.911200
1.498239 0.000000 0.893100
1.448750 0.000000 0.863600
1.511324 0.000000 0.900900
1.454622 0.000000 0.867100
1.493709 0.000000 0.890400
1.463010 0.000000 0.872100
1.541520 0.000000 0.918900
1.469217 0.000000 0.875800
1.558463 0.000000 0.929000
1.527428 0.000000 0.910500
1.540010 0.000000 0.918000
1.558128 0.000000 0.928800
1.534642 0.000000 0.914800
1.519208 0.000000 0.905600
1.417380 0.000000 0.844900
1.437007 0.000000 0.856600
1.460158 0.000000 0.870400
1.552592 0.000000 0.925500
1.447911 0.000000 0.863100
1.476262 0.000000 0.880000
1.456132 0.000000 0.868000
1.466029 0.000000 0.873900
1.545043 0.000000 0.921000
1.494380 0.000000 0.890800
1.529106 0.000000 0.911500
1.560980 0.000000 0.930500
1.580104 0.000000 0.941900
1.527428 0.000000 0.910500
1.464352 0.000000 0.872900
1.548230 0.000000 0.922900
1.537326 0.000000 0.916400
1.589163 0.000000 0.947300
1.374937 0.000000 0.819600
1.544036 0.000000 0.920400
1.581949 0.000000 0.943000
1.450931 0.000000 0.864900
1.428955 0.000000 0.851800
1.605771 0.000000 0.957200
1.543533 0.000000 0.920100
1.433149 0.000000 0.854300
1.462842 0.000000 0.872000
1.517363 0.000000 0.904500
1.516524 0.000000 0.904000
1.569871 0.000000 0.935800
1.453951 0.000000 0.866700
1.540010 0.000000 0.918000
1.501594 0.000000 0.895100
1.549908 0.000000 0.923900
1.510988 0.000000 0.900700
1.532461 0.000000 0.913500
1.555276 0.000000 0.927100
1.406979 0.000000 0.838700
1.493877 0.000000 0.890500
1.481798 0.000000 0.883300
1.559638 0.000000 0.929700
1.465358 0.000000 0.873500
1.460996 0.000000 0.870900
1.559470 0.000000 0.929600
1.524576 0.000000 0.908800
1.453615 0.000000 0.866500
1.509814 0.000000 0.900000
1.572723 0.000000 0.937500
1.484147 0.000000 0.884700
1.504446 0.000000 0.896800
1.475927 0.000000 0.879800
1.527093 0.000000 0.910300
1.534306 0.000000 0.914600
1.531119 0.000000 0.912700
1.515685 0.000000 0.903500
1.482973 0.000000 0.884000
1.481631 0.000000 0.883200
1.493877 0.000000 0.890500
1.522060 0.000000 0.907300
1.455796 0.000000 0.867800
1.512498 0.000000 0.901600
1.553598 0.000000 0.926100
1.550075 0.000000 0.924000
1.525080 0.000000 0.909100
1.370575 0.000000 0.817000
1.503104 0.000000 0.896000
1.524912 0.000000 0.909000
1.524576 0.000000 0.908800
1.531454 0.000000 0.912900
1.523067 0.000000 0.907900
1.441704 0.000000 0.859400
1.490354 0.000000 0.888400
1.533468 0.000000 0.914100
1.509982 0.000000 0.900100
1.516356 0.000000 0.903900
1.505284 0.000000 0.897300
1.512162 0.000000 0.901400
1.515853 0.000000 0.903600
1.475591 0.000000 0.879600
1.564670 0.000000 0.932700
1.524576 0.000000 0.908800
1.561818 0.000000 0.931000
1.422077 0.000000 0.847700
1.550411 0.000000 0.924200
1.531454 0.000000 0.912900
1.522060 0.000000 0.907300
1.526422 0.000000 0.909900
1.579265 0.000000 0.941400
1.457641 0.000000 0.868900
1.535984 0.000000 0.915600
1.491361 0.000000 0.889000
1.441033 0.000000 0.859000
1.536655 0.000000 0.916000
1.535984 0.000000 0.915600
1.505452 0.000000 0.897400
1.446905 0.000000 0.862500
1.543030 0.000000 0.919800
1.494045 0.000000 0.890600
1.485489 0.000000 0.885500
1.553431 0.000000 0.926000
1.509143 0.000000 0.899600
1.550579 0.000000 0.924300
1.543701 0.000000 0.920200
1.560141 0.000000 0.930000
1.503942 0.000000 0.896500
1.432310 0.000000 0.853800
1.501258 0.000000 0.894900
1.476095 0.000000 0.879900
1.508304 0.000000 0.899100
1.527093 0.000000 0.910300
1.485992 0.000000 0.885800
1.494045 0.000000 0.890600
1.543365 0.000000 0.920000
1.505788 0.000000 0.897600
1.530783 0.000000 0.912500
1.526422 0.000000 0.909900
1.535816 0.000000 0.915500
1.521389 0.000000 0.906900
1.493877 0.000000 0.890500
1.506794 0.000000 0.898200
1.550747 0.000000 0.924400
1.544372 0.000000 0.920600
1.533803 0.000000 0.914300
1.437846 0.000000 0.857100
1.452609 0.000000 0.865900
1.463513 0.000000 0.872400
1.513001 0.000000 0.901900
1.599228 0.000000 0.953300
1.599732 0.000000 0.953600
1.578594 0.000000 0.941000
1.420567 0.000000 0.846800
1.562322 0.000000 0.931300
1.450596 0.000000 0.864700
1.451099 0.000000 0.865000
1.450092 0.000000 0.864400
1.516021 0.000000 0.903700
1.460158 0.000000 0.870400
1.536487 0.000000 0.915900
1.485153 0.000000 0.885300
1.526589 0.000000 0.910000
1.521892 0.000000 0.907200
1.533803 0.000000 0.914300
1.510317 0.000000 0.900300
1.507801 0.000000 0.898800
1.570542 0.000000 0.936200
1.483308 0.000000 0.884200
1.544540 0.000000 0.920700
1.504110 0.000000 0.896600
1.497400 0.000000 0.892600
1.496225 0.000000 0.891900
1.536319 0.000000 0.915800
1.587821 0.000000 0.946500
1.545378 0.000000 0.921200
1.447240 0.000000 0.862700
1.467707 0.000000 0.874900
1.422748 0.000000 0.848100
1.486831 0.000000 0.886300
1.499916 0.000000 0.894100
1.460325 0.000000 0.870500
1.550243 0.000000 0.924100
1.488005 0.000000 0.887000
1.478779 0.000000 0.881500
1.534642 0.000000 0.914800
1.543533 0.000000 0.920100
1.406140 0.000000 0.838200
1.480121 0.000000 0.882300
1.466365 0.000000 0.874100
1.536823 0.000000 0.916100
1.441704 0.000000 0.859400
1.512666 0.000000 0.901700
1.491528 0.000000 0.889100
1.489683 0.000000 0.888000
1.537494 0.000000 0.916500
1.524409 0.000000 0.908700
1.625734 0.000000 0.969100
1.480624 0.000000 0.882600
1.551753 0.000000 0.925000
1.522060 0.000000 0.907300
1.438685 0.000000 0.857600
1.481966 0.000000 0.883400
1.494045 0.000000 0.890600
1.510988 0.000000 0.900700
1.454454 0.000000 0.867000
1.549069 0.000000 0.923400
1.561651 0.000000 0.930900
1.445563 0.000000 0.861700
1.377957 0.000000 0.821400
1.549908 0.000000 0.923900
1.466868 0.000000 0.874400
1.429626 0.000000 0.852200
1.501090 0.000000 0.894800
1.478275 0.000000 0.881200
1.506123 0.000000 0.897800
1.538165 0.000000 0.916900
1.525080 0.000000 0.909100
1.519544 0.000000 0.905800
1.436168 0.000000 0.856100
1.498742 0.000000 0.893400
1.451099 0.000000 0.865000
1.431975 0.000000 0.853600
1.484650 0.000000 0.885000
1.455125 0.000000 0.867400
1.575910 0.000000 0.939400
1.522899 0.000000 0.907800
1.506626 0.000000 0.898100
1.508136 0.000000 0.899000
1.525751 0.000000 0.909500
1.561818 0.000000 0.931000
1.459822 0.000000 0.870200
1.480624 0.000000 0.882600
1.526757 0.000000 0.910100
1.583962 0.000000 0.944200
1.550747 0.000000 0.924400
1.465861 0.000000 0.873800
1.539339 0.000000 0.917600
1.457306 0.000000 0.868700
1.463177 0.000000 0.872200
1.519879 0.000000 0.906000
1.535145 0.000000 0.915100
1.534642 0.000000 0.914800
1.499413 0.000000 0.893800
1.574233 0.000000 0.938400
1.451770 0.000000 0.865400
1.524744 0.000000 0.908900
1.571884 0.000000 0.937000
1.530616 0.000000 0.912400
1.482637 0.000000 0.883800
1.501929 0.000000 0.895300
1.548062 0.000000 0.922800
1.545882 0.000000 0.921500
1.432981 0.000000 0.854200
1.509478 0.000000 0.899800
1.497568 0.000000 0.892700
1.422748 0.000000 0.848100
1.544875 0.000000 0.920900
1.483979 0.000000 0.884600
1.463681 0.000000 0.872500
1.478779 0.000000 0.881500
1.570374 0.000000 0.936100
1.496225 0.000000 0.891900
1.490857 0.000000 0.888700
1.464352 0.000000 0.872900
1.453615 0.000000 0.866500
1.538836 0.000000 0.917300
1.446066 0.000000 0.862000
1.482805 0.000000 0.883900
1.569368 0.000000 0.935500
1.457138 0.000000 0.868600
1.519879 0.000000 0.906000
1.437510 0.000000 0.856900
1.527596 0.000000 0.910600
1.418889 0.000000 0.845800
1.569703 0.000000 0.935700
1.469384 0.000000 0.875900
1.504110 0.000000 0.896600
1.524744 0.000000 0.908900
1.515350 0.000000 0.903300
1.497903 0.000000 0.892900
1.513672 0.000000 0.902300
1.485321 0.000000 0.885400
1.558296 0.000000 0.928900
1.527932 0.000000 0.910800
1.533468 0.000000 0.914100
1.378963 0.000000 0.822000
1.497903 0.000000 0.892900
1.522731 0.000000 0.907700
1.476262 0.000000 0.880000
1.513672 0.000000 0.902300
1.504613 0.000000 0.896900
1.499077 0.000000 0.893600
1.426774 0.000000 0.850500
1.493374 0.000000 0.890200
1.488005 0.000000 0.887000
1.452441 0.000000 0.865800
1.458983 0.000000 0.869700
1.538332 0.000000 0.917000
1.582117 0.000000 0.943100
1.488676 0.000000 0.887400
1.482805 0.000000 0.883900
1.465526 0.000000 0.873600
1.480624 0.000000 0.882600
1.533635 0.000000 0.914200
1.465694 0.000000 0.873700
1.423083 0.000000 0.848300
1.517866 0.000000 0.904800
1.530112 0.000000 0.912100
1.502097 0.000000 0.895400
1.601745 0.000000 0.954800
1.474920 0.000000 0.879200
1.429961 0.000000 0.852400
1.502432 0.000000 0.895600
1.469384 0.000000 0.875900
1.467707 0.000000 0.874900
1.445898 0.000000 0.861900
1.502432 0.000000 0.895600
1.454957 0.000000 0.867300
1.456803 0.000000 0.868400
1.470726 0.000000 0.876700
1.503942 0.000000 0.896500
1.502097 0.000000 0.895400
1.464184 0.000000 0.872800
1.505955 0.000000 0.897700
1.592015 0.000000 0.949000
1.474920 0.000000 0.879200
1.540681 0.000000 0.918400
1.469720 0.000000 0.876100
1.463513 0.000000 0.872400
1.476933 0.000000 0.880400
1.583291 0.000000 0.943800
1.485992 0.000000 0.885800
1.486160 0.000000 0.885900
1.423419 0.000000 0.848500
1.416709 0.000000 0.844500
1.457809 0.000000 0.869000
1.482134 0.000000 0.883500
1.594867 0.000000 0.950700
1.469552 0.000000 0.876000
1.506459 0.000000 0.898000
1.462506 0.000000 0.871800
1.467371 0.000000 0.874700
1.450596 0.000000 0.864700
1.471901 0.000000 0.877400
1.526086 0.000000 0.909700
1.496729 0.000000 0.892200
1.567522 0.000000 0.934400
1.527093 0.000000 0.910300
1.500923 0.000000 0.894700
1.574400 0.000000 0.938500
1.548230 0.000000 0.922900
1.579433 0.000000 0.941500
1.454454 0.000000 0.867000
1.552424 0.000000 0.925400
1.520718 0.000000 0.906500
1.399597 0.000000 0.834300
1.514008 0.000000 0.902500
1.407650 0.000000 0.839100
1.424425 0.000000 0.849100
1.542191 0.000000 0.919300
1.475256 0.000000 0.879400
1.391042 0.000000 0.829200
1.518705 0.000000 0.905300
1.455125 0.000000 0.867400
1.531454 0.000000 0.912900
1.467539 0.000000 0.874800
1.505788 0.000000 0.897600
1.458816 0.000000 0.869600
1.544707 0.000000 0.920800
1.528603 0.000000 0.911200
1.474249 0.000000 0.878800
1.500755 0.000000 0.894600
1.531790 0.000000 0.913100
1.457306 0.000000 0.868700
1.506123 0.000000 0.897800
1.489180 0.000000 0.887700
1.470223 0.000000 0.876400
1.484650 0.000000 0.885000
1.542191 0.000000 0.919300
1.454286 0.000000 0.866900
1.507297 0.000000 0.898500
1.526925 0.000000 0.910200
1.572219 0.000000 0.937200
1.446569 0.000000 0.862300
1.495890 0.000000 0.891700
1.475424 0.000000 0.879500
1.446569 0.000000 0.862300
1.513169 0.000000 0.902000
1.439859 0.000000 0.858300
1.474585 0.000000 0.879000
1.535313 0.000000 0.915200
1.509478 0.000000 0.899800
1.565006 0.000000 0.932900
1.489347 0.000000 0.887800
1.459151 0.000000 0.869800
1.534810 0.000000 0.914900
1.537494 0.000000 0.916500
1.550075 0.000000 0.924000
1.581111 0.000000 0.942500
1.470726 0.000000 0.876700
1.484147 0.000000 0.884700
1.545546 0.000000 0.921300
1.533635 0.000000 0.914200
1.507633 0.000000 0.898700
1.542023 0.000000 0.919200
1.547895 0.000000 0.922700
1.494716 0.000000 0.891000
1.497903 0.000000 0.892900
1.519711 0.000000 0.905900
1.552089 0.000000 0.925200
1.471062 0.000000 0.876900
1.457809 0.000000 0.869000
1.562490 0.000000 0.931400
1.493709 0.000000 0.890400
1.531790 0.000000 0.913100
1.461164 0.000000 0.871000
1.456970 0.000000 0.868500
1.472404 0.000000 0.877700
1.444556 0.000000 0.861100
1.526254 0.000000 0.909800
1.498071 0.000000 0.893000
1.534306 0.000000 0.914600
1.451434 0.000000 0.865200
1.393390 0.000000 0.830600
1.546049 0.000000 0.921600
1.481966 0.000000 0.883400
1.529609 0.000000 0.911800
1.377453 0.000000 0.821100
1.545211 0.000000 0.921100
1.491864 0.000000 0.889300
1.567019 0.000000 0.934100
1.407985 0.000000 0.839300
1.534977 0.000000 0.915000
1.457306 0.000000 0.868700
1.533971 0.000000 0.914400
1.454454 0.000000 0.867000
1.503942 0.000000 0.896500
1.513001 0.000000 0.901900
1.481798 0.000000 0.883300
1.539339 0.000000 0.917600
1.546720 0.000000 0.922000
1.540178 0.000000 0.918100
1.450260 0.000000 0.864500
1.520215 0.000000 0.906200
1.531958 0.000000 0.913200
1.502768 0.000000 0.895800
1.461835 0.000000 0.871400
1.511324 0.000000 0.900900
1.486160 0.000000 0.885900
1.481127 0.000000 0.882900
1.463010 0.000000 0.872100
1.498239 0.000000 0.893100
1.465526 0.000000 0.873600
1.418722 0.000000 0.845700
1.496225 0.000000 0.891900
1.492032 0.000000 0.889400
1.441033 0.000000 0.859000
1.536487 0.000000 0.915900
1.531622 0.000000 0.913000
1.422916 0.000000 0.848200
1.430968 0.000000 0.853000
1.583795 0.000000 0.944100
1.562322 0.000000 0.931300
1.455796 0.000000 0.867800
1.539507 0.000000 0.917700
1.603758 0.000000 0.956000
1.566180 0.000000 0.933600
1.529945 0.000000 0.912000
1.404966 0.000000 0.837500
1.510653 0.000000 0.900500
1.451602 0.000000 0.865300
1.538836 0.000000 0.917300
1.509646 0.000000 0.899900
1.581614 0.000000 0.942800
1.543533 0.000000 0.920100
1.565509 0.000000 0.933200
1.380473 0.000000 0.822900
1.557625 0.000000 0.928500
1.446066 0.000000 0.862000
1.589834 0.000000 0.947700
1.484650 0.000000 0.885000
1.529274 0.000000 0.911600
1.557960 0.000000 0.928700
1.609461 0.000000 0.959400
1.529609 0.000000 0.911800
1.472572 0.000000 0.877800
1.532461 0.000000 0.913500
1.517195 0.000000 0.904400
1.573226 0.000000 0.937800
1.437343 0.000000 0.856800
1.495387 0.000000 0.891400
1.507633 0.000000 0.898700
1.444389 0.000000 0.861000
1.445395 0.000000 0.861600
1.491025 0.000000 0.888800
1.430465 0.000000 0.852700
1.511491 0.000000 0.901000
1.454118 0.000000 0.866800
1.539675 0.000000 0.917800
1.363194 0.000000 0.812600
1.528435 0.000000 0.911100
1.518034 0.000000 0.904900
1.431639 0.000000 0.853400
1.527764 0.000000 0.910700
1.586311 0.000000 0.945600
1.507968 0.000000 0.898900
1.502432 0.000000 0.895600
1.452441 0.000000 0.865800
1.418554 0.000000 0.845600
1.449757 0.000000 0.864200
1.590337 0.000000 0.948000
1.539004 0.000000 0.917400
1.567187 0.000000 0.934200
1.506123 0.000000 0.897800
1.378124 0.000000 0.821500
1.519040 0.000000 0.905500
1.490857 0.000000 0.888700
1.472236 0.000000 0.877600
1.536655 0.000000 0.916000
1.534642 0.000000 0.914800
1.452944 0.000000 0.866100
1.475759 0.000000 0.879700
1.487502 0.000000 0.886700
1.515853 0.000000 0.903600
1.581446 0.000000 0.942700
1.540010 0.000000 0.918000
1.521725 0.000000 0.907100
1.481463 0.000000 0.883100
1.513337 0.000000 0.902100
1.451099 0.000000 0.865000
1.446737 0.000000 0.862400
1.535313 0.000000 0.915200
1.527428 0.000000 0.910500
1.586479 0.000000 0.945700
1.428955 0.000000 0.851800
1.550579 0.000000 0.924300
1.462842 0.000000 0.872000
1.535481 0.000000 0.915300
1.476766 0.000000 0.880300
1.518705 0.000000 0.905300
1.441872 0.000000 0.859500
1.515350 0.000000 0.903300
1.554437 0.000000 0.926600
1.425767 0.000000 0.849900
1.556115 0.000000 0.927600
1.454957 0.000000 0.867300
1.346754 0.000000 0.802800
1.482973 0.000000 0.884000
1.538668 0.000000 0.917200
1.436168 0.000000 0.856100
1.454957 0.000000 0.867300
1.567187 0.000000 0.934200
1.520382 0.000000 0.906300
1.539842 0.000000 0.917900
1.385674 0.000000 0.826000
1.447744 0.000000 0.863000
1.472739 0.000000 0.877900
1.495890 0.000000 0.891700
1.442543 0.000000 0.859900
1.499748 0.000000 0.894000
1.475927 0.000000 0.879800
1.496729 0.000000 0.892200
1.476766 0.000000 0.880300
1.464687 0.000000 0.873100
1.443214 0.000000 0.860300
1.460158 0.000000 0.870400
1.481295 0.000000 0.883000
1.532293 0.000000 0.913400
1.407482 0.000000 0.839000
1.594699 0.000000 0.950600
1.486496 0.000000 0.886100
1.544372 0.000000 0.920600
1.462171 0.000000 0.871600
1.481966 0.000000 0.883400
1.389364 0.000000 0.828200
1.496729 0.000000 0.892200
1.450428 0.000000 0.864600
1.431471 0.000000 0.853300
1.593692 0.000000 0.950000
1.529274 0.000000 0.911600
1.564335 0.000000 0.932500
1.483644 0.000000 0.884400
1.502768 0.000000 0.895800
1.512330 0.000000 0.901500
1.479282 0.000000 0.881800
1.532293 0.000000 0.913400
1.433652 0.000000 0.854600
1.517027 0.000000 0.904300
1.534474 0.000000 0.914700
1.443717 0.000000 0.860600
1.428452 0.000000 0.851500
1.506459 0.000000 0.898000
1.472236 0.000000 0.877600
1.571884 0.000000 0.937000
1.447073 0.000000 0.862600
1.446737 0.000000 0.862400
1.524241 0.000000 0.908600
1.521892 0.000000 0.907200
1.520215 0.000000 0.906200
1.440530 0.000000 0.858700
1.500419 0.000000 0.894400
1.524912 0.000000 0.909000
1.538836 0.000000 0.917300
1.483476 0.000000 0.884300
1.466532 0.000000 0.874200
1.521054 0.000000 0.906700
1.469384 0.000000 0.875900
1.476933 0.000000 0.880400
1.525583 0.000000 0.909400
1.556450 0.000000 0.927800
1.446402 0.000000 0.862200
1.462171 0.000000 0.871600
1.436839 0.000000 0.856500
1.394397 0.000000 0.831200
1.550914 0.000000 0.924500
1.481798 0.000000 0.883300
1.541520 0.000000 0.918900
1.511491 0.000000 0.901000
1.495219 0.000000 0.891300
1.534642 0.000000 0.914800
1.535984 0.000000 0.915600
1.491361 0.000000 0.889000
1.517363 0.000000 0.904500
1.398423 0.000000 0.833600
1.458816 0.000000 0.869600
1.475927 0.000000 0.879800
1.394061 0.000000 0.831000
1.504781 0.000000 0.897000
1.448247 0.000000 0.863300
1.445227 0.000000 0.861500
1.509311 0.000000 0.899700
1.483979 0.000000 0.884600
1.418889 0.000000 0.845800
1.490018 0.000000 0.888200
1.495722 0.000000 0.891600
1.499916 0.000000 0.894100
1.500252 0.000000 0.894300
1.400268 0.000000 0.834700
1.461500 0.000000 0.871200
1.458983 0.000000 0.869700
1.445563 0.000000 0.861700
1.478779 0.000000 0.881500
1.473746 0.000000 0.878500
1.394565 0.000000 0.831300
1.527596 0.000000 0.910600
1.448750 0.000000 0.863600
1.519711 0.000000 0.905900
1.499245 0.000000 0.893700
1.511659 0.000000 0.901100
1.456467 0.000000 0.868200
1.584801 0.000000 0.944700
1.563664 0.000000 0.932100
1.456467 0.000000 0.868200
1.483811 0.000000 0.884500
1.407314 0.000000 0.838900
1.520886 0.000000 0.906600
1.429458 0.000000 0.852100
1.449757 0.000000 0.864200
1.434323 0.000000 0.855000
1.399094 0.000000 0.834000
1.476430 0.000000 0.880100
1.476766 0.000000 0.880300
1.466365 0.000000 0.874100
1.491193 0.000000 0.888900
1.480792 0.000000 0.882700
1.421741 0.000000 0.847500
1.521557 0.000000 0.907000
1.514343 0.000000 0.902700
1.502097 0.000000 0.895400
1.518202 0.000000 0.905000
1.502432 0.000000 0.895600
1.548062 0.000000 0.922800
1.584130 0.000000 0.944300
1.512666 0.000000 0.901700
1.483476 0.000000 0.884300
1.557792 0.000000 0.928600
1.518873 0.000000 0.905400
1.456132 0.000000 0.868000
1.532125 0.000000 0.913300
1.540513 0.000000 0.918300
1.516692 0.000000 0.904100
1.512666 0.000000 0.901700
1.504613 0.000000 0.896900
1.581614 0.000000 0.942800
1.455964 0.000000 0.867900
1.511156 0.000000 0.900800
1.472907 0.000000 0.878000
1.492199 0.000000 0.889500
1.439188 0.000000 0.857900
1.540178 0.000000 0.918100
1.471901 0.000000 0.877400
1.494212 0.000000 0.890700
1.455964 0.000000 0.867900
1.498742 0.000000 0.893400
1.484315 0.000000 0.884800
1.423754 0.000000 0.848700
1.613320 0.000000 0.961700
1.484147 0.000000 0.884700
1.514847 0.000000 0.903000
1.527932 0.000000 0.910800
1.456970 0.000000 0.868500
1.415199 0.000000 0.843600
1.482302 0.000000 0.883600
1.542191 0.000000 0.919300
1.488173 0.000000 0.887100
1.448247 0.000000 0.863300
1.438182 0.000000 0.857300
1.510653 0.000000 0.900500
1.464352 0.000000 0.872900
1.458983 0.000000 0.869700
1.440362 0.000000 0.858600
1.471565 0.000000 0.877200
1.498071 0.000000 0.893000
1.402281 0.000000 0.835900
1.508472 0.000000 0.899200
1.458648 0.000000 0.869500
1.424593 0.000000 0.849200
1.412515 0.000000 0.842000
1.523067 0.000000 0.907900
1.579601 0.000000 0.941600
1.452776 0.000000 0.866000
1.477437 0.000000 0.880700
1.475256 0.000000 0.879400
1.447073 0.000000 0.862600
1.410334 0.000000 0.840700
1.565174 0.000000 0.933000
1.492535 0.000000 0.889700
1.505955 0.000000 0.897700
1.514847 0.000000 0.903000
1.516356 0.000000 0.903900
1.466532 0.000000 0.874200
1.519544 0.000000 0.905800
1.434826 0.000000 0.855300
1.505284 0.000000 0.897300
1.479282 0.000000 0.881800
1.493541 0.000000 0.890300
1.394397 0.000000 0.831200
1.489347 0.000000 0.887800
1.531958 0.000000 0.913200
1.464519 0.000000 0.873000
1.485321 0.000000 0.885400
1.461500 0.000000 0.871200
1.553766 0.000000 0.926200
1.539507 0.000000 0.917700
1.544036 0.000000 0.920400
1.460996 0.000000 0.870900
1.548230 0.000000 0.922900
1.529106 0.000000 0.911500
1.471230 0.000000 0.877000
1.524912 0.000000 0.909000
1.573897 0.000000 0.938200
1.487334 0.000000 0.886600
1.468713 0.000000 0.875500
1.441201 0.000000 0.859100
1.481631 0.000000 0.883200
1.485992 0.000000 0.885800
1.527596 0.000000 0.910600
1.580272 0.000000 0.942000
1.545546 0.000000 0.921300
1.419728 0.000000 0.846300
1.456467 0.000000 0.868200
1.426774 0.000000 0.850500
1.492032 0.000000 0.889400
1.515853 0.000000 0.903600
1.484818 0.000000 0.885100
1.433820 0.000000 0.854700
1.483140 0.000000 0.884100
1.625231 0.000000 0.968800
1.520886 0.000000 0.906600
1.476933 0.000000 0.880400
1.502600 0.000000 0.895700
1.542191 0.000000 0.919300
1.555276 0.000000 0.927100
1.531119 0.000000 0.912700
1.449757 0.000000 0.864200
1.496393 0.000000 0.892000
1.536655 0.000000 0.916000
1.519711 0.000000 0.905900
1.551082 0.000000 0.924600
1.498406 0.000000 0.893200
1.541855 0.000000 0.919100
1.582956 0.000000 0.943600
1.441704 0.000000 0.859400
1.542191 0.000000 0.919300
1.468378 0.000000 0.875300
1.449421 0.000000 0.864000
1.615333 0.000000 0.962900
1.479618 0.000000 0.882000
1.508807 0.000000 0.899400
1.567354 0.000000 0.934300
1.475424 0.000000 0.879500
1.558463 0.000000 0.929000
1.547224 0.000000 0.922300
1.527428 0.000000 0.910500
1.534474 0.000000 0.914700
1.472068 0.000000 0.877500
1.609461 0.000000 0.959400
1.512330 0.000000 0.901500
1.522731 0.000000 0.907700
1.532461 0.000000 0.913500
1.527764 0.000000 0.910700
1.460158 0.000000 0.870400
1.526757 0.000000 0.910100
1.439188 0.000000 0.857900
1.483476 0.000000 0.884300
1.497903 0.000000 0.892900
1.544875 0.000000 0.920900
1.473746 0.000000 0.878500
1.563664 0.000000 0.932100
1.534977 0.000000 0.915000
1.481295 0.000000 0.883000
1.414192 0.000000 0.843000
1.458648 0.000000 0.869500
1.482805 0.000000 0.883900
1.500923 0.000000 0.894700
1.433652 0.000000 0.854600
1.517363 0.000000 0.904500
1.486663 0.000000 0.886200
1.515350 0.000000 0.903300
1.478946 0.000000 0.881600
1.453280 0.000000 0.866300
1.527764 0.000000 0.910700
1.437007 0.000000 0.856600
1.486328 0.000000 0.886000
1.469049 0.000000 0.875700
1.493541 0.000000 0.890300
1.496393 0.000000 0.892000
1.532461 0.000000 0.913500
1.495554 0.000000 0.891500
1.468713 0.000000 0.875500
1.459990 0.000000 0.870300
1.507297 0.000000 0.898500
1.470894 0.000000 0.876800
1.564670 0.000000 0.932700
1.524912 0.000000 0.909000
1.551753 0.000000 0.925000
1.563496 0.000000 0.932000
1.486496 0.000000 0.886100
1.488844 0.000000 0.887500
1.457474 0.000000 0.868800
1.459990 0.000000 0.870300
1.435833 0.000000 0.855900
1.440698 0.000000 0.858800
1.404966 0.000000 0.837500
1.473075 0.000000 0.878100
1.493877 0.000000 0.890500
1.533803 0.000000 0.914300
1.493709 0.000000 0.890400
1.474920 0.000000 0.879200
1.508807 0.000000 0.899400
1.464519 0.000000 0.873000
1.532797 0.000000 0.913700
1.494380 0.000000 0.890800
1.516524 0.000000 0.904000
1.491361 0.000000 0.889000
1.511995 0.000000 0.901300
1.530112 0.000000 0.912100
1.542359 0.000000 0.919400
1.612481 0.000000 0.961200
1.531119 0.000000 0.912700
1.554940 0.000000 0.926900
1.528603 0.000000 0.911200
1.511491 0.000000 0.901000
1.446234 0.000000 0.862100
1.490354 0.000000 0.888400
1.534977 0.000000 0.915000
1.501090 0.000000 0.894800
1.447073 0.000000 0.862600
1.534977 0.000000 0.915000
1.502432 0.000000 0.895600
1.508807 0.000000 0.899400
1.514847 0.000000 0.903000
1.598054 0.000000 0.952600
1.470726 0.000000 0.876700
1.507801 0.000000 0.898800
1.496225 0.000000 0.891900
1.558967 0.000000 0.929300
1.490186 0.000000 0.888300
1.510820 0.000000 0.900600
1.424258 0.000000 0.849000
1.540513 0.000000 0.918300
1.502600 0.000000 0.895700
1.450763 0.000000 0.864800
1.520886 0.000000 0.906600
1.575071 0.000000 0.938900
1.572723 0.000000 0.937500
1.562993 0.000000 0.931700
1.454118 0.000000 0.866800
1.433988 0.000000 0.854800
1.525751 0.000000 0.909500
1.518873 0.000000 0.905400
1.509478 0.000000 0.899800
1.565341 0.000000 0.933100
1.546888 0.000000 0.922100
1.540346 0.000000 0.918200
1.520718 0.000000 0.906500
1.464687 0.000000 0.873100
1.463513 0.000000 0.872400
1.421909 0.000000 0.847600
1.597551 0.000000 0.952300
1.457474 0.000000 0.868800
1.501426 0.000000 0.895000
1.536152 0.000000 0.915700
1.502768 0.000000 0.895800
1.492535 0.000000 0.889700
1.556786 0.000000 0.928000
1.600906 0.000000 0.954300
1.414863 0.000000 0.843400
1.535313 0.000000 0.915200
1.459654 0.000000 0.870100
1.534474 0.000000 0.914700
1.434155 0.000000 0.854900
1.454286 0.000000 0.866900
1.448750 0.000000 0.863600
1.484650 0.000000 0.885000
1.457641 0.000000 0.868900
1.500084 0.000000 0.894200
1.480624 0.000000 0.882600
1.528267 0.000000 0.911000
1.413857 0.000000 0.842800
1.436672 0.000000 0.856400
1.531958 0.000000 0.913200
1.464016 0.000000 0.872700
1.424258 0.000000 0.849000
1.617514 0.000000 0.964200
1.565509 0.000000 0.933200
1.476262 0.000000 0.880000
1.470559 0.000000 0.876600
1.566683 0.000000 0.933900
1.460661 0.000000 0.870700
1.503942 0.000000 0.896500
1.503942 0.000000 0.896500
1.536487 0.000000 0.915900
1.482469 0.000000 0.883700
1.463345 0.000000 0.872300
1.469888 0.000000 0.876200
1.397920 0.000000 0.833300
1.519879 0.000000 0.906000
1.526254 0.000000 0.909800
1.515014 0.000000 0.903100
1.480121 0.000000 0.882300
1.515518 0.000000 0.903400
1.497232 0.000000 0.892500
1.512666 0.000000 0.901700
1.640664 0.000000 0.978000
1.464855 0.000000 0.873200
1.485992 0.000000 0.885800
1.554102 0.000000 0.926400
1.558967 0.000000 0.929300
1.484986 0.000000 0.885200
1.455293 0.000000 0.867500
1.473746 0.000000 0.878500
1.488173 0.000000 0.887100
1.461332 0.000000 0.871100
1.494883 0.000000 0.891100
1.522396 0.000000 0.907500
1.525080 0.000000 0.909100
1.460158 0.000000 0.870400
1.447576 0.000000 0.862900
1.560980 0.000000 0.930500
1.504446 0.000000 0.896800
1.538836 0.000000 0.917300
1.466029 0.000000 0.873900
1.517363 0.000000 0.904500
1.472404 0.000000 0.877700
1.612146 0.000000 0.961000
1.504781 0.000000 0.897000
1.414863 0.000000 0.843400
1.470055 0.000000 0.876300
1.518873 0.000000 0.905400
1.533468 0.000000 0.914100
1.530448 0.000000 0.912300
1.406979 0.000000 0.838700
1.460829 0.000000 0.870800
1.472572 0.000000 0.877800
1.531790 0.000000 0.913100
1.335682 0.000000 0.796200
1.457138 0.000000 0.868600
1.465358 0.000000 0.873500
1.552927 0.000000 0.925700
1.473914 0.000000 0.878600
1.510820 0.000000 0.900600
1.493206 0.000000 0.890100
1.545211 0.000000 0.921100
1.504278 0.000000 0.896700
1.451938 0.000000 0.865500
1.432813 0.000000 0.854100
1.550243 0.000000 0.924100
1.534642 0.000000 0.914800
1.510820 0.000000 0.900600
1.495722 0.000000 0.891600
1.435497 0.000000 0.855700
1.629089 0.000000 0.971100
1.429794 0.000000 0.852300
1.571716 0.000000 0.936900
1.517698 0.000000 0.904700
1.537158 0.000000 0.916300
1.560644 0.000000 0.930300
1.590673 0.000000 0.948200
1.500084 0.000000 0.894200
1.478443 0.000000 0.881300
1.453951 0.000000 0.866700
1.492199 0.000000 0.889500
1.442375 0.000000 0.859800
1.510149 0.000000 0.900200
1.513169 0.000000 0.902000
1.531958 0.000000 0.913200
1.466532 0.000000 0.874200
1.429290 0.000000 0.852000
1.504278 0.000000 0.896700
1.426942 0.000000 0.850600
1.439691 0.000000 0.858200
1.547056 0.000000 0.922200
1.438014 0.000000 0.857200
1.586647 0.000000 0.945800
1.445563 0.000000 0.861700
1.513001 0.000000 0.901900
1.488844 0.000000 0.887500
1.479953 0.000000 0.882200
1.478275 0.000000 0.881200
1.536487 0.000000 0.915900
1.446402 0.000000 0.862200
1.504613 0.000000 0.896900
1.481463 0.000000 0.883100
1.555611 0.000000 0.927300
1.448079 0.000000 0.863200
1.454286 0.000000 0.866900
1.523234 0.000000 0.908000
1.430297 0.000000 0.852600
1.520550 0.000000 0.906400
1.472739 0.000000 0.877900
1.430632 0.000000 0.852800
1.477101 0.000000 0.880500
1.457138 0.000000 0.868600
1.440195 0.000000 0.858500
1.537158 0.000000 0.916300
1.487334 0.000000 0.886600
1.443885 0.000000 0.860700
1.490186 0.000000 0.888300
1.533300 0.000000 0.914000
1.451434 0.000000 0.865200
1.487670 0.000000 0.886800
1.458648 0.000000 0.869500
1.474585 0.000000 0.879000
1.395068 0.000000 0.831600
1.546888 0.000000 0.922100
1.493206 0.000000 0.890100
1.526757 0.000000 0.910100
1.501594 0.000000 0.895100
1.518369 0.000000 0.905100
1.485489 0.000000 0.885500
1.464855 0.000000 0.873200
1.413353 0.000000 0.842500
1.510149 0.000000 0.900200
1.499413 0.000000 0.893800
1.465526 0.000000 0.873600
1.415199 0.000000 0.843600
1.489347 0.000000 0.887800
1.452609 0.000000 0.865900
1.455628 0.000000 0.867700
1.433820 0.000000 0.854700
1.444389 0.000000 0.861000
1.437678 0.000000 0.857000
1.474753 0.000000 0.879100
1.440027 0.000000 0.858400
1.514175 0.000000 0.902600
1.456132 0.000000 0.868000
1.492032 0.000000 0.889400
1.557289 0.000000 0.928300
1.473411 0.000000 0.878300
1.426439 0.000000 0.850300
1.411676 0.000000 0.841500
1.499748 0.000000 0.894000
1.450428 0.000000 0.864600
1.489515 0.000000 0.887900
1.556954 0.000000 0.928100
1.477604 0.000000 0.880800
1.542359 0.000000 0.919400
1.475591 0.000000 0.879600
1.471901 0.000000 0.877400
1.534642 0.000000 0.914800
1.464519 0.000000 0.873000
1.497400 0.000000 0.892600
1.490354 0.000000 0.888400
1.481127 0.000000 0.882900
1.407817 0.000000 0.839200
1.479953 0.000000 0.882200
1.466532 0.000000 0.874200
1.432478 0.000000 0.853900
1.408824 0.000000 0.839800
1.581111 0.000000 0.942500
1.593357 0.000000 0.949800
1.442711 0.000000 0.860000
1.454454 0.000000 0.867000
1.559302 0.000000 0.929500
1.548230 0.000000 0.922900
1.484986 0.000000 0.885200
1.515518 0.000000 0.903400
1.442040 0.000000 0.859600
1.510820 0.000000 0.900600
1.508472 0.000000 0.899200
1.516356 0.000000 0.903900
1.459151 0.000000 0.869800
1.419057 0.000000 0.845900
1.528099 0.000000 0.910900
1.529945 0.000000 0.912000
1.436336 0.000000 0.856200
1.383493 0.000000 0.824700
1.490857 0.000000 0.888700
1.402449 0.000000 0.836000
1.476095 0.000000 0.879900
1.466868 0.000000 0.874400
1.473914 0.000000 0.878600
1.489180 0.000000 0.887700
1.542359 0.000000 0.919400
1.474585 0.000000 0.879000
1.490186 0.000000 0.888300
1.566012 0.000000 0.933500
1.447576 0.000000 0.862900
1.498406 0.000000 0.893200
1.454454 0.000000 0.867000
1.490354 0.000000 0.888400
1.421741 0.000000 0.847500
1.496896 0.000000 0.892300
1.385338 0.000000 0.825800
1.387519 0.000000 0.827100
1.432478 0.000000 0.853900
1.486328 0.000000 0.886000
1.520550 0.000000 0.906400
1.392048 0.000000 0.829800
1.468210 0.000000 0.875200
1.409160 0.000000 0.840000
1.518873 0.000000 0.905400
1.521557 0.000000 0.907000
1.396578 0.000000 0.832500
1.457809 0.000000 0.869000
1.436001 0.000000 0.856000
1.445060 0.000000 0.861400
1.466197 0.000000 0.874000
1.489683 0.000000 0.888000
1.548230 0.000000 0.922900
1.526422 0.000000 0.909900
1.529945 0.000000 0.912000
1.396410 0.000000 0.832400
1.471230 0.000000 0.877000
1.434994 0.000000 0.855400
1.517195 0.000000 0.904400
1.503942 0.000000 0.896500
1.492703 0.000000 0.889800
1.519376 0.000000 0.905700
1.488509 0.000000 0.887300
1.537326 0.000000 0.916400
1.486496 0.000000 0.886100
1.516356 0.000000 0.903900
1.411340 0.000000 0.841300
1.565845 0.000000 0.933400
1.476766 0.000000 0.880300
1.504613 0.000000 0.896900
1.369401 0.000000 0.816300
1.455964 0.000000 0.867900
1.445227 0.000000 0.861500
1.361013 0.000000 0.811300
1.403120 0.000000 0.836400
1.361517 0.000000 0.811600
1.471230 0.000000 0.877000
1.395571 0.000000 0.831900
1.428955 0.000000 0.851800
1.522563 0.000000 0.907600
1.538332 0.000000 0.917000
1.434155 0.000000 0.854900
1.429123 0.000000 0.851900
1.451434 0.000000 0.865200
1.460158 0.000000 0.870400
1.496561 0.000000 0.892100
1.604261 0.000000 0.956300
1.479785 0.000000 0.882100
1.490857 0.000000 0.888700
1.538836 0.000000 0.917300
1.477604 0.000000 0.880800
1.495890 0.000000 0.891700
1.571381 0.000000 0.936700
1.543197 0.000000 0.919900
1.477604 0.000000 0.880800
1.593021 0.000000 0.949600
1.434155 0.000000 0.854900
1.488005 0.000000 0.887000
1.448415 0.000000 0.863400
1.484818 0.000000 0.885100
1.558128 0.000000 0.928800
1.415702 0.000000 0.843900
1.447744 0.000000 0.863000
1.444724 0.000000 0.861200
1.478108 0.000000 0.881100
1.554773 0.000000 0.926800
1.552089 0.000000 0.925200
1.561818 0.000000 0.931000
1.426942 0.000000 0.850600
1.443382 0.000000 0.860400
1.449757 0.000000 0.864200
1.519544 0.000000 0.905800
1.482805 0.000000 0.883900
1.499748 0.000000 0.894000
1.580775 0.000000 0.942300
1.651569 0.000000 0.984500
1.468546 0.000000 0.875400
1.463848 0.000000 0.872600
1.515853 0.000000 0.903600
1.485825 0.000000 0.885700
1.454454 0.000000 0.867000
1.608790 0.000000 0.959000
1.522396 0.000000 0.907500
1.573058 0.000000 0.937700
1.466700 0.000000 0.874300
1.505452 0.000000 0.897400
1.476430 0.000000 0.880100
1.513001 0.000000 0.901900
1.546888 0.000000 0.922100
1.549237 0.000000 0.923500
1.555444 0.000000 0.927200
1.424929 0.000000 0.849400
1.446905 0.000000 0.862500
1.528603 0.000000 0.911200
1.446066 0.000000 0.862000
1.525080 0.000000 0.909100
1.453951 0.000000 0.866700
1.441369 0.000000 0.859200
1.486831 0.000000 0.886300
1.388693 0.000000 0.827800
1.475927 0.000000 0.879800
1.510149 0.000000 0.900200
1.421909 0.000000 0.847600
1.490522 0.000000 0.888500
1.436504 0.000000 0.856300
1.503607 0.000000 0.896300
1.586143 0.000000 0.945500
1.453447 0.000000 0.866400
1.442879 0.000000 0.860100
1.560476 0.000000 0.930200
1.537829 0.000000 0.916700
1.447408 0.000000 0.862800
1.436839 0.000000 0.856500
1.482805 0.000000 0.883900
1.506794 0.000000 0.898200
1.493877 0.000000 0.890500
1.412179 0.000000 0.841800
1.464184 0.000000 0.872800
1.507633 0.000000 0.898700
1.448247 0.000000 0.863300
1.533132 0.000000 0.913900
1.533635 0.000000 0.914200
1.452441 0.000000 0.865800
1.506962 0.000000 0.898300
1.470055 0.000000 0.876300
1.532797 0.000000 0.913700
1.452441 0.000000 0.865800
1.533132 0.000000 0.913900
1.533300 0.000000 0.914000
1.546888 0.000000 0.922100
1.482637 0.000000 0.883800
1.459151 0.000000 0.869800
1.500419 0.000000 0.894400
1.459822 0.000000 0.870200
1.509311 0.000000 0.899700
1.525080 0.000000 0.909100
1.494716 0.000000 0.891000
1.477940 0.000000 0.881000
1.512498 0.000000 0.901600
1.530951 0.000000 0.912600
1.455796 0.000000 0.867800
1.531958 0.000000 0.913200
1.424258 0.000000 0.849000
1.466532 0.000000 0.874200
1.400436 0.000000 0.834800
1.488005 0.000000 0.887000
1.490522 0.000000 0.888500
1.480960 0.000000 0.882800
1.493877 0.000000 0.890500
1.531454 0.000000 0.912900
1.483979 0.000000 0.884600
1.464855 0.000000 0.873200
1.412347 0.000000 0.841900
1.453447 0.000000 0.866400
1.524073 0.000000 0.908500
1.563999 0.000000 0.932300
1.486496 0.000000 0.886100
1.569871 0.000000 0.935800
1.440027 0.000000 0.858400
1.521725 0.000000 0.907100
1.486328 0.000000 0.886000
1.397081 0.000000 0.832800
1.481295 0.000000 0.883000
1.462003 0.000000 0.871500
1.505620 0.000000 0.897500
1.427613 0.000000 0.851000
1.567354 0.000000 0.934300
1.514679 0.000000 0.902900
1.439859 0.000000 0.858300
1.462339 0.000000 0.871700
1.443046 0.000000 0.860200
1.467539 0.000000 0.874800
1.423587 0.000000 0.848600
1.447408 0.000000 0.862800
1.501594 0.000000 0.895100
1.512833 0.000000 0.901800
1.477269 0.000000 0.880600
1.499077 0.000000 0.893600
1.488509 0.000000 0.887300
1.475424 0.000000 0.879500
1.459319 0.000000 0.869900
1.506459 0.000000 0.898000
1.529106 0.000000 0.911500
1.565509 0.000000 0.933200
1.470055 0.000000 0.876300
1.490857 0.000000 0.888700
1.542191 0.000000 0.919300
1.556618 0.000000 0.927900
1.450092 0.000000 0.864400
1.468546 0.000000 0.875400
1.516356 0.000000 0.903900
1.623218 0.000000 0.967600
1.395739 0.000000 0.832000
1.467036 0.000000 0.874500
1.501929 0.000000 0.895300
1.449086 0.000000 0.863800
1.559973 0.000000 0.929900
1.453112 0.000000 0.866200
1.463345 0.000000 0.872300
1.489180 0.000000 0.887700
1.536655 0.000000 0.916000
1.487502 0.000000 0.886700
1.491361 0.000000 0.889000
1.507968 0.000000 0.898900
1.471062 0.000000 0.876900
1.511995 0.000000 0.901300
1.589498 0.000000 0.947500
1.512833 0.000000 0.901800
1.432646 0.000000 0.854000
1.508304 0.000000 0.899100
1.493709 0.000000 0.890400
1.501426 0.000000 0.895000
1.555611 0.000000 0.927300
1.528770 0.000000 0.911300
1.500755 0.000000 0.894600
1.547224 0.000000 0.922300
1.529106 0.000000 0.911500
1.526925 0.000000 0.910200
1.496729 0.000000 0.892200
1.517531 0.000000 0.904600
1.478443 0.000000 0.881300
1.479114 0.000000 0.881700
1.486496 0.000000 0.886100
1.557625 0.000000 0.928500
1.478443 0.000000 0.881300
1.481127 0.000000 0.882900
1.495051 0.000000 0.891200
1.464352 0.000000 0.872900
1.501929 0.000000 0.895300
1.545211 0.000000 0.921100
1.507130 0.000000 0.898400
1.479114 0.000000 0.881700
1.494212 0.000000 0.890700
1.467036 0.000000 0.874500
1.454454 0.000000 0.867000
1.549572 0.000000 0.923700
1.464687 0.000000 0.873100
1.408321 0.000000 0.839500
1.482469 0.000000 0.883700
1.487838 0.000000 0.886900
1.522396 0.000000 0.907500
1.428284 0.000000 0.851400
1.422748 0.000000 0.848100
1.486328 0.000000 0.886000
1.518537 0.000000 0.905200
1.405133 0.000000 0.837600
1.533132 0.000000 0.913900
1.504110 0.000000 0.896600
1.584801 0.000000 0.944700
1.468713 0.000000 0.875500
1.574736 0.000000 0.938700
1.501426 0.000000 0.895000
1.550243 0.000000 0.924100
1.403120 0.000000 0.836400
1.484147 0.000000 0.884700
1.521892 0.000000 0.907200
1.457809 0.000000 0.869000
1.520886 0.000000 0.906600
1.410502 0.000000 0.840800
1.455460 0.000000 0.867600
1.410837 0.000000 0.841000
1.508807 0.000000 0.899400
1.582788 0.000000 0.943500
1.514008 0.000000 0.902500
1.395403 0.000000 0.831800
1.426774 0.000000 0.850500
1.500587 0.000000 0.894500
1.536152 0.000000 0.915700
1.515518 0.000000 0.903400
1.465861 0.000000 0.873800
1.528770 0.000000 0.911300
1.459319 0.000000 0.869900
1.580607 0.000000 0.942200
1.441369 0.000000 0.859200
1.504781 0.000000 0.897000
1.529274 0.000000 0.911600
1.452273 0.000000 0.865700
1.448247 0.000000 0.863300
1.403959 0.000000 0.836900
1.557960 0.000000 0.928700
1.518537 0.000000 0.905200
1.537829 0.000000 0.916700
1.499748 0.000000 0.894000
1.510485 0.000000 0.900400
1.363530 0.000000 0.812800
1.444221 0.000000 0.860900
1.529106 0.000000 0.911500
1.488676 0.000000 0.887400
1.513672 0.000000 0.902300
1.489683 0.000000 0.888000
1.496225 0.000000 0.891900
1.587485 0.000000 0.946300
1.497400 0.000000 0.892600
1.513672 0.000000 0.902300
1.524241 0.000000 0.908600
1.424593 0.000000 0.849200
1.542359 0.000000 0.919400
1.597215 0.000000 0.952100
1.601745 0.000000 0.954800
1.558463 0.000000 0.929000
1.566180 0.000000 0.933600
1.542694 0.000000 0.919600
1.501258 0.000000 0.894900
1.406140 0.000000 0.838200
1.533300 0.000000 0.914000
1.497232 0.000000 0.892500
1.444556 0.000000 0.861100
1.397249 0.000000 0.832900
1.386512 0.000000 0.826500
1.503104 0.000000 0.896000
1.505284 0.000000 0.897300
1.459654 0.000000 0.870100
1.420903 0.000000 0.847000
1.516189 0.000000 0.903800
1.475927 0.000000 0.879800
1.468881 0.000000 0.875600
1.506626 0.000000 0.898100
1.617011 0.000000 0.963900
1.531119 0.000000 0.912700
1.427277 0.000000 0.850800
1.441201 0.000000 0.859100
1.465190 0.000000 0.873400
1.480624 0.000000 0.882600
1.549404 0.000000 0.923600
1.410502 0.000000 0.840800
1.492703 0.000000 0.889800
1.498406 0.000000 0.893200
1.418218 0.000000 0.845400
1.562322 0.000000 0.931300
1.446569 0.000000 0.862300
1.536487 0.000000 0.915900
1.432478 0.000000 0.853900
1.482302 0.000000 0.883600
1.555779 0.000000 0.927400
1.550411 0.000000 0.924200
1.432981 0.000000 0.854200
1.510317 0.000000 0.900300
1.533635 0.000000 0.914200
1.528099 0.000000 0.910900
1.476095 0.000000 0.879900
1.531958 0.000000 0.913200
1.490186 0.000000 0.888300
1.461164 0.000000 0.871000
1.396578 0.000000 0.832500
1.471062 0.000000 0.876900
1.445898 0.000000 0.861900
1.510820 0.000000 0.900600
1.472068 0.000000 0.877500
1.516524 0.000000 0.904000
1.490857 0.000000 0.888700
1.499748 0.000000 0.894000
1.527261 0.000000 0.910400
1.427445 0.000000 0.850900
1.477269 0.000000 0.880600
1.542191 0.000000 0.919300
1.484482 0.000000 0.884900
1.484986 0.000000 0.885200
1.482302 0.000000 0.883600
1.500252 0.000000 0.894300
1.463010 0.000000 0.872100
1.494212 0.000000 0.890700
1.497568 0.000000 0.892700
1.461500 0.000000 0.871200
1.458816 0.000000 0.869600
1.431471 0.000000 0.853300
1.513337 0.000000 0.902100
1.494212 0.000000 0.890700
1.550411 0.000000 0.924200
1.503439 0.000000 0.896200
1.486160 0.000000 0.885900
1.518369 0.000000 0.905100
1.575742 0.000000 0.939300
1.509478 0.000000 0.899800
1.445227 0.000000 0.861500
1.511156 0.000000 0.900800
1.509478 0.000000 0.899800
1.444221 0.000000 0.860900
1.478779 0.000000 0.881500
1.496561 0.000000 0.892100
1.529945 0.000000 0.912000
1.409495 0.000000 0.840200
1.572890 0.000000 0.937600
1.480456 0.000000 0.882500
1.413689 0.000000 0.842700
1.507801 0.000000 0.898800
1.492367 0.000000 0.889600
1.464519 0.000000 0.873000
1.424929 0.000000 0.849400
1.453783 0.000000 0.866600
1.489515 0.000000 0.887900
1.557121 0.000000 0.928200
1.561818 0.000000 0.931000
1.530951 0.000000 0.912600
1.464519 0.000000 0.873000
1.479450 0.000000 0.881900
1.355310 0.000000 0.807900
1.567690 0.000000 0.934500
1.436839 0.000000 0.856500
1.519208 0.000000 0.905600
1.419560 0.000000 0.846200
1.550075 0.000000 0.924000
1.444389 0.000000 0.861000
1.484482 0.000000 0.884900
1.496393 0.000000 0.892000
1.471397 0.000000 0.877100
1.456970 0.000000 0.868500
1.470894 0.000000 0.876800
1.481463 0.000000 0.883100
1.432981 0.000000 0.854200
1.444556 0.000000 0.861100
1.414192 0.000000 0.843000
1.505620 0.000000 0.897500
1.461835 0.000000 0.871400
1.447073 0.000000 0.862600
1.530280 0.000000 0.912200
1.444053 0.000000 0.860800
1.444724 0.000000 0.861200
1.528603 0.000000 0.911200
1.509478 0.000000 0.899800
1.520382 0.000000 0.906300
1.526925 0.000000 0.910200
1.500923 0.000000 0.894700
1.517531 0.000000 0.904600
1.540010 0.000000 0.918000
1.479618 0.000000 0.882000
1.489347 0.000000 0.887800
1.520382 0.000000 0.906300
1.482805 0.000000 0.883900
1.496225 0.000000 0.891900
1.502600 0.000000 0.895700
1.502936 0.000000 0.895900
1.420903 0.000000 0.847000
1.510653 0.000000 0.900500
1.436672 0.000000 0.856400
1.472068 0.000000 0.877500
1.464687 0.000000 0.873100
1.517698 0.000000 0.904700
1.444892 0.000000 0.861300
1.497400 0.000000 0.892600
1.522731 0.000000 0.907700
1.478108 0.000000 0.881100
1.519040 0.000000 0.905500
1.505117 0.000000 0.897200
1.570877 0.000000 0.936400
1.484147 0.000000 0.884700
1.494716 0.000000 0.891000
1.430129 0.000000 0.852500
1.476095 0.000000 0.879900
1.426606 0.000000 0.850400
1.588492 0.000000 0.946900
1.471230 0.000000 0.877000
1.525247 0.000000 0.909200
1.428116 0.000000 0.851300
1.412347 0.000000 0.841900
1.440362 0.000000 0.858600
1.377621 0.000000 0.821200
1.580104 0.000000 0.941900
1.516021 0.000000 0.903700
1.421406 0.000000 0.847300
1.510149 0.000000 0.900200
1.460325 0.000000 0.870500
1.458145 0.000000 0.869200
1.563496 0.000000 0.932000
1.507297 0.000000 0.898500
1.470055 0.000000 0.876300
1.432813 0.000000 0.854100
1.429794 0.000000 0.852300
1.546217 0.000000 0.921700
1.473243 0.000000 0.878200
1.585304 0.000000 0.945000
1.401275 0.000000 0.835300
1.533300 0.000000 0.914000
1.503439 0.000000 0.896200
1.480792 0.000000 0.882700
1.443382 0.000000 0.860400
1.518873 0.000000 0.905400
1.477269 0.000000 0.880600
1.538500 0.000000 0.917100
1.490857 0.000000 0.888700
1.439524 0.000000 0.858100
1.508639 0.000000 0.899300
1.463513 0.000000 0.872400
1.532293 0.000000 0.913400
1.438014 0.000000 0.857200
1.613488 0.000000 0.961800
1.497735 0.000000 0.892800
1.481463 0.000000 0.883100
1.458312 0.000000 0.869300
1.374937 0.000000 0.819600
1.537494 0.000000 0.916500
1.406140 0.000000 0.838200
1.457977 0.000000 0.869100
1.410166 0.000000 0.840600
1.509646 0.000000 0.899900
1.492367 0.000000 0.889600
1.462842 0.000000 0.872000
1.519376 0.000000 0.905700
1.479618 0.000000 0.882000
1.533803 0.000000 0.914300
1.488341 0.000000 0.887200
1.518537 0.000000 0.905200
1.476598 0.000000 0.880200
1.503942 0.000000 0.896500
1.436504 0.000000 0.856300
1.595034 0.000000 0.950800
1.435330 0.000000 0.855600
1.496896 0.000000 0.892300
1.493374 0.000000 0.890200
1.538165 0.000000 0.916900
1.475424 0.000000 0.879500
1.485992 0.000000 0.885800
1.441704 0.000000 0.859400
1.543868 0.000000 0.920300
1.448247 0.000000 0.863300
1.487502 0.000000 0.886700
1.451770 0.000000 0.865400
1.480289 0.000000 0.882400
1.480121 0.000000 0.882300
1.481127 0.000000 0.882900
1.600906 0.000000 0.954300
1.560476 0.000000 0.930200
1.527932 0.000000 0.910800
1.548566 0.000000 0.923100
1.472572 0.000000 0.877800
1.445395 0.000000 0.861600
1.479114 0.000000 0.881700
1.444221 0.000000 0.860900
1.468042 0.000000 0.875100
1.454622 0.000000 0.867100
1.585304 0.000000 0.945000
1.523905 0.000000 0.908400
1.408321 0.000000 0.839500
1.511324 0.000000 0.900900
1.538836 0.000000 0.917300
1.433820 0.000000 0.854700
1.518369 0.000000 0.905100
1.531119 0.000000 0.912700
1.557960 0.000000 0.928700
1.475759 0.000000 0.879700
1.528603 0.000000 0.911200
1.546888 0.000000 0.922100
1.468378 0.000000 0.875300
1.515518 0.000000 0.903400
1.445060 0.000000 0.861400
1.498239 0.000000 0.893100
1.331991 0.000000 0.794000
1.412011 0.000000 0.841700
1.486328 0.000000 0.886000
1.542694 0.000000 0.919600
1.392048 0.000000 0.829800
1.522899 0.000000 0.907800
1.562993 0.000000 0.931700
1.422748 0.000000 0.848100
1.446569 0.000000 0.862300
1.525415 0.000000 0.909300
1.480121 0.000000 0.882300
1.554940 0.000000 0.926900
1.476766 0.000000 0.880300
1.638651 0.000000 0.976800
1.569368 0.000000 0.935500
1.483811 0.000000 0.884500
1.489347 0.000000 0.887800
1.494716 0.000000 0.891000
1.446737 0.000000 0.862400
1.469217 0.000000 0.875800
1.542023 0.000000 0.919200
1.578762 0.000000 0.941100
1.460325 0.000000 0.870500
1.434491 0.000000 0.855100
1.429794 0.000000 0.852300
1.402281 0.000000 0.835900
1.514175 0.000000 0.902600
1.417715 0.000000 0.845100
1.564670 0.000000 0.932700
1.452273 0.000000 0.865700
1.472068 0.000000 0.877500
1.424929 0.000000 0.849400
1.594363 0.000000 0.950400
1.482805 0.000000 0.883900
1.542694 0.000000 0.919600
1.492032 0.000000 0.889400
1.454789 0.000000 0.867200
1.475759 0.000000 0.879700
1.530783 0.000000 0.912500
1.409495 0.000000 0.840200
1.438182 0.000000 0.857300
1.520047 0.000000 0.906100
1.423251 0.000000 0.848400
1.408321 0.000000 0.839500
1.522228 0.000000 0.907400
1.501929 0.000000 0.895300
1.444389 0.000000 0.861000
1.552592 0.000000 0.925500
1.503271 0.000000 0.896100
1.444724 0.000000 0.861200
1.508472 0.000000 0.899200
1.570542 0.000000 0.936200
1.566516 0.000000 0.933800
1.459487 0.000000 0.870000
1.439356 0.000000 0.858000
1.540513 0.000000 0.918300
1.610300 0.000000 0.959900
1.541688 0.000000 0.919000
1.496225 0.000000 0.891900
1.468713 0.000000 0.875500
1.470391 0.000000 0.876500
1.479785 0.000000 0.882100
1.379970 0.000000 0.822600
1.462003 0.000000 0.871500
1.449589 0.000000 0.864100
1.481631 0.000000 0.883200
1.482637 0.000000 0.883800
1.394397 0.000000 0.831200
1.433484 0.000000 0.854500
1.416709 0.000000 0.844500
1.484818 0.000000 0.885100
1.483476 0.000000 0.884300
1.456803 0.000000 0.868400
1.480792 0.000000 0.882700
1.410669 0.000000 0.840900
1.408824 0.000000 0.839800
1.546720 0.000000 0.922000
1.498071 0.000000 0.893000
1.379467 0.000000 0.822300
1.486999 0.000000 0.886400
1.447073 0.000000 0.862600
1.558128 0.000000 0.928800
1.459319 0.000000 0.869900
1.488844 0.000000 0.887500
1.494045 0.000000 0.890600
1.443046 0.000000 0.860200
1.567354 0.000000 0.934300
1.537829 0.000000 0.916700
1.496561 0.000000 0.892100
1.449925 0.000000 0.864300
1.489851 0.000000 0.888100
1.451434 0.000000 0.865200
1.519376 0.000000 0.905700
1.457138 0.000000 0.868600
1.418218 0.000000 0.845400
1.431136 0.000000 0.853100
1.556115 0.000000 0.927600
1.447911 0.000000 0.863100
1.513169 0.000000 0.902000
1.433149 0.000000 0.854300
1.492870 0.000000 0.889900
1.404630 0.000000 0.837300
1.507801 0.000000 0.898800
1.464855 0.000000 0.873200
1.485825 0.000000 0.885700
1.483140 0.000000 0.884100
1.489683 0.000000 0.888000
1.425600 0.000000 0.849800
1.449086 0.000000 0.863800
1.488341 0.000000 0.887200
1.519544 0.000000 0.905800
1.531287 0.000000 0.912800
1.462674 0.000000 0.871900
1.525751 0.000000 0.909500
1.489851 0.000000 0.888100
1.438349 0.000000 0.857400
1.472572 0.000000 0.877800
1.496729 0.000000 0.892200
1.494212 0.000000 0.890700
1.444389 0.000000 0.861000
1.454286 0.000000 0.866900
1.421238 0.000000 0.847200
1.451938 0.000000 0.865500
1.397081 0.000000 0.832800
1.526925 0.000000 0.910200
1.439356 0.000000 0.858000
1.569032 0.000000 0.935300
1.453615 0.000000 0.866500
1.407985 0.000000 0.839300
1.460996 0.000000 0.870900
1.529441 0.000000 0.911700
1.500755 0.000000 0.894600
1.473746 0.000000 0.878500
1.459822 0.000000 0.870200
1.523570 0.000000 0.908200
1.429458 0.000000 0.852100
1.412850 0.000000 0.842200
1.506962 0.000000 0.898300
1.430632 0.000000 0.852800
1.486496 0.000000 0.886100
1.398088 0.000000 0.833400
1.486160 0.000000 0.885900
1.426606 0.000000 0.850400
1.459319 0.000000 0.869900
1.467036 0.000000 0.874500
1.525918 0.000000 0.909600
1.549908 0.000000 0.923900
1.542191 0.000000 0.919300
1.477269 0.000000 0.880600
1.546217 0.000000 0.921700
1.491193 0.000000 0.888900
1.509478 0.000000 0.899800
1.492199 0.000000 0.889500
1.473411 0.000000 0.878300
1.467371 0.000000 0.874700
1.391545 0.000000 0.829500
1.416709 0.000000 0.844500
1.427277 0.000000 0.850800
1.466365 0.000000 0.874100
1.531790 0.000000 0.913100
1.496225 0.000000 0.891900
1.465023 0.000000 0.873300
1.479953 0.000000 0.882200
1.516021 0.000000 0.903700
1.519040 0.000000 0.905500
1.449253 0.000000 0.863900
1.452776 0.000000 0.866000
1.465861 0.000000 0.873800
1.521892 0.000000 0.907200
1.532125 0.000000 0.913300
1.466029 0.000000 0.873900
1.549572 0.000000 0.923700
1.461332 0.000000 0.871100
1.451434 0.000000 0.865200
1.433484 0.000000 0.854500
1.538332 0.000000 0.917000
1.477269 0.000000 0.880600
1.502097 0.000000 0.895400
1.568193 0.000000 0.934800
1.457977 0.000000 0.869100
1.524241 0.000000 0.908600
1.468713 0.000000 0.875500
1.464352 0.000000 0.872900
1.582788 0.000000 0.943500
1.477437 0.000000 0.880700
1.420735 0.000000 0.846900
1.430465 0.000000 0.852700
1.526757 0.000000 0.910100
1.449086 0.000000 0.863800
1.531287 0.000000 0.912800
1.496058 0.000000 0.891800
1.549572 0.000000 0.923700
1.403288 0.000000 0.836500
1.573058 0.000000 0.937700
1.547056 0.000000 0.922200
1.585137 0.000000 0.944900
1.422077 0.000000 0.847700
1.452944 0.000000 0.866100
1.587653 0.000000 0.946400
1.482469 0.000000 0.883700
1.494045 0.000000 0.890600
1.509982 0.000000 0.900100
1.407482 0.000000 0.839000
1.566012 0.000000 0.933500
1.535816 0.000000 0.915500
1.438349 0.000000 0.857400
1.488341 0.000000 0.887200
1.528938 0.000000 0.911400
1.465023 0.000000 0.873300
1.464687 0.000000 0.873100
1.481798 0.000000 0.883300
1.493206 0.000000 0.890100
1.450092 0.000000 0.864400
1.554940 0.000000 0.926900
1.450092 0.000000 0.864400
1.562490 0.000000 0.931400
1.426942 0.000000 0.850600
1.551250 0.000000 0.924700
1.505284 0.000000 0.897300
1.458312 0.000000 0.869300
1.540346 0.000000 0.918200
1.579433 0.000000 0.941500
1.457306 0.000000 0.868700
1.510149 0.000000 0.900200
1.415534 0.000000 0.843800
1.479450 0.000000 0.881900
1.445563 0.000000 0.861700
1.452776 0.000000 0.866000
1.543868 0.000000 0.920300
1.553766 0.000000 0.926200
1.489180 0.000000 0.887700
1.489012 0.000000 0.887600
1.411173 0.000000 0.841200
1.381647 0.000000 0.823600
1.552256 0.000000 0.925300
1.513840 0.000000 0.902400
1.513504 0.000000 0.902200
1.497400 0.000000 0.892600
1.478946 0.000000 0.881600
1.455293 0.000000 0.867500
1.443885 0.000000 0.860700
1.490354 0.000000 0.888400
1.455125 0.000000 0.867400
1.506291 0.000000 0.897900
1.485992 0.000000 0.885800
1.527596 0.000000 0.910600
1.512498 0.000000 0.901600
1.489347 0.000000 0.887800
1.420064 0.000000 0.846500
1.501929 0.000000 0.895300
1.483308 0.000000 0.884200
1.475591 0.000000 0.879600
1.565509 0.000000 0.933200
1.554437 0.000000 0.926600
1.534810 0.000000 0.914900
1.514343 0.000000 0.902700
1.453951 0.000000 0.866700
1.511995 0.000000 0.901300
1.479618 0.000000 0.882000
1.476095 0.000000 0.879900
1.492032 0.000000 0.889400
1.525918 0.000000 0.909600
1.351283 0.000000 0.805500
1.445563 0.000000 0.861700
1.479785 0.000000 0.882100
1.599061 0.000000 0.953200
1.455125 0.000000 0.867400
1.544707 0.000000 0.920800
1.487670 0.000000 0.886800
1.474417 0.000000 0.878900
1.447240 0.000000 0.862700
1.581278 0.000000 0.942600
1.475256 0.000000 0.879400
1.488173 0.000000 0.887100
1.554605 0.000000 0.926700
1.414360 0.000000 0.843100
1.495219 0.000000 0.891300
1.503271 0.000000 0.896100
1.488341 0.000000 0.887200
1.528938 0.000000 0.911400
1.441704 0.000000 0.859400
1.487167 0.000000 0.886500
1.492703 0.000000 0.889800
1.501761 0.000000 0.895200
1.453280 0.000000 0.866300
1.421070 0.000000 0.847100
1.520718 0.000000 0.906500
1.434491 0.000000 0.855100
1.449925 0.000000 0.864300
1.465526 0.000000 0.873600
1.479114 0.000000 0.881700
1.534642 0.000000 0.914800
1.517363 0.000000 0.904500
1.502097 0.000000 0.895400
1.465190 0.000000 0.873400
1.534306 0.000000 0.914600
1.405804 0.000000 0.838000
1.446905 0.000000 0.862500
1.500084 0.000000 0.894200
1.362355 0.000000 0.812100
1.480289 0.000000 0.882400
1.521725 0.000000 0.907100
1.392384 0.000000 0.830000
1.449589 0.000000 0.864100
1.465023 0.000000 0.873300
1.530112 0.000000 0.912100
1.436839 0.000000 0.856500
1.467371 0.000000 0.874700
1.499748 0.000000 0.894000
1.492703 0.000000 0.889800
1.474417 0.000000 0.878900
1.393223 0.000000 0.830500
1.474920 0.000000 0.879200
1.470726 0.000000 0.876700
1.490857 0.000000 0.888700
1.518537 0.000000 0.905200
1.532964 0.000000 0.913800
1.497903 0.000000 0.892900
1.480624 0.000000 0.882600
1.537661 0.000000 0.916600
1.537158 0.000000 0.916300
1.494716 0.000000 0.891000
1.446737 0.000000 0.862400
1.468881 0.000000 0.875600
1.502936 0.000000 0.895900
1.446569 0.000000 0.862300
1.552592 0.000000 0.925500
1.490018 0.000000 0.888200
1.494716 0.000000 0.891000
1.550747 0.000000 0.924400
1.535984 0.000000 0.915600
1.485489 0.000000 0.885500
1.367388 0.000000 0.815100
1.528770 0.000000 0.911300
1.593860 0.000000 0.950100
1.512162 0.000000 0.901400
1.522060 0.000000 0.907300
1.519544 0.000000 0.905800
1.480624 0.000000 0.882600
1.455125 0.000000 0.867400
1.457809 0.000000 0.869000
1.569200 0.000000 0.935400
1.536990 0.000000 0.916200
1.497400 0.000000 0.892600
1.469049 0.000000 0.875700
1.488005 0.000000 0.887000
1.404630 0.000000 0.837300
1.508639 0.000000 0.899300
1.423754 0.000000 0.848700
1.442879 0.000000 0.860100
1.498574 0.000000 0.893300
1.515518 0.000000 0.903400
1.415702 0.000000 0.843900
1.462506 0.000000 0.871800
1.437510 0.000000 0.856900
1.497903 0.000000 0.892900
1.472739 0.000000 0.877900
1.474585 0.000000 0.879000
1.596376 0.000000 0.951600
1.412347 0.000000 0.841900
1.484986 0.000000 0.885200
1.437846 0.000000 0.857100
1.574736 0.000000 0.938700
1.497568 0.000000 0.892700
1.545546 0.000000 0.921300
1.504446 0.000000 0.896800
1.430129 0.000000 0.852500
1.544204 0.000000 0.920500
1.528435 0.000000 0.911100
1.442208 0.000000 0.859700
1.457809 0.000000 0.869000
1.504110 0.000000 0.896600
1.493541 0.000000 0.890300
1.548566 0.000000 0.923100
1.539339 0.000000 0.917600
1.465694 0.000000 0.873700
1.483476 0.000000 0.884300
1.505788 0.000000 0.897600
1.445060 0.000000 0.861400
1.462842 0.000000 0.872000
1.460661 0.000000 0.870700
1.529609 0.000000 0.911800
1.470391 0.000000 0.876500
1.482973 0.000000 0.884000
1.557960 0.000000 0.928700
1.394229 0.000000 0.831100
1.444556 0.000000 0.861100
1.531958 0.000000 0.913200
1.493038 0.000000 0.890000
1.467036 0.000000 0.874500
1.503439 0.000000 0.896200
1.650562 0.000000 0.983900
1.491193 0.000000 0.888900
1.567019 0.000000 0.934100
1.471397 0.000000 0.877100
1.436672 0.000000 0.856400
1.484482 0.000000 0.884900
1.414863 0.000000 0.843400
1.508807 0.000000 0.899400
1.417547 0.000000 0.845000
1.594196 0.000000 0.950300
1.336353 0.000000 0.796600
1.452776 0.000000 0.866000
1.468378 0.000000 0.875300
1.464016 0.000000 0.872700
1.425935 0.000000 0.850000
1.510149 0.000000 0.900200
1.520382 0.000000 0.906300
1.507130 0.000000 0.898400
1.507465 0.000000 0.898600
1.508472 0.000000 0.899200
1.541688 0.000000 0.919000
1.467036 0.000000 0.874500
1.455964 0.000000 0.867900
1.500252 0.000000 0.894300
1.381815 0.000000 0.823700
1.523402 0.000000 0.908100
1.541855 0.000000 0.919100
1.466365 0.000000 0.874100
1.497568 0.000000 0.892700
1.478611 0.000000 0.881400
1.533803 0.000000 0.914300
1.452776 0.000000 0.866000
1.404630 0.000000 0.837300
1.448918 0.000000 0.863700
1.401778 0.000000 0.835600
1.435162 0.000000 0.855500
1.454118 0.000000 0.866800
1.448582 0.000000 0.863500
1.510988 0.000000 0.900700
1.515014 0.000000 0.903100
1.494045 0.000000 0.890600
1.404462 0.000000 0.837200
1.494548 0.000000 0.890900
1.444389 0.000000 0.861000
1.459822 0.000000 0.870200
1.430968 0.000000 0.853000
1.486160 0.000000 0.885900
1.469384 0.000000 0.875900
1.499581 0.000000 0.893900
1.512162 0.000000 0.901400
1.512330 0.000000 0.901500
1.509311 0.000000 0.899700
1.444892 0.000000 0.861300
1.496225 0.000000 0.891900
1.490689 0.000000 0.888600
1.386177 0.000000 0.826300
1.494045 0.000000 0.890600
1.448247 0.000000 0.863300
1.467036 0.000000 0.874500
1.527764 0.000000 0.910700
1.482469 0.000000 0.883700
1.462506 0.000000 0.871800
1.489851 0.000000 0.888100
1.433652 0.000000 0.854600
1.525415 0.000000 0.909300
1.562993 0.000000 0.931700
1.481798 0.000000 0.883300
1.510149 0.000000 0.900200
1.427613 0.000000 0.851000
1.498742 0.000000 0.893400
1.458312 0.000000 0.869300
1.507968 0.000000 0.898900
1.573561 0.000000 0.938000
1.519376 0.000000 0.905700
1.429961 0.000000 0.852400
1.509143 0.000000 0.899600
1.426103 0.000000 0.850100
1.452273 0.000000 0.865700
1.594196 0.000000 0.950300
1.530951 0.000000 0.912600
1.470223 0.000000 0.876400
1.478275 0.000000 0.881200
1.515182 0.000000 0.903200
1.485153 0.000000 0.885300
1.600738 0.000000 0.954200
1.571884 0.000000 0.937000
1.474753 0.000000 0.879100
1.582285 0.000000 0.943200
1.453615 0.000000 0.866500
1.366549 0.000000 0.814600
1.479114 0.000000 0.881700
1.456132 0.000000 0.868000
1.473411 0.000000 0.878300
1.516189 0.000000 0.903800
1.519040 0.000000 0.905500
1.473411 0.000000 0.878300
1.388358 0.000000 0.827600
1.433652 0.000000 0.854600
1.511827 0.000000 0.901200
1.534474 0.000000 0.914700
1.493541 0.000000 0.890300
1.476766 0.000000 0.880300
1.508639 0.000000 0.899300
1.433988 0.000000 0.854800
1.476766 0.000000 0.880300
1.441704 0.000000 0.859400
1.511827 0.000000 0.901200
1.452441 0.000000 0.865800
1.483476 0.000000 0.884300
1.527428 0.000000 0.910500
1.496058 0.000000 0.891800
1.490689 0.000000 0.888600
1.412179 0.000000 0.841800
1.436001 0.000000 0.856000
1.458145 0.000000 0.869200
1.479953 0.000000 0.882200
1.508304 0.000000 0.899100
1.379634 0.000000 0.822400
1.408153 0.000000 0.839400
1.528435 0.000000 0.911100
1.463513 0.000000 0.872400
1.544875 0.000000 0.920900
1.512666 0.000000 0.901700
1.575071 0.000000 0.938900
1.488341 0.000000 0.887200
1.498742 0.000000 0.893400
1.521892 0.000000 0.907200
1.537494 0.000000 0.916500
1.466868 0.000000 0.874400
1.571884 0.000000 0.937000
1.467539 0.000000 0.874800
1.521054 0.000000 0.906700
1.589834 0.000000 0.947700
1.473075 0.000000 0.878100
1.493038 0.000000 0.890000
1.527428 0.000000 0.910500
1.507297 0.000000 0.898500
1.447240 0.000000 0.862700
1.485321 0.000000 0.885400
1.481295 0.000000 0.883000
1.559302 0.000000 0.929500
1.483979 0.000000 0.884600
1.443885 0.000000 0.860700
1.482637 0.000000 0.883800
1.499916 0.000000 0.894100
1.499077 0.000000 0.893600
1.501594 0.000000 0.895100
1.421909 0.000000 0.847600
1.425432 0.000000 0.849700
1.476262 0.000000 0.880000
1.560812 0.000000 0.930400
1.541017 0.000000 0.918600
1.513169 0.000000 0.902000
1.546049 0.000000 0.921600
1.460493 0.000000 0.870600
1.451602 0.000000 0.865300
1.471397 0.000000 0.877100
1.521725 0.000000 0.907100
1.454454 0.000000 0.867000
1.466365 0.000000 0.874100
1.406643 0.000000 0.838500
1.492199 0.000000 0.889500
1.452944 0.000000 0.866100
1.462339 0.000000 0.871700
1.499916 0.000000 0.894100
1.476598 0.000000 0.880200
1.447240 0.000000 0.862700
1.468210 0.000000 0.875200
1.500587 0.000000 0.894500
1.481631 0.000000 0.883200
1.482469 0.000000 0.883700
1.530280 0.000000 0.912200
1.415367 0.000000 0.843700
1.554773 0.000000 0.926800
1.505452 0.000000 0.897400
1.514511 0.000000 0.902800
1.557121 0.000000 0.928200
1.512666 0.000000 0.901700
1.522228 0.000000 0.907400
1.441704 0.000000 0.859400
1.440362 0.000000 0.858600
1.535313 0.000000 0.915200
1.469217 0.000000 0.875800
1.453783 0.000000 0.866600
1.461668 0.000000 0.871300
1.415702 0.000000 0.843900
1.533803 0.000000 0.914300
1.544036 0.000000 0.920400
1.500755 0.000000 0.894600
1.385170 0.000000 0.825700
1.493877 0.000000 0.890500
1.532964 0.000000 0.913800
1.522731 0.000000 0.907700
1.590673 0.000000 0.948200
1.553766 0.000000 0.926200
1.501426 0.000000 0.895000
1.534642 0.000000 0.914800
1.502097 0.000000 0.895400
1.485489 0.000000 0.885500
1.553263 0.000000 0.925900
1.487502 0.000000 0.886700
1.516524 0.000000 0.904000
1.478275 0.000000 0.881200
1.547056 0.000000 0.922200
1.505620 0.000000 0.897500
1.554102 0.000000 0.926400
1.539842 0.000000 0.917900
1.394397 0.000000 0.831200
1.457809 0.000000 0.869000
1.477269 0.000000 0.880600
1.504446 0.000000 0.896800
1.437846 0.000000 0.857100
1.466532 0.000000 0.874200
1.492703 0.000000 0.889800
1.502265 0.000000 0.895500
1.506962 0.000000 0.898300
1.465694 0.000000 0.873700
1.531287 0.000000 0.912800
1.484315 0.000000 0.884800
1.481295 0.000000 0.883000
1.420232 0.000000 0.846600
1.508807 0.000000 0.899400
1.515685 0.000000 0.903500
1.439356 0.000000 0.858000
1.444556 0.000000 0.861100
1.456970 0.000000 0.868500
1.506626 0.000000 0.898100
1.483644 0.000000 0.884400
1.541688 0.000000 0.919000
1.507801 0.000000 0.898800
1.436672 0.000000 0.856400
1.502768 0.000000 0.895800
1.492703 0.000000 0.889800
1.653582 0.000000 0.985700
1.495554 0.000000 0.891500
1.391713 0.000000 0.829600
1.496896 0.000000 0.892300
1.497064 0.000000 0.892400
1.496729 0.000000 0.892200
1.488676 0.000000 0.887400
1.468546 0.000000 0.875400
1.509143 0.000000 0.899600
1.422412 0.000000 0.847900
1.522899 0.000000 0.907800
1.548230 0.000000 0.922900
1.454286 0.000000 0.866900
1.497400 0.000000 0.892600
1.567858 0.000000 0.934600
1.423922 0.000000 0.848800
1.507297 0.000000 0.898500
1.475424 0.000000 0.879500
1.506626 0.000000 0.898100
1.465526 0.000000 0.873600
1.468713 0.000000 0.875500
1.477940 0.000000 0.881000
1.432478 0.000000 0.853900
1.506291 0.000000 0.897900
1.468546 0.000000 0.875400
1.505284 0.000000 0.897300
1.364033 0.000000 0.813100
1.476933 0.000000 0.880400
1.472907 0.000000 0.878000
1.473746 0.000000 0.878500
1.403456 0.000000 0.836600
1.471901 0.000000 0.877400
1.393055 0.000000 0.830400
1.415870 0.000000 0.844000
1.408992 0.000000 0.839900
1.473411 0.000000 0.878300
1.414696 0.000000 0.843300
1.548230 0.000000 0.922900
1.492199 0.000000 0.889500
1.566851 0.000000 0.934000
1.442375 0.000000 0.859800
1.533803 0.000000 0.914300
1.516189 0.000000 0.903800
1.433317 0.000000 0.854400
1.519040 0.000000 0.905500
1.464184 0.000000 0.872800
1.430632 0.000000 0.852800
1.488509 0.000000 0.887300
1.551418 0.000000 0.924800
1.514847 0.000000 0.903000
1.432478 0.000000 0.853900
1.389029 0.000000 0.828000
1.464855 0.000000 0.873200
1.445227 0.000000 0.861500
1.458816 0.000000 0.869600
1.492535 0.000000 0.889700
1.424929 0.000000 0.849400
1.494548 0.000000 0.890900
1.555444 0.000000 0.927200
1.461668 0.000000 0.871300
1.497735 0.000000 0.892800
1.496058 0.000000 0.891800
1.485321 0.000000 0.885400
1.590337 0.000000 0.948000
1.481127 0.000000 0.882900
1.506626 0.000000 0.898100
1.405469 0.000000 0.837800
1.557289 0.000000 0.928300
1.453783 0.000000 0.866600
1.392048 0.000000 0.829800
1.458480 0.000000 0.869400
1.444892 0.000000 0.861300
1.549237 0.000000 0.923500
1.378796 0.000000 0.821900
1.467036 0.000000 0.874500
1.488509 0.000000 0.887300
1.447073 0.000000 0.862600
1.514847 0.000000 0.903000
1.457977 0.000000 0.869100
1.566180 0.000000 0.933600
1.505620 0.000000 0.897500
1.556786 0.000000 0.928000
1.469384 0.000000 0.875900
1.507130 0.000000 0.898400
1.522563 0.000000 0.907600
1.509646 0.000000 0.899900
1.461835 0.000000 0.871400
1.519879 0.000000 0.906000
1.425935 0.000000 0.850000
1.570542 0.000000 0.936200
1.544372 0.000000 0.920600
1.439691 0.000000 0.858200
1.437343 0.000000 0.856800
1.521557 0.000000 0.907000
1.518873 0.000000 0.905400
1.494380 0.000000 0.890800
1.506962 0.000000 0.898300
1.477101 0.000000 0.880500
1.543868 0.000000 0.920300
1.443382 0.000000 0.860400
1.515014 0.000000 0.903100
1.550579 0.000000 0.924300
1.515685 0.000000 0.903500
1.449757 0.000000 0.864200
1.440530 0.000000 0.858700
1.481463 0.000000 0.883100
1.475088 0.000000 0.879300
1.487334 0.000000 0.886600
1.467707 0.000000 0.874900
1.454789 0.000000 0.867200
1.500755 0.000000 0.894600
1.569368 0.000000 0.935500
1.477101 0.000000 0.880500
1.524744 0.000000 0.908900
1.437175 0.000000 0.856700
1.534474 0.000000 0.914700
1.527093 0.000000 0.910300
1.456299 0.000000 0.868100
1.507297 0.000000 0.898500
1.479450 0.000000 0.881900
1.528603 0.000000 0.911200
1.467203 0.000000 0.874600
1.543197 0.000000 0.919900
1.469049 0.000000 0.875700
1.540513 0.000000 0.918300
1.445898 0.000000 0.861900
1.436839 0.000000 0.856500
1.396578 0.000000 0.832500
1.543701 0.000000 0.920200
1.509982 0.000000 0.900100
1.482469 0.000000 0.883700
1.523738 0.000000 0.908300
1.517195 0.000000 0.904400
1.469888 0.000000 0.876200
1.469217 0.000000 0.875800
1.493206 0.000000 0.890100
1.573058 0.000000 0.937700
1.501594 0.000000 0.895100
1.460996 0.000000 0.870900
1.552927 0.000000 0.925700
1.429961 0.000000 0.852400
1.499077 0.000000 0.893600
1.476598 0.000000 0.880200
1.441369 0.000000 0.859200
1.399430 0.000000 0.834200
1.526254 0.000000 0.909800
1.437846 0.000000 0.857100
1.414696 0.000000 0.843300
1.472907 0.000000 0.878000
1.416541 0.000000 0.844400
1.586479 0.000000 0.945700
1.527428 0.000000 0.910500
1.445731 0.000000 0.861800
1.463345 0.000000 0.872300
1.418386 0.000000 0.845500
1.465526 0.000000 0.873600
1.424425 0.000000 0.849100
1.595034 0.000000 0.950800
1.504949 0.000000 0.897100
1.457809 0.000000 0.869000
1.503942 0.000000 0.896500
1.515182 0.000000 0.903200
1.471733 0.000000 0.877300
1.562825 0.000000 0.931600
1.431807 0.000000 0.853500
1.476766 0.000000 0.880300
1.480289 0.000000 0.882400
1.454622 0.000000 0.867100
1.458983 0.000000 0.869700
1.483811 0.000000 0.884500
1.355813 0.000000 0.808200
1.504781 0.000000 0.897000
1.439859 0.000000 0.858300
1.515518 0.000000 0.903400
1.516692 0.000000 0.904100
1.484482 0.000000 0.884900
1.488005 0.000000 0.887000
1.456467 0.000000 0.868200
1.469888 0.000000 0.876200
1.597719 0.000000 0.952400
1.492032 0.000000 0.889400
1.547224 0.000000 0.922300
1.471733 0.000000 0.877300
1.484986 0.000000 0.885200
1.483140 0.000000 0.884100
1.395068 0.000000 0.831600
1.444221 0.000000 0.860900
1.541688 0.000000 0.919000
1.446066 0.000000 0.862000
1.423754 0.000000 0.848700
1.484650 0.000000 0.885000
1.485825 0.000000 0.885700
1.472068 0.000000 0.877500
1.517866 0.000000 0.904800
1.521054 0.000000 0.906700
1.568529 0.000000 0.935000
1.519376 0.000000 0.905700
1.467203 0.000000 0.874600
1.435833 0.000000 0.855900
1.404127 0.000000 0.837000
1.600403 0.000000 0.954000
1.504781 0.000000 0.897000
1.477604 0.000000 0.880800
1.457809 0.000000 0.869000
1.508639 0.000000 0.899300
1.469720 0.000000 0.876100
1.537326 0.000000 0.916400
1.482973 0.000000 0.884000
1.520047 0.000000 0.906100
1.465694 0.000000 0.873700
1.524241 0.000000 0.908600
1.570039 0.000000 0.935900
1.537494 0.000000 0.916500
1.557121 0.000000 0.928200
1.487670 0.000000 0.886800
1.420735 0.000000 0.846900
1.440866 0.000000 0.858900
1.456803 0.000000 0.868400
1.607616 0.000000 0.958300
1.471901 0.000000 0.877400
1.500923 0.000000 0.894700
1.493877 0.000000 0.890500
1.418554 0.000000 0.845600
1.495051 0.000000 0.891200
1.470055 0.000000 0.876300
1.468881 0.000000 0.875600
1.419896 0.000000 0.846400
1.494212 0.000000 0.890700
1.512498 0.000000 0.901600
1.569368 0.000000 0.935500
1.520382 0.000000 0.906300
1.507465 0.000000 0.898600
1.466532 0.000000 0.874200
1.494212 0.000000 0.890700
1.498406 0.000000 0.893200
1.553095 0.000000 0.925800
1.522396 0.000000 0.907500
1.546720 0.000000 0.922000
1.451770 0.000000 0.865400
1.431639 0.000000 0.853400
1.468881 0.000000 0.875600
1.473075 0.000000 0.878100
1.414024 0.000000 0.842900
1.444053 0.000000 0.860800
1.503942 0.000000 0.896500
1.528603 0.000000 0.911200
1.578091 0.000000 0.940700
1.480289 0.000000 0.882400
1.514343 0.000000 0.902700
1.537661 0.000000 0.916600
1.504278 0.000000 0.896700
1.453112 0.000000 0.866200
1.466029 0.000000 0.873900
1.582620 0.000000 0.943400
1.468546 0.000000 0.875400
1.462506 0.000000 0.871800
1.522899 0.000000 0.907800
1.430465 0.000000 0.852700
1.544204 0.000000 0.920500
1.455628 0.000000 0.867700
1.448079 0.000000 0.863200
1.510317 0.000000 0.900300
1.473411 0.000000 0.878300
1.492032 0.000000 0.889400
1.478611 0.000000 0.881400
1.443885 0.000000 0.860700
1.511156 0.000000 0.900800
1.415870 0.000000 0.844000
1.456299 0.000000 0.868100
1.441537 0.000000 0.859300
1.447576 0.000000 0.862900
1.442711 0.000000 0.860000
1.359503 0.000000 0.810400
1.483140 0.000000 0.884100
1.427781 0.000000 0.851100
1.436001 0.000000 0.856000
1.509646 0.000000 0.899900
1.439524 0.000000 0.858100
1.492703 0.000000 0.889800
1.437175 0.000000 0.856700
1.386345 0.000000 0.826400
1.498071 0.000000 0.893000
1.466365 0.000000 0.874100
1.443046 0.000000 0.860200
1.485321 0.000000 0.885400
1.343734 0.000000 0.801000
1.521557 0.000000 0.907000
1.441872 0.000000 0.859500
1.502768 0.000000 0.895800
1.565006 0.000000 0.932900
1.503775 0.000000 0.896400
1.530112 0.000000 0.912100
1.458816 0.000000 0.869600
1.517027 0.000000 0.904300
1.410334 0.000000 0.840700
1.428284 0.000000 0.851400
1.535816 0.000000 0.915500
1.471397 0.000000 0.877100
1.528603 0.000000 0.911200
1.556115 0.000000 0.927600
1.384331 0.000000 0.825200
1.495219 0.000000 0.891300
1.523234 0.000000 0.908000
1.462339 0.000000 0.871700
1.477101 0.000000 0.880500
1.390035 0.000000 0.828600
1.544372 0.000000 0.920600
1.464352 0.000000 0.872900
1.399430 0.000000 0.834200
1.557960 0.000000 0.928700
1.435665 0.000000 0.855800
1.475088 0.000000 0.879300
1.447744 0.000000 0.863000
1.465023 0.000000 0.873300
1.514679 0.000000 0.902900
1.489683 0.000000 0.888000
1.484315 0.000000 0.884800
1.453447 0.000000 0.866400
1.446905 0.000000 0.862500
1.442543 0.000000 0.859900
1.531287 0.000000 0.912800
1.393055 0.000000 0.830400
1.464855 0.000000 0.873200
1.404630 0.000000 0.837300
1.450428 0.000000 0.864600
1.498406 0.000000 0.893200
1.522731 0.000000 0.907700
1.533132 0.000000 0.913900
1.481295 0.000000 0.883000
1.456299 0.000000 0.868100
1.402449 0.000000 0.836000
1.491361 0.000000 0.889000
1.391210 0.000000 0.829300
1.416709 0.000000 0.844500
1.515518 0.000000 0.903400
1.476262 0.000000 0.880000
1.427110 0.000000 0.850700
1.488509 0.000000 0.887300
1.436336 0.000000 0.856200
1.448415 0.000000 0.863400
1.423419 0.000000 0.848500
1.581614 0.000000 0.942800
1.626069 0.000000 0.969300
1.372421 0.000000 0.818100
1.419393 0.000000 0.846100
1.456803 0.000000 0.868400
1.508975 0.000000 0.899500
1.470391 0.000000 0.876500
1.426103 0.000000 0.850100
1.523905 0.000000 0.908400
1.398423 0.000000 0.833600
1.452609 0.000000 0.865900
1.393894 0.000000 0.830900
1.522060 0.000000 0.907300
1.456132 0.000000 0.868000
1.444892 0.000000 0.861300
1.535816 0.000000 0.915500
1.552089 0.000000 0.925200
1.435497 0.000000 0.855700
1.504613 0.000000 0.896900
1.473578 0.000000 0.878400
1.453447 0.000000 0.866400
1.543701 0.000000 0.920200
1.507130 0.000000 0.898400
1.510988 0.000000 0.900700
1.450092 0.000000 0.864400
1.465861 0.000000 0.873800
1.431471 0.000000 0.853300
1.508639 0.000000 0.899300
1.376279 0.000000 0.820400
1.532964 0.000000 0.913800
1.478443 0.000000 0.881300
1.469720 0.000000 0.876100
1.423754 0.000000 0.848700
1.493541 0.000000 0.890300
1.376447 0.000000 0.820500
1.488005 0.000000 0.887000
1.439524 0.000000 0.858100
1.451267 0.000000 0.865100
1.404798 0.000000 0.837400
1.503439 0.000000 0.896200
1.558631 0.000000 0.929100
1.508304 0.000000 0.899100
1.428452 0.000000 0.851500
1.427110 0.000000 0.850700
1.405133 0.000000 0.837600
1.525247 0.000000 0.909200
1.498742 0.000000 0.893400
1.511827 0.000000 0.901200
1.584633 0.000000 0.944600
1.470391 0.000000 0.876500
1.450596 0.000000 0.864700
1.469384 0.000000 0.875900
1.471733 0.000000 0.877300
1.434659 0.000000 0.855200
1.370911 0.000000 0.817200
1.488341 0.000000 0.887200
1.499245 0.000000 0.893700
1.456970 0.000000 0.868500
1.394397 0.000000 0.831200
1.446234 0.000000 0.862100
1.498071 0.000000 0.893000
1.502097 0.000000 0.895400
1.469384 0.000000 0.875900
1.492535 0.000000 0.889700
1.481127 0.000000 0.882900
1.438182 0.000000 0.857300
1.555276 0.000000 0.927100
1.482637 0.000000 0.883800
1.413018 0.000000 0.842300
1.561483 0.000000 0.930800
1.534810 0.000000 0.914900
1.493374 0.000000 0.890200
1.422580 0.000000 0.848000
1.498406 0.000000 0.893200
1.518202 0.000000 0.905000
1.484650 0.000000 0.885000
1.440195 0.000000 0.858500
1.433988 0.000000 0.854800
1.469888 0.000000 0.876200
1.516021 0.000000 0.903700
1.467036 0.000000 0.874500
1.486496 0.000000 0.886100
1.464855 0.000000 0.873200
1.366381 0.000000 0.814500
1.443382 0.000000 0.860400
1.375776 0.000000 0.820100
1.479953 0.000000 0.882200
1.534139 0.000000 0.914500
1.503607 0.000000 0.896300
1.413018 0.000000 0.842300
1.498910 0.000000 0.893500
1.531958 0.000000 0.913200
1.524073 0.000000 0.908500
1.414024 0.000000 0.842900
1.543533 0.000000 0.920100
1.542023 0.000000 0.919200
1.500587 0.000000 0.894500
1.396074 0.000000 0.832200
1.493709 0.000000 0.890400
1.543701 0.000000 0.920200
1.485153 0.000000 0.885300
1.635632 0.000000 0.975000
1.461164 0.000000 0.871000
1.533468 0.000000 0.914100
1.531790 0.000000 0.913100
1.446569 0.000000 0.862300
1.482469 0.000000 0.883700
1.499916 0.000000 0.894100
1.516692 0.000000 0.904100
1.530280 0.000000 0.912200
1.459990 0.000000 0.870300
1.516692 0.000000 0.904100
1.523234 0.000000 0.908000
1.480121 0.000000 0.882300
1.515518 0.000000 0.903400
1.449589 0.000000 0.864100
1.390203 0.000000 0.828700
1.505452 0.000000 0.897400
1.546553 0.000000 0.921900
1.482973 0.000000 0.884000
1.509311 0.000000 0.899700
1.497064 0.000000 0.892400
1.480624 0.000000 0.882600
1.458648 0.000000 0.869500
1.417044 0.000000 0.844700
1.493541 0.000000 0.890300
1.503104 0.000000 0.896000
1.440698 0.000000 0.858800
1.499413 0.000000 0.893800
1.481127 0.000000 0.882900
1.409998 0.000000 0.840500
1.426103 0.000000 0.850100
1.516021 0.000000 0.903700
1.439020 0.000000 0.857800
1.458816 0.000000 0.869600
1.456132 0.000000 0.868000
1.435833 0.000000 0.855900
1.498574 0.000000 0.893300
1.553431 0.000000 0.926000
1.536823 0.000000 0.916100
1.590840 0.000000 0.948300
1.485153 0.000000 0.885300
1.453112 0.000000 0.866200
1.428452 0.000000 0.851500
1.466197 0.000000 0.874000
1.533635 0.000000 0.914200
1.517698 0.000000 0.904700
1.343063 0.000000 0.800600
1.512162 0.000000 0.901400
1.510988 0.000000 0.900700
1.434659 0.000000 0.855200
1.548566 0.000000 0.923100
1.576581 0.000000 0.939800
1.536823 0.000000 0.916100
1.397584 0.000000 0.833100
1.557457 0.000000 0.928400
1.443885 0.000000 0.860700
1.453447 0.000000 0.866400
1.499748 0.000000 0.894000
1.544036 0.000000 0.920400
1.523905 0.000000 0.908400
1.433317 0.000000 0.854400
1.445395 0.000000 0.861600
1.412347 0.000000 0.841900
1.467539 0.000000 0.874800
1.470223 0.000000 0.876400
1.456132 0.000000 0.868000
1.475424 0.000000 0.879500
1.563161 0.000000 0.931800
1.606274 0.000000 0.957500
1.555779 0.000000 0.927400
1.537158 0.000000 0.916300
1.457809 0.000000 0.869000
1.561651 0.000000 0.930900
1.475088 0.000000 0.879300
1.499077 0.000000 0.893600
1.503271 0.000000 0.896100
1.479953 0.000000 0.882200
1.540178 0.000000 0.918100
1.459654 0.000000 0.870100
1.483140 0.000000 0.884100
1.458648 0.000000 0.869500
1.451938 0.000000 0.865500
1.504110 0.000000 0.896600
1.454789 0.000000 0.867200
1.504613 0.000000 0.896900
1.405133 0.000000 0.837600
1.526757 0.000000 0.910100
1.490018 0.000000 0.888200
1.439859 0.000000 0.858300
1.525247 0.000000 0.909200
1.458983 0.000000 0.869700
1.591344 0.000000 0.948600
1.502265 0.000000 0.895500
1.544036 0.000000 0.920400
1.475591 0.000000 0.879600
1.425935 0.000000 0.850000
1.509814 0.000000 0.900000
1.487167 0.000000 0.886500
1.449421 0.000000 0.864000
1.416709 0.000000 0.844500
1.528603 0.000000 0.911200
1.485992 0.000000 0.885800
1.468713 0.000000 0.875500
1.483811 0.000000 0.884500
1.438685 0.000000 0.857600
1.451267 0.000000 0.865100
1.443885 0.000000 0.860700
1.590840 0.000000 0.948300
1.540010 0.000000 0.918000
1.490689 0.000000 0.888600
1.513504 0.000000 0.902200
1.530951 0.000000 0.912600
1.494716 0.000000 0.891000
1.511156 0.000000 0.900800
1.531622 0.000000 0.913000
1.500252 0.000000 0.894300
1.567522 0.000000 0.934400
1.494883 0.000000 0.891100
1.492535 0.000000 0.889700
1.469720 0.000000 0.876100
1.471565 0.000000 0.877200
1.401443 0.000000 0.835400
1.436839 0.000000 0.856500
1.424090 0.000000 0.848900
1.575071 0.000000 0.938900
1.491696 0.000000 0.889200
1.522228 0.000000 0.907400
1.523234 0.000000 0.908000
1.497232 0.000000 0.892500
1.527428 0.000000 0.910500
1.523234 0.000000 0.908000
1.559973 0.000000 0.929900
1.485153 0.000000 0.885300
1.497903 0.000000 0.892900
1.448918 0.000000 0.863700
1.506459 0.000000 0.898000
1.511827 0.000000 0.901200
1.458983 0.000000 0.869700
1.487838 0.000000 0.886900
1.476933 0.000000 0.880400
1.420232 0.000000 0.846600
1.458648 0.000000 0.869500
1.471230 0.000000 0.877000
1.516692 0.000000 0.904100
1.509311 0.000000 0.899700
1.441033 0.000000 0.859000
1.455125 0.000000 0.867400
1.480960 0.000000 0.882800
1.443550 0.000000 0.860500
1.503104 0.000000 0.896000
1.457306 0.000000 0.868700
1.458480 0.000000 0.869400
1.543030 0.000000 0.919800
1.416541 0.000000 0.844400
1.401946 0.000000 0.835700
1.564335 0.000000 0.932500
1.457641 0.000000 0.868900
1.409831 0.000000 0.840400
1.468378 0.000000 0.875300
1.537158 0.000000 0.916300
1.421909 0.000000 0.847600
1.583627 0.000000 0.944000
1.425600 0.000000 0.849800
1.508472 0.000000 0.899200
1.429290 0.000000 0.852000
1.432142 0.000000 0.853700
1.509311 0.000000 0.899700
1.510820 0.000000 0.900600
1.450092 0.000000 0.864400
1.485321 0.000000 0.885400
1.422916 0.000000 0.848200
1.469049 0.000000 0.875700
1.408153 0.000000 0.839400
1.525247 0.000000 0.909200
1.598725 0.000000 0.953000
1.413353 0.000000 0.842500
1.624056 0.000000 0.968100
1.519208 0.000000 0.905600
1.485657 0.000000 0.885600
1.485153 0.000000 0.885300
1.474249 0.000000 0.878800
1.506459 0.000000 0.898000
1.465861 0.000000 0.873800
1.438853 0.000000 0.857700
1.492199 0.000000 0.889500
1.437007 0.000000 0.856600
1.539339 0.000000 0.917600
1.505955 0.000000 0.897700
1.385841 0.000000 0.826100
1.524241 0.000000 0.908600
1.468042 0.000000 0.875100
1.483979 0.000000 0.884600
1.527093 0.000000 0.910300
1.496729 0.000000 0.892200
1.406140 0.000000 0.838200
1.503942 0.000000 0.896500
1.479450 0.000000 0.881900
1.515182 0.000000 0.903200
1.503775 0.000000 0.896400
1.556786 0.000000 0.928000
1.539171 0.000000 0.917500
1.489347 0.000000 0.887800
1.566851 0.000000 0.934000
1.545546 0.000000 0.921300
1.493877 0.000000 0.890500
1.485321 0.000000 0.885400
1.459822 0.000000 0.870200
1.507297 0.000000 0.898500
1.533971 0.000000 0.914400
1.438517 0.000000 0.857500
1.469720 0.000000 0.876100
1.500755 0.000000 0.894600
1.454622 0.000000 0.867100
1.528938 0.000000 0.911400
1.450596 0.000000 0.864700
1.501594 0.000000 0.895100
1.482469 0.000000 0.883700
1.514175 0.000000 0.902600
1.465190 0.000000 0.873400
1.445898 0.000000 0.861900
1.490689 0.000000 0.888600
1.446569 0.000000 0.862300
1.540010 0.000000 0.918000
1.403791 0.000000 0.836800
1.499245 0.000000 0.893700
1.460158 0.000000 0.870400
1.515350 0.000000 0.903300
1.527596 0.000000 0.910600
1.469888 0.000000 0.876200
1.564670 0.000000 0.932700
1.490522 0.000000 0.888500
1.523570 0.000000 0.908200
1.524073 0.000000 0.908500
1.426774 0.000000 0.850500
1.489012 0.000000 0.887600
1.431303 0.000000 0.853200
1.541520 0.000000 0.918900
1.404127 0.000000 0.837000
1.536823 0.000000 0.916100
1.486831 0.000000 0.886300
1.496561 0.000000 0.892100
1.541352 0.000000 0.918800
1.530783 0.000000 0.912500
1.551250 0.000000 0.924700
1.544036 0.000000 0.920400
1.443717 0.000000 0.860600
1.452273 0.000000 0.865700
1.519711 0.000000 0.905900
1.506794 0.000000 0.898200
1.475424 0.000000 0.879500
1.543868 0.000000 0.920300
1.478611 0.000000 0.881400
1.574568 0.000000 0.938600
1.406643 0.000000 0.838500
1.377286 0.000000 0.821000
1.417212 0.000000 0.844800
1.393894 0.000000 0.830900
1.488341 0.000000 0.887200
1.438014 0.000000 0.857200
1.576246 0.000000 0.939600
1.586311 0.000000 0.945600
1.524409 0.000000 0.908700
1.474082 0.000000 0.878700
1.527093 0.000000 0.910300
1.592350 0.000000 0.949200
1.543030 0.000000 0.919800
1.562322 0.000000 0.931300
1.401778 0.000000 0.835600
1.531454 0.000000 0.912900
1.441369 0.000000 0.859200
1.466868 0.000000 0.874400
1.531790 0.000000 0.913100
1.499077 0.000000 0.893600
1.516860 0.000000 0.904200
1.539842 0.000000 0.917900
1.520886 0.000000 0.906600
1.537661 0.000000 0.916600
1.612313 0.000000 0.961100
1.413689 0.000000 0.842700
1.513672 0.000000 0.902300
1.463513 0.000000 0.872400
1.547559 0.000000 0.922500
1.489347 0.000000 0.887800
1.517866 0.000000 0.904800
1.476095 0.000000 0.879900
1.481966 0.000000 0.883400
1.408153 0.000000 0.839400
1.503942 0.000000 0.896500
1.490354 0.000000 0.888400
1.582453 0.000000 0.943300
1.386177 0.000000 0.826300
1.521725 0.000000 0.907100
1.420567 0.000000 0.846800
1.513169 0.000000 0.902000
1.440866 0.000000 0.858900
1.514511 0.000000 0.902800
1.441369 0.000000 0.859200
1.522899 0.000000 0.907800
1.480624 0.000000 0.882600
1.488341 0.000000 0.887200
1.578762 0.000000 0.941100
1.479282 0.000000 0.881800
1.471901 0.000000 0.877400
1.456467 0.000000 0.868200
1.505955 0.000000 0.897700
1.509478 0.000000 0.899800
1.471733 0.000000 0.877300
1.595538 0.000000 0.951100
1.403288 0.000000 0.836500
1.438014 0.000000 0.857200
1.530112 0.000000 0.912100
1.423419 0.000000 0.848500
1.521557 0.000000 0.907000
1.484986 0.000000 0.885200
1.518369 0.000000 0.905100
1.439020 0.000000 0.857800
1.522060 0.000000 0.907300
1.515518 0.000000 0.903400
1.508304 0.000000 0.899100
1.392719 0.000000 0.830200
1.460325 0.000000 0.870500
1.526086 0.000000 0.909700
1.387183 0.000000 0.826900
1.426439 0.000000 0.850300
1.390706 0.000000 0.829000
1.532293 0.000000 0.913400
1.410166 0.000000 0.840600
1.394397 0.000000 0.831200
1.517195 0.000000 0.904400
1.445395 0.000000 0.861600
1.553598 0.000000 0.926100
1.524744 0.000000 0.908900
1.497064 0.000000 0.892400
1.547559 0.000000 0.922500
1.562322 0.000000 0.931300
1.412682 0.000000 0.842100
1.442879 0.000000 0.860100
1.454789 0.000000 0.867200
1.421741 0.000000 0.847500
1.430465 0.000000 0.852700
1.516860 0.000000 0.904200
1.482302 0.000000 0.883600
1.557121 0.000000 0.928200
1.501594 0.000000 0.895100
1.425935 0.000000 0.850000
1.438349 0.000000 0.857400
1.484650 0.000000 0.885000
1.495890 0.000000 0.891700
1.509143 0.000000 0.899600
1.501761 0.000000 0.895200
1.465861 0.000000 0.873800
1.528099 0.000000 0.910900
1.513001 0.000000 0.901900
1.441369 0.000000 0.859200
1.540513 0.000000 0.918300
1.447408 0.000000 0.862800
1.480792 0.000000 0.882700
1.513840 0.000000 0.902400
1.480121 0.000000 0.882300
1.399597 0.000000 0.834300
1.532293 0.000000 0.913400
1.514847 0.000000 0.903000
1.471565 0.000000 0.877200
1.395403 0.000000 0.831800
1.491361 0.000000 0.889000
1.482805 0.000000 0.883900
1.503942 0.000000 0.896500
1.573226 0.000000 0.937800
1.555779 0.000000 0.927400
1.480121 0.000000 0.882300
1.532293 0.000000 0.913400
1.551921 0.000000 0.925100
1.499245 0.000000 0.893700
1.500419 0.000000 0.894400
1.490354 0.000000 0.888400
1.497568 0.000000 0.892700
1.594363 0.000000 0.950400
1.466532 0.000000 0.874200
1.457809 0.000000 0.869000
1.495051 0.000000 0.891200
1.362020 0.000000 0.811900
1.423754 0.000000 0.848700
1.495387 0.000000 0.891400
1.468378 0.000000 0.875300
1.423419 0.000000 0.848500
1.530616 0.000000 0.912400
1.446234 0.000000 0.862100
1.427613 0.000000 0.851000
1.502097 0.000000 0.895400
1.498574 0.000000 0.893300
1.483644 0.000000 0.884400
1.485489 0.000000 0.885500
1.440698 0.000000 0.858800
1.554437 0.000000 0.926600
1.437846 0.000000 0.857100
1.442040 0.000000 0.859600
1.505117 0.000000 0.897200
1.431136 0.000000 0.853100
1.541184 0.000000 0.918700
1.422077 0.000000 0.847700
1.442543 0.000000 0.859900
1.482973 0.000000 0.884000
1.482469 0.000000 0.883700
1.548733 0.000000 0.923200
1.541352 0.000000 0.918800
1.421238 0.000000 0.847200
1.543868 0.000000 0.920300
1.487167 0.000000 0.886500
1.483476 0.000000 0.884300
1.449086 0.000000 0.863800
1.467875 0.000000 0.875000
1.461500 0.000000 0.871200
1.514343 0.000000 0.902700
1.474753 0.000000 0.879100
1.394397 0.000000 0.831200
1.470391 0.000000 0.876500
1.402114 0.000000 0.835800
1.550075 0.000000 0.924000
1.425432 0.000000 0.849700
1.539675 0.000000 0.917800
1.430632 0.000000 0.852800
1.526925 0.000000 0.910200
1.599396 0.000000 0.953400
1.476095 0.000000 0.879900
1.449253 0.000000 0.863900
1.510149 0.000000 0.900200
1.471565 0.000000 0.877200
1.473746 0.000000 0.878500
1.509143 0.000000 0.899600
1.445563 0.000000 0.861700
1.514008 0.000000 0.902500
1.490354 0.000000 0.888400
1.575071 0.000000 0.938900
1.400436 0.000000 0.834800
1.411844 0.000000 0.841600
1.403288 0.000000 0.836500
1.545714 0.000000 0.921400
1.470223 0.000000 0.876400
1.465023 0.000000 0.873300
1.478946 0.000000 0.881600
1.495554 0.000000 0.891500
1.469217 0.000000 0.875800
1.471901 0.000000 0.877400
1.436001 0.000000 0.856000
1.496393 0.000000 0.892000
1.427948 0.000000 0.851200
1.561818 0.000000 0.931000
1.487670 0.000000 0.886800
1.471733 0.000000 0.877300
1.436336 0.000000 0.856200
1.467875 0.000000 0.875000
1.471901 0.000000 0.877400
1.441872 0.000000 0.859500
1.492870 0.000000 0.889900
1.459990 0.000000 0.870300
1.496896 0.000000 0.892300
1.512330 0.000000 0.901500
1.438349 0.000000 0.857400
1.460829 0.000000 0.870800
1.406811 0.000000 0.838600
1.597215 0.000000 0.952100
1.511659 0.000000 0.901100
1.415031 0.000000 0.843500
1.487502 0.000000 0.886700
1.489683 0.000000 0.888000
1.434826 0.000000 0.855300
1.464352 0.000000 0.872900
1.463513 0.000000 0.872400
1.418722 0.000000 0.845700
1.470391 0.000000 0.876500
1.573729 0.000000 0.938100
1.513001 0.000000 0.901900
1.505452 0.000000 0.897400
1.440362 0.000000 0.858600
1.404630 0.000000 0.837300
1.545546 0.000000 0.921300
1.457138 0.000000 0.868600
1.500587 0.000000 0.894500
1.476430 0.000000 0.880100
1.408321 0.000000 0.839500
1.498071 0.000000 0.893000
1.518369 0.000000 0.905100
1.444556 0.000000 0.861100
1.485992 0.000000 0.885800
1.501090 0.000000 0.894800
1.476095 0.000000 0.879900
1.525751 0.000000 0.909500
1.552089 0.000000 0.925200
1.376782 0.000000 0.820700
1.456132 0.000000 0.868000
1.453280 0.000000 0.866300
1.569871 0.000000 0.935800
1.507801 0.000000 0.898800
1.504781 0.000000 0.897000
1.465190 0.000000 0.873400
1.447911 0.000000 0.863100
1.399765 0.000000 0.834400
1.476933 0.000000 0.880400
1.469384 0.000000 0.875900
1.436504 0.000000 0.856300
1.504110 0.000000 0.896600
1.437678 0.000000 0.857000
1.524241 0.000000 0.908600
1.531790 0.000000 0.913100
1.500084 0.000000 0.894200
1.373763 0.000000 0.818900
1.509143 0.000000 0.899600
1.471565 0.000000 0.877200
1.558967 0.000000 0.929300
1.593189 0.000000 0.949700
1.544707 0.000000 0.920800
1.497903 0.000000 0.892900
1.442879 0.000000 0.860100
1.576749 0.000000 0.939900
1.452273 0.000000 0.865700
1.533803 0.000000 0.914300
1.442040 0.000000 0.859600
1.492199 0.000000 0.889500
1.513169 0.000000 0.902000
1.454454 0.000000 0.867000
1.536655 0.000000 0.916000
1.573226 0.000000 0.937800
1.499748 0.000000 0.894000
1.472404 0.000000 0.877700
1.526589 0.000000 0.910000
1.579265 0.000000 0.941400
1.491193 0.000000 0.888900
1.480960 0.000000 0.882800
1.493206 0.000000 0.890100
1.457306 0.000000 0.868700
1.353464 0.000000 0.806800
1.488341 0.000000 0.887200
1.403288 0.000000 0.836500
1.516524 0.000000 0.904000
1.570542 0.000000 0.936200
1.515853 0.000000 0.903600
1.529441 0.000000 0.911700
1.347928 0.000000 0.803500
1.518537 0.000000 0.905200
1.572555 0.000000 0.937400
1.369569 0.000000 0.816400
1.480456 0.000000 0.882500
1.521221 0.000000 0.906800
1.554940 0.000000 0.926900
1.449253 0.000000 0.863900
1.484650 0.000000 0.885000
1.502265 0.000000 0.895500
1.417715 0.000000 0.845100
1.504949 0.000000 0.897100
1.507130 0.000000 0.898400
1.429961 0.000000 0.852400
1.536319 0.000000 0.915800
1.437343 0.000000 0.856800
1.527093 0.000000 0.910300
1.584633 0.000000 0.944600
1.444053 0.000000 0.860800
1.474417 0.000000 0.878900
1.460996 0.000000 0.870900
1.386177 0.000000 0.826300
1.461500 0.000000 0.871200
1.468881 0.000000 0.875600
1.536990 0.000000 0.916200
1.403624 0.000000 0.836700
1.480456 0.000000 0.882500
1.438853 0.000000 0.857700
1.430800 0.000000 0.852900
1.533468 0.000000 0.914100
1.546049 0.000000 0.921600
1.480792 0.000000 0.882700
1.533468 0.000000 0.914100
1.559302 0.000000 0.929500
1.564335 0.000000 0.932500
1.416038 0.000000 0.844100
1.535313 0.000000 0.915200
1.548230 0.000000 0.922900
1.459487 0.000000 0.870000
1.447240 0.000000 0.862700
1.343567 0.000000 0.800900
1.506291 0.000000 0.897900
1.441872 0.000000 0.859500
1.456970 0.000000 0.868500
1.448247 0.000000 0.863300
1.492199 0.000000 0.889500
1.529777 0.000000 0.911900
1.471062 0.000000 0.876900
1.361349 0.000000 0.811500
1.481295 0.000000 0.883000
1.438685 0.000000 0.857600
1.489683 0.000000 0.888000
1.557457 0.000000 0.928400
1.474920 0.000000 0.879200
1.448750 0.000000 0.863600
1.433484 0.000000 0.854500
1.472739 0.000000 0.877900
1.406475 0.000000 0.838400
1.469888 0.000000 0.876200
1.475256 0.000000 0.879400
1.491025 0.000000 0.888800
1.458648 0.000000 0.869500
1.425264 0.000000 0.849600
1.519208 0.000000 0.905600
1.512162 0.000000 0.901400
1.475256 0.000000 0.879400
1.442879 0.000000 0.860100
1.462842 0.000000 0.872000
1.478779 0.000000 0.881500
1.527428 0.000000 0.910500
1.426774 0.000000 0.850500
1.418051 0.000000 0.845300
1.429794 0.000000 0.852300
1.472572 0.000000 0.877800
1.511491 0.000000 0.901000
1.500419 0.000000 0.894400
1.440530 0.000000 0.858700
1.494212 0.000000 0.890700
1.466365 0.000000 0.874100
1.512162 0.000000 0.901400
1.420903 0.000000 0.847000
1.527261 0.000000 0.910400
1.463848 0.000000 0.872600
1.492703 0.000000 0.889800
1.407817 0.000000 0.839200
1.419728 0.000000 0.846300
1.456132 0.000000 0.868000
1.452273 0.000000 0.865700
1.439020 0.000000 0.857800
1.471901 0.000000 0.877400
1.522060 0.000000 0.907300
1.447240 0.000000 0.862700
1.484818 0.000000 0.885100
1.484315 0.000000 0.884800
1.570374 0.000000 0.936100
1.530951 0.000000 0.912600
1.517027 0.000000 0.904300
1.526925 0.000000 0.910200
1.515853 0.000000 0.903600
1.422412 0.000000 0.847900
1.507465 0.000000 0.898600
1.473411 0.000000 0.878300
1.471901 0.000000 0.877400
1.443717 0.000000 0.860600
1.493038 0.000000 0.890000
1.463177 0.000000 0.872200
1.555779 0.000000 0.927400
1.454789 0.000000 0.867200
1.529777 0.000000 0.911900
1.483811 0.000000 0.884500
1.509814 0.000000 0.900000
1.504781 0.000000 0.897000
1.492367 0.000000 0.889600
1.486999 0.000000 0.886400
1.545546 0.000000 0.921300
1.509143 0.000000 0.899600
1.404798 0.000000 0.837400
1.484147 0.000000 0.884700
1.484986 0.000000 0.885200
1.479114 0.000000 0.881700
1.406140 0.000000 0.838200
1.476262 0.000000 0.880000
1.523570 0.000000 0.908200
1.471230 0.000000 0.877000
1.474417 0.000000 0.878900
1.444389 0.000000 0.861000
1.424929 0.000000 0.849400
1.490018 0.000000 0.888200
1.445395 0.000000 0.861600
1.564335 0.000000 0.932500
1.472236 0.000000 0.877600
1.446569 0.000000 0.862300
1.440698 0.000000 0.858800
1.472572 0.000000 0.877800
1.477101 0.000000 0.880500
1.449086 0.000000 0.863800
1.475759 0.000000 0.879700
1.438349 0.000000 0.857400
1.458648 0.000000 0.869500
1.499413 0.000000 0.893800
1.527764 0.000000 0.910700
1.464184 0.000000 0.872800
1.477772 0.000000 0.880900
1.461500 0.000000 0.871200
1.423587 0.000000 0.848600
1.510820 0.000000 0.900600
1.561986 0.000000 0.931100
1.582285 0.000000 0.943200
1.430129 0.000000 0.852500
1.486663 0.000000 0.886200
1.515853 0.000000 0.903600
1.476598 0.000000 0.880200
1.481798 0.000000 0.883300
1.535648 0.000000 0.915400
1.465190 0.000000 0.873400
1.401610 0.000000 0.835500
1.413018 0.000000 0.842300
1.463513 0.000000 0.872400
1.480121 0.000000 0.882300
1.441369 0.000000 0.859200
1.483644 0.000000 0.884400
1.518034 0.000000 0.904900
1.458983 0.000000 0.869700
1.584466 0.000000 0.944500
1.454622 0.000000 0.867100
1.440530 0.000000 0.858700
1.446066 0.000000 0.862000
1.493709 0.000000 0.890400
1.477940 0.000000 0.881000
1.468881 0.000000 0.875600
1.497232 0.000000 0.892500
1.496561 0.000000 0.892100
1.595370 0.000000 0.951000
1.475256 0.000000 0.879400
1.461835 0.000000 0.871400
1.467875 0.000000 0.875000
1.511156 0.000000 0.900800
1.534977 0.000000 0.915000
1.508807 0.000000 0.899400
1.516860 0.000000 0.904200
1.516021 0.000000 0.903700
1.540681 0.000000 0.918400
1.463513 0.000000 0.872400
1.457474 0.000000 0.868800
1.510820 0.000000 0.900600
1.368059 0.000000 0.815500
1.471733 0.000000 0.877300
1.463177 0.000000 0.872200
1.430800 0.000000 0.852900
1.485153 0.000000 0.885300
1.566851 0.000000 0.934000
1.512330 0.000000 0.901500
1.563832 0.000000 0.932200
1.511995 0.000000 0.901300
1.472404 0.000000 0.877700
1.431807 0.000000 0.853500
1.516692 0.000000 0.904100
1.427445 0.000000 0.850900
1.435497 0.000000 0.855700
1.421070 0.000000 0.847100
1.501426 0.000000 0.895000
1.467707 0.000000 0.874900
1.452776 0.000000 0.866000
1.429123 0.000000 0.851900
1.489851 0.000000 0.888100
1.509646 0.000000 0.899900
1.591344 0.000000 0.948600
1.484818 0.000000 0.885100
1.465861 0.000000 0.873800
1.467036 0.000000 0.874500
1.444892 0.000000 0.861300
1.568529 0.000000 0.935000
1.416541 0.000000 0.844400
1.513001 0.000000 0.901900
1.432478 0.000000 0.853900
1.443885 0.000000 0.860700
1.479618 0.000000 0.882000
1.437007 0.000000 0.856600
1.423419 0.000000 0.848500
1.450596 0.000000 0.864700
1.397249 0.000000 0.832900
1.530783 0.000000 0.912500
1.527932 0.000000 0.910800
1.529106 0.000000 0.911500
1.538165 0.000000 0.916900
1.476430 0.000000 0.880100
1.547895 0.000000 0.922700
1.542526 0.000000 0.919500
1.484315 0.000000 0.884800
1.453112 0.000000 0.866200
1.485825 0.000000 0.885700
1.562490 0.000000 0.931400
1.423251 0.000000 0.848400
1.502097 0.000000 0.895400
1.509311 0.000000 0.899700
1.497232 0.000000 0.892500
1.526422 0.000000 0.909900
1.511491 0.000000 0.901000
1.410669 0.000000 0.840900
1.500755 0.000000 0.894600
1.487502 0.000000 0.886700
1.457641 0.000000 0.868900
1.543868 0.000000 0.920300
1.494045 0.000000 0.890600
1.467203 0.000000 0.874600
1.560309 0.000000 0.930100
1.514175 0.000000 0.902600
1.466700 0.000000 0.874300
1.459319 0.000000 0.869900
1.423083 0.000000 0.848300
1.432478 0.000000 0.853900
1.510485 0.000000 0.900400
1.442879 0.000000 0.860100
1.433652 0.000000 0.854600
1.437343 0.000000 0.856800
1.428955 0.000000 0.851800
1.422077 0.000000 0.847700
1.496225 0.000000 0.891900
1.508472 0.000000 0.899200
1.512330 0.000000 0.901500
1.570710 0.000000 0.936300
1.393726 0.000000 0.830800
1.525415 0.000000 0.909300
1.540010 0.000000 0.918000
1.396410 0.000000 0.832400
1.493374 0.000000 0.890200
1.498071 0.000000 0.893000
1.469552 0.000000 0.876000
1.468881 0.000000 0.875600
1.521557 0.000000 0.907000
1.459990 0.000000 0.870300
1.442711 0.000000 0.860000
1.462506 0.000000 0.871800
1.552256 0.000000 0.925300
1.516021 0.000000 0.903700
1.458480 0.000000 0.869400
1.484818 0.000000 0.885100
1.450596 0.000000 0.864700
1.390035 0.000000 0.828600
1.447240 0.000000 0.862700
1.390035 0.000000 0.828600
1.434491 0.000000 0.855100
1.490522 0.000000 0.888500
1.487502 0.000000 0.886700
1.463345 0.000000 0.872300
1.480960 0.000000 0.882800
1.556786 0.000000 0.928000
1.506123 0.000000 0.897800
1.429961 0.000000 0.852400
1.530112 0.000000 0.912100
1.447408 0.000000 0.862800
1.491696 0.000000 0.889200
1.412011 0.000000 0.841700
1.542526 0.000000 0.919500
1.489012 0.000000 0.887600
1.416709 0.000000 0.844500
1.503607 0.000000 0.896300
1.450260 0.000000 0.864500
1.529609 0.000000 0.911800
1.615165 0.000000 0.962800
1.526086 0.000000 0.909700
1.540681 0.000000 0.918400
1.460661 0.000000 0.870700
1.493038 0.000000 0.890000
1.482805 0.000000 0.883900
1.460158 0.000000 0.870400
1.490689 0.000000 0.888600
1.479450 0.000000 0.881900
1.438182 0.000000 0.857300
1.444724 0.000000 0.861200
1.480121 0.000000 0.882300
1.436336 0.000000 0.856200
1.424593 0.000000 0.849200
1.444221 0.000000 0.860900
1.397417 0.000000 0.833000
1.488844 0.000000 0.887500
1.482302 0.000000 0.883600
1.456635 0.000000 0.868300
1.421574 0.000000 0.847400
1.410837 0.000000 0.841000
1.516692 0.000000 0.904100
1.415367 0.000000 0.843700
1.554437 0.000000 0.926600
1.437007 0.000000 0.856600
1.507968 0.000000 0.898900
1.490857 0.000000 0.888700
1.471062 0.000000 0.876900
1.412850 0.000000 0.842200
1.503104 0.000000 0.896000
1.474585 0.000000 0.879000
1.525080 0.000000 0.909100
1.526757 0.000000 0.910100
1.450260 0.000000 0.864500
1.550243 0.000000 0.924100
1.506962 0.000000 0.898300
1.474920 0.000000 0.879200
1.426103 0.000000 0.850100
1.424258 0.000000 0.849000
1.509646 0.000000 0.899900
1.543197 0.000000 0.919900
1.517363 0.000000 0.904500
1.552592 0.000000 0.925500
1.486328 0.000000 0.886000
1.531287 0.000000 0.912800
1.584801 0.000000 0.944700
1.552927 0.000000 0.925700
1.539171 0.000000 0.917500
1.501090 0.000000 0.894800
1.438182 0.000000 0.857300
1.491528 0.000000 0.889100
1.426606 0.000000 0.850400
1.423754 0.000000 0.848700
1.458983 0.000000 0.869700
1.462339 0.000000 0.871700
1.459151 0.000000 0.869800
1.434491 0.000000 0.855100
1.390539 0.000000 0.828900
1.478611 0.000000 0.881400
1.454118 0.000000 0.866800
1.479953 0.000000 0.882200
1.475256 0.000000 0.879400
1.495722 0.000000 0.891600
1.521892 0.000000 0.907200
1.493541 0.000000 0.890300
1.449925 0.000000 0.864300
1.522396 0.000000 0.907500
1.459822 0.000000 0.870200
1.441201 0.000000 0.859100
1.432310 0.000000 0.853800
1.421909 0.000000 0.847600
1.456132 0.000000 0.868000
1.411340 0.000000 0.841300
1.414360 0.000000 0.843100
1.421070 0.000000 0.847100
1.443550 0.000000 0.860500
1.415870 0.000000 0.844000
1.419560 0.000000 0.846200
1.447408 0.000000 0.862800
1.469384 0.000000 0.875900
1.445395 0.000000 0.861600
1.526422 0.000000 0.909900
1.559805 0.000000 0.929800
1.448750 0.000000 0.863600
1.579097 0.000000 0.941300
1.516524 0.000000 0.904000
1.479618 0.000000 0.882000
1.492367 0.000000 0.889600
1.479785 0.000000 0.882100
1.429123 0.000000 0.851900
1.403624 0.000000 0.836700
1.510988 0.000000 0.900700
1.455796 0.000000 0.867800
1.484986 0.000000 0.885200
1.439691 0.000000 0.858200
1.522563 0.000000 0.907600
1.493206 0.000000 0.890100
1.539675 0.000000 0.917800
1.484482 0.000000 0.884900
1.462506 0.000000 0.871800
1.504781 0.000000 0.897000
1.370240 0.000000 0.816800
1.428955 0.000000 0.851800
1.455125 0.000000 0.867400
1.479785 0.000000 0.882100
1.466365 0.000000 0.874100
1.558296 0.000000 0.928900
1.498071 0.000000 0.893000
1.489180 0.000000 0.887700
1.562993 0.000000 0.931700
1.465190 0.000000 0.873400
1.547727 0.000000 0.922600
1.508304 0.000000 0.899100
1.575407 0.000000 0.939100
1.536319 0.000000 0.915800
1.526086 0.000000 0.909700
1.530951 0.000000 0.912600
1.503942 0.000000 0.896500
1.487502 0.000000 0.886700
1.553766 0.000000 0.926200
1.494045 0.000000 0.890600
1.370743 0.000000 0.817100
1.519208 0.000000 0.905600
1.543365 0.000000 0.920000
1.493709 0.000000 0.890400
1.497903 0.000000 0.892900
1.452273 0.000000 0.865700
1.496561 0.000000 0.892100
1.484650 0.000000 0.885000
1.419896 0.000000 0.846400
1.512330 0.000000 0.901500
1.384499 0.000000 0.825300
1.463345 0.000000 0.872300
1.480960 0.000000 0.882800
1.415031 0.000000 0.843500
1.407314 0.000000 0.838900
1.493877 0.000000 0.890500
1.507633 0.000000 0.898700
1.519711 0.000000 0.905900
1.439859 0.000000 0.858300
1.441369 0.000000 0.859200
1.527428 0.000000 0.910500
1.423083 0.000000 0.848300
1.518873 0.000000 0.905400
1.493374 0.000000 0.890200
1.445898 0.000000 0.861900
1.488005 0.000000 0.887000
1.468546 0.000000 0.875400
1.427110 0.000000 0.850700
1.544707 0.000000 0.920800
1.381647 0.000000 0.823600
1.423419 0.000000 0.848500
1.464352 0.000000 0.872900
1.566683 0.000000 0.933900
1.565677 0.000000 0.933300
1.508807 0.000000 0.899400
1.603422 0.000000 0.955800
1.492367 0.000000 0.889600
1.497735 0.000000 0.892800
1.389867 0.000000 0.828500
1.507297 0.000000 0.898500
1.504446 0.000000 0.896800
1.491864 0.000000 0.889300
1.519879 0.000000 0.906000
1.522396 0.000000 0.907500
1.478946 0.000000 0.881600
1.551418 0.000000 0.924800
1.446905 0.000000 0.862500
1.404295 0.000000 0.837100
1.618856 0.000000 0.965000
1.482805 0.000000 0.883900
1.553431 0.000000 0.926000
1.524241 0.000000 0.908600
1.502600 0.000000 0.895700
1.492032 0.000000 0.889400
1.520215 0.000000 0.906200
1.472068 0.000000 0.877500
1.447240 0.000000 0.862700
1.551082 0.000000 0.924600
1.507633 0.000000 0.898700
1.370408 0.000000 0.816900
1.423083 0.000000 0.848300
1.520215 0.000000 0.906200
1.524241 0.000000 0.908600
1.462674 0.000000 0.871900
1.372924 0.000000 0.818400
1.505284 0.000000 0.897300
1.463848 0.000000 0.872600
1.443717 0.000000 0.860600
1.458145 0.000000 0.869200
1.576246 0.000000 0.939600
1.425432 0.000000 0.849700
1.516356 0.000000 0.903900
1.499245 0.000000 0.893700
1.446234 0.000000 0.862100
1.513672 0.000000 0.902300
1.543365 0.000000 0.920000
1.439188 0.000000 0.857900
1.437846 0.000000 0.857100
1.435330 0.000000 0.855600
1.478779 0.000000 0.881500
1.511324 0.000000 0.900900
1.511491 0.000000 0.901000
1.526925 0.000000 0.910200
1.400101 0.000000 0.834600
1.483811 0.000000 0.884500
1.394565 0.000000 0.831300
1.564335 0.000000 0.932500
1.493374 0.000000 0.890200
1.437678 0.000000 0.857000
1.468881 0.000000 0.875600
1.502097 0.000000 0.895400
1.453447 0.000000 0.866400
1.432813 0.000000 0.854100
1.514679 0.000000 0.902900
1.457977 0.000000 0.869100
1.425096 0.000000 0.849500
1.531958 0.000000 0.913200
1.483979 0.000000 0.884600
1.402785 0.000000 0.836200
1.520382 0.000000 0.906300
1.469049 0.000000 0.875700
1.488005 0.000000 0.887000
1.431471 0.000000 0.853300
1.471565 0.000000 0.877200
1.470726 0.000000 0.876700
1.403288 0.000000 0.836500
1.416373 0.000000 0.844300
1.464687 0.000000 0.873100
1.538165 0.000000 0.916900
1.469720 0.000000 0.876100
1.503775 0.000000 0.896400
1.503439 0.000000 0.896200
1.513001 0.000000 0.901900
1.417715 0.000000 0.845100
1.532461 0.000000 0.913500
1.557457 0.000000 0.928400
1.396913 0.000000 0.832700
1.543197 0.000000 0.919900
1.398088 0.000000 0.833400
1.490522 0.000000 0.888500
1.554773 0.000000 0.926800
1.410669 0.000000 0.840900
1.559638 0.000000 0.929700
1.489347 0.000000 0.887800
1.503775 0.000000 0.896400
1.591511 0.000000 0.948700
1.509143 0.000000 0.899600
1.513672 0.000000 0.902300
1.443046 0.000000 0.860200
1.454118 0.000000 0.866800
1.486496 0.000000 0.886100
1.426606 0.000000 0.850400
1.478946 0.000000 0.881600
1.536319 0.000000 0.915800
1.493709 0.000000 0.890400
1.486831 0.000000 0.886300
1.380138 0.000000 0.822700
1.497400 0.000000 0.892600
1.475088 0.000000 0.879300
1.444892 0.000000 0.861300
1.437510 0.000000 0.856900
1.440530 0.000000 0.858700
1.491361 0.000000 0.889000
1.553095 0.000000 0.925800
1.536655 0.000000 0.916000
1.567354 0.000000 0.934300
1.493541 0.000000 0.890300
1.450428 0.000000 0.864600
1.494045 0.000000 0.890600
1.526254 0.000000 0.909800
1.631605 0.000000 0.972600
1.433149 0.000000 0.854300
1.513337 0.000000 0.902100
1.537661 0.000000 0.916600
1.550243 0.000000 0.924100
1.502097 0.000000 0.895400
1.466365 0.000000 0.874100
1.504278 0.000000 0.896700
1.463681 0.000000 0.872500
1.569368 0.000000 0.935500
1.489851 0.000000 0.888100
1.468713 0.000000 0.875500
1.506962 0.000000 0.898300
1.475759 0.000000 0.879700
1.499413 0.000000 0.893800
1.539675 0.000000 0.917800
1.452776 0.000000 0.866000
1.587821 0.000000 0.946500
1.531454 0.000000 0.912900
1.454622 0.000000 0.867100
1.522563 0.000000 0.907600
1.482134 0.000000 0.883500
1.495554 0.000000 0.891500
1.542694 0.000000 0.919600
1.521557 0.000000 0.907000
1.486496 0.000000 0.886100
1.574400 0.000000 0.938500
1.503104 0.000000 0.896000
1.532461 0.000000 0.913500
1.459151 0.000000 0.869800
1.509646 0.000000 0.899900
1.495051 0.000000 0.891200
1.467371 0.000000 0.874700
1.461332 0.000000 0.871100
1.502265 0.000000 0.895500
1.510485 0.000000 0.900400
1.518537 0.000000 0.905200
1.424593 0.000000 0.849200
1.420903 0.000000 0.847000
1.429961 0.000000 0.852400
1.505284 0.000000 0.897300
1.498406 0.000000 0.893200
1.543701 0.000000 0.920200
1.414528 0.000000 0.843200
1.464855 0.000000 0.873200
1.398423 0.000000 0.833600
1.577084 0.000000 0.940100
1.525080 0.000000 0.909100
1.516356 0.000000 0.903900
1.494883 0.000000 0.891100
1.468546 0.000000 0.875400
1.526925 0.000000 0.910200
1.434155 0.000000 0.854900
1.522731 0.000000 0.907700
1.567187 0.000000 0.934200
1.580607 0.000000 0.942200
1.402617 0.000000 0.836100
1.558631 0.000000 0.929100
1.509982 0.000000 0.900100
1.427277 0.000000 0.850800
1.432142 0.000000 0.853700
1.471397 0.000000 0.877100
1.457641 0.000000 0.868900
1.443885 0.000000 0.860700
1.529945 0.000000 0.912000
1.456803 0.000000 0.868400
1.493709 0.000000 0.890400
1.491528 0.000000 0.889100
1.565677 0.000000 0.933300
1.486328 0.000000 0.886000
1.493541 0.000000 0.890300
1.502600 0.000000 0.895700
1.465694 0.000000 0.873700
1.462003 0.000000 0.871500
1.556450 0.000000 0.927800
1.515182 0.000000 0.903200
1.485489 0.000000 0.885500
1.501258 0.000000 0.894900
1.476095 0.000000 0.879900
1.576413 0.000000 0.939700
1.370240 0.000000 0.816800
1.518705 0.000000 0.905300
1.479618 0.000000 0.882000
1.477940 0.000000 0.881000
1.547559 0.000000 0.922500
1.510820 0.000000 0.900600
1.531119 0.000000 0.912700
1.538836 0.000000 0.917300
1.501426 0.000000 0.895000
1.490522 0.000000 0.888500
1.434491 0.000000 0.855100
1.492032 0.000000 0.889400
1.518873 0.000000 0.905400
1.552592 0.000000 0.925500
1.493206 0.000000 0.890100
1.527596 0.000000 0.910600
1.526925 0.000000 0.910200
1.398926 0.000000 0.833900
1.390035 0.000000 0.828600
1.444556 0.000000 0.861100
1.533468 0.000000 0.914100
1.393390 0.000000 0.830600
1.471062 0.000000 0.876900
1.449589 0.000000 0.864100
1.475591 0.000000 0.879600
1.486831 0.000000 0.886300
1.519208 0.000000 0.905600
1.530280 0.000000 0.912200
1.477269 0.000000 0.880600
1.521725 0.000000 0.907100
1.606777 0.000000 0.957800
1.595538 0.000000 0.951100
1.521557 0.000000 0.907000
1.459487 0.000000 0.870000
1.430297 0.000000 0.852600
1.418722 0.000000 0.845700
1.379299 0.000000 0.822200
1.499916 0.000000 0.894100
1.424593 0.000000 0.849200
1.469720 0.000000 0.876100
1.442040 0.000000 0.859600
1.559638 0.000000 0.929700
1.532629 0.000000 0.913600
1.510149 0.000000 0.900200
1.515853 0.000000 0.903600
1.575239 0.000000 0.939000
1.514511 0.000000 0.902800
1.470559 0.000000 0.876600
1.495387 0.000000 0.891400
1.458648 0.000000 0.869500
1.484650 0.000000 0.885000
1.495051 0.000000 0.891200
1.528938 0.000000 0.911400
1.541352 0.000000 0.918800
1.438853 0.000000 0.857700
1.544875 0.000000 0.920900
1.465526 0.000000 0.873600
1.491696 0.000000 0.889200
1.511324 0.000000 0.900900
1.506794 0.000000 0.898200
1.494380 0.000000 0.890800
1.462842 0.000000 0.872000
1.518537 0.000000 0.905200
1.508304 0.000000 0.899100
1.572219 0.000000 0.937200
1.524241 0.000000 0.908600
1.480289 0.000000 0.882400
1.517195 0.000000 0.904400
1.463177 0.000000 0.872200
1.617849 0.000000 0.964400
1.511324 0.000000 0.900900
1.518873 0.000000 0.905400
1.482973 0.000000 0.884000
1.504949 0.000000 0.897100
1.429290 0.000000 0.852000
1.471230 0.000000 0.877000
1.502768 0.000000 0.895800
1.506962 0.000000 0.898300
1.531119 0.000000 0.912700
1.486328 0.000000 0.886000
1.545714 0.000000 0.921400
1.469888 0.000000 0.876200
1.514679 0.000000 0.902900
1.484650 0.000000 0.885000
1.513672 0.000000 0.902300
1.533803 0.000000 0.914300
1.595705 0.000000 0.951200
1.495554 0.000000 0.891500
1.566012 0.000000 0.933500
1.548062 0.000000 0.922800
1.435833 0.000000 0.855900
1.521221 0.000000 0.906800
1.542862 0.000000 0.919700
1.515014 0.000000 0.903100
1.483140 0.000000 0.884100
1.469049 0.000000 0.875700
1.462171 0.000000 0.871600
1.517531 0.000000 0.904600
1.458983 0.000000 0.869700
1.574400 0.000000 0.938500
1.568864 0.000000 0.935200
1.592518 0.000000 0.949300
1.484986 0.000000 0.885200
1.513504 0.000000 0.902200
1.524744 0.000000 0.908900
1.560812 0.000000 0.930400
1.470055 0.000000 0.876300
1.461332 0.000000 0.871100
1.587318 0.000000 0.946200
1.469217 0.000000 0.875800
1.474920 0.000000 0.879200
1.432478 0.000000 0.853900
1.501594 0.000000 0.895100
1.474585 0.000000 0.879000
1.558967 0.000000 0.929300
1.554102 0.000000 0.926400
1.465358 0.000000 0.873500
1.518705 0.000000 0.905300
1.437343 0.000000 0.856800
1.476766 0.000000 0.880300
1.514008 0.000000 0.902500
1.497400 0.000000 0.892600
1.521557 0.000000 0.907000
1.425432 0.000000 0.849700
1.494212 0.000000 0.890700
1.546720 0.000000 0.922000
1.540010 0.000000 0.918000
1.425767 0.000000 0.849900
1.562657 0.000000 0.931500
1.466029 0.000000 0.873900
1.521725 0.000000 0.907100
1.401778 0.000000 0.835600
1.502265 0.000000 0.895500
1.548733 0.000000 0.923200
1.542862 0.000000 0.919700
1.493038 0.000000 0.890000
1.424929 0.000000 0.849400
1.514175 0.000000 0.902600
1.446905 0.000000 0.862500
1.511324 0.000000 0.900900
1.479114 0.000000 0.881700
1.513672 0.000000 0.902300
1.500587 0.000000 0.894500
1.532461 0.000000 0.913500
1.503775 0.000000 0.896400
1.477604 0.000000 0.880800
1.480960 0.000000 0.882800
1.417212 0.000000 0.844800
1.522899 0.000000 0.907800
1.530448 0.000000 0.912300
1.532797 0.000000 0.913700
1.504781 0.000000 0.897000
1.576749 0.000000 0.939900
1.445563 0.000000 0.861700
1.582285 0.000000 0.943200
1.607281 0.000000 0.958100
1.457306 0.000000 0.868700
1.522731 0.000000 0.907700
1.483979 0.000000 0.884600
1.562322 0.000000 0.931300
1.568361 0.000000 0.934900
1.546720 0.000000 0.922000
1.453951 0.000000 0.866700
1.552089 0.000000 0.925200
1.532293 0.000000 0.913400
1.486328 0.000000 0.886000
1.516860 0.000000 0.904200
1.558799 0.000000 0.929200
1.513840 0.000000 0.902400
1.493709 0.000000 0.890400
1.436504 0.000000 0.856300
1.481631 0.000000 0.883200
1.502936 0.000000 0.895900
1.542191 0.000000 0.919300
1.482134 0.000000 0.883500
1.458480 0.000000 0.869400
1.540010 0.000000 0.918000
1.557960 0.000000 0.928700
1.431975 0.000000 0.853600
1.505284 0.000000 0.897300
1.496058 0.000000 0.891800
1.505117 0.000000 0.897200
1.479282 0.000000 0.881800
1.454789 0.000000 0.867200
1.423754 0.000000 0.848700
1.512833 0.000000 0.901800
1.491193 0.000000 0.888900
1.584466 0.000000 0.944500
1.438853 0.000000 0.857700
1.503439 0.000000 0.896200
1.441872 0.000000 0.859500
1.502097 0.000000 0.895400
1.493206 0.000000 0.890100
1.484315 0.000000 0.884800
1.469217 0.000000 0.875800
1.469384 0.000000 0.875900
1.510149 0.000000 0.900200
1.482134 0.000000 0.883500
1.568864 0.000000 0.935200
1.465861 0.000000 0.873800
1.580440 0.000000 0.942100
1.418218 0.000000 0.845400
1.543197 0.000000 0.919900
1.423754 0.000000 0.848700
1.474753 0.000000 0.879100
1.525751 0.000000 0.909500
1.569368 0.000000 0.935500
1.486999 0.000000 0.886400
1.464016 0.000000 0.872700
1.558631 0.000000 0.929100
1.598222 0.000000 0.952700
1.534139 0.000000 0.914500
1.543701 0.000000 0.920200
1.552927 0.000000 0.925700
1.547895 0.000000 0.922700
1.624560 0.000000 0.968400
1.512330 0.000000 0.901500
1.480456 0.000000 0.882500
1.488341 0.000000 0.887200
1.424929 0.000000 0.849400
1.474585 0.000000 0.879000
1.460661 0.000000 0.870700
1.447073 0.000000 0.862600
1.470726 0.000000 0.876700
1.529106 0.000000 0.911500
1.562490 0.000000 0.931400
1.440362 0.000000 0.858600
1.417044 0.000000 0.844700
1.502432 0.000000 0.895600
1.496729 0.000000 0.892200
1.598054 0.000000 0.952600
1.544204 0.000000 0.920500
1.495890 0.000000 0.891700
1.476430 0.000000 0.880100
1.462842 0.000000 0.872000
1.510317 0.000000 0.900300
1.525751 0.000000 0.909500
1.515518 0.000000 0.903400
1.497568 0.000000 0.892700
1.548398 0.000000 0.923000
1.483308 0.000000 0.884200
1.607281 0.000000 0.958100
1.523234 0.000000 0.908000
1.504949 0.000000 0.897100
1.595538 0.000000 0.951100
1.529274 0.000000 0.911600
1.466700 0.000000 0.874300
1.472572 0.000000 0.877800
1.488173 0.000000 0.887100
1.468042 0.000000 0.875100
1.504446 0.000000 0.896800
1.438014 0.000000 0.857200
1.518537 0.000000 0.905200
1.496896 0.000000 0.892300
1.554102 0.000000 0.926400
1.448247 0.000000 0.863300
1.515518 0.000000 0.903400
1.420735 0.000000 0.846900
1.553431 0.000000 0.926000
1.513001 0.000000 0.901900
1.549908 0.000000 0.923900
1.463681 0.000000 0.872500
1.567187 0.000000 0.934200
1.473243 0.000000 0.878200
1.501426 0.000000 0.895000
1.498406 0.000000 0.893200
1.490857 0.000000 0.888700
1.520215 0.000000 0.906200
1.554940 0.000000 0.926900
1.511995 0.000000 0.901300
1.424929 0.000000 0.849400
1.519208 0.000000 0.905600
1.490522 0.000000 0.888500
1.575575 0.000000 0.939200
1.552592 0.000000 0.925500
1.496058 0.000000 0.891800
1.445898 0.000000 0.861900
1.531119 0.000000 0.912700
1.427613 0.000000 0.851000
1.506459 0.000000 0.898000
1.471565 0.000000 0.877200
1.554773 0.000000 0.926800
1.544036 0.000000 0.920400
1.526757 0.000000 0.910100
1.585976 0.000000 0.945400
1.601074 0.000000 0.954400
1.457474 0.000000 0.868800
1.500587 0.000000 0.894500
1.444724 0.000000 0.861200
1.479450 0.000000 0.881900
1.500252 0.000000 0.894300
1.460996 0.000000 0.870900
1.582453 0.000000 0.943300
1.421070 0.000000 0.847100
1.567019 0.000000 0.934100
1.385170 0.000000 0.825700
1.442711 0.000000 0.860000
1.430632 0.000000 0.852800
1.517027 0.000000 0.904300
1.517195 0.000000 0.904400
1.508304 0.000000 0.899100
1.555947 0.000000 0.927500
1.412682 0.000000 0.842100
1.545378 0.000000 0.921200
1.465358 0.000000 0.873500
1.620701 0.000000 0.966100
1.526086 0.000000 0.909700
1.395068 0.000000 0.831600
1.593525 0.000000 0.949900
1.448750 0.000000 0.863600
1.440195 0.000000 0.858500
1.470894 0.000000 0.876800
1.564335 0.000000 0.932500
1.451267 0.000000 0.865100
1.527932 0.000000 0.910800
1.575407 0.000000 0.939100
1.459990 0.000000 0.870300
1.379467 0.000000 0.822300
1.501426 0.000000 0.895000
1.536990 0.000000 0.916200
1.440362 0.000000 0.858600
1.515182 0.000000 0.903200
1.539171 0.000000 0.917500
1.414192 0.000000 0.843000
1.538165 0.000000 0.916900
1.560812 0.000000 0.930400
1.478946 0.000000 0.881600
1.499581 0.000000 0.893900
1.564670 0.000000 0.932700
1.505452 0.000000 0.897400
1.417044 0.000000 0.844700
1.478611 0.000000 0.881400
1.433149 0.000000 0.854300
1.527932 0.000000 0.910800
1.526086 0.000000 0.909700
1.479114 0.000000 0.881700
1.440195 0.000000 0.858500
1.428452 0.000000 0.851500
1.537494 0.000000 0.916500
1.450931 0.000000 0.864900
1.470391 0.000000 0.876500
1.467036 0.000000 0.874500
1.501426 0.000000 0.895000
1.488509 0.000000 0.887300
1.385338 0.000000 0.825800
1.542694 0.000000 0.919600
1.447911 0.000000 0.863100
1.457474 0.000000 0.868800
1.469384 0.000000 0.875900
1.499748 0.000000 0.894000
1.436168 0.000000 0.856100
1.511156 0.000000 0.900800
1.603758 0.000000 0.956000
1.543701 0.000000 0.920200
1.447576 0.000000 0.862900
1.448247 0.000000 0.863300
1.579936 0.000000 0.941800
1.471901 0.000000 0.877400
1.485992 0.000000 0.885800
1.472404 0.000000 0.877700
1.540849 0.000000 0.918500
1.528099 0.000000 0.910900
1.511995 0.000000 0.901300
1.488676 0.000000 0.887400
1.518034 0.000000 0.904900
1.517363 0.000000 0.904500
1.498071 0.000000 0.893000
1.409495 0.000000 0.840200
1.498406 0.000000 0.893200
1.499413 0.000000 0.893800
1.512330 0.000000 0.901500
1.430297 0.000000 0.852600
1.519879 0.000000 0.906000
1.544875 0.000000 0.920900
1.472236 0.000000 0.877600
1.581949 0.000000 0.943000
1.525415 0.000000 0.909300
1.477772 0.000000 0.880900
1.535481 0.000000 0.915300
1.577084 0.000000 0.940100
1.504949 0.000000 0.897100
1.469049 0.000000 0.875700
1.490857 0.000000 0.888700
1.429626 0.000000 0.852200
1.474585 0.000000 0.879000
1.492535 0.000000 0.889700
1.485153 0.000000 0.885300
1.544875 0.000000 0.920900
1.478779 0.000000 0.881500
1.455628 0.000000 0.867700
1.535145 0.000000 0.915100
1.479114 0.000000 0.881700
1.508472 0.000000 0.899200
1.503439 0.000000 0.896200
1.541352 0.000000 0.918800
1.574736 0.000000 0.938700
1.546553 0.000000 0.921900
1.489515 0.000000 0.887900
1.544540 0.000000 0.920700
1.446066 0.000000 0.862000
1.533300 0.000000 0.914000
1.507633 0.000000 0.898700
1.412682 0.000000 0.842100
1.431807 0.000000 0.853500
1.468546 0.000000 0.875400
1.507465 0.000000 0.898600
1.464016 0.000000 0.872700
1.505788 0.000000 0.897600
1.506626 0.000000 0.898100
1.455125 0.000000 0.867400
1.495554 0.000000 0.891500
1.485489 0.000000 0.885500
1.515014 0.000000 0.903100
1.510149 0.000000 0.900200
1.471230 0.000000 0.877000
1.462674 0.000000 0.871900
1.453112 0.000000 0.866200
1.510988 0.000000 0.900700
1.465023 0.000000 0.873300
1.533971 0.000000 0.914400
1.487838 0.000000 0.886900
1.513840 0.000000 0.902400
1.588492 0.000000 0.946900
1.563999 0.000000 0.932300
1.582453 0.000000 0.943300
1.497400 0.000000 0.892600
1.520382 0.000000 0.906300
1.433484 0.000000 0.854500
1.453783 0.000000 0.866600
1.459319 0.000000 0.869900
1.351451 0.000000 0.805600
1.405637 0.000000 0.837900
1.532461 0.000000 0.913500
1.583627 0.000000 0.944000
1.432813 0.000000 0.854100
1.564838 0.000000 0.932800
1.532461 0.000000 0.913500
1.575407 0.000000 0.939100
1.452273 0.000000 0.865700
1.448079 0.000000 0.863200
1.429794 0.000000 0.852300
1.529609 0.000000 0.911800
1.528938 0.000000 0.911400
1.465694 0.000000 0.873700
1.460493 0.000000 0.870600
1.553431 0.000000 0.926000
1.466532 0.000000 0.874200
1.546553 0.000000 0.921900
1.529609 0.000000 0.911800
1.447744 0.000000 0.863000
1.437846 0.000000 0.857100
1.507968 0.000000 0.898900
1.490018 0.000000 0.888200
1.472404 0.000000 0.877700
1.502936 0.000000 0.895900
1.515014 0.000000 0.903100
1.446234 0.000000 0.862100
1.542694 0.000000 0.919600
1.468546 0.000000 0.875400
1.485825 0.000000 0.885700
1.459151 0.000000 0.869800
1.516692 0.000000 0.904100
1.487167 0.000000 0.886500
1.361852 0.000000 0.811800
1.457977 0.000000 0.869100
1.465526 0.000000 0.873600
1.430465 0.000000 0.852700
1.510820 0.000000 0.900600
1.474082 0.000000 0.878700
1.500419 0.000000 0.894400
1.506962 0.000000 0.898300
1.545211 0.000000 0.921100
1.494883 0.000000 0.891100
1.462339 0.000000 0.871700
1.545714 0.000000 0.921400
1.495051 0.000000 0.891200
1.488341 0.000000 0.887200
1.578091 0.000000 0.940700
1.431303 0.000000 0.853200
1.417212 0.000000 0.844800
1.475927 0.000000 0.879800
1.492032 0.000000 0.889400
1.572555 0.000000 0.937400
1.449757 0.000000 0.864200
1.536655 0.000000 0.916000
1.493541 0.000000 0.890300
1.476095 0.000000 0.879900
1.443214 0.000000 0.860300
1.497903 0.000000 0.892900
1.515685 0.000000 0.903500
1.448247 0.000000 0.863300
1.496393 0.000000 0.892000
1.386177 0.000000 0.826300
1.510820 0.000000 0.900600
1.494548 0.000000 0.890900
1.443885 0.000000 0.860700
1.511995 0.000000 0.901300
1.407817 0.000000 0.839200
1.537661 0.000000 0.916600
1.557960 0.000000 0.928700
1.503607 0.000000 0.896300
1.485153 0.000000 0.885300
1.423754 0.000000 0.848700
1.477604 0.000000 0.880800
1.477772 0.000000 0.880900
1.421070 0.000000 0.847100
1.511659 0.000000 0.901100
1.498574 0.000000 0.893300
1.463513 0.000000 0.872400
1.472907 0.000000 0.878000
1.519879 0.000000 0.906000
1.544204 0.000000 0.920500
1.503942 0.000000 0.896500
1.478946 0.000000 0.881600
1.456803 0.000000 0.868400
1.498239 0.000000 0.893100
1.488844 0.000000 0.887500
1.526422 0.000000 0.909900
1.514008 0.000000 0.902500
1.477269 0.000000 0.880600
1.556283 0.000000 0.927700
1.573226 0.000000 0.937800
1.519376 0.000000 0.905700
1.464016 0.000000 0.872700
1.567187 0.000000 0.934200
1.382989 0.000000 0.824400
1.466197 0.000000 0.874000
1.509478 0.000000 0.899800
1.503607 0.000000 0.896300
1.457809 0.000000 0.869000
1.471230 0.000000 0.877000
1.485153 0.000000 0.885300
1.513337 0.000000 0.902100
1.497568 0.000000 0.892700
1.549572 0.000000 0.923700
1.538500 0.000000 0.917100
1.522731 0.000000 0.907700
1.419896 0.000000 0.846400
1.486328 0.000000 0.886000
1.515182 0.000000 0.903200
1.495554 0.000000 0.891500
1.436672 0.000000 0.856400
1.479953 0.000000 0.882200
1.558799 0.000000 0.929200
1.455964 0.000000 0.867900
1.537158 0.000000 0.916300
1.469217 0.000000 0.875800
1.480792 0.000000 0.882700
1.495554 0.000000 0.891500
1.535648 0.000000 0.915400
1.445060 0.000000 0.861400
1.487167 0.000000 0.886500
1.484315 0.000000 0.884800
1.458312 0.000000 0.869300
1.470894 0.000000 0.876800
1.560141 0.000000 0.930000
1.449086 0.000000 0.863800
1.528099 0.000000 0.910900
1.545211 0.000000 0.921100
1.520047 0.000000 0.906100
1.353632 0.000000 0.806900
1.428955 0.000000 0.851800
1.523905 0.000000 0.908400
1.456299 0.000000 0.868100
1.454622 0.000000 0.867100
1.502097 0.000000 0.895400
1.484650 0.000000 0.885000
1.496729 0.000000 0.892200
1.418218 0.000000 0.845400
1.445731 0.000000 0.861800
1.409495 0.000000 0.840200
1.475424 0.000000 0.879500
1.544707 0.000000 0.920800
1.562322 0.000000 0.931300
1.491864 0.000000 0.889300
1.445395 0.000000 0.861600
1.365039 0.000000 0.813700
1.500084 0.000000 0.894200
1.423922 0.000000 0.848800
1.465190 0.000000 0.873400
1.471230 0.000000 0.877000
1.412850 0.000000 0.842200
1.463848 0.000000 0.872600
1.432646 0.000000 0.854000
1.459654 0.000000 0.870100
1.495722 0.000000 0.891600
1.458480 0.000000 0.869400
1.486663 0.000000 0.886200
1.353464 0.000000 0.806800
1.513504 0.000000 0.902200
1.519040 0.000000 0.905500
1.496561 0.000000 0.892100
1.507633 0.000000 0.898700
1.534810 0.000000 0.914900
1.480289 0.000000 0.882400
1.416876 0.000000 0.844600
1.460996 0.000000 0.870900
1.575239 0.000000 0.939000
1.500755 0.000000 0.894600
1.439691 0.000000 0.858200
1.449253 0.000000 0.863900
1.461164 0.000000 0.871000
1.483308 0.000000 0.884200
1.434659 0.000000 0.855200
1.476430 0.000000 0.880100
1.430632 0.000000 0.852800
1.500923 0.000000 0.894700
1.469049 0.000000 0.875700
1.455964 0.000000 0.867900
1.466197 0.000000 0.874000
1.523234 0.000000 0.908000
1.494883 0.000000 0.891100
1.459487 0.000000 0.870000
1.424929 0.000000 0.849400
1.482134 0.000000 0.883500
1.436672 0.000000 0.856400
1.449589 0.000000 0.864100
1.484482 0.000000 0.884900
1.502936 0.000000 0.895900
1.461835 0.000000 0.871400
1.466197 0.000000 0.874000
1.580104 0.000000 0.941900
1.501929 0.000000 0.895300
1.502432 0.000000 0.895600
1.423922 0.000000 0.848800
1.470391 0.000000 0.876500
1.510317 0.000000 0.900300
1.425264 0.000000 0.849600
1.468546 0.000000 0.875400
1.466700 0.000000 0.874300
1.420232 0.000000 0.846600
1.498071 0.000000 0.893000
1.515350 0.000000 0.903300
1.391042 0.000000 0.829200
1.485489 0.000000 0.885500
1.552256 0.000000 0.925300
1.442711 0.000000 0.860000
1.493709 0.000000 0.890400
1.485825 0.000000 0.885700
1.472572 0.000000 0.877800
1.508975 0.000000 0.899500
1.440866 0.000000 0.858900
1.549572 0.000000 0.923700
1.611307 0.000000 0.960500
1.450596 0.000000 0.864700
1.445060 0.000000 0.861400
1.426942 0.000000 0.850600
1.495051 0.000000 0.891200
1.468378 0.000000 0.875300
1.571213 0.000000 0.936600
1.513504 0.000000 0.902200
1.533803 0.000000 0.914300
1.523570 0.000000 0.908200
1.503775 0.000000 0.896400
1.456970 0.000000 0.868500
1.490689 0.000000 0.888600
1.475424 0.000000 0.879500
1.447408 0.000000 0.862800
1.467707 0.000000 0.874900
1.486999 0.000000 0.886400
1.499077 0.000000 0.893600
1.387519 0.000000 0.827100
1.440530 0.000000 0.858700
1.533468 0.000000 0.914100
1.565509 0.000000 0.933200
1.477269 0.000000 0.880600
1.419225 0.000000 0.846000
1.482134 0.000000 0.883500
1.468881 0.000000 0.875600
1.452441 0.000000 0.865800
1.432478 0.000000 0.853900
1.517698 0.000000 0.904700
1.479953 0.000000 0.882200
1.503607 0.000000 0.896300
1.367388 0.000000 0.815100
1.455293 0.000000 0.867500
1.440027 0.000000 0.858400
1.522060 0.000000 0.907300
1.418889 0.000000 0.845800
1.502265 0.000000 0.895500
1.522899 0.000000 0.907800
1.537158 0.000000 0.916300
1.466700 0.000000 0.874300
1.569535 0.000000 0.935600
1.515853 0.000000 0.903600
1.511659 0.000000 0.901100
1.442879 0.000000 0.860100
1.477101 0.000000 0.880500
1.481966 0.000000 0.883400
1.465190 0.000000 0.873400
1.492703 0.000000 0.889800
1.464352 0.000000 0.872900
1.494883 0.000000 0.891100
1.556283 0.000000 0.927700
1.474753 0.000000 0.879100
1.476262 0.000000 0.880000
1.538165 0.000000 0.916900
1.437175 0.000000 0.856700
1.483308 0.000000 0.884200
1.543365 0.000000 0.920000
1.465526 0.000000 0.873600
1.444556 0.000000 0.861100
1.563999 0.000000 0.932300
1.445898 0.000000 0.861900
1.468210 0.000000 0.875200
1.505452 0.000000 0.897400
1.497064 0.000000 0.892400
1.391210 0.000000 0.829300
1.496393 0.000000 0.892000
1.433652 0.000000 0.854600
1.500084 0.000000 0.894200
1.538668 0.000000 0.917200
1.562657 0.000000 0.931500
1.408656 0.000000 0.839700
1.481798 0.000000 0.883300
1.460996 0.000000 0.870900
1.480792 0.000000 0.882700
1.422580 0.000000 0.848000
1.457474 0.000000 0.868800
1.384835 0.000000 0.825500
1.468713 0.000000 0.875500
1.518034 0.000000 0.904900
1.506291 0.000000 0.897900
1.466532 0.000000 0.874200
1.474417 0.000000 0.878900
1.558296 0.000000 0.928900
1.483811 0.000000 0.884500
1.429626 0.000000 0.852200
1.508136 0.000000 0.899000
1.529609 0.000000 0.911800
1.491696 0.000000 0.889200
1.386177 0.000000 0.826300
1.414528 0.000000 0.843200
1.472236 0.000000 0.877600
1.424929 0.000000 0.849400
1.531958 0.000000 0.913200
1.431639 0.000000 0.853400
1.457641 0.000000 0.868900
1.467707 0.000000 0.874900
1.441704 0.000000 0.859400
1.450092 0.000000 0.864400
1.434155 0.000000 0.854900
1.513504 0.000000 0.902200
1.375776 0.000000 0.820100
1.449421 0.000000 0.864000
1.436839 0.000000 0.856500
1.469720 0.000000 0.876100
1.483811 0.000000 0.884500
1.563664 0.000000 0.932100
1.542191 0.000000 0.919300
1.535816 0.000000 0.915500
1.478108 0.000000 0.881100
1.507801 0.000000 0.898800
1.459990 0.000000 0.870300
1.429290 0.000000 0.852000
1.528938 0.000000 0.911400
1.475088 0.000000 0.879300
1.456635 0.000000 0.868300
1.457977 0.000000 0.869100
1.400939 0.000000 0.835100
1.455125 0.000000 0.867400
1.500419 0.000000 0.894400
1.542694 0.000000 0.919600
1.498910 0.000000 0.893500
1.458480 0.000000 0.869400
1.511324 0.000000 0.900900
1.461835 0.000000 0.871400
1.406811 0.000000 0.838600
1.458983 0.000000 0.869700
1.472236 0.000000 0.877600
1.533132 0.000000 0.913900
1.446234 0.000000 0.862100
1.465190 0.000000 0.873400
1.406475 0.000000 0.838400
1.540681 0.000000 0.918400
1.595202 0.000000 0.950900
1.443550 0.000000 0.860500
1.421909 0.000000 0.847600
1.505788 0.000000 0.897600
1.416373 0.000000 0.844300
1.419057 0.000000 0.845900
1.480121 0.000000 0.882300
1.452776 0.000000 0.866000
1.433988 0.000000 0.854800
1.403456 0.000000 0.836600
1.519208 0.000000 0.905600
1.514343 0.000000 0.902700
1.390539 0.000000 0.828900
1.487838 0.000000 0.886900
1.470223 0.000000 0.876400
1.542862 0.000000 0.919700
1.475759 0.000000 0.879700
1.395571 0.000000 0.831900
1.452105 0.000000 0.865600
1.427613 0.000000 0.851000
1.460325 0.000000 0.870500
1.467707 0.000000 0.874900
1.484650 0.000000 0.885000
1.442711 0.000000 0.860000
1.502600 0.000000 0.895700
1.510149 0.000000 0.900200
1.511156 0.000000 0.900800
1.515685 0.000000 0.903500
1.458816 0.000000 0.869600
1.465190 0.000000 0.873400
1.408153 0.000000 0.839400
1.427110 0.000000 0.850700
1.464352 0.000000 0.872900
1.409998 0.000000 0.840500
1.438517 0.000000 0.857500
1.482134 0.000000 0.883500
1.545043 0.000000 0.921000
1.499245 0.000000 0.893700
1.426774 0.000000 0.850500
1.476095 0.000000 0.879900
1.549908 0.000000 0.923900
1.438853 0.000000 0.857700
1.405469 0.000000 0.837800
1.430129 0.000000 0.852500
1.448918 0.000000 0.863700
1.478779 0.000000 0.881500
1.575239 0.000000 0.939000
1.506962 0.000000 0.898300
1.506291 0.000000 0.897900
1.502936 0.000000 0.895900
1.487838 0.000000 0.886900
1.411844 0.000000 0.841600
1.519208 0.000000 0.905600
1.440530 0.000000 0.858700
1.463010 0.000000 0.872100
1.416709 0.000000 0.844500
1.468378 0.000000 0.875300
1.477940 0.000000 0.881000
1.472404 0.000000 0.877700
1.393055 0.000000 0.830400
1.357323 0.000000 0.809100
1.427781 0.000000 0.851100
1.494380 0.000000 0.890800
1.397417 0.000000 0.833000
1.422916 0.000000 0.848200
1.449589 0.000000 0.864100
1.527932 0.000000 0.910800
1.518873 0.000000 0.905400
1.577084 0.000000 0.940100
1.468042 0.000000 0.875100
1.506459 0.000000 0.898000
1.396410 0.000000 0.832400
1.460996 0.000000 0.870900
1.470223 0.000000 0.876400
1.426439 0.000000 0.850300
1.482637 0.000000 0.883800
1.448415 0.000000 0.863400
1.510317 0.000000 0.900300
1.506626 0.000000 0.898100
1.478779 0.000000 0.881500
1.434155 0.000000 0.854900
1.482973 0.000000 0.884000
1.498574 0.000000 0.893300
1.459319 0.000000 0.869900
1.456299 0.000000 0.868100
1.552592 0.000000 0.925500
1.494380 0.000000 0.890800
1.366381 0.000000 0.814500
1.420232 0.000000 0.846600
1.552592 0.000000 0.925500
1.472236 0.000000 0.877600
1.427613 0.000000 0.851000
1.464184 0.000000 0.872800
1.427781 0.000000 0.851100
1.430968 0.000000 0.853000
1.546720 0.000000 0.922000
1.457138 0.000000 0.868600
1.474249 0.000000 0.878800
1.416205 0.000000 0.844200
1.522899 0.000000 0.907800
1.489012 0.000000 0.887600
1.416709 0.000000 0.844500
1.491025 0.000000 0.888800
1.572219 0.000000 0.937200
1.478275 0.000000 0.881200
1.393726 0.000000 0.830800
1.418386 0.000000 0.845500
1.427445 0.000000 0.850900
1.547895 0.000000 0.922700
1.535313 0.000000 0.915200
1.531287 0.000000 0.912800
1.514343 0.000000 0.902700
1.508639 0.000000 0.899300
1.555108 0.000000 0.927000
1.543533 0.000000 0.920100
1.463010 0.000000 0.872100
1.550411 0.000000 0.924200
1.430632 0.000000 0.852800
1.387183 0.000000 0.826900
1.518034 0.000000 0.904900
1.465861 0.000000 0.873800
1.524912 0.000000 0.909000
1.478779 0.000000 0.881500
1.434155 0.000000 0.854900
1.432142 0.000000 0.853700
1.530280 0.000000 0.912200
1.526925 0.000000 0.910200
1.396074 0.000000 0.832200
1.496393 0.000000 0.892000
1.576581 0.000000 0.939800
1.414528 0.000000 0.843200
1.424090 0.000000 0.848900
1.478946 0.000000 0.881600
1.553263 0.000000 0.925900
1.492703 0.000000 0.889800
1.531958 0.000000 0.913200
1.430632 0.000000 0.852800
1.494883 0.000000 0.891100
1.513840 0.000000 0.902400
1.483476 0.000000 0.884300
1.442208 0.000000 0.859700
1.504781 0.000000 0.897000
1.503104 0.000000 0.896000
1.464016 0.000000 0.872700
1.507297 0.000000 0.898500
1.530448 0.000000 0.912300
1.517698 0.000000 0.904700
1.470726 0.000000 0.876700
1.478108 0.000000 0.881100
1.434155 0.000000 0.854900
1.589498 0.000000 0.947500
1.513169 0.000000 0.902000
1.499413 0.000000 0.893800
1.539842 0.000000 0.917900
1.400939 0.000000 0.835100
1.513001 0.000000 0.901900
1.445563 0.000000 0.861700
1.508472 0.000000 0.899200
1.483979 0.000000 0.884600
1.465023 0.000000 0.873300
1.402953 0.000000 0.836300
1.522899 0.000000 0.907800
1.442543 0.000000 0.859900
1.576078 0.000000 0.939500
1.534642 0.000000 0.914800
1.460996 0.000000 0.870900
1.507297 0.000000 0.898500
1.558296 0.000000 0.928900
1.418386 0.000000 0.845500
1.545882 0.000000 0.921500
1.576413 0.000000 0.939700
1.429123 0.000000 0.851900
1.490354 0.000000 0.888400
1.533468 0.000000 0.914100
1.480121 0.000000 0.882300
1.461668 0.000000 0.871300
1.513672 0.000000 0.902300
1.502265 0.000000 0.895500
1.480960 0.000000 0.882800
1.475424 0.000000 0.879500
1.435833 0.000000 0.855900
1.549740 0.000000 0.923800
1.408656 0.000000 0.839700
1.404295 0.000000 0.837100
1.417044 0.000000 0.844700
1.479785 0.000000 0.882100
1.479114 0.000000 0.881700
1.478108 0.000000 0.881100
1.491193 0.000000 0.888900
1.444053 0.000000 0.860800
1.442208 0.000000 0.859700
1.539842 0.000000 0.917900
1.393558 0.000000 0.830700
1.427948 0.000000 0.851200
1.474082 0.000000 0.878700
1.470055 0.000000 0.876300
1.552089 0.000000 0.925200
1.534474 0.000000 0.914700
1.466532 0.000000 0.874200
1.454622 0.000000 0.867100
1.423922 0.000000 0.848800
1.563999 0.000000 0.932300
1.425767 0.000000 0.849900
1.487167 0.000000 0.886500
1.376615 0.000000 0.820600
1.581278 0.000000 0.942600
1.510820 0.000000 0.900600
1.557457 0.000000 0.928400
1.506794 0.000000 0.898200
1.462339 0.000000 0.871700
1.484147 0.000000 0.884700
1.523067 0.000000 0.907900
1.513337 0.000000 0.902100
1.494045 0.000000 0.890600
1.478108 0.000000 0.881100
1.474249 0.000000 0.878800
1.436672 0.000000 0.856400
1.469552 0.000000 0.876000
1.500755 0.000000 0.894600
1.541520 0.000000 0.918900
1.421741 0.000000 0.847500
1.534810 0.000000 0.914900
1.397081 0.000000 0.832800
1.535816 0.000000 0.915500
1.423251 0.000000 0.848400
1.456970 0.000000 0.868500
1.474585 0.000000 0.879000
1.491864 0.000000 0.889300
1.456299 0.000000 0.868100
1.504613 0.000000 0.896900
1.496058 0.000000 0.891800
1.540346 0.000000 0.918200
1.429123 0.000000 0.851900
1.476933 0.000000 0.880400
1.475759 0.000000 0.879700
1.479953 0.000000 0.882200
1.519544 0.000000 0.905800
1.422916 0.000000 0.848200
1.478779 0.000000 0.881500
1.424090 0.000000 0.848900
1.506794 0.000000 0.898200
1.428619 0.000000 0.851600
1.487502 0.000000 0.886700
1.471397 0.000000 0.877100
1.495219 0.000000 0.891300
1.511156 0.000000 0.900800
1.520550 0.000000 0.906400
1.570039 0.000000 0.935900
1.548230 0.000000 0.922900
1.456803 0.000000 0.868400
1.391210 0.000000 0.829300
1.573561 0.000000 0.938000
1.430297 0.000000 0.852600
1.390539 0.000000 0.828900
1.536823 0.000000 0.916100
1.498910 0.000000 0.893500
1.504278 0.000000 0.896700
1.533635 0.000000 0.914200
1.534642 0.000000 0.914800
1.478108 0.000000 0.881100
1.472572 0.000000 0.877800
1.471565 0.000000 0.877200
1.445395 0.000000 0.861600
1.414863 0.000000 0.843400
1.482469 0.000000 0.883700
1.431471 0.000000 0.853300
1.490689 0.000000 0.888600
1.520718 0.000000 0.906500
1.448918 0.000000 0.863700
1.556618 0.000000 0.927900
1.450931 0.000000 0.864900
1.425767 0.000000 0.849900
1.552760 0.000000 0.925600
1.497232 0.000000 0.892500
1.487670 0.000000 0.886800
1.407650 0.000000 0.839100
1.580272 0.000000 0.942000
1.453783 0.000000 0.866600
1.450596 0.000000 0.864700
1.486160 0.000000 0.885900
1.443717 0.000000 0.860600
1.501929 0.000000 0.895300
1.526086 0.000000 0.909700
1.414192 0.000000 0.843000
1.442375 0.000000 0.859800
1.515014 0.000000 0.903100
1.555108 0.000000 0.927000
1.482469 0.000000 0.883700
1.443214 0.000000 0.860300
1.555108 0.000000 0.927000
1.472404 0.000000 0.877700
1.511156 0.000000 0.900800
1.518202 0.000000 0.905000
1.374769 0.000000 0.819500
1.467707 0.000000 0.874900
1.491696 0.000000 0.889200
1.505284 0.000000 0.897300
1.465861 0.000000 0.873800
1.417883 0.000000 0.845200
1.502936 0.000000 0.895900
1.489012 0.000000 0.887600
1.496561 0.000000 0.892100
1.437678 0.000000 0.857000
1.524744 0.000000 0.908900
1.493877 0.000000 0.890500
1.439020 0.000000 0.857800
1.492703 0.000000 0.889800
1.554102 0.000000 0.926400
1.500923 0.000000 0.894700
1.475424 0.000000 0.879500
1.542526 0.000000 0.919500
1.525583 0.000000 0.909400
1.421406 0.000000 0.847300
1.456132 0.000000 0.868000
1.479450 0.000000 0.881900
1.459654 0.000000 0.870100
1.469384 0.000000 0.875900
1.474753 0.000000 0.879100
1.410669 0.000000 0.840900
1.510317 0.000000 0.900300
1.511827 0.000000 0.901200
1.477604 0.000000 0.880800
1.494045 0.000000 0.890600
1.505117 0.000000 0.897200
1.524576 0.000000 0.908800
1.525583 0.000000 0.909400
1.470391 0.000000 0.876500
1.551921 0.000000 0.925100
1.503104 0.000000 0.896000
1.433988 0.000000 0.854800
1.547056 0.000000 0.922200
1.514511 0.000000 0.902800
1.576078 0.000000 0.939500
1.439524 0.000000 0.858100
1.517195 0.000000 0.904400
1.488509 0.000000 0.887300
1.460996 0.000000 0.870900
1.501090 0.000000 0.894800
1.417044 0.000000 0.844700
1.491361 0.000000 0.889000
1.416038 0.000000 0.844100
1.468210 0.000000 0.875200
1.502768 0.000000 0.895800
1.440362 0.000000 0.858600
1.448918 0.000000 0.863700
1.513504 0.000000 0.902200
1.571045 0.000000 0.936500
1.435330 0.000000 0.855600
1.451434 0.000000 0.865200
1.488509 0.000000 0.887300
1.522899 0.000000 0.907800
1.456467 0.000000 0.868200
1.420064 0.000000 0.846500
1.445060 0.000000 0.861400
1.495554 0.000000 0.891500
1.382318 0.000000 0.824000
1.476430 0.000000 0.880100
1.454622 0.000000 0.867100
1.508639 0.000000 0.899300
1.481295 0.000000 0.883000
1.429794 0.000000 0.852300
1.454118 0.000000 0.866800
1.448247 0.000000 0.863300
1.505452 0.000000 0.897400
1.407817 0.000000 0.839200
1.537829 0.000000 0.916700
1.463345 0.000000 0.872300
1.538165 0.000000 0.916900
1.429961 0.000000 0.852400
1.502265 0.000000 0.895500
1.481798 0.000000 0.883300
1.490186 0.000000 0.888300
1.465861 0.000000 0.873800
1.490857 0.000000 0.888700
1.425432 0.000000 0.849700
1.498910 0.000000 0.893500
1.424090 0.000000 0.848900
1.453447 0.000000 0.866400
1.482805 0.000000 0.883900
1.491361 0.000000 0.889000
1.473411 0.000000 0.878300
1.538332 0.000000 0.917000
1.508136 0.000000 0.899000
1.530783 0.000000 0.912500
1.395236 0.000000 0.831700
1.420567 0.000000 0.846800
1.522899 0.000000 0.907800
1.395907 0.000000 0.832100
1.494548 0.000000 0.890900
1.463010 0.000000 0.872100
1.468042 0.000000 0.875100
1.512833 0.000000 0.901800
1.553095 0.000000 0.925800
1.549404 0.000000 0.923600
1.528435 0.000000 0.911100
1.505452 0.000000 0.897400
1.453783 0.000000 0.866600
1.442543 0.000000 0.859900
1.529945 0.000000 0.912000
1.528938 0.000000 0.911400
1.443717 0.000000 0.860600
1.519040 0.000000 0.905500
1.447576 0.000000 0.862900
1.493541 0.000000 0.890300
1.473578 0.000000 0.878400
1.449086 0.000000 0.863800
1.475759 0.000000 0.879700
1.422916 0.000000 0.848200
1.518537 0.000000 0.905200
1.539675 0.000000 0.917800
1.505620 0.000000 0.897500
1.439356 0.000000 0.858000
1.515014 0.000000 0.903100
1.471062 0.000000 0.876900
1.549908 0.000000 0.923900
1.420064 0.000000 0.846500
1.448415 0.000000 0.863400
1.442375 0.000000 0.859800
1.490857 0.000000 0.888700
1.495051 0.000000 0.891200
1.522731 0.000000 0.907700
1.451602 0.000000 0.865300
1.531790 0.000000 0.913100
1.580943 0.000000 0.942400
1.410502 0.000000 0.840800
1.474753 0.000000 0.879100
1.532461 0.000000 0.913500
1.495387 0.000000 0.891400
1.516021 0.000000 0.903700
1.473075 0.000000 0.878100
1.504781 0.000000 0.897000
1.453783 0.000000 0.866600
1.403624 0.000000 0.836700
1.488005 0.000000 0.887000
1.424258 0.000000 0.849000
1.455964 0.000000 0.867900
1.477437 0.000000 0.880700
1.461500 0.000000 0.871200
1.493877 0.000000 0.890500
1.491696 0.000000 0.889200
1.481463 0.000000 0.883100
1.492367 0.000000 0.889600
1.456970 0.000000 0.868500
1.544540 0.000000 0.920700
1.460325 0.000000 0.870500
1.464855 0.000000 0.873200
1.387016 0.000000 0.826800
1.458145 0.000000 0.869200
1.435162 0.000000 0.855500
1.449086 0.000000 0.863800
1.528099 0.000000 0.910900
1.509982 0.000000 0.900100
1.421909 0.000000 0.847600
1.442208 0.000000 0.859700
1.389700 0.000000 0.828400
1.383493 0.000000 0.824700
1.465861 0.000000 0.873800
1.453615 0.000000 0.866500
1.503439 0.000000 0.896200
1.479114 0.000000 0.881700
1.455125 0.000000 0.867400
1.502097 0.000000 0.895400
1.500923 0.000000 0.894700
1.488509 0.000000 0.887300
1.448247 0.000000 0.863300
1.437175 0.000000 0.856700
1.444221 0.000000 0.860900
1.551921 0.000000 0.925100
1.541017 0.000000 0.918600
1.500587 0.000000 0.894500
1.446066 0.000000 0.862000
1.459487 0.000000 0.870000
1.427110 0.000000 0.850700
1.452105 0.000000 0.865600
1.437846 0.000000 0.857100
1.421238 0.000000 0.847200
1.552760 0.000000 0.925600
1.479953 0.000000 0.882200
1.439524 0.000000 0.858100
1.356484 0.000000 0.808600
1.406308 0.000000 0.838300
1.416541 0.000000 0.844400
1.503439 0.000000 0.896200
1.416373 0.000000 0.844300
1.441537 0.000000 0.859300
1.524744 0.000000 0.908900
1.477940 0.000000 0.881000
1.501929 0.000000 0.895300
1.438182 0.000000 0.857300
1.521557 0.000000 0.907000
1.488844 0.000000 0.887500
1.442208 0.000000 0.859700
1.507130 0.000000 0.898400
1.462842 0.000000 0.872000
1.509814 0.000000 0.900000
1.456132 0.000000 0.868000
1.422077 0.000000 0.847700
1.462339 0.000000 0.871700
1.496058 0.000000 0.891800
1.429626 0.000000 0.852200
1.444221 0.000000 0.860900
1.526086 0.000000 0.909700
1.466197 0.000000 0.874000
1.485992 0.000000 0.885800
1.479953 0.000000 0.882200
1.493038 0.000000 0.890000
1.411676 0.000000 0.841500
1.438685 0.000000 0.857600
1.479282 0.000000 0.881800
1.514511 0.000000 0.902800
1.492032 0.000000 0.889400
1.444053 0.000000 0.860800
1.510653 0.000000 0.900500
1.455293 0.000000 0.867500
1.425096 0.000000 0.849500
1.526757 0.000000 0.910100
1.443382 0.000000 0.860400
1.426774 0.000000 0.850500
1.508975 0.000000 0.899500
1.566012 0.000000 0.933500
1.420903 0.000000 0.847000
1.448582 0.000000 0.863500
1.539171 0.000000 0.917500
1.468546 0.000000 0.875400
1.613488 0.000000 0.961800
1.496729 0.000000 0.892200
1.512162 0.000000 0.901400
1.515014 0.000000 0.903100
1.469888 0.000000 0.876200
1.438014 0.000000 0.857200
1.425096 0.000000 0.849500
1.438517 0.000000 0.857500
1.512498 0.000000 0.901600
1.504781 0.000000 0.897000
1.568193 0.000000 0.934800
1.534474 0.000000 0.914700
1.476095 0.000000 0.879900
1.442375 0.000000 0.859800
1.501929 0.000000 0.895300
1.559638 0.000000 0.929700
1.471062 0.000000 0.876900
1.548733 0.000000 0.923200
1.472739 0.000000 0.877900
1.429794 0.000000 0.852300
1.411173 0.000000 0.841200
1.474753 0.000000 0.879100
1.465526 0.000000 0.873600
1.469217 0.000000 0.875800
1.524744 0.000000 0.908900
1.430632 0.000000 0.852800
1.522228 0.000000 0.907400
1.477940 0.000000 0.881000
1.513504 0.000000 0.902200
1.524744 0.000000 0.908900
1.429794 0.000000 0.852300
1.452944 0.000000 0.866100
1.514008 0.000000 0.902500
1.474249 0.000000 0.878800
1.471565 0.000000 0.877200
1.541352 0.000000 0.918800
1.491864 0.000000 0.889300
1.482134 0.000000 0.883500
1.510988 0.000000 0.900700
1.479114 0.000000 0.881700
1.490689 0.000000 0.888600
1.415702 0.000000 0.843900
1.560309 0.000000 0.930100
1.436672 0.000000 0.856400
1.429961 0.000000 0.852400
1.458648 0.000000 0.869500
1.455796 0.000000 0.867800
1.490018 0.000000 0.888200
1.524912 0.000000 0.909000
1.562825 0.000000 0.931600
1.393726 0.000000 0.830800
1.481798 0.000000 0.883300
1.504613 0.000000 0.896900
1.529441 0.000000 0.911700
1.406811 0.000000 0.838600
1.488844 0.000000 0.887500
1.569032 0.000000 0.935300
1.495554 0.000000 0.891500
1.511659 0.000000 0.901100
1.546049 0.000000 0.921600
1.419896 0.000000 0.846400
1.501929 0.000000 0.895300
1.399765 0.000000 0.834400
1.477940 0.000000 0.881000
1.510485 0.000000 0.900400
1.442711 0.000000 0.860000
1.488005 0.000000 0.887000
1.496393 0.000000 0.892000
1.440530 0.000000 0.858700
1.344909 0.000000 0.801700
1.470894 0.000000 0.876800
1.517698 0.000000 0.904700
1.373427 0.000000 0.818700
1.495051 0.000000 0.891200
1.507968 0.000000 0.898900
1.519208 0.000000 0.905600
1.488676 0.000000 0.887400
1.437007 0.000000 0.856600
1.502265 0.000000 0.895500
1.494716 0.000000 0.891000
1.411173 0.000000 0.841200
1.495219 0.000000 0.891300
1.485153 0.000000 0.885300
1.498910 0.000000 0.893500
1.500252 0.000000 0.894300
1.462171 0.000000 0.871600
1.465190 0.000000 0.873400
1.520047 0.000000 0.906100
1.428619 0.000000 0.851600
1.474082 0.000000 0.878700
1.537829 0.000000 0.916700
1.507633 0.000000 0.898700
1.582453 0.000000 0.943300
1.450596 0.000000 0.864700
1.453447 0.000000 0.866400
1.517698 0.000000 0.904700
1.513169 0.000000 0.902000
1.503942 0.000000 0.896500
1.584466 0.000000 0.944500
1.436336 0.000000 0.856200
1.464184 0.000000 0.872800
1.547895 0.000000 0.922700
1.457641 0.000000 0.868900
1.440698 0.000000 0.858800
1.409831 0.000000 0.840400
1.464687 0.000000 0.873100
1.507465 0.000000 0.898600
1.381480 0.000000 0.823500
1.496896 0.000000 0.892300
1.483140 0.000000 0.884100
1.475424 0.000000 0.879500
1.579097 0.000000 0.941300
1.486663 0.000000 0.886200
1.412347 0.000000 0.841900
1.471062 0.000000 0.876900
1.531119 0.000000 0.912700
1.420735 0.000000 0.846900
1.498071 0.000000 0.893000
1.504949 0.000000 0.897100
1.488509 0.000000 0.887300
1.559973 0.000000 0.929900
1.476095 0.000000 0.879900
1.511156 0.000000 0.900800
1.550411 0.000000 0.924200
1.481966 0.000000 0.883400
1.514847 0.000000 0.903000
1.450931 0.000000 0.864900
1.508136 0.000000 0.899000
1.473411 0.000000 0.878300
1.422916 0.000000 0.848200
1.516860 0.000000 0.904200
1.424929 0.000000 0.849400
1.500252 0.000000 0.894300
1.554605 0.000000 0.926700
1.424258 0.000000 0.849000
1.520382 0.000000 0.906300
1.512162 0.000000 0.901400
1.479953 0.000000 0.882200
1.505620 0.000000 0.897500
1.551585 0.000000 0.924900
1.585640 0.000000 0.945200
1.520047 0.000000 0.906100
1.536319 0.000000 0.915800
1.469720 0.000000 0.876100
1.481127 0.000000 0.882900
1.498574 0.000000 0.893300
1.457138 0.000000 0.868600
1.570206 0.000000 0.936000
1.490018 0.000000 0.888200
1.471733 0.000000 0.877300
1.545714 0.000000 0.921400
1.523402 0.000000 0.908100
1.525080 0.000000 0.909100
1.468210 0.000000 0.875200
1.469384 0.000000 0.875900
1.502097 0.000000 0.895400
1.567187 0.000000 0.934200
1.431136 0.000000 0.853100
1.472739 0.000000 0.877900
1.480792 0.000000 0.882700
1.446402 0.000000 0.862200
1.474249 0.000000 0.878800
1.470223 0.000000 0.876400
1.504278 0.000000 0.896700
1.438349 0.000000 0.857400
1.440698 0.000000 0.858800
1.489683 0.000000 0.888000
1.525583 0.000000 0.909400
1.508639 0.000000 0.899300
1.442208 0.000000 0.859700
1.549572 0.000000 0.923700
1.564335 0.000000 0.932500
1.441872 0.000000 0.859500
1.428955 0.000000 0.851800
1.480960 0.000000 0.882800
1.474753 0.000000 0.879100
1.323268 0.000000 0.788800
1.517027 0.000000 0.904300
1.516860 0.000000 0.904200
1.422916 0.000000 0.848200
1.536319 0.000000 0.915800
1.621204 0.000000 0.966400
1.464184 0.000000 0.872800
1.410166 0.000000 0.840600
1.452776 0.000000 0.866000
1.532461 0.000000 0.913500
1.455293 0.000000 0.867500
1.458145 0.000000 0.869200
1.494045 0.000000 0.890600
1.472404 0.000000 0.877700
1.472236 0.000000 0.877600
1.523738 0.000000 0.908300
1.510149 0.000000 0.900200
1.542023 0.000000 0.919200
1.511324 0.000000 0.900900
1.529441 0.000000 0.911700
1.559973 0.000000 0.929900
1.443550 0.000000 0.860500
1.425600 0.000000 0.849800
1.559638 0.000000 0.929700
1.431975 0.000000 0.853600
1.455628 0.000000 0.867700
1.450428 0.000000 0.864600
1.533300 0.000000 0.914000
1.540178 0.000000 0.918100
1.513337 0.000000 0.902100
1.444556 0.000000 0.861100
1.517698 0.000000 0.904700
1.449253 0.000000 0.863900
1.475927 0.000000 0.879800
1.473075 0.000000 0.878100
1.611139 0.000000 0.960400
1.556954 0.000000 0.928100
1.461332 0.000000 0.871100
1.453280 0.000000 0.866300
1.446234 0.000000 0.862100
1.612984 0.000000 0.961500
1.458816 0.000000 0.869600
1.512330 0.000000 0.901500
1.514175 0.000000 0.902600
1.476933 0.000000 0.880400
1.431807 0.000000 0.853500
1.490354 0.000000 0.888400
1.556618 0.000000 0.927900
1.503607 0.000000 0.896300
1.456132 0.000000 0.868000
1.429626 0.000000 0.852200
1.424258 0.000000 0.849000
1.530951 0.000000 0.912600
1.467203 0.000000 0.874600
1.496729 0.000000 0.892200
1.506291 0.000000 0.897900
1.546049 0.000000 0.921600
1.440195 0.000000 0.858500
1.446569 0.000000 0.862300
1.452776 0.000000 0.866000
1.456299 0.000000 0.868100
1.426271 0.000000 0.850200
1.530783 0.000000 0.912500
1.492032 0.000000 0.889400
1.581278 0.000000 0.942600
1.647878 0.000000 0.982300
1.495890 0.000000 0.891700
1.456132 0.000000 0.868000
1.450092 0.000000 0.864400
1.475591 0.000000 0.879600
1.510988 0.000000 0.900700
1.549069 0.000000 0.923400
1.510485 0.000000 0.900400
1.459151 0.000000 0.869800
1.490522 0.000000 0.888500
1.496896 0.000000 0.892300
1.478611 0.000000 0.881400
1.438685 0.000000 0.857600
1.444892 0.000000 0.861300
1.412850 0.000000 0.842200
1.456299 0.000000 0.868100
1.459822 0.000000 0.870200
1.531622 0.000000 0.913000
1.490018 0.000000 0.888200
1.449421 0.000000 0.864000
1.507297 0.000000 0.898500
1.495387 0.000000 0.891400
1.462171 0.000000 0.871600
1.436001 0.000000 0.856000
1.577588 0.000000 0.940400
1.451770 0.000000 0.865400
1.500923 0.000000 0.894700
1.562154 0.000000 0.931200
1.496058 0.000000 0.891800
1.567690 0.000000 0.934500
1.435162 0.000000 0.855500
1.506794 0.000000 0.898200
1.532461 0.000000 0.913500
1.547391 0.000000 0.922400
1.465526 0.000000 0.873600
1.424425 0.000000 0.849100
1.526254 0.000000 0.909800
1.484315 0.000000 0.884800
1.478946 0.000000 0.881600
1.427277 0.000000 0.850800
1.494883 0.000000 0.891100
1.418218 0.000000 0.845400
1.389029 0.000000 0.828000
1.471901 0.000000 0.877400
1.445563 0.000000 0.861700
1.490857 0.000000 0.888700
1.452273 0.000000 0.865700
1.416709 0.000000 0.844500
1.516524 0.000000 0.904000
1.480792 0.000000 0.882700
1.428284 0.000000 0.851400
1.433820 0.000000 0.854700
1.375944 0.000000 0.820200
1.441033 0.000000 0.859000
1.482637 0.000000 0.883800
1.397920 0.000000 0.833300
1.510317 0.000000 0.900300
1.541017 0.000000 0.918600
1.487502 0.000000 0.886700
1.478946 0.000000 0.881600
1.502097 0.000000 0.895400
1.473914 0.000000 0.878600
1.526254 0.000000 0.909800
1.447408 0.000000 0.862800
1.512666 0.000000 0.901700
1.537158 0.000000 0.916300
1.524912 0.000000 0.909000
1.518034 0.000000 0.904900
1.463010 0.000000 0.872100
1.484315 0.000000 0.884800
1.447911 0.000000 0.863100
1.520886 0.000000 0.906600
1.553095 0.000000 0.925800
1.468881 0.000000 0.875600
1.424593 0.000000 0.849200
1.439188 0.000000 0.857900
1.426606 0.000000 0.850400
1.441537 0.000000 0.859300
1.482134 0.000000 0.883500
1.395403 0.000000 0.831800
1.466365 0.000000 0.874100
1.500923 0.000000 0.894700
1.505117 0.000000 0.897200
1.508472 0.000000 0.899200
1.450428 0.000000 0.864600
1.417883 0.000000 0.845200
1.504949 0.000000 0.897100
1.453447 0.000000 0.866400
1.439188 0.000000 0.857900
1.413521 0.000000 0.842600
1.425600 0.000000 0.849800
1.487502 0.000000 0.886700
1.497735 0.000000 0.892800
1.484818 0.000000 0.885100
1.458648 0.000000 0.869500
1.541520 0.000000 0.918900
1.463010 0.000000 0.872100
1.471565 0.000000 0.877200
1.569200 0.000000 0.935400
1.502265 0.000000 0.895500
1.450092 0.000000 0.864400
1.352458 0.000000 0.806200
1.516860 0.000000 0.904200
1.449253 0.000000 0.863900
1.467539 0.000000 0.874800
1.416373 0.000000 0.844300
1.415702 0.000000 0.843900
1.464519 0.000000 0.873000
1.490018 0.000000 0.888200
1.494883 0.000000 0.891100
1.451267 0.000000 0.865100
1.412179 0.000000 0.841800
1.435665 0.000000 0.855800
1.462842 0.000000 0.872000
1.481295 0.000000 0.883000
1.520886 0.000000 0.906600
1.527428 0.000000 0.910500
1.429123 0.000000 0.851900
1.522060 0.000000 0.907300
1.574904 0.000000 0.938800
1.475759 0.000000 0.879700
1.421406 0.000000 0.847300
1.517531 0.000000 0.904600
1.577084 0.000000 0.940100
1.479282 0.000000 0.881800
1.471565 0.000000 0.877200
1.518873 0.000000 0.905400
1.425432 0.000000 0.849700
1.507297 0.000000 0.898500
1.452105 0.000000 0.865600
1.488341 0.000000 0.887200
1.511995 0.000000 0.901300
1.540010 0.000000 0.918000
1.488173 0.000000 0.887100
1.440027 0.000000 0.858400
1.425935 0.000000 0.850000
1.410334 0.000000 0.840700
1.544875 0.000000 0.920900
1.498742 0.000000 0.893400
1.494883 0.000000 0.891100
1.490354 0.000000 0.888400
1.519879 0.000000 0.906000
1.443717 0.000000 0.860600
1.467203 0.000000 0.874600
1.482134 0.000000 0.883500
1.519040 0.000000 0.905500
1.458816 0.000000 0.869600
1.476766 0.000000 0.880300
1.470726 0.000000 0.876700
1.575071 0.000000 0.938900
1.551418 0.000000 0.924800
1.498742 0.000000 0.893400
1.498071 0.000000 0.893000
1.563832 0.000000 0.932200
1.513672 0.000000 0.902300
1.525583 0.000000 0.909400
1.483644 0.000000 0.884400
1.511659 0.000000 0.901100
1.514679 0.000000 0.902900
1.568697 0.000000 0.935100
1.477101 0.000000 0.880500
1.491696 0.000000 0.889200
1.410166 0.000000 0.840600
1.463345 0.000000 0.872300
1.564838 0.000000 0.932800
1.565677 0.000000 0.933300
1.551921 0.000000 0.925100
1.479618 0.000000 0.882000
1.499245 0.000000 0.893700
1.557960 0.000000 0.928700
1.452944 0.000000 0.866100
1.531454 0.000000 0.912900
1.480121 0.000000 0.882300
1.514343 0.000000 0.902700
1.519711 0.000000 0.905900
1.542359 0.000000 0.919400
1.512833 0.000000 0.901800
1.575910 0.000000 0.939400
1.468881 0.000000 0.875600
1.496225 0.000000 0.891900
1.494548 0.000000 0.890900
1.506626 0.000000 0.898100
1.450428 0.000000 0.864600
1.542191 0.000000 0.919300
1.409160 0.000000 0.840000
1.492032 0.000000 0.889400
1.448079 0.000000 0.863200
1.438014 0.000000 0.857200
1.442375 0.000000 0.859800
1.421406 0.000000 0.847300
1.401778 0.000000 0.835600
1.440866 0.000000 0.858900
1.526254 0.000000 0.909800
1.551753 0.000000 0.925000
1.467539 0.000000 0.874800
1.486663 0.000000 0.886200
1.455628 0.000000 0.867700
1.455964 0.000000 0.867900
1.529609 0.000000 0.911800
1.446905 0.000000 0.862500
1.511491 0.000000 0.901000
1.500252 0.000000 0.894300
1.474585 0.000000 0.879000
1.526589 0.000000 0.910000
1.484986 0.000000 0.885200
1.453615 0.000000 0.866500
1.514343 0.000000 0.902700
1.547391 0.000000 0.922400
1.500084 0.000000 0.894200
1.491025 0.000000 0.888800
1.556283 0.000000 0.927700
1.481966 0.000000 0.883400
1.575239 0.000000 0.939000
1.546049 0.000000 0.921600
1.505284 0.000000 0.897300
1.512498 0.000000 0.901600
1.512162 0.000000 0.901400
1.509982 0.000000 0.900100
1.472907 0.000000 0.878000
1.420232 0.000000 0.846600
1.496225 0.000000 0.891900
1.486328 0.000000 0.886000
1.429458 0.000000 0.852100
1.461835 0.000000 0.871400
1.562490 0.000000 0.931400
1.429458 0.000000 0.852100
1.498406 0.000000 0.893200
1.536152 0.000000 0.915700
1.510149 0.000000 0.900200
1.552927 0.000000 0.925700
1.437678 0.000000 0.857000
1.455125 0.000000 0.867400
1.517363 0.000000 0.904500
1.582620 0.000000 0.943400
1.474920 0.000000 0.879200
1.519879 0.000000 0.906000
1.498742 0.000000 0.893400
1.501929 0.000000 0.895300
1.456299 0.000000 0.868100
1.459654 0.000000 0.870100
1.450763 0.000000 0.864800
1.502265 0.000000 0.895500
1.406979 0.000000 0.838700
1.469384 0.000000 0.875900
1.478275 0.000000 0.881200
1.466532 0.000000 0.874200
1.404630 0.000000 0.837300
1.435330 0.000000 0.855600
1.523570 0.000000 0.908200
1.523234 0.000000 0.908000
1.529609 0.000000 0.911800
1.518369 0.000000 0.905100
1.435497 0.000000 0.855700
1.470223 0.000000 0.876400
1.411173 0.000000 0.841200
1.432646 0.000000 0.854000
1.529441 0.000000 0.911700
1.414360 0.000000 0.843100
1.454622 0.000000 0.867100
1.526254 0.000000 0.909800
1.389867 0.000000 0.828500
1.554102 0.000000 0.926400
1.464687 0.000000 0.873100
1.410502 0.000000 0.840800
1.502936 0.000000 0.895900
1.461500 0.000000 0.871200
1.566516 0.000000 0.933800
1.536823 0.000000 0.916100
1.443550 0.000000 0.860500
1.442879 0.000000 0.860100
1.515685 0.000000 0.903500
1.532461 0.000000 0.913500
1.461500 0.000000 0.871200
1.431471 0.000000 0.853300
1.472739 0.000000 0.877900
1.470223 0.000000 0.876400
1.532797 0.000000 0.913700
1.516524 0.000000 0.904000
1.459990 0.000000 0.870300
1.547895 0.000000 0.922700
1.481798 0.000000 0.883300
1.513504 0.000000 0.902200
1.618017 0.000000 0.964500
1.460829 0.000000 0.870800
1.387351 0.000000 0.827000
1.514847 0.000000 0.903000
1.507130 0.000000 0.898400
1.490354 0.000000 0.888400
1.582285 0.000000 0.943200
1.446234 0.000000 0.862100
1.476598 0.000000 0.880200
1.563664 0.000000 0.932100
1.501761 0.000000 0.895200
1.508304 0.000000 0.899100
1.496058 0.000000 0.891800
1.431639 0.000000 0.853400
1.455628 0.000000 0.867700
1.524073 0.000000 0.908500
1.570039 0.000000 0.935900
1.489180 0.000000 0.887700
1.441201 0.000000 0.859100
1.441369 0.000000 0.859200
1.352122 0.000000 0.806000
1.507130 0.000000 0.898400
1.491696 0.000000 0.889200
1.443214 0.000000 0.860300
1.445060 0.000000 0.861400
1.433484 0.000000 0.854500
1.483140 0.000000 0.884100
1.452273 0.000000 0.865700
1.508639 0.000000 0.899300
1.436336 0.000000 0.856200
1.541520 0.000000 0.918900
1.492703 0.000000 0.889800
1.562322 0.000000 0.931300
1.481127 0.000000 0.882900
1.509478 0.000000 0.899800
1.483140 0.000000 0.884100
1.523234 0.000000 0.908000
1.531958 0.000000 0.913200
1.545043 0.000000 0.921000
1.530280 0.000000 0.912200
1.454957 0.000000 0.867300
1.547559 0.000000 0.922500
1.521054 0.000000 0.906700
1.521725 0.000000 0.907100
1.517866 0.000000 0.904800
1.501761 0.000000 0.895200
1.387519 0.000000 0.827100
1.548901 0.000000 0.923300
1.479785 0.000000 0.882100
1.514679 0.000000 0.902900
1.484315 0.000000 0.884800
1.538836 0.000000 0.917300
1.430800 0.000000 0.852900
1.530951 0.000000 0.912600
1.520382 0.000000 0.906300
1.500587 0.000000 0.894500
1.474585 0.000000 0.879000
1.450260 0.000000 0.864500
1.500419 0.000000 0.894400
1.401107 0.000000 0.835200
1.492199 0.000000 0.889500
1.446737 0.000000 0.862400
1.472739 0.000000 0.877900
1.515853 0.000000 0.903600
1.502600 0.000000 0.895700
1.481798 0.000000 0.883300
1.453615 0.000000 0.866500
1.444724 0.000000 0.861200
1.522060 0.000000 0.907300
1.509478 0.000000 0.899800
1.506291 0.000000 0.897900
1.375776 0.000000 0.820100
1.489012 0.000000 0.887600
1.476766 0.000000 0.880300
1.402617 0.000000 0.836100
1.383828 0.000000 0.824900
1.413689 0.000000 0.842700
1.472068 0.000000 0.877500
1.457977 0.000000 0.869100
1.446569 0.000000 0.862300
1.460996 0.000000 0.870900
1.501594 0.000000 0.895100
1.418722 0.000000 0.845700
1.445898 0.000000 0.861900
1.449757 0.000000 0.864200
1.516189 0.000000 0.903800
1.421406 0.000000 0.847300
1.502600 0.000000 0.895700
1.488509 0.000000 0.887300
1.458816 0.000000 0.869600
1.514008 0.000000 0.902500
1.562993 0.000000 0.931700
1.451099 0.000000 0.865000
1.480624 0.000000 0.882600
1.499077 0.000000 0.893600
1.440362 0.000000 0.858600
1.528267 0.000000 0.911000
1.495051 0.000000 0.891200
1.503607 0.000000 0.896300
1.436839 0.000000 0.856500
1.599564 0.000000 0.953500
1.494883 0.000000 0.891100
1.475591 0.000000 0.879600
1.485489 0.000000 0.885500
1.519711 0.000000 0.905900
1.429458 0.000000 0.852100
1.442543 0.000000 0.859900
1.518369 0.000000 0.905100
1.499916 0.000000 0.894100
1.479450 0.000000 0.881900
1.496393 0.000000 0.892000
1.440362 0.000000 0.858600
1.451267 0.000000 0.865100
1.599396 0.000000 0.953400
1.414863 0.000000 0.843400
1.466532 0.000000 0.874200
1.470726 0.000000 0.876700
1.547391 0.000000 0.922400
1.514343 0.000000 0.902700
1.458816 0.000000 0.869600
1.373260 0.000000 0.818600
1.422916 0.000000 0.848200
1.420735 0.000000 0.846900
1.444892 0.000000 0.861300
1.505452 0.000000 0.897400
1.436168 0.000000 0.856100
1.541017 0.000000 0.918600
1.464519 0.000000 0.873000
1.461835 0.000000 0.871400
1.432981 0.000000 0.854200
1.532125 0.000000 0.913300
1.456467 0.000000 0.868200
1.501090 0.000000 0.894800
1.386009 0.000000 0.826200
1.566516 0.000000 0.933800
1.505284 0.000000 0.897300
1.354303 0.000000 0.807300
1.474920 0.000000 0.879200
1.411173 0.000000 0.841200
1.435497 0.000000 0.855700
1.420232 0.000000 0.846600
1.539675 0.000000 0.917800
1.460829 0.000000 0.870800
1.434323 0.000000 0.855000
1.466197 0.000000 0.874000
1.372421 0.000000 0.818100
1.542526 0.000000 0.919500
1.497232 0.000000 0.892500
1.421741 0.000000 0.847500
1.459990 0.000000 0.870300
1.392887 0.000000 0.830300
1.555947 0.000000 0.927500
1.452273 0.000000 0.865700
1.441369 0.000000 0.859200
1.483979 0.000000 0.884600
1.419896 0.000000 0.846400
1.452441 0.000000 0.865800
1.474753 0.000000 0.879100
1.525080 0.000000 0.909100
1.439691 0.000000 0.858200
1.486999 0.000000 0.886400
1.371414 0.000000 0.817500
1.477772 0.000000 0.880900
1.526589 0.000000 0.910000
1.403791 0.000000 0.836800
1.542023 0.000000 0.919200
1.593021 0.000000 0.949600
1.431303 0.000000 0.853200
1.497400 0.000000 0.892600
1.541184 0.000000 0.918700
1.506459 0.000000 0.898000
1.529945 0.000000 0.912000
1.490018 0.000000 0.888200
1.488341 0.000000 0.887200
1.495890 0.000000 0.891700
1.464184 0.000000 0.872800
1.442040 0.000000 0.859600
1.466532 0.000000 0.874200
1.621372 0.000000 0.966500
1.477604 0.000000 0.880800
1.521221 0.000000 0.906800
1.467707 0.000000 0.874900
1.529609 0.000000 0.911800
1.495051 0.000000 0.891200
1.624224 0.000000 0.968200
1.499413 0.000000 0.893800
1.374602 0.000000 0.819400
1.458648 0.000000 0.869500
1.503607 0.000000 0.896300
1.489012 0.000000 0.887600
1.518705 0.000000 0.905300
1.494716 0.000000 0.891000
1.533635 0.000000 0.914200
1.474585 0.000000 0.879000
1.495219 0.000000 0.891300
1.518034 0.000000 0.904900
1.378292 0.000000 0.821600
1.453280 0.000000 0.866300
1.414528 0.000000 0.843200
1.486831 0.000000 0.886300
1.405804 0.000000 0.838000
1.553934 0.000000 0.926300
1.367556 0.000000 0.815200
1.480289 0.000000 0.882400
1.468881 0.000000 0.875600
1.496561 0.000000 0.892100
1.455628 0.000000 0.867700
1.501929 0.000000 0.895300
1.465358 0.000000 0.873500
1.510820 0.000000 0.900600
1.464855 0.000000 0.873200
1.478443 0.000000 0.881300
1.470726 0.000000 0.876700
1.573226 0.000000 0.937800
1.537158 0.000000 0.916300
1.493541 0.000000 0.890300
1.465526 0.000000 0.873600
1.450092 0.000000 0.864400
1.491193 0.000000 0.888900
1.456970 0.000000 0.868500
1.484818 0.000000 0.885100
1.483979 0.000000 0.884600
1.415534 0.000000 0.843800
1.514679 0.000000 0.902900
1.513840 0.000000 0.902400
1.562490 0.000000 0.931400
1.430800 0.000000 0.852900
1.507130 0.000000 0.898400
1.452609 0.000000 0.865900
1.399765 0.000000 0.834400
1.466700 0.000000 0.874300
1.462506 0.000000 0.871800
1.488341 0.000000 0.887200
1.484482 0.000000 0.884900
1.480624 0.000000 0.882600
1.532461 0.000000 0.913500
1.540346 0.000000 0.918200
1.457641 0.000000 0.868900
1.459654 0.000000 0.870100
1.417212 0.000000 0.844800
1.548733 0.000000 0.923200
1.395068 0.000000 0.831600
1.532125 0.000000 0.913300
1.482805 0.000000 0.883900
1.462171 0.000000 0.871600
1.562154 0.000000 0.931200
1.508136 0.000000 0.899000
1.551753 0.000000 0.925000
1.448750 0.000000 0.863600
1.467875 0.000000 0.875000
1.529441 0.000000 0.911700
1.491696 0.000000 0.889200
1.443046 0.000000 0.860200
1.535481 0.000000 0.915300
1.504613 0.000000 0.896900
1.567690 0.000000 0.934500
1.411173 0.000000 0.841200
1.485321 0.000000 0.885400
1.465023 0.000000 0.873300
1.556954 0.000000 0.928100
1.485825 0.000000 0.885700
1.579601 0.000000 0.941600
1.560141 0.000000 0.930000
1.584969 0.000000 0.944800
1.473075 0.000000 0.878100
1.415367 0.000000 0.843700
1.381144 0.000000 0.823300
1.549404 0.000000 0.923600
1.494883 0.000000 0.891100
1.442711 0.000000 0.860000
1.388693 0.000000 0.827800
1.437343 0.000000 0.856800
1.548062 0.000000 0.922800
1.524576 0.000000 0.908800
1.533803 0.000000 0.914300
1.512498 0.000000 0.901600
1.437007 0.000000 0.856600
1.511659 0.000000 0.901100
1.405133 0.000000 0.837600
1.542359 0.000000 0.919400
1.496561 0.000000 0.892100
1.521221 0.000000 0.906800
1.554940 0.000000 0.926900
1.459822 0.000000 0.870200
1.571381 0.000000 0.936700
1.466532 0.000000 0.874200
1.475927 0.000000 0.879800
1.486328 0.000000 0.886000
1.506123 0.000000 0.897800
1.547056 0.000000 0.922200
1.535313 0.000000 0.915200
1.460661 0.000000 0.870700
1.442711 0.000000 0.860000
1.518705 0.000000 0.905300
1.510317 0.000000 0.900300
1.483308 0.000000 0.884200
1.511491 0.000000 0.901000
1.417212 0.000000 0.844800
1.422748 0.000000 0.848100
1.521557 0.000000 0.907000
1.516692 0.000000 0.904100
1.547727 0.000000 0.922600
1.507801 0.000000 0.898800
1.466532 0.000000 0.874200
1.462003 0.000000 0.871500
1.501594 0.000000 0.895100
1.491361 0.000000 0.889000
1.576078 0.000000 0.939500
1.434323 0.000000 0.855000
1.517866 0.000000 0.904800
1.460661 0.000000 0.870700
1.484315 0.000000 0.884800
1.540346 0.000000 0.918200
1.535984 0.000000 0.915600
1.435162 0.000000 0.855500
1.459319 0.000000 0.869900
1.438182 0.000000 0.857300
1.520215 0.000000 0.906200
1.515685 0.000000 0.903500
1.575575 0.000000 0.939200
1.483308 0.000000 0.884200
1.502265 0.000000 0.895500
1.531790 0.000000 0.913100
1.490857 0.000000 0.888700
1.554269 0.000000 0.926500
1.483979 0.000000 0.884600
1.470223 0.000000 0.876400
1.516021 0.000000 0.903700
1.402449 0.000000 0.836000
1.534642 0.000000 0.914800
1.494212 0.000000 0.890700
1.502097 0.000000 0.895400
1.356819 0.000000 0.808800
1.421238 0.000000 0.847200
1.458816 0.000000 0.869600
1.440362 0.000000 0.858600
1.553431 0.000000 0.926000
1.427110 0.000000 0.850700
1.523570 0.000000 0.908200
1.524409 0.000000 0.908700
1.459654 0.000000 0.870100
1.479450 0.000000 0.881900
1.449757 0.000000 0.864200
1.515685 0.000000 0.903500
1.500419 0.000000 0.894400
1.420064 0.000000 0.846500
1.520047 0.000000 0.906100
1.466197 0.000000 0.874000
1.410502 0.000000 0.840800
1.512330 0.000000 0.901500
1.518537 0.000000 0.905200
1.474920 0.000000 0.879200
1.501929 0.000000 0.895300
1.503942 0.000000 0.896500
1.475256 0.000000 0.879400
1.555779 0.000000 0.927400
1.563999 0.000000 0.932300
1.516524 0.000000 0.904000
1.514343 0.000000 0.902700
1.575575 0.000000 0.939200
1.484315 0.000000 0.884800
1.448079 0.000000 0.863200
1.590840 0.000000 0.948300
1.506962 0.000000 0.898300
1.400772 0.000000 0.835000
1.507968 0.000000 0.898900
1.507968 0.000000 0.898900
1.479282 0.000000 0.881800
1.594028 0.000000 0.950200
1.392887 0.000000 0.830300
1.480456 0.000000 0.882500
1.428955 0.000000 0.851800
1.576246 0.000000 0.939600
1.411844 0.000000 0.841600
1.483140 0.000000 0.884100
1.446905 0.000000 0.862500
1.466029 0.000000 0.873900
1.497400 0.000000 0.892600
1.490186 0.000000 0.888300
1.492870 0.000000 0.889900
1.560644 0.000000 0.930300
1.473411 0.000000 0.878300
1.436001 0.000000 0.856000
1.512162 0.000000 0.901400
1.524576 0.000000 0.908800
1.468210 0.000000 0.875200
1.423419 0.000000 0.848500
1.487334 0.000000 0.886600
1.490186 0.000000 0.888300
1.507633 0.000000 0.898700
1.498239 0.000000 0.893100
1.554605 0.000000 0.926700
1.453783 0.000000 0.866600
1.494045 0.000000 0.890600
1.471733 0.000000 0.877300
1.574904 0.000000 0.938800
1.467371 0.000000 0.874700
1.512330 0.000000 0.901500
1.481127 0.000000 0.882900
1.501426 0.000000 0.895000
1.533468 0.000000 0.914100
1.571548 0.000000 0.936800
1.539842 0.000000 0.917900
1.518873 0.000000 0.905400
1.499413 0.000000 0.893800
1.488173 0.000000 0.887100
1.499748 0.000000 0.894000
1.447744 0.000000 0.863000
1.481798 0.000000 0.883300
1.515014 0.000000 0.903100
1.501761 0.000000 0.895200
1.448582 0.000000 0.863500
1.473075 0.000000 0.878100
1.394565 0.000000 0.831300
1.465358 0.000000 0.873500
1.427110 0.000000 0.850700
1.496729 0.000000 0.892200
1.441537 0.000000 0.859300
1.377286 0.000000 0.821000
1.404462 0.000000 0.837200
1.469217 0.000000 0.875800
1.438349 0.000000 0.857400
1.417547 0.000000 0.845000
1.480792 0.000000 0.882700
1.475256 0.000000 0.879400
1.548398 0.000000 0.923000
1.483979 0.000000 0.884600
1.484818 0.000000 0.885100
1.539842 0.000000 0.917900
1.511995 0.000000 0.901300
1.456803 0.000000 0.868400
1.437678 0.000000 0.857000
1.539171 0.000000 0.917500
1.492032 0.000000 0.889400
1.563664 0.000000 0.932100
1.394732 0.000000 0.831400
1.427110 0.000000 0.850700
1.598893 0.000000 0.953100
1.480960 0.000000 0.882800
1.385338 0.000000 0.825800
1.393558 0.000000 0.830700
1.471062 0.000000 0.876900
1.459654 0.000000 0.870100
1.426271 0.000000 0.850200
1.418722 0.000000 0.845700
1.453615 0.000000 0.866500
1.400772 0.000000 0.835000
1.444892 0.000000 0.861300
1.490186 0.000000 0.888300
1.431471 0.000000 0.853300
1.375273 0.000000 0.819800
1.479282 0.000000 0.881800
1.478275 0.000000 0.881200
1.497568 0.000000 0.892700
1.495890 0.000000 0.891700
1.513001 0.000000 0.901900
1.504613 0.000000 0.896900
1.450428 0.000000 0.864600
1.481463 0.000000 0.883100
1.445563 0.000000 0.861700
1.428955 0.000000 0.851800
1.543868 0.000000 0.920300
1.442375 0.000000 0.859800
1.484315 0.000000 0.884800
1.451602 0.000000 0.865300
1.551250 0.000000 0.924700
1.470391 0.000000 0.876500
1.450260 0.000000 0.864500
1.504278 0.000000 0.896700
1.452273 0.000000 0.865700
1.493374 0.000000 0.890200
1.508304 0.000000 0.899100
1.525583 0.000000 0.909400
1.489012 0.000000 0.887600
1.496393 0.000000 0.892000
1.476430 0.000000 0.880100
1.377789 0.000000 0.821300
1.515853 0.000000 0.903600
1.409327 0.000000 0.840100
1.503439 0.000000 0.896200
1.492703 0.000000 0.889800
1.467036 0.000000 0.874500
1.500587 0.000000 0.894500
1.623721 0.000000 0.967900
1.477101 0.000000 0.880500
1.489012 0.000000 0.887600
1.502097 0.000000 0.895400
1.453112 0.000000 0.866200
1.392216 0.000000 0.829900
1.498574 0.000000 0.893300
1.490018 0.000000 0.888200
1.475424 0.000000 0.879500
1.541688 0.000000 0.919000
1.496058 0.000000 0.891800
1.562657 0.000000 0.931500
1.439356 0.000000 0.858000
1.486328 0.000000 0.886000
1.470391 0.000000 0.876500
1.466029 0.000000 0.873900
1.559638 0.000000 0.929700
1.494380 0.000000 0.890800
1.443550 0.000000 0.860500
1.495722 0.000000 0.891600
1.502097 0.000000 0.895400
1.508136 0.000000 0.899000
1.491025 0.000000 0.888800
1.497903 0.000000 0.892900
1.540849 0.000000 0.918500
1.543533 0.000000 0.920100
1.485321 0.000000 0.885400
1.450596 0.000000 0.864700
1.496896 0.000000 0.892300
1.402785 0.000000 0.836200
1.552760 0.000000 0.925600
1.433317 0.000000 0.854400
1.474585 0.000000 0.879000
1.550914 0.000000 0.924500
1.457977 0.000000 0.869100
1.487502 0.000000 0.886700
1.452441 0.000000 0.865800
1.495722 0.000000 0.891600
1.427948 0.000000 0.851200
1.528603 0.000000 0.911200
1.480289 0.000000 0.882400
1.453447 0.000000 0.866400
1.455964 0.000000 0.867900
1.457641 0.000000 0.868900
1.462842 0.000000 0.872000
1.493374 0.000000 0.890200
1.480792 0.000000 0.882700
1.425767 0.000000 0.849900
1.531287 0.000000 0.912800
1.519711 0.000000 0.905900
1.411340 0.000000 0.841300
1.552089 0.000000 0.925200
1.521054 0.000000 0.906700
1.592854 0.000000 0.949500
1.447911 0.000000 0.863100
1.607448 0.000000 0.958200
1.496561 0.000000 0.892100
1.473746 0.000000 0.878500
1.470559 0.000000 0.876600
1.410334 0.000000 0.840700
1.538500 0.000000 0.917100
1.514847 0.000000 0.903000
1.434994 0.000000 0.855400
1.441033 0.000000 0.859000
1.464184 0.000000 0.872800
1.426271 0.000000 0.850200
1.476262 0.000000 0.880000
1.531454 0.000000 0.912900
1.488173 0.000000 0.887100
1.479785 0.000000 0.882100
1.496896 0.000000 0.892300
1.438853 0.000000 0.857700
1.476766 0.000000 0.880300
1.450428 0.000000 0.864600
1.513840 0.000000 0.902400
1.436504 0.000000 0.856300
1.500419 0.000000 0.894400
1.323771 0.000000 0.789100
1.506794 0.000000 0.898200
1.429794 0.000000 0.852300
1.545211 0.000000 0.921100
1.485657 0.000000 0.885600
1.460661 0.000000 0.870700
1.518202 0.000000 0.905000
1.486999 0.000000 0.886400
1.520215 0.000000 0.906200
1.443046 0.000000 0.860200
1.476933 0.000000 0.880400
1.456803 0.000000 0.868400
1.412347 0.000000 0.841900
1.427948 0.000000 0.851200
1.481798 0.000000 0.883300
1.497064 0.000000 0.892400
1.565006 0.000000 0.932900
1.429626 0.000000 0.852200
1.470223 0.000000 0.876400
1.513337 0.000000 0.902100
1.381144 0.000000 0.823300
1.433149 0.000000 0.854300
1.546217 0.000000 0.921700
1.495051 0.000000 0.891200
1.423754 0.000000 0.848700
1.577923 0.000000 0.940600
1.513169 0.000000 0.902000
1.424258 0.000000 0.849000
1.430968 0.000000 0.853000
1.424761 0.000000 0.849300
1.513840 0.000000 0.902400
1.524409 0.000000 0.908700
1.539842 0.000000 0.917900
1.432478 0.000000 0.853900
1.612649 0.000000 0.961300
1.571381 0.000000 0.936700
1.587150 0.000000 0.946100
1.519040 0.000000 0.905500
1.512666 0.000000 0.901700
1.490354 0.000000 0.888400
1.501761 0.000000 0.895200
1.607952 0.000000 0.958500
1.532293 0.000000 0.913400
1.419225 0.000000 0.846000
1.508975 0.000000 0.899500
1.479450 0.000000 0.881900
1.587318 0.000000 0.946200
1.521054 0.000000 0.906700
1.521725 0.000000 0.907100
1.472068 0.000000 0.877500
1.439691 0.000000 0.858200
1.460996 0.000000 0.870900
1.522731 0.000000 0.907700
1.481966 0.000000 0.883400
1.489012 0.000000 0.887600
1.427445 0.000000 0.850900
1.576078 0.000000 0.939500
1.481463 0.000000 0.883100
1.441872 0.000000 0.859500
1.402785 0.000000 0.836200
1.491696 0.000000 0.889200
1.527932 0.000000 0.910800
1.476430 0.000000 0.880100
1.463848 0.000000 0.872600
1.484482 0.000000 0.884900
1.496896 0.000000 0.892300
1.558967 0.000000 0.929300
1.486663 0.000000 0.886200
1.506123 0.000000 0.897800
1.479618 0.000000 0.882000
1.525415 0.000000 0.909300
1.473411 0.000000 0.878300
1.479450 0.000000 0.881900
1.448079 0.000000 0.863200
1.543030 0.000000 0.919800
1.569535 0.000000 0.935600
1.468881 0.000000 0.875600
1.512330 0.000000 0.901500
1.502936 0.000000 0.895900
1.497232 0.000000 0.892500
1.505452 0.000000 0.897400
1.536823 0.000000 0.916100
1.472907 0.000000 0.878000
1.414528 0.000000 0.843200
1.461668 0.000000 0.871300
1.502097 0.000000 0.895400
1.460829 0.000000 0.870800
1.410669 0.000000 0.840900
1.451602 0.000000 0.865300
1.564838 0.000000 0.932800
1.501426 0.000000 0.895000
1.512330 0.000000 0.901500
1.456803 0.000000 0.868400
1.507968 0.000000 0.898900
1.502936 0.000000 0.895900
1.471901 0.000000 0.877400
1.383493 0.000000 0.824700
1.546217 0.000000 0.921700
1.477604 0.000000 0.880800
1.430968 0.000000 0.853000
1.471062 0.000000 0.876900
1.436336 0.000000 0.856200
1.449589 0.000000 0.864100
1.489515 0.000000 0.887900
1.441369 0.000000 0.859200
1.494212 0.000000 0.890700
1.500923 0.000000 0.894700
1.535816 0.000000 0.915500
1.583459 0.000000 0.943900
1.444556 0.000000 0.861100
1.477437 0.000000 0.880700
1.548062 0.000000 0.922800
1.516021 0.000000 0.903700
1.428284 0.000000 0.851400
1.481798 0.000000 0.883300
1.360007 0.000000 0.810700
1.456803 0.000000 0.868400
1.572890 0.000000 0.937600
1.500923 0.000000 0.894700
1.532125 0.000000 0.913300
1.513672 0.000000 0.902300
1.505284 0.000000 0.897300
1.526254 0.000000 0.909800
1.441872 0.000000 0.859500
1.580943 0.000000 0.942400
1.486328 0.000000 0.886000
1.467707 0.000000 0.874900
1.550579 0.000000 0.924300
1.490522 0.000000 0.888500
1.506459 0.000000 0.898000
1.506459 0.000000 0.898000
1.445060 0.000000 0.861400
1.515518 0.000000 0.903400
1.506962 0.000000 0.898300
1.462171 0.000000 0.871600
1.516860 0.000000 0.904200
1.403624 0.000000 0.836700
1.532125 0.000000 0.913300
1.486496 0.000000 0.886100
1.503104 0.000000 0.896000
1.628921 0.000000 0.971000
1.515518 0.000000 0.903400
1.459822 0.000000 0.870200
1.496729 0.000000 0.892200
1.460829 0.000000 0.870800
1.530280 0.000000 0.912200
1.486160 0.000000 0.885900
1.504110 0.000000 0.896600
1.463010 0.000000 0.872100
1.509143 0.000000 0.899600
1.619527 0.000000 0.965400
1.474920 0.000000 0.879200
1.574736 0.000000 0.938700
1.518705 0.000000 0.905300
1.451099 0.000000 0.865000
1.501929 0.000000 0.895300
1.568361 0.000000 0.934900
1.408824 0.000000 0.839800
1.505620 0.000000 0.897500
1.488341 0.000000 0.887200
1.567019 0.000000 0.934100
1.493709 0.000000 0.890400
1.457474 0.000000 0.868800
1.561818 0.000000 0.931000
1.593189 0.000000 0.949700
1.513337 0.000000 0.902100
1.483308 0.000000 0.884200
1.497064 0.000000 0.892400
1.532964 0.000000 0.913800
1.473914 0.000000 0.878600
1.490689 0.000000 0.888600
1.540178 0.000000 0.918100
1.561651 0.000000 0.930900
1.487670 0.000000 0.886800
1.522228 0.000000 0.907400
1.550914 0.000000 0.924500
1.504781 0.000000 0.897000
1.478779 0.000000 0.881500
1.530783 0.000000 0.912500
1.399933 0.000000 0.834500
1.491696 0.000000 0.889200
1.543197 0.000000 0.919900
1.536319 0.000000 0.915800
1.504613 0.000000 0.896900
1.520886 0.000000 0.906600
1.538836 0.000000 0.917300
1.520550 0.000000 0.906400
1.520382 0.000000 0.906300
1.408153 0.000000 0.839400
1.545211 0.000000 0.921100
1.571884 0.000000 0.937000
1.519208 0.000000 0.905600
1.526422 0.000000 0.909900
1.530112 0.000000 0.912100
1.461500 0.000000 0.871200
1.478946 0.000000 0.881600
1.489683 0.000000 0.888000
1.510149 0.000000 0.900200
1.487502 0.000000 0.886700
1.512666 0.000000 0.901700
1.419057 0.000000 0.845900
1.482973 0.000000 0.884000
1.479785 0.000000 0.882100
1.537661 0.000000 0.916600
1.461835 0.000000 0.871400
1.454622 0.000000 0.867100
1.519208 0.000000 0.905600
1.497232 0.000000 0.892500
1.510988 0.000000 0.900700
1.528770 0.000000 0.911300
1.522228 0.000000 0.907400
1.480624 0.000000 0.882600
1.501761 0.000000 0.895200
1.481966 0.000000 0.883400
1.472404 0.000000 0.877700
1.551921 0.000000 0.925100
1.484818 0.000000 0.885100
1.539507 0.000000 0.917700
1.466868 0.000000 0.874400
1.519376 0.000000 0.905700
1.476933 0.000000 0.880400
1.494548 0.000000 0.890900
1.403120 0.000000 0.836400
1.469552 0.000000 0.876000
1.568697 0.000000 0.935100
1.451434 0.000000 0.865200
1.440698 0.000000 0.858800
1.461332 0.000000 0.871100
1.521054 0.000000 0.906700
1.430129 0.000000 0.852500
1.507968 0.000000 0.898900
1.538165 0.000000 0.916900
1.483140 0.000000 0.884100
1.483308 0.000000 0.884200
1.549069 0.000000 0.923400
1.450931 0.000000 0.864900
1.446402 0.000000 0.862200
1.492199 0.000000 0.889500
1.476430 0.000000 0.880100
1.415534 0.000000 0.843800
1.467203 0.000000 0.874600
1.466700 0.000000 0.874300
1.543365 0.000000 0.920000
1.454118 0.000000 0.866800
1.499581 0.000000 0.893900
1.454118 0.000000 0.866800
1.509646 0.000000 0.899900
1.496393 0.000000 0.892000
1.472068 0.000000 0.877500
1.550411 0.000000 0.924200
1.545714 0.000000 0.921400
1.385338 0.000000 0.825800
1.502265 0.000000 0.895500
1.514175 0.000000 0.902600
1.452776 0.000000 0.866000
1.360510 0.000000 0.811000
1.567354 0.000000 0.934300
1.602080 0.000000 0.955000
1.559805 0.000000 0.929800
1.558463 0.000000 0.929000
1.497568 0.000000 0.892700
1.523402 0.000000 0.908100
1.511491 0.000000 0.901000
1.523402 0.000000 0.908100
1.472068 0.000000 0.877500
1.480792 0.000000 0.882700
1.497400 0.000000 0.892600
1.499581 0.000000 0.893900
1.419057 0.000000 0.845900
1.400436 0.000000 0.834800
1.632780 0.000000 0.973300
1.522731 0.000000 0.907700
1.458480 0.000000 0.869400
1.561147 0.000000 0.930600
1.469888 0.000000 0.876200
1.527093 0.000000 0.910300
1.465023 0.000000 0.873300
1.579601 0.000000 0.941600
1.473411 0.000000 0.878300
1.515518 0.000000 0.903400
1.559805 0.000000 0.929800
1.441201 0.000000 0.859100
1.522731 0.000000 0.907700
1.540849 0.000000 0.918500
1.456467 0.000000 0.868200
1.470223 0.000000 0.876400
1.471901 0.000000 0.877400
1.532797 0.000000 0.913700
1.541352 0.000000 0.918800
1.417547 0.000000 0.845000
1.468713 0.000000 0.875500
1.483979 0.000000 0.884600
1.587653 0.000000 0.946400
1.446402 0.000000 0.862200
1.511491 0.000000 0.901000
1.564167 0.000000 0.932400
1.556786 0.000000 0.928000
1.534474 0.000000 0.914700
1.513337 0.000000 0.902100
1.552089 0.000000 0.925200
1.517866 0.000000 0.904800
1.494045 0.000000 0.890600
1.488005 0.000000 0.887000
1.531287 0.000000 0.912800
1.468881 0.000000 0.875600
1.597551 0.000000 0.952300
1.532461 0.000000 0.913500
1.478108 0.000000 0.881100
1.410166 0.000000 0.840600
1.519879 0.000000 0.906000
1.440866 0.000000 0.858900
1.541855 0.000000 0.919100
1.533468 0.000000 0.914100
1.508807 0.000000 0.899400
1.459654 0.000000 0.870100
1.470391 0.000000 0.876500
1.431136 0.000000 0.853100
1.511995 0.000000 0.901300
1.516356 0.000000 0.903900
1.597047 0.000000 0.952000
1.495387 0.000000 0.891400
1.471062 0.000000 0.876900
1.428116 0.000000 0.851300
1.480792 0.000000 0.882700
1.519040 0.000000 0.905500
1.529441 0.000000 0.911700
1.441201 0.000000 0.859100
1.450931 0.000000 0.864900
1.547559 0.000000 0.922500
1.457641 0.000000 0.868900
1.434659 0.000000 0.855200
1.488341 0.000000 0.887200
1.505117 0.000000 0.897200
1.555947 0.000000 0.927500
1.459151 0.000000 0.869800
1.546385 0.000000 0.921800
1.561986 0.000000 0.931100
1.321590 0.000000 0.787800
1.510317 0.000000 0.900300
1.455628 0.000000 0.867700
1.482805 0.000000 0.883900
1.407985 0.000000 0.839300
1.566180 0.000000 0.933600
1.430297 0.000000 0.852600
1.552592 0.000000 0.925500
1.515014 0.000000 0.903100
1.484818 0.000000 0.885100
1.483140 0.000000 0.884100
1.479450 0.000000 0.881900
1.468210 0.000000 0.875200
1.534810 0.000000 0.914900
1.488509 0.000000 0.887300
1.490857 0.000000 0.888700
1.539675 0.000000 0.917800
1.529274 0.000000 0.911600
1.547559 0.000000 0.922500
1.439356 0.000000 0.858000
1.462003 0.000000 0.871500
1.546553 0.000000 0.921900
1.392216 0.000000 0.829900
1.481798 0.000000 0.883300
1.577084 0.000000 0.940100
1.483308 0.000000 0.884200
1.510149 0.000000 0.900200
1.454622 0.000000 0.867100
1.471733 0.000000 0.877300
1.523402 0.000000 0.908100
1.437175 0.000000 0.856700
1.534977 0.000000 0.915000
1.588660 0.000000 0.947000
1.524241 0.000000 0.908600
1.558128 0.000000 0.928800
1.603926 0.000000 0.956100
1.336185 0.000000 0.796500
1.481798 0.000000 0.883300
1.480792 0.000000 0.882700
1.460158 0.000000 0.870400
1.404966 0.000000 0.837500
1.524744 0.000000 0.908900
1.401778 0.000000 0.835600
1.424090 0.000000 0.848900
1.513672 0.000000 0.902300
1.506794 0.000000 0.898200
1.507465 0.000000 0.898600
1.516356 0.000000 0.903900
1.500419 0.000000 0.894400
1.407650 0.000000 0.839100
1.446402 0.000000 0.862200
1.518873 0.000000 0.905400
1.377789 0.000000 0.821300
1.514008 0.000000 0.902500
1.472068 0.000000 0.877500
1.388525 0.000000 0.827700
1.465190 0.000000 0.873400
1.501761 0.000000 0.895200
1.442543 0.000000 0.859900
1.482637 0.000000 0.883800
1.453112 0.000000 0.866200
1.516021 0.000000 0.903700
1.547056 0.000000 0.922200
1.467875 0.000000 0.875000
1.505452 0.000000 0.897400
1.405469 0.000000 0.837800
1.463513 0.000000 0.872400
1.498574 0.000000 0.893300
1.436672 0.000000 0.856400
1.519208 0.000000 0.905600
1.507968 0.000000 0.898900
1.515182 0.000000 0.903200
1.504110 0.000000 0.896600
1.487502 0.000000 0.886700
1.481463 0.000000 0.883100
1.402281 0.000000 0.835900
1.451267 0.000000 0.865100
1.522899 0.000000 0.907800
1.552424 0.000000 0.925400
1.585808 0.000000 0.945300
1.476933 0.000000 0.880400
1.514343 0.000000 0.902700
1.529777 0.000000 0.911900
1.604932 0.000000 0.956700
1.474082 0.000000 0.878700
1.449925 0.000000 0.864300
1.475424 0.000000 0.879500
1.434659 0.000000 0.855200
1.470223 0.000000 0.876400
1.480960 0.000000 0.882800
1.476262 0.000000 0.880000
1.579097 0.000000 0.941300
1.595034 0.000000 0.950800
1.472068 0.000000 0.877500
1.471397 0.000000 0.877100
1.511659 0.000000 0.901100
1.422245 0.000000 0.847800
1.497735 0.000000 0.892800
1.503271 0.000000 0.896100
1.489515 0.000000 0.887900
1.499413 0.000000 0.893800
1.537997 0.000000 0.916800
1.518369 0.000000 0.905100
1.451602 0.000000 0.865300
1.504613 0.000000 0.896900
1.498071 0.000000 0.893000
1.515014 0.000000 0.903100
1.440866 0.000000 0.858900
1.514511 0.000000 0.902800
1.629928 0.000000 0.971600
1.457641 0.000000 0.868900
1.389532 0.000000 0.828300
1.541520 0.000000 0.918900
1.441369 0.000000 0.859200
1.437846 0.000000 0.857100
1.546385 0.000000 0.921800
1.474920 0.000000 0.879200
1.430968 0.000000 0.853000
1.484650 0.000000 0.885000
1.501090 0.000000 0.894800
1.503439 0.000000 0.896200
1.601409 0.000000 0.954600
1.478611 0.000000 0.881400
1.517531 0.000000 0.904600
1.506626 0.000000 0.898100
1.454286 0.000000 0.866900
1.438685 0.000000 0.857600
1.531790 0.000000 0.913100
1.511324 0.000000 0.900900
1.362523 0.000000 0.812200
1.438517 0.000000 0.857500
1.480792 0.000000 0.882700
1.535984 0.000000 0.915600
1.473914 0.000000 0.878600
1.460493 0.000000 0.870600
1.553431 0.000000 0.926000
1.464016 0.000000 0.872700
1.611978 0.000000 0.960900
1.433484 0.000000 0.854500
1.475424 0.000000 0.879500
1.490689 0.000000 0.888600
1.477772 0.000000 0.880900
1.547727 0.000000 0.922600
1.478946 0.000000 0.881600
1.455964 0.000000 0.867900
1.543533 0.000000 0.920100
1.413521 0.000000 0.842600
1.475927 0.000000 0.879800
1.456467 0.000000 0.868200
1.492199 0.000000 0.889500
1.499077 0.000000 0.893600
1.547559 0.000000 0.922500
1.452609 0.000000 0.865900
1.431639 0.000000 0.853400
1.490689 0.000000 0.888600
1.392216 0.000000 0.829900
1.474249 0.000000 0.878800
1.436672 0.000000 0.856400
1.539339 0.000000 0.917600
1.537326 0.000000 0.916400
1.488005 0.000000 0.887000
1.522228 0.000000 0.907400
1.404966 0.000000 0.837500
1.458312 0.000000 0.869300
1.485992 0.000000 0.885800
1.523234 0.000000 0.908000
1.547224 0.000000 0.922300
1.455628 0.000000 0.867700
1.468042 0.000000 0.875100
1.507633 0.000000 0.898700
1.558631 0.000000 0.929100
1.488173 0.000000 0.887100
1.504446 0.000000 0.896800
1.480456 0.000000 0.882500
1.496896 0.000000 0.892300
1.482973 0.000000 0.884000
1.513001 0.000000 0.901900
1.440698 0.000000 0.858800
1.550747 0.000000 0.924400
1.430800 0.000000 0.852900
1.512666 0.000000 0.901700
1.406643 0.000000 0.838500
1.574904 0.000000 0.938800
1.490689 0.000000 0.888600
1.485657 0.000000 0.885600
1.535816 0.000000 0.915500
1.450931 0.000000 0.864900
1.499077 0.000000 0.893600
1.450763 0.000000 0.864800
1.526589 0.000000 0.910000
1.376447 0.000000 0.820500
1.322765 0.000000 0.788500
1.530951 0.000000 0.912600
1.404966 0.000000 0.837500
1.533132 0.000000 0.913900
1.419728 0.000000 0.846300
1.505284 0.000000 0.897300
1.557289 0.000000 0.928300
1.576246 0.000000 0.939600
1.512330 0.000000 0.901500
1.434826 0.000000 0.855300
1.494883 0.000000 0.891100
1.420735 0.000000 0.846900
1.506626 0.000000 0.898100
1.550579 0.000000 0.924300
1.426606 0.000000 0.850400
1.418218 0.000000 0.845400
1.494548 0.000000 0.890900
1.458816 0.000000 0.869600
1.528938 0.000000 0.911400
1.459487 0.000000 0.870000
1.566683 0.000000 0.933900
1.481463 0.000000 0.883100
1.477269 0.000000 0.880600
1.469049 0.000000 0.875700
1.435162 0.000000 0.855500
1.496729 0.000000 0.892200
1.540849 0.000000 0.918500
1.446905 0.000000 0.862500
1.411676 0.000000 0.841500
1.498742 0.000000 0.893400
1.450931 0.000000 0.864900
1.542862 0.000000 0.919700
1.425600 0.000000 0.849800
1.425935 0.000000 0.850000
1.479618 0.000000 0.882000
1.431975 0.000000 0.853600
1.464016 0.000000 0.872700
1.554102 0.000000 0.926400
1.536319 0.000000 0.915800
1.522731 0.000000 0.907700
1.527093 0.000000 0.910300
1.491025 0.000000 0.888800
1.460996 0.000000 0.870900
1.432478 0.000000 0.853900
1.322261 0.000000 0.788200
1.372588 0.000000 0.818200
1.482805 0.000000 0.883900
1.482302 0.000000 0.883600
1.494045 0.000000 0.890600
1.503104 0.000000 0.896000
1.428955 0.000000 0.851800
1.468881 0.000000 0.875600
1.409327 0.000000 0.840100
1.380305 0.000000 0.822800
1.428955 0.000000 0.851800
1.450596 0.000000 0.864700
1.493374 0.000000 0.890200
1.465358 0.000000 0.873500
1.443885 0.000000 0.860700
1.451434 0.000000 0.865200
1.446234 0.000000 0.862100
1.537158 0.000000 0.916300
1.486999 0.000000 0.886400
1.499748 0.000000 0.894000
1.443046 0.000000 0.860200
1.422580 0.000000 0.848000
1.486999 0.000000 0.886400
1.480289 0.000000 0.882400
1.453615 0.000000 0.866500
1.526254 0.000000 0.909800
1.530951 0.000000 0.912600
1.466532 0.000000 0.874200
1.463345 0.000000 0.872300
1.474082 0.000000 0.878700
1.427781 0.000000 0.851100
1.396913 0.000000 0.832700
1.555611 0.000000 0.927300
1.477101 0.000000 0.880500
1.473914 0.000000 0.878600
1.430800 0.000000 0.852900
1.509143 0.000000 0.899600
1.465190 0.000000 0.873400
1.544036 0.000000 0.920400
1.557792 0.000000 0.928600
1.517027 0.000000 0.904300
1.466868 0.000000 0.874400
1.412682 0.000000 0.842100
1.493038 0.000000 0.890000
1.560812 0.000000 0.930400
1.500419 0.000000 0.894400
1.437175 0.000000 0.856700
1.376447 0.000000 0.820500
1.521557 0.000000 0.907000
1.487502 0.000000 0.886700
1.480289 0.000000 0.882400
1.482805 0.000000 0.883900
1.433820 0.000000 0.854700
1.514175 0.000000 0.902600
1.509143 0.000000 0.899600
1.460325 0.000000 0.870500
1.479282 0.000000 0.881800
1.420903 0.000000 0.847000
1.433820 0.000000 0.854700
1.509143 0.000000 0.899600
1.478108 0.000000 0.881100
1.441704 0.000000 0.859400
1.434994 0.000000 0.855400
1.489515 0.000000 0.887900
1.485153 0.000000 0.885300
1.416709 0.000000 0.844500
1.440698 0.000000 0.858800
1.529441 0.000000 0.911700
1.418218 0.000000 0.845400
1.526422 0.000000 0.909900
1.584466 0.000000 0.944500
1.462003 0.000000 0.871500
1.499077 0.000000 0.893600
1.460996 0.000000 0.870900
1.513169 0.000000 0.902000
1.317229 0.000000 0.785200
1.547056 0.000000 0.922200
1.497735 0.000000 0.892800
1.521892 0.000000 0.907200
1.475088 0.000000 0.879300
1.471397 0.000000 0.877100
1.442879 0.000000 0.860100
1.472068 0.000000 0.877500
1.506459 0.000000 0.898000
1.417044 0.000000 0.844700
1.411844 0.000000 0.841600
1.466029 0.000000 0.873900
1.498574 0.000000 0.893300
1.515685 0.000000 0.903500
1.475424 0.000000 0.879500
1.395068 0.000000 0.831600
1.462003 0.000000 0.871500
1.582117 0.000000 0.943100
1.484818 0.000000 0.885100
1.366046 0.000000 0.814300
1.485489 0.000000 0.885500
1.419225 0.000000 0.846000
1.500419 0.000000 0.894400
1.456970 0.000000 0.868500
1.454118 0.000000 0.866800
1.502768 0.000000 0.895800
1.499748 0.000000 0.894000
1.443550 0.000000 0.860500
1.467371 0.000000 0.874700
1.452776 0.000000 0.866000
1.583291 0.000000 0.943800
1.517027 0.000000 0.904300
1.482805 0.000000 0.883900
1.462003 0.000000 0.871500
1.509143 0.000000 0.899600
1.398255 0.000000 0.833500
1.455293 0.000000 0.867500
1.432813 0.000000 0.854100
1.432981 0.000000 0.854200
1.386848 0.000000 0.826700
1.460158 0.000000 0.870400
1.476766 0.000000 0.880300
1.491361 0.000000 0.889000
1.473578 0.000000 0.878400
1.520718 0.000000 0.906500
1.502768 0.000000 0.895800
1.539171 0.000000 0.917500
1.486831 0.000000 0.886300
1.488676 0.000000 0.887400
1.489180 0.000000 0.887700
1.527261 0.000000 0.910400
1.493709 0.000000 0.890400
1.521054 0.000000 0.906700
1.531454 0.000000 0.912900
1.436504 0.000000 0.856300
1.514679 0.000000 0.902900
1.516021 0.000000 0.903700
1.562657 0.000000 0.931500
1.461332 0.000000 0.871100
1.472572 0.000000 0.877800
1.438685 0.000000 0.857600
1.483811 0.000000 0.884500
1.544372 0.000000 0.920600
1.393558 0.000000 0.830700
1.405637 0.000000 0.837900
1.394229 0.000000 0.831100
1.515014 0.000000 0.903100
1.472236 0.000000 0.877600
1.401275 0.000000 0.835300
1.473578 0.000000 0.878400
1.496896 0.000000 0.892300
1.414024 0.000000 0.842900
1.500755 0.000000 0.894600
1.372756 0.000000 0.818300
1.460996 0.000000 0.870900
1.541184 0.000000 0.918700
1.489180 0.000000 0.887700
1.541017 0.000000 0.918600
1.532629 0.000000 0.913600
1.439691 0.000000 0.858200
1.461500 0.000000 0.871200
1.403120 0.000000 0.836400
1.472572 0.000000 0.877800
1.504278 0.000000 0.896700
1.415367 0.000000 0.843700
1.498406 0.000000 0.893200
1.421238 0.000000 0.847200
1.421070 0.000000 0.847100
1.440362 0.000000 0.858600
1.416373 0.000000 0.844300
1.500587 0.000000 0.894500
1.514511 0.000000 0.902800
1.511156 0.000000 0.900800
1.565845 0.000000 0.933400
1.401443 0.000000 0.835400
1.503607 0.000000 0.896300
1.532797 0.000000 0.913700
1.445395 0.000000 0.861600
1.484315 0.000000 0.884800
1.509982 0.000000 0.900100
1.476095 0.000000 0.879900
1.534306 0.000000 0.914600
1.492199 0.000000 0.889500
1.415534 0.000000 0.843800
1.436839 0.000000 0.856500
1.474082 0.000000 0.878700
1.484650 0.000000 0.885000
1.484315 0.000000 0.884800
1.477604 0.000000 0.880800
1.423251 0.000000 0.848400
1.455460 0.000000 0.867600
1.480792 0.000000 0.882700
1.518369 0.000000 0.905100
1.481631 0.000000 0.883200
1.477101 0.000000 0.880500
1.447073 0.000000 0.862600
1.343567 0.000000 0.800900
1.406140 0.000000 0.838200
1.510317 0.000000 0.900300
1.464016 0.000000 0.872700
1.423419 0.000000 0.848500
1.522228 0.000000 0.907400
1.471901 0.000000 0.877400
1.498071 0.000000 0.893000
1.456635 0.000000 0.868300
1.548398 0.000000 0.923000
1.502097 0.000000 0.895400
1.525415 0.000000 0.909300
1.478275 0.000000 0.881200
1.541352 0.000000 0.918800
1.412179 0.000000 0.841800
1.463848 0.000000 0.872600
1.455125 0.000000 0.867400
1.554940 0.000000 0.926900
1.453447 0.000000 0.866400
1.474753 0.000000 0.879100
1.521725 0.000000 0.907100
1.431136 0.000000 0.853100
1.496393 0.000000 0.892000
1.401275 0.000000 0.835300
1.457809 0.000000 0.869000
1.517698 0.000000 0.904700
1.464184 0.000000 0.872800
1.475759 0.000000 0.879700
1.519544 0.000000 0.905800
1.470559 0.000000 0.876600
1.506291 0.000000 0.897900
1.484650 0.000000 0.885000
1.490018 0.000000 0.888200
1.479114 0.000000 0.881700
1.449925 0.000000 0.864300
1.495722 0.000000 0.891600
1.465023 0.000000 0.873300
1.551082 0.000000 0.924600
1.441872 0.000000 0.859500
1.514847 0.000000 0.903000
1.524912 0.000000 0.909000
1.383660 0.000000 0.824800
1.588156 0.000000 0.946700
1.532629 0.000000 0.913600
1.470559 0.000000 0.876600
1.422245 0.000000 0.847800
1.517195 0.000000 0.904400
1.422580 0.000000 0.848000
1.524241 0.000000 0.908600
1.545378 0.000000 0.921200
1.428452 0.000000 0.851500
1.474249 0.000000 0.878800
1.496393 0.000000 0.892000
1.431303 0.000000 0.853200
1.448582 0.000000 0.863500
1.383157 0.000000 0.824500
1.487502 0.000000 0.886700
1.448750 0.000000 0.863600
1.454286 0.000000 0.866900
1.519711 0.000000 0.905900
1.508639 0.000000 0.899300
1.495051 0.000000 0.891200
1.546217 0.000000 0.921700
1.436336 0.000000 0.856200
1.437007 0.000000 0.856600
1.483811 0.000000 0.884500
1.513169 0.000000 0.902000
1.502600 0.000000 0.895700
1.382654 0.000000 0.824200
1.554269 0.000000 0.926500
1.556450 0.000000 0.927800
1.516356 0.000000 0.903900
1.432142 0.000000 0.853700
1.496896 0.000000 0.892300
1.524241 0.000000 0.908600
1.494716 0.000000 0.891000
1.479450 0.000000 0.881900
1.413689 0.000000 0.842700
1.513504 0.000000 0.902200
1.471230 0.000000 0.877000
1.489347 0.000000 0.887800
1.414863 0.000000 0.843400
1.514847 0.000000 0.903000
1.485825 0.000000 0.885700
1.460829 0.000000 0.870800
1.553263 0.000000 0.925900
1.447576 0.000000 0.862900
1.436839 0.000000 0.856500
1.443214 0.000000 0.860300
1.384667 0.000000 0.825400
1.379467 0.000000 0.822300
1.531622 0.000000 0.913000
1.511491 0.000000 0.901000
1.515182 0.000000 0.903200
1.529945 0.000000 0.912000
1.405972 0.000000 0.838100
1.466029 0.000000 0.873900
1.427277 0.000000 0.850800
1.424090 0.000000 0.848900
1.484315 0.000000 0.884800
1.458312 0.000000 0.869300
1.424090 0.000000 0.848900
1.433820 0.000000 0.854700
1.567858 0.000000 0.934600
1.462003 0.000000 0.871500
1.520047 0.000000 0.906100
1.455125 0.000000 0.867400
1.429626 0.000000 0.852200
1.510149 0.000000 0.900200
1.480960 0.000000 0.882800
1.481295 0.000000 0.883000
1.452776 0.000000 0.866000
1.370408 0.000000 0.816900
1.521221 0.000000 0.906800
1.428452 0.000000 0.851500
1.457809 0.000000 0.869000
1.468881 0.000000 0.875600
1.472907 0.000000 0.878000
1.462003 0.000000 0.871500
1.515853 0.000000 0.903600
1.489347 0.000000 0.887800
1.492535 0.000000 0.889700
1.471230 0.000000 0.877000
1.534474 0.000000 0.914700
1.393390 0.000000 0.830600
1.466868 0.000000 0.874400
1.511491 0.000000 0.901000
1.485992 0.000000 0.885800
1.420064 0.000000 0.846500
1.465694 0.000000 0.873700
1.464519 0.000000 0.873000
1.526925 0.000000 0.910200
1.469049 0.000000 0.875700
1.300117 0.000000 0.775000
1.548062 0.000000 0.922800
1.469384 0.000000 0.875900
1.480792 0.000000 0.882700
1.523234 0.000000 0.908000
1.386345 0.000000 0.826400
1.506794 0.000000 0.898200
1.430800 0.000000 0.852900
1.402114 0.000000 0.835800
1.439020 0.000000 0.857800
1.484986 0.000000 0.885200
1.415870 0.000000 0.844000
1.459151 0.000000 0.869800
1.512162 0.000000 0.901400
1.462842 0.000000 0.872000
1.389532 0.000000 0.828300
1.455796 0.000000 0.867800
1.427277 0.000000 0.850800
1.448582 0.000000 0.863500
1.434994 0.000000 0.855400
1.465861 0.000000 0.873800
1.459654 0.000000 0.870100
1.491193 0.000000 0.888900
1.438182 0.000000 0.857300
1.541855 0.000000 0.919100
1.461835 0.000000 0.871400
1.452944 0.000000 0.866100
1.495890 0.000000 0.891700
1.484818 0.000000 0.885100
1.556954 0.000000 0.928100
1.497064 0.000000 0.892400
1.507633 0.000000 0.898700
1.469217 0.000000 0.875800
1.474249 0.000000 0.878800
1.398088 0.000000 0.833400
1.483644 0.000000 0.884400
1.478443 0.000000 0.881300
1.507968 0.000000 0.898900
1.504949 0.000000 0.897100
1.509814 0.000000 0.900000
1.409327 0.000000 0.840100
1.429961 0.000000 0.852400
1.450931 0.000000 0.864900
1.455796 0.000000 0.867800
1.477604 0.000000 0.880800
1.395571 0.000000 0.831900
1.499748 0.000000 0.894000
1.512330 0.000000 0.901500
1.324610 0.000000 0.789600
1.448415 0.000000 0.863400
1.503607 0.000000 0.896300
1.495554 0.000000 0.891500
1.401778 0.000000 0.835600
1.522396 0.000000 0.907500
1.460158 0.000000 0.870400
1.420399 0.000000 0.846700
1.517531 0.000000 0.904600
1.500084 0.000000 0.894200
1.521892 0.000000 0.907200
1.485153 0.000000 0.885300
1.399262 0.000000 0.834100
1.439524 0.000000 0.858100
1.539171 0.000000 0.917500
1.536152 0.000000 0.915700
1.434659 0.000000 0.855200
1.411005 0.000000 0.841100
1.408992 0.000000 0.839900
1.415534 0.000000 0.843800
1.532293 0.000000 0.913400
1.461668 0.000000 0.871300
1.480121 0.000000 0.882300
1.452609 0.000000 0.865900
1.505955 0.000000 0.897700
1.489180 0.000000 0.887700
1.474249 0.000000 0.878800
1.382654 0.000000 0.824200
1.408824 0.000000 0.839800
1.585137 0.000000 0.944900
1.548398 0.000000 0.923000
1.455293 0.000000 0.867500
1.472739 0.000000 0.877900
1.487838 0.000000 0.886900
1.530112 0.000000 0.912100
1.498910 0.000000 0.893500
1.470391 0.000000 0.876500
1.560141 0.000000 0.930000
1.481631 0.000000 0.883200
1.446905 0.000000 0.862500
1.538668 0.000000 0.917200
1.427781 0.000000 0.851100
1.548062 0.000000 0.922800
1.526925 0.000000 0.910200
1.467707 0.000000 0.874900
1.480121 0.000000 0.882300
1.482469 0.000000 0.883700
1.391881 0.000000 0.829700
1.437510 0.000000 0.856900
1.426103 0.000000 0.850100
1.566012 0.000000 0.933500
1.560812 0.000000 0.930400
1.449253 0.000000 0.863900
1.517698 0.000000 0.904700
1.561315 0.000000 0.930700
1.461835 0.000000 0.871400
1.489180 0.000000 0.887700
1.490522 0.000000 0.888500
1.528099 0.000000 0.910900
1.501090 0.000000 0.894800
1.526254 0.000000 0.909800
1.449589 0.000000 0.864100
1.569535 0.000000 0.935600
1.467203 0.000000 0.874600
1.477269 0.000000 0.880600
1.473914 0.000000 0.878600
1.485153 0.000000 0.885300
1.556450 0.000000 0.927800
1.486160 0.000000 0.885900
1.459487 0.000000 0.870000
1.433484 0.000000 0.854500
1.549572 0.000000 0.923700
1.485992 0.000000 0.885800
1.473578 0.000000 0.878400
1.420735 0.000000 0.846900
1.488173 0.000000 0.887100
1.447073 0.000000 0.862600
1.587653 0.000000 0.946400
1.463513 0.000000 0.872400
1.462003 0.000000 0.871500
1.476598 0.000000 0.880200
1.462674 0.000000 0.871900
1.453447 0.000000 0.866400
1.480792 0.000000 0.882700
1.440195 0.000000 0.858500
1.427110 0.000000 0.850700
1.457809 0.000000 0.869000
1.433317 0.000000 0.854400
1.461835 0.000000 0.871400
1.414696 0.000000 0.843300
1.481463 0.000000 0.883100
1.550243 0.000000 0.924100
1.464184 0.000000 0.872800
1.481295 0.000000 0.883000
1.465190 0.000000 0.873400
1.490522 0.000000 0.888500
1.490018 0.000000 0.888200
1.455293 0.000000 0.867500
1.460493 0.000000 0.870600
1.407817 0.000000 0.839200
1.496729 0.000000 0.892200
1.579097 0.000000 0.941300
1.491528 0.000000 0.889100
1.497232 0.000000 0.892500
1.520886 0.000000 0.906600
1.407817 0.000000 0.839200
1.496225 0.000000 0.891900
1.482302 0.000000 0.883600
1.468546 0.000000 0.875400
1.563496 0.000000 0.932000
1.520215 0.000000 0.906200
1.386345 0.000000 0.826400
1.565341 0.000000 0.933100
1.551585 0.000000 0.924900
1.519544 0.000000 0.905800
1.465358 0.000000 0.873500
1.501594 0.000000 0.895100
1.455460 0.000000 0.867600
1.467036 0.000000 0.874500
1.422245 0.000000 0.847800
1.434491 0.000000 0.855100
1.509311 0.000000 0.899700
1.546049 0.000000 0.921600
1.445731 0.000000 0.861800
1.440027 0.000000 0.858400
1.409831 0.000000 0.840400
1.449589 0.000000 0.864100
1.416205 0.000000 0.844200
1.442879 0.000000 0.860100
1.415367 0.000000 0.843700
1.425264 0.000000 0.849600
1.523402 0.000000 0.908100
1.476933 0.000000 0.880400
1.483140 0.000000 0.884100
1.493374 0.000000 0.890200
1.484147 0.000000 0.884700
1.525415 0.000000 0.909300
1.451099 0.000000 0.865000
1.492199 0.000000 0.889500
1.464687 0.000000 0.873100
1.469217 0.000000 0.875800
1.486496 0.000000 0.886100
1.489851 0.000000 0.888100
1.418218 0.000000 0.845400
1.503942 0.000000 0.896500
1.450931 0.000000 0.864900
1.510653 0.000000 0.900500
1.483644 0.000000 0.884400
1.443046 0.000000 0.860200
1.526086 0.000000 0.909700
1.440698 0.000000 0.858800
1.535481 0.000000 0.915300
1.486999 0.000000 0.886400
1.504110 0.000000 0.896600
1.405804 0.000000 0.838000
1.503607 0.000000 0.896300
1.523234 0.000000 0.908000
1.494716 0.000000 0.891000
1.452944 0.000000 0.866100
1.510653 0.000000 0.900500
1.441033 0.000000 0.859000
1.456635 0.000000 0.868300
1.572387 0.000000 0.937300
1.566012 0.000000 0.933500
1.442208 0.000000 0.859700
1.497064 0.000000 0.892400
1.632780 0.000000 0.973300
1.468210 0.000000 0.875200
1.434155 0.000000 0.854900
1.419393 0.000000 0.846100
1.395739 0.000000 0.832000
1.401443 0.000000 0.835400
1.456299 0.000000 0.868100
1.464352 0.000000 0.872900
1.502768 0.000000 0.895800
1.531287 0.000000 0.912800
1.537829 0.000000 0.916700
1.371414 0.000000 0.817500
1.463010 0.000000 0.872100
1.549572 0.000000 0.923700
1.463681 0.000000 0.872500
1.511995 0.000000 0.901300
1.471230 0.000000 0.877000
1.374434 0.000000 0.819300
1.487670 0.000000 0.886800
1.514343 0.000000 0.902700
1.411173 0.000000 0.841200
1.485489 0.000000 0.885500
1.501761 0.000000 0.895200
1.427445 0.000000 0.850900
1.390706 0.000000 0.829000
1.422748 0.000000 0.848100
1.518873 0.000000 0.905400
1.418051 0.000000 0.845300
1.463681 0.000000 0.872500
1.414024 0.000000 0.842900
1.519544 0.000000 0.905800
1.430968 0.000000 0.853000
1.456299 0.000000 0.868100
1.479282 0.000000 0.881800
1.450931 0.000000 0.864900
1.495051 0.000000 0.891200
1.412515 0.000000 0.842000
1.497232 0.000000 0.892500
1.495051 0.000000 0.891200
1.574904 0.000000 0.938800
1.408489 0.000000 0.839600
1.455460 0.000000 0.867600
1.495219 0.000000 0.891300
1.503104 0.000000 0.896000
1.519879 0.000000 0.906000
1.468546 0.000000 0.875400
1.436504 0.000000 0.856300
1.591344 0.000000 0.948600
1.449086 0.000000 0.863800
1.467371 0.000000 0.874700
1.519879 0.000000 0.906000
1.516524 0.000000 0.904000
1.450092 0.000000 0.864400
1.402953 0.000000 0.836300
1.437678 0.000000 0.857000
1.488676 0.000000 0.887400
1.464352 0.000000 0.872900
1.467707 0.000000 0.874900
1.460996 0.000000 0.870900
1.541184 0.000000 0.918700
1.510485 0.000000 0.900400
1.535145 0.000000 0.915100
1.470726 0.000000 0.876700
1.516692 0.000000 0.904100
1.479785 0.000000 0.882100
1.422077 0.000000 0.847700
1.466868 0.000000 0.874400
1.556450 0.000000 0.927800
1.471901 0.000000 0.877400
1.469720 0.000000 0.876100
1.509982 0.000000 0.900100
1.480960 0.000000 0.882800
1.449086 0.000000 0.863800
1.505620 0.000000 0.897500
1.483979 0.000000 0.884600
1.495219 0.000000 0.891300
1.543533 0.000000 0.920100
1.512666 0.000000 0.901700
1.535145 0.000000 0.915100
1.464519 0.000000 0.873000
1.473243 0.000000 0.878200
1.438182 0.000000 0.857300
1.551418 0.000000 0.924800
1.550411 0.000000 0.924200
1.579768 0.000000 0.941700
1.504781 0.000000 0.897000
1.466700 0.000000 0.874300
1.494883 0.000000 0.891100
1.420903 0.000000 0.847000
1.420735 0.000000 0.846900
1.500923 0.000000 0.894700
1.524073 0.000000 0.908500
1.417380 0.000000 0.844900
1.435330 0.000000 0.855600
1.413521 0.000000 0.842600
1.496729 0.000000 0.892200
1.514847 0.000000 0.903000
1.369401 0.000000 0.816300
1.517698 0.000000 0.904700
1.426271 0.000000 0.850200
1.512833 0.000000 0.901800
1.469217 0.000000 0.875800
1.437678 0.000000 0.857000
1.468713 0.000000 0.875500
1.418386 0.000000 0.845500
1.493709 0.000000 0.890400
1.479618 0.000000 0.882000
1.362355 0.000000 0.812100
1.524241 0.000000 0.908600
1.528603 0.000000 0.911200
1.496225 0.000000 0.891900
1.401946 0.000000 0.835700
1.482637 0.000000 0.883800
1.459822 0.000000 0.870200
1.526925 0.000000 0.910200
1.438517 0.000000 0.857500
1.515182 0.000000 0.903200
1.471733 0.000000 0.877300
1.447911 0.000000 0.863100
1.438853 0.000000 0.857700
1.410669 0.000000 0.840900
1.423083 0.000000 0.848300
1.436001 0.000000 0.856000
1.404630 0.000000 0.837300
1.530112 0.000000 0.912100
1.529441 0.000000 0.911700
1.418554 0.000000 0.845600
1.536487 0.000000 0.915900
1.455796 0.000000 0.867800
1.493206 0.000000 0.890100
1.449589 0.000000 0.864100
1.526589 0.000000 0.910000
1.519040 0.000000 0.905500
1.400604 0.000000 0.834900
1.402449 0.000000 0.836000
1.502768 0.000000 0.895800
1.495051 0.000000 0.891200
1.476598 0.000000 0.880200
1.485825 0.000000 0.885700
1.531454 0.000000 0.912900
1.456299 0.000000 0.868100
1.434323 0.000000 0.855000
1.533132 0.000000 0.913900
1.477101 0.000000 0.880500
1.492032 0.000000 0.889400
1.450092 0.000000 0.864400
1.513337 0.000000 0.902100
1.459319 0.000000 0.869900
1.371079 0.000000 0.817300
1.329307 0.000000 0.792400
1.372085 0.000000 0.817900
1.370240 0.000000 0.816800
1.515853 0.000000 0.903600
1.561147 0.000000 0.930600
1.439188 0.000000 0.857900
1.531622 0.000000 0.913000
1.439188 0.000000 0.857900
1.403624 0.000000 0.836700
1.483979 0.000000 0.884600
1.505284 0.000000 0.897300
1.471565 0.000000 0.877200
1.576413 0.000000 0.939700
1.486496 0.000000 0.886100
1.426606 0.000000 0.850400
1.415870 0.000000 0.844000
1.485321 0.000000 0.885400
1.549069 0.000000 0.923400
1.588492 0.000000 0.946900
1.430968 0.000000 0.853000
1.560309 0.000000 0.930100
1.548733 0.000000 0.923200
1.571716 0.000000 0.936900
1.452944 0.000000 0.866100
1.437678 0.000000 0.857000
1.555108 0.000000 0.927000
1.525751 0.000000 0.909500
1.492199 0.000000 0.889500
1.464352 0.000000 0.872900
1.630431 0.000000 0.971900
1.522396 0.000000 0.907500
1.478108 0.000000 0.881100
1.478611 0.000000 0.881400
1.457138 0.000000 0.868600
1.571716 0.000000 0.936900
1.536823 0.000000 0.916100
1.346586 0.000000 0.802700
1.414863 0.000000 0.843400
1.552760 0.000000 0.925600
1.552089 0.000000 0.925200
1.579936 0.000000 0.941800
1.499413 0.000000 0.893800
1.538332 0.000000 0.917000
1.453615 0.000000 0.866500
1.523402 0.000000 0.908100
1.455628 0.000000 0.867700
1.488005 0.000000 0.887000
1.444389 0.000000 0.861000
1.503942 0.000000 0.896500
1.583291 0.000000 0.943800
1.460829 0.000000 0.870800
1.441369 0.000000 0.859200
1.494045 0.000000 0.890600
1.422245 0.000000 0.847800
1.494380 0.000000 0.890800
1.502600 0.000000 0.895700
1.464184 0.000000 0.872800
1.530951 0.000000 0.912600
1.553598 0.000000 0.926100
1.487670 0.000000 0.886800
1.495219 0.000000 0.891300
1.390371 0.000000 0.828800
1.416373 0.000000 0.844300
1.516692 0.000000 0.904100
1.518369 0.000000 0.905100
1.534139 0.000000 0.914500
1.485321 0.000000 0.885400
1.416373 0.000000 0.844300
1.469552 0.000000 0.876000
1.473578 0.000000 0.878400
1.458816 0.000000 0.869600
1.505955 0.000000 0.897700
1.426942 0.000000 0.850600
1.484986 0.000000 0.885200
1.478779 0.000000 0.881500
1.426942 0.000000 0.850600
1.499581 0.000000 0.893900
1.560812 0.000000 0.930400
1.431807 0.000000 0.853500
1.439020 0.000000 0.857800
1.479450 0.000000 0.881900
1.489515 0.000000 0.887900
1.530112 0.000000 0.912100
1.447073 0.000000 0.862600
1.494716 0.000000 0.891000
1.468210 0.000000 0.875200
1.445731 0.000000 0.861800
1.471062 0.000000 0.876900
1.518034 0.000000 0.904900
1.401275 0.000000 0.835300
1.460996 0.000000 0.870900
1.468042 0.000000 0.875100
1.479785 0.000000 0.882100
1.400604 0.000000 0.834900
1.486663 0.000000 0.886200
1.534977 0.000000 0.915000
1.458816 0.000000 0.869600
1.531454 0.000000 0.912900
1.514511 0.000000 0.902800
1.462506 0.000000 0.871800
1.495051 0.000000 0.891200
1.592686 0.000000 0.949400
1.451434 0.000000 0.865200
1.427277 0.000000 0.850800
1.506962 0.000000 0.898300
1.458983 0.000000 0.869700
1.503439 0.000000 0.896200
1.430632 0.000000 0.852800
1.421070 0.000000 0.847100
1.548398 0.000000 0.923000
1.485153 0.000000 0.885300
1.482134 0.000000 0.883500
1.551753 0.000000 0.925000
1.512833 0.000000 0.901800
1.474585 0.000000 0.879000
1.452273 0.000000 0.865700
1.420735 0.000000 0.846900
1.392887 0.000000 0.830300
1.478275 0.000000 0.881200
1.520215 0.000000 0.906200
1.484650 0.000000 0.885000
1.440866 0.000000 0.858900
1.448415 0.000000 0.863400
1.543533 0.000000 0.920100
1.478946 0.000000 0.881600
1.524241 0.000000 0.908600
1.544875 0.000000 0.920900
1.466700 0.000000 0.874300
1.521725 0.000000 0.907100
1.438349 0.000000 0.857400
1.549740 0.000000 0.923800
1.524409 0.000000 0.908700
1.461668 0.000000 0.871300
1.517531 0.000000 0.904600
1.504613 0.000000 0.896900
1.479450 0.000000 0.881900
1.442208 0.000000 0.859700
1.526757 0.000000 0.910100
1.458648 0.000000 0.869500
1.399597 0.000000 0.834300
1.558296 0.000000 0.928900
1.504781 0.000000 0.897000
1.528435 0.000000 0.911100
1.508304 0.000000 0.899100
1.470391 0.000000 0.876500
1.519544 0.000000 0.905800
1.512498 0.000000 0.901600
1.528938 0.000000 0.911400
1.592518 0.000000 0.949300
1.451602 0.000000 0.865300
1.439188 0.000000 0.857900
1.439188 0.000000 0.857900
1.472907 0.000000 0.878000
1.446066 0.000000 0.862000
1.499748 0.000000 0.894000
1.438517 0.000000 0.857500
1.490018 0.000000 0.888200
1.472404 0.000000 0.877700
1.530616 0.000000 0.912400
1.459151 0.000000 0.869800
1.469217 0.000000 0.875800
1.539842 0.000000 0.917900
1.510988 0.000000 0.900700
1.388693 0.000000 0.827800
1.640329 0.000000 0.977800
1.461500 0.000000 0.871200
1.529609 0.000000 0.911800
1.517363 0.000000 0.904500
1.453112 0.000000 0.866200
1.522228 0.000000 0.907400
1.574904 0.000000 0.938800
1.493877 0.000000 0.890500
1.421574 0.000000 0.847400
1.524744 0.000000 0.908900
1.458648 0.000000 0.869500
1.474920 0.000000 0.879200
1.489012 0.000000 0.887600
1.395571 0.000000 0.831900
1.458145 0.000000 0.869200
1.567690 0.000000 0.934500
1.534474 0.000000 0.914700
1.465023 0.000000 0.873300
1.518369 0.000000 0.905100
1.511995 0.000000 0.901300
1.464352 0.000000 0.872900
1.535648 0.000000 0.915400
1.547727 0.000000 0.922600
1.451099 0.000000 0.865000
1.539842 0.000000 0.917900
1.543533 0.000000 0.920100
1.432142 0.000000 0.853700
1.516692 0.000000 0.904100
1.471230 0.000000 0.877000
1.453951 0.000000 0.866700
1.508807 0.000000 0.899400
1.459654 0.000000 0.870100
1.483979 0.000000 0.884600
1.472068 0.000000 0.877500
1.407985 0.000000 0.839300
1.561483 0.000000 0.930800
1.547727 0.000000 0.922600
1.492870 0.000000 0.889900
1.503271 0.000000 0.896100
1.505452 0.000000 0.897400
1.524744 0.000000 0.908900
1.421909 0.000000 0.847600
1.437678 0.000000 0.857000
1.492703 0.000000 0.889800
1.401443 0.000000 0.835400
1.434155 0.000000 0.854900
1.425432 0.000000 0.849700
1.520382 0.000000 0.906300
1.560309 0.000000 0.930100
1.485321 0.000000 0.885400
1.496561 0.000000 0.892100
1.445563 0.000000 0.861700
1.453615 0.000000 0.866500
1.396074 0.000000 0.832200
1.331824 0.000000 0.793900
1.521892 0.000000 0.907200
1.422412 0.000000 0.847900
1.366885 0.000000 0.814800
1.474417 0.000000 0.878900
1.514175 0.000000 0.902600
1.384331 0.000000 0.825200
1.541855 0.000000 0.919100
1.481295 0.000000 0.883000
1.462842 0.000000 0.872000
1.456132 0.000000 0.868000
1.553766 0.000000 0.926200
1.323268 0.000000 0.788800
1.446066 0.000000 0.862000
1.424929 0.000000 0.849400
1.446569 0.000000 0.862300
1.469552 0.000000 0.876000
1.496393 0.000000 0.892000
1.543868 0.000000 0.920300
1.452609 0.000000 0.865900
1.438182 0.000000 0.857300
1.442879 0.000000 0.860100
1.482637 0.000000 0.883800
1.476430 0.000000 0.880100
1.339037 0.000000 0.798200
1.506459 0.000000 0.898000
1.583291 0.000000 0.943800
1.433652 0.000000 0.854600
1.419728 0.000000 0.846300
1.571548 0.000000 0.936800
1.448918 0.000000 0.863700
1.516524 0.000000 0.904000
1.432310 0.000000 0.853800
1.513672 0.000000 0.902300
1.514343 0.000000 0.902700
1.498574 0.000000 0.893300
1.496393 0.000000 0.892000
1.555444 0.000000 0.927200
1.448247 0.000000 0.863300
1.476766 0.000000 0.880300
1.448582 0.000000 0.863500
1.465861 0.000000 0.873800
1.506962 0.000000 0.898300
1.516860 0.000000 0.904200
1.511156 0.000000 0.900800
1.537997 0.000000 0.916800
1.442711 0.000000 0.860000
1.564503 0.000000 0.932600
1.445731 0.000000 0.861800
1.466700 0.000000 0.874300
1.435833 0.000000 0.855900
1.414360 0.000000 0.843100
1.463010 0.000000 0.872100
1.447744 0.000000 0.863000
1.406811 0.000000 0.838600
1.440362 0.000000 0.858600
1.377957 0.000000 0.821400
1.462842 0.000000 0.872000
1.429626 0.000000 0.852200
1.478275 0.000000 0.881200
1.473914 0.000000 0.878600
1.505788 0.000000 0.897600
1.490522 0.000000 0.888500
1.524409 0.000000 0.908700
1.522060 0.000000 0.907300
1.385841 0.000000 0.826100
1.525583 0.000000 0.909400
1.518202 0.000000 0.905000
1.455796 0.000000 0.867800
1.373931 0.000000 0.819000
1.466532 0.000000 0.874200
1.492032 0.000000 0.889400
1.531958 0.000000 0.913200
1.573394 0.000000 0.937900
1.544204 0.000000 0.920500
1.485657 0.000000 0.885600
1.481127 0.000000 0.882900
1.561315 0.000000 0.930700
1.495219 0.000000 0.891300
1.458145 0.000000 0.869200
1.445060 0.000000 0.861400
1.502600 0.000000 0.895700
1.537494 0.000000 0.916500
1.482973 0.000000 0.884000
1.533803 0.000000 0.914300
1.485153 0.000000 0.885300
1.510149 0.000000 0.900200
1.382989 0.000000 0.824400
1.458145 0.000000 0.869200
1.507130 0.000000 0.898400
1.426606 0.000000 0.850400
1.500587 0.000000 0.894500
1.476262 0.000000 0.880000
1.483140 0.000000 0.884100
1.455628 0.000000 0.867700
1.335011 0.000000 0.795800
1.488173 0.000000 0.887100
1.501594 0.000000 0.895100
1.460996 0.000000 0.870900
1.400939 0.000000 0.835100
1.522396 0.000000 0.907500
1.411340 0.000000 0.841300
1.427948 0.000000 0.851200
1.391210 0.000000 0.829300
1.509311 0.000000 0.899700
1.540178 0.000000 0.918100
1.547559 0.000000 0.922500
1.483979 0.000000 0.884600
1.508639 0.000000 0.899300
1.514008 0.000000 0.902500
1.488005 0.000000 0.887000
1.453615 0.000000 0.866500
1.523402 0.000000 0.908100
1.516860 0.000000 0.904200
1.461164 0.000000 0.871000
1.479450 0.000000 0.881900
1.467203 0.000000 0.874600
1.519040 0.000000 0.905500
1.543197 0.000000 0.919900
1.522228 0.000000 0.907400
1.524744 0.000000 0.908900
1.399933 0.000000 0.834500
1.421574 0.000000 0.847400
1.455628 0.000000 0.867700
1.492032 0.000000 0.889400
1.455125 0.000000 0.867400
1.404966 0.000000 0.837500
1.519544 0.000000 0.905800
1.446905 0.000000 0.862500
1.464519 0.000000 0.873000
1.456299 0.000000 0.868100
1.495051 0.000000 0.891200
1.443717 0.000000 0.860600
1.385338 0.000000 0.825800
1.408321 0.000000 0.839500
1.503271 0.000000 0.896100
1.363865 0.000000 0.813000
1.476766 0.000000 0.880300
1.396410 0.000000 0.832400
1.512498 0.000000 0.901600
1.461332 0.000000 0.871100
1.477437 0.000000 0.880700
1.436504 0.000000 0.856300
1.466700 0.000000 0.874300
1.536152 0.000000 0.915700
1.436001 0.000000 0.856000
1.460325 0.000000 0.870500
1.411676 0.000000 0.841500
1.463681 0.000000 0.872500
1.502936 0.000000 0.895900
1.551082 0.000000 0.924600
1.506794 0.000000 0.898200
1.465023 0.000000 0.873300
1.413186 0.000000 0.842400
1.506123 0.000000 0.897800
1.524912 0.000000 0.909000
1.529609 0.000000 0.911800
1.584969 0.000000 0.944800
1.471565 0.000000 0.877200
1.491528 0.000000 0.889100
1.470055 0.000000 0.876300
1.428955 0.000000 0.851800
1.491361 0.000000 0.889000
1.364536 0.000000 0.813400
1.511156 0.000000 0.900800
1.473746 0.000000 0.878500
1.478108 0.000000 0.881100
1.485153 0.000000 0.885300
1.471901 0.000000 0.877400
1.485657 0.000000 0.885600
1.426439 0.000000 0.850300
1.425432 0.000000 0.849700
1.434323 0.000000 0.855000
1.492199 0.000000 0.889500
1.482134 0.000000 0.883500
1.454789 0.000000 0.867200
1.433988 0.000000 0.854800
1.501426 0.000000 0.895000
1.567187 0.000000 0.934200
1.397584 0.000000 0.833100
1.519376 0.000000 0.905700
1.501594 0.000000 0.895100
1.425935 0.000000 0.850000
1.485489 0.000000 0.885500
1.428284 0.000000 0.851400
1.463848 0.000000 0.872600
1.480121 0.000000 0.882300
1.481295 0.000000 0.883000
1.438853 0.000000 0.857700
1.506123 0.000000 0.897800
1.476430 0.000000 0.880100
1.478275 0.000000 0.881200
1.505620 0.000000 0.897500
1.547391 0.000000 0.922400
1.487167 0.000000 0.886500
1.546217 0.000000 0.921700
1.541017 0.000000 0.918600
1.464016 0.000000 0.872700
1.437007 0.000000 0.856600
1.509982 0.000000 0.900100
1.495722 0.000000 0.891600
1.380809 0.000000 0.823100
1.522563 0.000000 0.907600
1.506459 0.000000 0.898000
1.494883 0.000000 0.891100
1.429290 0.000000 0.852000
1.566683 0.000000 0.933900
1.480792 0.000000 0.882700
1.479785 0.000000 0.882100
1.511995 0.000000 0.901300
1.469217 0.000000 0.875800
1.492535 0.000000 0.889700
1.486328 0.000000 0.886000
1.467371 0.000000 0.874700
1.518034 0.000000 0.904900
1.461668 0.000000 0.871300
1.463177 0.000000 0.872200
1.478108 0.000000 0.881100
1.381480 0.000000 0.823500
1.442711 0.000000 0.860000
1.440698 0.000000 0.858800
1.451267 0.000000 0.865100
1.357994 0.000000 0.809500
1.486160 0.000000 0.885900
1.453951 0.000000 0.866700
1.452609 0.000000 0.865900
1.479282 0.000000 0.881800
1.506459 0.000000 0.898000
1.440698 0.000000 0.858800
1.450596 0.000000 0.864700
1.435665 0.000000 0.855800
1.502600 0.000000 0.895700
1.493541 0.000000 0.890300
1.422748 0.000000 0.848100
1.492032 0.000000 0.889400
1.471733 0.000000 0.877300
1.438853 0.000000 0.857700
1.472236 0.000000 0.877600
1.355645 0.000000 0.808100
1.510317 0.000000 0.900300
1.452944 0.000000 0.866100
1.445227 0.000000 0.861500
1.432142 0.000000 0.853700
1.490018 0.000000 0.888200
1.453280 0.000000 0.866300
1.432310 0.000000 0.853800
1.433820 0.000000 0.854700
1.471565 0.000000 0.877200
1.444389 0.000000 0.861000
1.473411 0.000000 0.878300
1.424258 0.000000 0.849000
1.526589 0.000000 0.910000
1.437007 0.000000 0.856600
1.509646 0.000000 0.899900
1.382654 0.000000 0.824200
1.491193 0.000000 0.888900
1.494380 0.000000 0.890800
1.494883 0.000000 0.891100
1.469384 0.000000 0.875900
1.453783 0.000000 0.866600
1.450931 0.000000 0.864900
1.383493 0.000000 0.824700
1.380809 0.000000 0.823100
1.490857 0.000000 0.888700
1.394565 0.000000 0.831300
1.449421 0.000000 0.864000
1.416205 0.000000 0.844200
1.486663 0.000000 0.886200
1.472404 0.000000 0.877700
1.335514 0.000000 0.796100
1.408321 0.000000 0.839500
1.520215 0.000000 0.906200
1.490689 0.000000 0.888600
1.490186 0.000000 0.888300
1.526925 0.000000 0.910200
1.508304 0.000000 0.899100
1.510149 0.000000 0.900200
1.470055 0.000000 0.876300
1.473746 0.000000 0.878500
1.399597 0.000000 0.834300
1.436336 0.000000 0.856200
1.555108 0.000000 0.927000
1.480121 0.000000 0.882300
1.470726 0.000000 0.876700
1.397249 0.000000 0.832900
1.442040 0.000000 0.859600
1.455964 0.000000 0.867900
1.494045 0.000000 0.890600
1.496393 0.000000 0.892000
1.507465 0.000000 0.898600
1.416038 0.000000 0.844100
1.503942 0.000000 0.896500
1.427948 0.000000 0.851200
1.498574 0.000000 0.893300
1.460325 0.000000 0.870500
1.415199 0.000000 0.843600
1.481966 0.000000 0.883400
1.431136 0.000000 0.853100
1.550075 0.000000 0.924000
1.445898 0.000000 0.861900
1.404966 0.000000 0.837500
1.464519 0.000000 0.873000
1.373092 0.000000 0.818500
1.481127 0.000000 0.882900
1.396913 0.000000 0.832700
1.456299 0.000000 0.868100
1.431807 0.000000 0.853500
1.438853 0.000000 0.857700
1.500923 0.000000 0.894700
1.495890 0.000000 0.891700
1.537829 0.000000 0.916700
1.476430 0.000000 0.880100
1.392048 0.000000 0.829800
1.453447 0.000000 0.866400
1.503271 0.000000 0.896100
1.365543 0.000000 0.814000
1.427277 0.000000 0.850800
1.488173 0.000000 0.887100
1.434323 0.000000 0.855000
1.391881 0.000000 0.829700
1.509814 0.000000 0.900000
1.437678 0.000000 0.857000
1.439859 0.000000 0.858300
1.438517 0.000000 0.857500
1.489347 0.000000 0.887800
1.487502 0.000000 0.886700
1.440027 0.000000 0.858400
1.499413 0.000000 0.893800
1.501594 0.000000 0.895100
1.465526 0.000000 0.873600
1.426942 0.000000 0.850600
1.395236 0.000000 0.831700
1.533635 0.000000 0.914200
1.431471 0.000000 0.853300
1.427781 0.000000 0.851100
1.516524 0.000000 0.904000
1.476598 0.000000 0.880200
1.492367 0.000000 0.889600
1.456467 0.000000 0.868200
1.438517 0.000000 0.857500
1.507801 0.000000 0.898800
1.539675 0.000000 0.917800
1.426439 0.000000 0.850300
1.480289 0.000000 0.882400
1.447911 0.000000 0.863100
1.473914 0.000000 0.878600
1.511324 0.000000 0.900900
1.436839 0.000000 0.856500
1.482134 0.000000 0.883500
1.433484 0.000000 0.854500
1.459487 0.000000 0.870000
1.543533 0.000000 0.920100
1.507801 0.000000 0.898800
1.429961 0.000000 0.852400
1.547727 0.000000 0.922600
1.540010 0.000000 0.918000
1.476430 0.000000 0.880100
1.483644 0.000000 0.884400
1.471062 0.000000 0.876900
1.493038 0.000000 0.890000
1.482469 0.000000 0.883700
1.415367 0.000000 0.843700
1.520382 0.000000 0.906300
1.408824 0.000000 0.839800
1.456635 0.000000 0.868300
1.416038 0.000000 0.844100
1.500252 0.000000 0.894300
1.526422 0.000000 0.909900
1.495890 0.000000 0.891700
1.453280 0.000000 0.866300
1.414192 0.000000 0.843000
1.424761 0.000000 0.849300
1.562154 0.000000 0.931200
1.438182 0.000000 0.857300
1.482637 0.000000 0.883800
1.540346 0.000000 0.918200
1.514847 0.000000 0.903000
1.464519 0.000000 0.873000
1.493877 0.000000 0.890500
1.479114 0.000000 0.881700
1.507633 0.000000 0.898700
1.503775 0.000000 0.896400
1.510317 0.000000 0.900300
1.430632 0.000000 0.852800
1.439020 0.000000 0.857800
1.480289 0.000000 0.882400
1.471901 0.000000 0.877400
1.556954 0.000000 0.928100
1.395068 0.000000 0.831600
1.469720 0.000000 0.876100
1.469888 0.000000 0.876200
1.600403 0.000000 0.954000
1.466197 0.000000 0.874000
1.398759 0.000000 0.833800
1.487167 0.000000 0.886500
1.509311 0.000000 0.899700
1.448415 0.000000 0.863400
1.485992 0.000000 0.885800
1.469049 0.000000 0.875700
1.509646 0.000000 0.899900
1.521892 0.000000 0.907200
1.474249 0.000000 0.878800
1.620198 0.000000 0.965800
1.504613 0.000000 0.896900
1.435833 0.000000 0.855900
1.537661 0.000000 0.916600
1.511491 0.000000 0.901000
1.513169 0.000000 0.902000
1.404630 0.000000 0.837300
1.512833 0.000000 0.901800
1.459822 0.000000 0.870200
1.534306 0.000000 0.914600
1.426271 0.000000 0.850200
1.485321 0.000000 0.885400
1.436336 0.000000 0.856200
1.462003 0.000000 0.871500
1.440027 0.000000 0.858400
1.484986 0.000000 0.885200
1.449589 0.000000 0.864100
1.497064 0.000000 0.892400
1.573729 0.000000 0.938100
1.510820 0.000000 0.900600
1.522899 0.000000 0.907800
1.575239 0.000000 0.939000
1.443885 0.000000 0.860700
1.395403 0.000000 0.831800
1.525247 0.000000 0.909200
1.602919 0.000000 0.955500
1.414360 0.000000 0.843100
1.513504 0.000000 0.902200
1.455964 0.000000 0.867900
1.464519 0.000000 0.873000
1.442543 0.000000 0.859900
1.463513 0.000000 0.872400
1.505620 0.000000 0.897500
1.503942 0.000000 0.896500
1.498239 0.000000 0.893100
1.500587 0.000000 0.894500
1.418051 0.000000 0.845300
1.512833 0.000000 0.901800
1.439691 0.000000 0.858200
1.461835 0.000000 0.871400
1.581949 0.000000 0.943000
1.516356 0.000000 0.903900
1.475591 0.000000 0.879600
1.416373 0.000000 0.844300
1.387854 0.000000 0.827300
1.413689 0.000000 0.842700
1.489012 0.000000 0.887600
1.508807 0.000000 0.899400
1.577252 0.000000 0.940200
1.491193 0.000000 0.888900
1.450092 0.000000 0.864400
1.498406 0.000000 0.893200
1.461668 0.000000 0.871300
1.389700 0.000000 0.828400
1.421909 0.000000 0.847600
1.478779 0.000000 0.881500
1.496896 0.000000 0.892300
1.478275 0.000000 0.881200
1.466532 0.000000 0.874200
1.462339 0.000000 0.871700
1.551921 0.000000 0.925100
1.538668 0.000000 0.917200
1.429626 0.000000 0.852200
1.460158 0.000000 0.870400
1.455460 0.000000 0.867600
1.445898 0.000000 0.861900
1.472068 0.000000 0.877500
1.442375 0.000000 0.859800
1.518034 0.000000 0.904900
1.469888 0.000000 0.876200
1.466700 0.000000 0.874300
1.477940 0.000000 0.881000
1.421909 0.000000 0.847600
1.494548 0.000000 0.890900
1.473578 0.000000 0.878400
1.559302 0.000000 0.929500
1.494548 0.000000 0.890900
1.545378 0.000000 0.921200
1.554940 0.000000 0.926900
1.513001 0.000000 0.901900
1.462171 0.000000 0.871600
1.413186 0.000000 0.842400
1.424593 0.000000 0.849200
1.460158 0.000000 0.870400
1.490857 0.000000 0.888700
1.539675 0.000000 0.917800
1.564335 0.000000 0.932500
1.525918 0.000000 0.909600
1.522563 0.000000 0.907600
1.620030 0.000000 0.965700
1.537326 0.000000 0.916400
1.510653 0.000000 0.900500
1.454622 0.000000 0.867100
1.481127 0.000000 0.882900
1.474249 0.000000 0.878800
1.418889 0.000000 0.845800
1.486496 0.000000 0.886100
1.308338 0.000000 0.779900
1.453447 0.000000 0.866400
1.573058 0.000000 0.937700
1.445395 0.000000 0.861600
1.478443 0.000000 0.881300
1.526589 0.000000 0.910000
1.411676 0.000000 0.841500
1.477437 0.000000 0.880700
1.514008 0.000000 0.902500
1.430129 0.000000 0.852500
1.461332 0.000000 0.871100
1.529945 0.000000 0.912000
1.481127 0.000000 0.882900
1.482134 0.000000 0.883500
1.511827 0.000000 0.901200
1.500419 0.000000 0.894400
1.420567 0.000000 0.846800
1.469384 0.000000 0.875900
1.365710 0.000000 0.814100
1.353967 0.000000 0.807100
1.514847 0.000000 0.903000
1.429794 0.000000 0.852300
1.408824 0.000000 0.839800
1.502265 0.000000 0.895500
1.472068 0.000000 0.877500
1.470055 0.000000 0.876300
1.475088 0.000000 0.879300
1.488676 0.000000 0.887400
1.530783 0.000000 0.912500
1.443046 0.000000 0.860200
1.477437 0.000000 0.880700
1.479785 0.000000 0.882100
1.484650 0.000000 0.885000
1.546720 0.000000 0.922000
1.478275 0.000000 0.881200
1.504781 0.000000 0.897000
1.478946 0.000000 0.881600
1.455460 0.000000 0.867600
1.530616 0.000000 0.912400
1.506291 0.000000 0.897900
1.481463 0.000000 0.883100
1.479282 0.000000 0.881800
1.520215 0.000000 0.906200
1.446066 0.000000 0.862000
1.492032 0.000000 0.889400
1.470559 0.000000 0.876600
1.499748 0.000000 0.894000
1.417715 0.000000 0.845100
1.476766 0.000000 0.880300
1.472739 0.000000 0.877900
1.521557 0.000000 0.907000
1.476598 0.000000 0.880200
1.445060 0.000000 0.861400
1.455796 0.000000 0.867800
1.532293 0.000000 0.913400
1.517866 0.000000 0.904800
1.550075 0.000000 0.924000
1.460325 0.000000 0.870500
1.455125 0.000000 0.867400
1.427445 0.000000 0.850900
1.432646 0.000000 0.854000
1.503104 0.000000 0.896000
1.484818 0.000000 0.885100
1.462842 0.000000 0.872000
1.446905 0.000000 0.862500
1.429626 0.000000 0.852200
1.408824 0.000000 0.839800
1.449086 0.000000 0.863800
1.423251 0.000000 0.848400
1.439524 0.000000 0.858100
1.510485 0.000000 0.900400
1.397920 0.000000 0.833300
1.467203 0.000000 0.874600
1.521389 0.000000 0.906900
1.397249 0.000000 0.832900
1.495890 0.000000 0.891700
1.486496 0.000000 0.886100
1.455293 0.000000 0.867500
1.446737 0.000000 0.862400
1.383996 0.000000 0.825000
1.480456 0.000000 0.882500
1.540849 0.000000 0.918500
1.447408 0.000000 0.862800
1.511156 0.000000 0.900800
1.561651 0.000000 0.930900
1.461164 0.000000 0.871000
1.504613 0.000000 0.896900
1.479282 0.000000 0.881800
1.500755 0.000000 0.894600
1.483811 0.000000 0.884500
1.541184 0.000000 0.918700
1.538165 0.000000 0.916900
1.490354 0.000000 0.888400
1.488005 0.000000 0.887000
1.474082 0.000000 0.878700
1.415199 0.000000 0.843600
1.518537 0.000000 0.905200
1.544540 0.000000 0.920700
1.514847 0.000000 0.903000
1.435833 0.000000 0.855900
1.506291 0.000000 0.897900
1.417715 0.000000 0.845100
1.498406 0.000000 0.893200
1.463681 0.000000 0.872500
1.508304 0.000000 0.899100
1.490857 0.000000 0.888700
1.495387 0.000000 0.891400
1.470894 0.000000 0.876800
1.475591 0.000000 0.879600
1.490186 0.000000 0.888300
1.510988 0.000000 0.900700
1.436672 0.000000 0.856400
1.512162 0.000000 0.901400
1.441033 0.000000 0.859000
1.429794 0.000000 0.852300
1.399933 0.000000 0.834500
1.548566 0.000000 0.923100
1.522899 0.000000 0.907800
1.441369 0.000000 0.859200
1.515182 0.000000 0.903200
1.429794 0.000000 0.852300
1.470223 0.000000 0.876400
1.510149 0.000000 0.900200
1.441369 0.000000 0.859200
1.451434 0.000000 0.865200
1.419560 0.000000 0.846200
1.483140 0.000000 0.884100
1.552592 0.000000 0.925500
1.514511 0.000000 0.902800
1.436504 0.000000 0.856300
1.518705 0.000000 0.905300
1.467875 0.000000 0.875000
1.577252 0.000000 0.940200
1.476430 0.000000 0.880100
1.441033 0.000000 0.859000
1.376782 0.000000 0.820700
1.440195 0.000000 0.858500
1.457306 0.000000 0.868700
1.419560 0.000000 0.846200
1.492870 0.000000 0.889900
1.448918 0.000000 0.863700
1.492870 0.000000 0.889900
1.435497 0.000000 0.855700
1.549069 0.000000 0.923400
1.472907 0.000000 0.878000
1.500923 0.000000 0.894700
1.510485 0.000000 0.900400
1.453112 0.000000 0.866200
1.473578 0.000000 0.878400
1.433652 0.000000 0.854600
1.407482 0.000000 0.839000
1.475759 0.000000 0.879700
1.512833 0.000000 0.901800
1.411340 0.000000 0.841300
1.464519 0.000000 0.873000
1.542862 0.000000 0.919700
1.472907 0.000000 0.878000
1.478779 0.000000 0.881500
1.484818 0.000000 0.885100
1.527596 0.000000 0.910600
1.479618 0.000000 0.882000
1.410837 0.000000 0.841000
1.454286 0.000000 0.866900
1.564335 0.000000 0.932500
1.482134 0.000000 0.883500
1.507801 0.000000 0.898800
1.500419 0.000000 0.894400
1.524576 0.000000 0.908800
1.511324 0.000000 0.900900
1.441704 0.000000 0.859400
1.452609 0.000000 0.865900
1.481966 0.000000 0.883400
1.568361 0.000000 0.934900
1.463345 0.000000 0.872300
1.489515 0.000000 0.887900
1.429794 0.000000 0.852300
1.396242 0.000000 0.832300
1.499916 0.000000 0.894100
1.447408 0.000000 0.862800
1.476598 0.000000 0.880200
1.459487 0.000000 0.870000
1.532964 0.000000 0.913800
1.437175 0.000000 0.856700
1.517027 0.000000 0.904300
1.517195 0.000000 0.904400
1.420735 0.000000 0.846900
1.388693 0.000000 0.827800
1.450260 0.000000 0.864500
1.425096 0.000000 0.849500
1.516021 0.000000 0.903700
1.501594 0.000000 0.895100
1.488844 0.000000 0.887500
1.540178 0.000000 0.918100
1.569032 0.000000 0.935300
1.457977 0.000000 0.869100
1.465861 0.000000 0.873800
1.455964 0.000000 0.867900
1.447744 0.000000 0.863000
1.474753 0.000000 0.879100
1.459654 0.000000 0.870100
1.460661 0.000000 0.870700
1.458145 0.000000 0.869200
1.458480 0.000000 0.869400
1.526757 0.000000 0.910100
1.472236 0.000000 0.877600
1.430297 0.000000 0.852600
1.468042 0.000000 0.875100
1.363194 0.000000 0.812600
1.560309 0.000000 0.930100
1.467707 0.000000 0.874900
1.486328 0.000000 0.886000
1.470391 0.000000 0.876500
1.461164 0.000000 0.871000
1.594867 0.000000 0.950700
1.482134 0.000000 0.883500
1.496729 0.000000 0.892200
1.543365 0.000000 0.920000
1.431471 0.000000 0.853300
1.444556 0.000000 0.861100
1.525918 0.000000 0.909600
1.467203 0.000000 0.874600
1.441872 0.000000 0.859500
1.531287 0.000000 0.912800
1.495219 0.000000 0.891300
1.475088 0.000000 0.879300
1.492367 0.000000 0.889600
1.471397 0.000000 0.877100
1.461164 0.000000 0.871000
1.410502 0.000000 0.840800
1.454286 0.000000 0.866900
1.511827 0.000000 0.901200
1.423419 0.000000 0.848500
1.411173 0.000000 0.841200
1.405133 0.000000 0.837600
1.484986 0.000000 0.885200
1.511324 0.000000 0.900900
1.516692 0.000000 0.904100
1.561986 0.000000 0.931100
1.453447 0.000000 0.866400
1.485153 0.000000 0.885300
1.465861 0.000000 0.873800
1.460829 0.000000 0.870800
1.521221 0.000000 0.906800
1.446569 0.000000 0.862300
1.480289 0.000000 0.882400
1.547727 0.000000 0.922600
1.370408 0.000000 0.816900
1.556954 0.000000 0.928100
1.478108 0.000000 0.881100
1.525751 0.000000 0.909500
1.403624 0.000000 0.836700
1.519711 0.000000 0.905900
1.501929 0.000000 0.895300
1.439356 0.000000 0.858000
1.426439 0.000000 0.850300
1.423587 0.000000 0.848600
1.451267 0.000000 0.865100
1.441369 0.000000 0.859200
1.478443 0.000000 0.881300
1.526757 0.000000 0.910100
1.474585 0.000000 0.879000
1.428619 0.000000 0.851600
1.401275 0.000000 0.835300
1.486999 0.000000 0.886400
1.457809 0.000000 0.869000
1.473914 0.000000 0.878600
1.424929 0.000000 0.849400
1.453783 0.000000 0.866600
1.437343 0.000000 0.856800
1.455293 0.000000 0.867500
1.488005 0.000000 0.887000
1.522731 0.000000 0.907700
1.493541 0.000000 0.890300
1.374937 0.000000 0.819600
1.464184 0.000000 0.872800
1.504446 0.000000 0.896800
1.497735 0.000000 0.892800
1.484315 0.000000 0.884800
1.354974 0.000000 0.807700
1.492032 0.000000 0.889400
1.448415 0.000000 0.863400
1.462339 0.000000 0.871700
1.507130 0.000000 0.898400
1.466868 0.000000 0.874400
1.488173 0.000000 0.887100
1.450763 0.000000 0.864800
1.406475 0.000000 0.838400
1.484147 0.000000 0.884700
1.492703 0.000000 0.889800
1.517027 0.000000 0.904300
1.486328 0.000000 0.886000
1.430129 0.000000 0.852500
1.429458 0.000000 0.852100
1.471565 0.000000 0.877200
1.431639 0.000000 0.853400
1.431471 0.000000 0.853300
1.395068 0.000000 0.831600
1.515014 0.000000 0.903100
1.509143 0.000000 0.899600
1.446066 0.000000 0.862000
1.473075 0.000000 0.878100
1.528938 0.000000 0.911400
1.486831 0.000000 0.886300
1.445898 0.000000 0.861900
1.380809 0.000000 0.823100
1.467539 0.000000 0.874800
1.487502 0.000000 0.886700
1.421741 0.000000 0.847500
1.423754 0.000000 0.848700
1.491696 0.000000 0.889200
1.457977 0.000000 0.869100
1.489180 0.000000 0.887700
1.496225 0.000000 0.891900
1.460661 0.000000 0.870700
1.450763 0.000000 0.864800
1.364704 0.000000 0.813500
1.498742 0.000000 0.893400
1.500084 0.000000 0.894200
1.490354 0.000000 0.888400
1.462674 0.000000 0.871900
1.406643 0.000000 0.838500
1.509814 0.000000 0.900000
1.435833 0.000000 0.855900
1.413353 0.000000 0.842500
1.566012 0.000000 0.933500
1.469384 0.000000 0.875900
1.419225 0.000000 0.846000
1.541352 0.000000 0.918800
1.459151 0.000000 0.869800
1.599732 0.000000 0.953600
1.486999 0.000000 0.886400
1.407650 0.000000 0.839100
1.424593 0.000000 0.849200
1.510317 0.000000 0.900300
1.310518 0.000000 0.781200
1.511156 0.000000 0.900800
1.487167 0.000000 0.886500
1.414863 0.000000 0.843400
1.516189 0.000000 0.903800
1.641671 0.000000 0.978600
1.489180 0.000000 0.887700
1.520215 0.000000 0.906200
1.474082 0.000000 0.878700
1.524409 0.000000 0.908700
1.508639 0.000000 0.899300
1.405637 0.000000 0.837900
1.457474 0.000000 0.868800
1.391713 0.000000 0.829600
1.460493 0.000000 0.870600
1.411005 0.000000 0.841100
1.485992 0.000000 0.885800
1.521557 0.000000 0.907000
1.497232 0.000000 0.892500
1.514008 0.000000 0.902500
1.488005 0.000000 0.887000
1.615165 0.000000 0.962800
1.435665 0.000000 0.855800
1.476262 0.000000 0.880000
1.481798 0.000000 0.883300
1.497735 0.000000 0.892800
1.411676 0.000000 0.841500
1.527764 0.000000 0.910700
1.528099 0.000000 0.910900
1.455460 0.000000 0.867600
1.507801 0.000000 0.898800
1.464687 0.000000 0.873100
1.459151 0.000000 0.869800
1.505620 0.000000 0.897500
1.467371 0.000000 0.874700
1.461668 0.000000 0.871300
1.423419 0.000000 0.848500
1.479618 0.000000 0.882000
1.480456 0.000000 0.882500
1.512666 0.000000 0.901700
1.490857 0.000000 0.888700
1.442040 0.000000 0.859600
1.494883 0.000000 0.891100
1.479785 0.000000 0.882100
1.542694 0.000000 0.919600
1.414024 0.000000 0.842900
1.509814 0.000000 0.900000
1.429123 0.000000 0.851900
1.463177 0.000000 0.872200
1.448582 0.000000 0.863500
1.426942 0.000000 0.850600
1.518202 0.000000 0.905000
1.415534 0.000000 0.843800
1.452609 0.000000 0.865900
1.447576 0.000000 0.862900
1.460325 0.000000 0.870500
1.435330 0.000000 0.855600
1.478779 0.000000 0.881500
1.420232 0.000000 0.846600
1.459822 0.000000 0.870200
1.495554 0.000000 0.891500
1.462171 0.000000 0.871600
1.444053 0.000000 0.860800
1.660124 0.000000 0.989600
1.510653 0.000000 0.900500
1.552424 0.000000 0.925400
1.525751 0.000000 0.909500
1.493206 0.000000 0.890100
1.505788 0.000000 0.897600
1.475591 0.000000 0.879600
1.465023 0.000000 0.873300
1.555444 0.000000 0.927200
1.471901 0.000000 0.877400
1.445898 0.000000 0.861900
1.532125 0.000000 0.913300
1.448247 0.000000 0.863300
1.517866 0.000000 0.904800
1.405469 0.000000 0.837800
1.472907 0.000000 0.878000
1.454957 0.000000 0.867300
1.548901 0.000000 0.923300
1.519208 0.000000 0.905600
1.538836 0.000000 0.917300
1.493038 0.000000 0.890000
1.487838 0.000000 0.886900
1.569871 0.000000 0.935800
1.513001 0.000000 0.901900
1.449253 0.000000 0.863900
1.467707 0.000000 0.874900
1.524409 0.000000 0.908700
1.405972 0.000000 0.838100
1.520718 0.000000 0.906500
1.356148 0.000000 0.808400
1.474920 0.000000 0.879200
1.431975 0.000000 0.853600
1.434659 0.000000 0.855200
1.444892 0.000000 0.861300
1.506626 0.000000 0.898100
1.460158 0.000000 0.870400
1.396410 0.000000 0.832400
1.405804 0.000000 0.838000
1.578091 0.000000 0.940700
1.451938 0.000000 0.865500
1.522563 0.000000 0.907600
1.401107 0.000000 0.835200
1.543197 0.000000 0.919900
1.511156 0.000000 0.900800
1.399765 0.000000 0.834400
1.513672 0.000000 0.902300
1.473914 0.000000 0.878600
1.504949 0.000000 0.897100
1.482805 0.000000 0.883900
1.477101 0.000000 0.880500
1.468713 0.000000 0.875500
1.453112 0.000000 0.866200
1.473243 0.000000 0.878200
1.427277 0.000000 0.850800
1.538668 0.000000 0.917200
1.521389 0.000000 0.906900
1.451099 0.000000 0.865000
1.490689 0.000000 0.888600
1.489347 0.000000 0.887800
1.500419 0.000000 0.894400
1.509982 0.000000 0.900100
1.490857 0.000000 0.888700
1.575407 0.000000 0.939100
1.524409 0.000000 0.908700
1.552424 0.000000 0.925400
1.481295 0.000000 0.883000
1.464016 0.000000 0.872700
1.551250 0.000000 0.924700
1.453447 0.000000 0.866400
1.491528 0.000000 0.889100
1.542694 0.000000 0.919600
1.535481 0.000000 0.915300
1.439188 0.000000 0.857900
1.504613 0.000000 0.896900
1.561818 0.000000 0.931000
1.480121 0.000000 0.882300
1.555108 0.000000 0.927000
1.474585 0.000000 0.879000
1.548062 0.000000 0.922800
1.474753 0.000000 0.879100
1.496058 0.000000 0.891800
1.550075 0.000000 0.924000
1.503607 0.000000 0.896300
1.497232 0.000000 0.892500
1.496393 0.000000 0.892000
1.443382 0.000000 0.860400
1.472236 0.000000 0.877600
1.547559 0.000000 0.922500
1.409327 0.000000 0.840100
1.481631 0.000000 0.883200
1.591679 0.000000 0.948800
1.468713 0.000000 0.875500
1.488005 0.000000 0.887000
1.526757 0.000000 0.910100
1.455628 0.000000 0.867700
1.566851 0.000000 0.934000
1.501761 0.000000 0.895200
1.507130 0.000000 0.898400
1.457474 0.000000 0.868800
1.455964 0.000000 0.867900
1.466365 0.000000 0.874100
1.516189 0.000000 0.903800
1.473914 0.000000 0.878600
1.378796 0.000000 0.821900
1.451770 0.000000 0.865400
1.548901 0.000000 0.923300
1.537158 0.000000 0.916300
1.475927 0.000000 0.879800
1.442879 0.000000 0.860100
1.473578 0.000000 0.878400
1.486160 0.000000 0.885900
1.460661 0.000000 0.870700
1.470894 0.000000 0.876800
1.547056 0.000000 0.922200
1.348264 0.000000 0.803700
1.462506 0.000000 0.871800
1.496393 0.000000 0.892000
1.487670 0.000000 0.886800
1.494212 0.000000 0.890700
1.450092 0.000000 0.864400
1.472068 0.000000 0.877500
1.481463 0.000000 0.883100
1.511995 0.000000 0.901300
1.466365 0.000000 0.874100
1.461500 0.000000 0.871200
1.476598 0.000000 0.880200
1.514511 0.000000 0.902800
1.382822 0.000000 0.824300
1.513001 0.000000 0.901900
1.557792 0.000000 0.928600
1.473746 0.000000 0.878500
1.551418 0.000000 0.924800
1.423922 0.000000 0.848800
1.437175 0.000000 0.856700
1.488509 0.000000 0.887300
1.440027 0.000000 0.858400
1.483140 0.000000 0.884100
1.448582 0.000000 0.863500
1.432813 0.000000 0.854100
1.413018 0.000000 0.842300
1.492535 0.000000 0.889700
1.607952 0.000000 0.958500
1.368562 0.000000 0.815800
1.499916 0.000000 0.894100
1.478108 0.000000 0.881100
1.478779 0.000000 0.881500
1.432478 0.000000 0.853900
1.499245 0.000000 0.893700
1.551250 0.000000 0.924700
1.413186 0.000000 0.842400
1.427781 0.000000 0.851100
1.501594 0.000000 0.895100
1.498742 0.000000 0.893400
1.522228 0.000000 0.907400
1.465861 0.000000 0.873800
1.446066 0.000000 0.862000
1.441033 0.000000 0.859000
1.508304 0.000000 0.899100
1.492032 0.000000 0.889400
1.469217 0.000000 0.875800
1.412347 0.000000 0.841900
1.436672 0.000000 0.856400
1.473411 0.000000 0.878300
1.523067 0.000000 0.907900
1.480624 0.000000 0.882600
1.523570 0.000000 0.908200
1.580775 0.000000 0.942300
1.550411 0.000000 0.924200
1.390539 0.000000 0.828900
1.474753 0.000000 0.879100
1.461500 0.000000 0.871200
1.433652 0.000000 0.854600
1.416709 0.000000 0.844500
1.394061 0.000000 0.831000
1.586143 0.000000 0.945500
1.545043 0.000000 0.921000
1.411844 0.000000 0.841600
1.500923 0.000000 0.894700
1.474753 0.000000 0.879100
1.510317 0.000000 0.900300
1.507801 0.000000 0.898800
1.542023 0.000000 0.919200
1.471901 0.000000 0.877400
1.443885 0.000000 0.860700
1.459822 0.000000 0.870200
1.468378 0.000000 0.875300
1.353464 0.000000 0.806800
1.421574 0.000000 0.847400
1.481798 0.000000 0.883300
1.465358 0.000000 0.873500
1.513169 0.000000 0.902000
1.476933 0.000000 0.880400
1.412011 0.000000 0.841700
1.507130 0.000000 0.898400
1.480792 0.000000 0.882700
1.472572 0.000000 0.877800
1.555276 0.000000 0.927100
1.473075 0.000000 0.878100
1.454789 0.000000 0.867200
1.547391 0.000000 0.922400
1.468546 0.000000 0.875400
1.396746 0.000000 0.832600
1.500755 0.000000 0.894600
1.472404 0.000000 0.877700
1.439691 0.000000 0.858200
1.431807 0.000000 0.853500
1.468713 0.000000 0.875500
1.605435 0.000000 0.957000
1.527596 0.000000 0.910600
1.388022 0.000000 0.827400
1.503271 0.000000 0.896100
1.547224 0.000000 0.922300
1.520215 0.000000 0.906200
1.405972 0.000000 0.838100
1.578426 0.000000 0.940900
1.487838 0.000000 0.886900
1.476933 0.000000 0.880400
1.500587 0.000000 0.894500
1.456467 0.000000 0.868200
1.457809 0.000000 0.869000
1.476933 0.000000 0.880400
1.545211 0.000000 0.921100
1.496393 0.000000 0.892000
1.511827 0.000000 0.901200
1.506123 0.000000 0.897800
1.405469 0.000000 0.837800
1.490522 0.000000 0.888500
1.422412 0.000000 0.847900
1.500419 0.000000 0.894400
1.496058 0.000000 0.891800
1.505284 0.000000 0.897300
1.427948 0.000000 0.851200
1.492032 0.000000 0.889400
1.538500 0.000000 0.917100
1.400772 0.000000 0.835000
1.459822 0.000000 0.870200
1.538332 0.000000 0.917000
1.543701 0.000000 0.920200
1.449925 0.000000 0.864300
1.542191 0.000000 0.919300
1.427613 0.000000 0.851000
1.548901 0.000000 0.923300
1.528435 0.000000 0.911100
1.528435 0.000000 0.911100
1.507633 0.000000 0.898700
1.456467 0.000000 0.868200
1.522731 0.000000 0.907700
1.490522 0.000000 0.888500
1.483979 0.000000 0.884600
1.519879 0.000000 0.906000
1.482805 0.000000 0.883900
1.530280 0.000000 0.912200
1.537829 0.000000 0.916700
1.462506 0.000000 0.871800
1.508304 0.000000 0.899100
1.468042 0.000000 0.875100
1.383157 0.000000 0.824500
1.512330 0.000000 0.901500
1.427445 0.000000 0.850900
1.542023 0.000000 0.919200
1.486160 0.000000 0.885900
1.449589 0.000000 0.864100
1.396578 0.000000 0.832500
1.478779 0.000000 0.881500
1.477940 0.000000 0.881000
1.508136 0.000000 0.899000
1.444053 0.000000 0.860800
1.425600 0.000000 0.849800
1.423922 0.000000 0.848800
1.498239 0.000000 0.893100
1.490857 0.000000 0.888700
1.437510 0.000000 0.856900
1.556954 0.000000 0.928100
1.439524 0.000000 0.858100
1.482302 0.000000 0.883600
1.476262 0.000000 0.880000
1.449589 0.000000 0.864100
1.404462 0.000000 0.837200
1.463681 0.000000 0.872500
1.473411 0.000000 0.878300
1.477437 0.000000 0.880700
1.407482 0.000000 0.839000
1.457474 0.000000 0.868800
1.429794 0.000000 0.852300
1.402617 0.000000 0.836100
1.453951 0.000000 0.866700
1.472236 0.000000 0.877600
1.414024 0.000000 0.842900
1.531119 0.000000 0.912700
1.496729 0.000000 0.892200
1.390371 0.000000 0.828800
1.469552 0.000000 0.876000
1.458983 0.000000 0.869700
1.444724 0.000000 0.861200
1.439859 0.000000 0.858300
1.476430 0.000000 0.880100
1.487670 0.000000 0.886800
1.487670 0.000000 0.886800
1.429290 0.000000 0.852000
1.502265 0.000000 0.895500
1.488509 0.000000 0.887300
1.559638 0.000000 0.929700
1.457641 0.000000 0.868900
1.421741 0.000000 0.847500
1.477772 0.000000 0.880900
1.495554 0.000000 0.891500
1.423419 0.000000 0.848500
1.499245 0.000000 0.893700
1.505620 0.000000 0.897500
1.443382 0.000000 0.860400
1.528938 0.000000 0.911400
1.476095 0.000000 0.879900
1.493877 0.000000 0.890500
1.481966 0.000000 0.883400
1.457977 0.000000 0.869100
1.463513 0.000000 0.872400
1.465526 0.000000 0.873600
1.435497 0.000000 0.855700
1.434826 0.000000 0.855300
1.482805 0.000000 0.883900
1.390539 0.000000 0.828900
1.430465 0.000000 0.852700
1.488173 0.000000 0.887100
1.467539 0.000000 0.874800
1.465190 0.000000 0.873400
1.540346 0.000000 0.918200
1.410166 0.000000 0.840600
1.544540 0.000000 0.920700
1.514679 0.000000 0.902900
1.463177 0.000000 0.872200
1.546720 0.000000 0.922000
1.494380 0.000000 0.890800
1.397752 0.000000 0.833200
1.488005 0.000000 0.887000
1.528603 0.000000 0.911200
1.472236 0.000000 0.877600
1.514511 0.000000 0.902800
1.490857 0.000000 0.888700
1.472404 0.000000 0.877700
1.462003 0.000000 0.871500
1.464352 0.000000 0.872900
1.570206 0.000000 0.936000
1.474249 0.000000 0.878800
1.437175 0.000000 0.856700
1.507968 0.000000 0.898900
1.472572 0.000000 0.877800
1.496896 0.000000 0.892300
1.542526 0.000000 0.919500
1.556618 0.000000 0.927900
1.478779 0.000000 0.881500
1.334508 0.000000 0.795500
1.441033 0.000000 0.859000
1.443214 0.000000 0.860300
1.505788 0.000000 0.897600
1.558128 0.000000 0.928800
1.577588 0.000000 0.940400
1.567187 0.000000 0.934200
1.471733 0.000000 0.877300
1.419057 0.000000 0.845900
1.419560 0.000000 0.846200
1.482637 0.000000 0.883800
1.530112 0.000000 0.912100
1.443717 0.000000 0.860600
1.504949 0.000000 0.897100
1.499748 0.000000 0.894000
1.463010 0.000000 0.872100
1.510820 0.000000 0.900600
1.501594 0.000000 0.895100
1.451602 0.000000 0.865300
1.404630 0.000000 0.837300
1.448918 0.000000 0.863700
1.474249 0.000000 0.878800
1.501090 0.000000 0.894800
1.561818 0.000000 0.931000
1.405637 0.000000 0.837900
1.493877 0.000000 0.890500
1.521221 0.000000 0.906800
1.513001 0.000000 0.901900
1.464687 0.000000 0.873100
1.469217 0.000000 0.875800
1.547895 0.000000 0.922700
1.502265 0.000000 0.895500
1.524073 0.000000 0.908500
1.559470 0.000000 0.929600
1.558631 0.000000 0.929100
1.453280 0.000000 0.866300
1.508975 0.000000 0.899500
1.419728 0.000000 0.846300
1.484147 0.000000 0.884700
1.538668 0.000000 0.917200
1.541184 0.000000 0.918700
1.532293 0.000000 0.913400
1.520886 0.000000 0.906600
1.509478 0.000000 0.899800
1.478275 0.000000 0.881200
1.558631 0.000000 0.929100
1.513672 0.000000 0.902300
1.476766 0.000000 0.880300
1.442711 0.000000 0.860000
1.453280 0.000000 0.866300
1.555947 0.000000 0.927500
1.438014 0.000000 0.857200
1.529609 0.000000 0.911800
1.379970 0.000000 0.822600
1.526086 0.000000 0.909700
1.566012 0.000000 0.933500
1.427277 0.000000 0.850800
1.468378 0.000000 0.875300
1.472572 0.000000 0.877800
1.434155 0.000000 0.854900
1.441704 0.000000 0.859400
1.422748 0.000000 0.848100
1.518873 0.000000 0.905400
1.558799 0.000000 0.929200
1.477101 0.000000 0.880500
1.491193 0.000000 0.888900
1.486328 0.000000 0.886000
1.471901 0.000000 0.877400
1.426439 0.000000 0.850300
1.470391 0.000000 0.876500
1.410837 0.000000 0.841000
1.375273 0.000000 0.819800
1.448750 0.000000 0.863600
1.374602 0.000000 0.819400
1.456803 0.000000 0.868400
1.589666 0.000000 0.947600
1.497735 0.000000 0.892800
1.536655 0.000000 0.916000
1.455796 0.000000 0.867800
1.424090 0.000000 0.848900
1.467875 0.000000 0.875000
1.428452 0.000000 0.851500
1.479953 0.000000 0.882200
1.561315 0.000000 0.930700
1.472739 0.000000 0.877900
1.448247 0.000000 0.863300
1.471230 0.000000 0.877000
1.520550 0.000000 0.906400
1.486831 0.000000 0.886300
1.457977 0.000000 0.869100
1.330985 0.000000 0.793400
1.436168 0.000000 0.856100
1.461500 0.000000 0.871200
1.430129 0.000000 0.852500
1.532797 0.000000 0.913700
1.560476 0.000000 0.930200
1.509646 0.000000 0.899900
1.498910 0.000000 0.893500
1.448079 0.000000 0.863200
1.434491 0.000000 0.855100
1.404630 0.000000 0.837300
1.456299 0.000000 0.868100
1.515350 0.000000 0.903300
1.433988 0.000000 0.854800
1.420399 0.000000 0.846700
1.443717 0.000000 0.860600
1.457474 0.000000 0.868800
1.461835 0.000000 0.871400
1.451938 0.000000 0.865500
1.458648 0.000000 0.869500
1.440027 0.000000 0.858400
1.461332 0.000000 0.871100
1.397920 0.000000 0.833300
1.510149 0.000000 0.900200
1.482134 0.000000 0.883500
1.571884 0.000000 0.937000
1.438517 0.000000 0.857500
1.583124 0.000000 0.943700
1.466029 0.000000 0.873900
1.520215 0.000000 0.906200
1.524744 0.000000 0.908900
1.586814 0.000000 0.945900
1.469384 0.000000 0.875900
1.480289 0.000000 0.882400
1.534977 0.000000 0.915000
1.509143 0.000000 0.899600
1.503942 0.000000 0.896500
1.409160 0.000000 0.840000
1.515518 0.000000 0.903400
1.356652 0.000000 0.808700
1.385674 0.000000 0.826000
1.418889 0.000000 0.845800
1.478946 0.000000 0.881600
1.508807 0.000000 0.899400
1.525415 0.000000 0.909300
1.452776 0.000000 0.866000
1.488844 0.000000 0.887500
1.498574 0.000000 0.893300
1.472404 0.000000 0.877700
1.536823 0.000000 0.916100
1.545714 0.000000 0.921400
1.495554 0.000000 0.891500
1.474082 0.000000 0.878700
1.445731 0.000000 0.861800
1.407817 0.000000 0.839200
1.552256 0.000000 0.925300
1.542694 0.000000 0.919600
1.502097 0.000000 0.895400
1.427948 0.000000 0.851200
1.482134 0.000000 0.883500
1.419560 0.000000 0.846200
1.410166 0.000000 0.840600
1.431471 0.000000 0.853300
1.450763 0.000000 0.864800
1.499077 0.000000 0.893600
1.524744 0.000000 0.908900
1.433652 0.000000 0.854600
1.453783 0.000000 0.866600
1.536152 0.000000 0.915700
1.521054 0.000000 0.906700
1.487502 0.000000 0.886700
1.474753 0.000000 0.879100
1.448079 0.000000 0.863200
1.480624 0.000000 0.882600
1.410166 0.000000 0.840600
1.460829 0.000000 0.870800
1.495387 0.000000 0.891400
1.516692 0.000000 0.904100
1.496393 0.000000 0.892000
1.498742 0.000000 0.893400
1.383493 0.000000 0.824700
1.521725 0.000000 0.907100
1.391713 0.000000 0.829600
1.421909 0.000000 0.847600
1.384835 0.000000 0.825500
1.500419 0.000000 0.894400
1.400268 0.000000 0.834700
1.485992 0.000000 0.885800
1.483979 0.000000 0.884600
1.475927 0.000000 0.879800
1.474082 0.000000 0.878700
1.463848 0.000000 0.872600
1.522563 0.000000 0.907600
1.441201 0.000000 0.859100
1.416876 0.000000 0.844600
1.479114 0.000000 0.881700
1.507297 0.000000 0.898500
1.475759 0.000000 0.879700
1.523905 0.000000 0.908400
1.447744 0.000000 0.863000
1.517363 0.000000 0.904500
1.496896 0.000000 0.892300
1.565845 0.000000 0.933400
1.431136 0.000000 0.853100
1.454286 0.000000 0.866900
1.381480 0.000000 0.823500
1.426271 0.000000 0.850200
1.454118 0.000000 0.866800
1.589331 0.000000 0.947400
1.504278 0.000000 0.896700
1.454957 0.000000 0.867300
1.563664 0.000000 0.932100
1.438349 0.000000 0.857400
1.502265 0.000000 0.895500
1.530448 0.000000 0.912300
1.522228 0.000000 0.907400
1.561483 0.000000 0.930800
1.488509 0.000000 0.887300
1.430297 0.000000 0.852600
1.441033 0.000000 0.859000
1.415199 0.000000 0.843600
1.449421 0.000000 0.864000
1.470391 0.000000 0.876500
1.444892 0.000000 0.861300
1.460996 0.000000 0.870900
1.389700 0.000000 0.828400
1.435330 0.000000 0.855600
1.448079 0.000000 0.863200
1.325281 0.000000 0.790000
1.558967 0.000000 0.929300
1.475088 0.000000 0.879300
1.471397 0.000000 0.877100
1.503104 0.000000 0.896000
1.461500 0.000000 0.871200
1.562993 0.000000 0.931700
1.452944 0.000000 0.866100
1.519040 0.000000 0.905500
1.467203 0.000000 0.874600
1.433652 0.000000 0.854600
1.505788 0.000000 0.897600
1.465358 0.000000 0.873500
1.476430 0.000000 0.880100
1.528938 0.000000 0.911400
1.460158 0.000000 0.870400
1.527932 0.000000 0.910800
1.397584 0.000000 0.833100
1.417212 0.000000 0.844800
1.510485 0.000000 0.900400
1.476766 0.000000 0.880300
1.471565 0.000000 0.877200
1.483308 0.000000 0.884200
1.500587 0.000000 0.894500
1.528435 0.000000 0.911100
1.406979 0.000000 0.838700
1.511324 0.000000 0.900900
1.491528 0.000000 0.889100
1.490018 0.000000 0.888200
1.416205 0.000000 0.844200
1.390706 0.000000 0.829000
1.551250 0.000000 0.924700
1.430800 0.000000 0.852900
1.502936 0.000000 0.895900
1.425096 0.000000 0.849500
1.496561 0.000000 0.892100
1.455460 0.000000 0.867600
1.379970 0.000000 0.822600
1.550579 0.000000 0.924300
1.449925 0.000000 0.864300
1.560141 0.000000 0.930000
1.510988 0.000000 0.900700
1.430465 0.000000 0.852700
1.342392 0.000000 0.800200
1.448918 0.000000 0.863700
1.428787 0.000000 0.851700
1.517363 0.000000 0.904500
1.478275 0.000000 0.881200
1.459151 0.000000 0.869800
1.520047 0.000000 0.906100
1.510149 0.000000 0.900200
1.574904 0.000000 0.938800
1.432813 0.000000 0.854100
1.453783 0.000000 0.866600
1.585808 0.000000 0.945300
1.473914 0.000000 0.878600
1.518034 0.000000 0.904900
1.426606 0.000000 0.850400
1.454118 0.000000 0.866800
1.439188 0.000000 0.857900
1.462339 0.000000 0.871700
1.475424 0.000000 0.879500
1.454286 0.000000 0.866900
1.408153 0.000000 0.839400
1.540178 0.000000 0.918100
1.511659 0.000000 0.901100
1.439356 0.000000 0.858000
1.490857 0.000000 0.888700
1.368562 0.000000 0.815800
1.390035 0.000000 0.828600
1.526757 0.000000 0.910100
1.569200 0.000000 0.935400
1.509982 0.000000 0.900100
1.472068 0.000000 0.877500
1.584466 0.000000 0.944500
1.421238 0.000000 0.847200
1.406140 0.000000 0.838200
1.431136 0.000000 0.853100
1.462842 0.000000 0.872000
1.437846 0.000000 0.857100
1.439524 0.000000 0.858100
1.414024 0.000000 0.842900
1.450931 0.000000 0.864900
1.465358 0.000000 0.873500
1.337024 0.000000 0.797000
1.424929 0.000000 0.849400
1.554605 0.000000 0.926700
1.471901 0.000000 0.877400
1.589666 0.000000 0.947600
1.387687 0.000000 0.827200
1.456299 0.000000 0.868100
1.399597 0.000000 0.834300
1.480624 0.000000 0.882600
1.467371 0.000000 0.874700
1.504446 0.000000 0.896800
1.466868 0.000000 0.874400
1.514679 0.000000 0.902900
1.484650 0.000000 0.885000
1.478946 0.000000 0.881600
1.507968 0.000000 0.898900
1.547559 0.000000 0.922500
1.498071 0.000000 0.893000
1.486663 0.000000 0.886200
1.416541 0.000000 0.844400
1.411676 0.000000 0.841500
1.436336 0.000000 0.856200
1.515014 0.000000 0.903100
1.440530 0.000000 0.858700
1.448918 0.000000 0.863700
1.514847 0.000000 0.903000
1.461332 0.000000 0.871100
1.441872 0.000000 0.859500
1.514679 0.000000 0.902900
1.324274 0.000000 0.789400
1.505955 0.000000 0.897700
1.431136 0.000000 0.853100
1.473243 0.000000 0.878200
1.434826 0.000000 0.855300
1.463010 0.000000 0.872100
1.538165 0.000000 0.916900
1.491528 0.000000 0.889100
1.487670 0.000000 0.886800
1.467875 0.000000 0.875000
1.574233 0.000000 0.938400
1.404127 0.000000 0.837000
1.385841 0.000000 0.826100
1.448415 0.000000 0.863400
1.538165 0.000000 0.916900
1.533635 0.000000 0.914200
1.524409 0.000000 0.908700
1.487167 0.000000 0.886500
1.486328 0.000000 0.886000
1.398759 0.000000 0.833800
1.504949 0.000000 0.897100
1.502265 0.000000 0.895500
1.524744 0.000000 0.908900
1.474920 0.000000 0.879200
1.433652 0.000000 0.854600
1.452609 0.000000 0.865900
1.451602 0.000000 0.865300
1.468210 0.000000 0.875200
1.567858 0.000000 0.934600
1.419225 0.000000 0.846000
1.467707 0.000000 0.874900
1.485825 0.000000 0.885700
1.482805 0.000000 0.883900
1.427277 0.000000 0.850800
1.487502 0.000000 0.886700
1.448750 0.000000 0.863600
1.469384 0.000000 0.875900
1.438014 0.000000 0.857200
1.439524 0.000000 0.858100
1.382151 0.000000 0.823900
1.401443 0.000000 0.835400
1.510653 0.000000 0.900500
1.465861 0.000000 0.873800
1.425264 0.000000 0.849600
1.498574 0.000000 0.893300
1.480624 0.000000 0.882600
1.333166 0.000000 0.794700
1.329139 0.000000 0.792300
1.449086 0.000000 0.863800
1.569535 0.000000 0.935600
1.592518 0.000000 0.949300
1.590002 0.000000 0.947800
1.522899 0.000000 0.907800
1.496896 0.000000 0.892300
1.513840 0.000000 0.902400
1.389867 0.000000 0.828500
1.429290 0.000000 0.852000
1.463010 0.000000 0.872100
1.560476 0.000000 0.930200
1.391377 0.000000 0.829400
1.527093 0.000000 0.910300
1.470223 0.000000 0.876400
1.413018 0.000000 0.842300
1.522060 0.000000 0.907300
1.386177 0.000000 0.826300
1.490354 0.000000 0.888400
1.483979 0.000000 0.884600
1.427445 0.000000 0.850900
1.517866 0.000000 0.904800
1.497400 0.000000 0.892600
1.548901 0.000000 0.923300
1.435665 0.000000 0.855800
1.579601 0.000000 0.941600
1.498574 0.000000 0.893300
1.436839 0.000000 0.856500
1.522396 0.000000 0.907500
1.461835 0.000000 0.871400
1.483308 0.000000 0.884200
1.401610 0.000000 0.835500
1.490689 0.000000 0.888600
1.457474 0.000000 0.868800
1.501426 0.000000 0.895000
1.465023 0.000000 0.873300
1.446234 0.000000 0.862100
1.464184 0.000000 0.872800
1.515350 0.000000 0.903300
1.485321 0.000000 0.885400
1.462842 0.000000 0.872000
1.422077 0.000000 0.847700
1.498239 0.000000 0.893100
1.556283 0.000000 0.927700
1.559134 0.000000 0.929400
1.482469 0.000000 0.883700
1.505620 0.000000 0.897500
1.457138 0.000000 0.868600
1.454118 0.000000 0.866800
1.408153 0.000000 0.839400
1.516524 0.000000 0.904000
1.479450 0.000000 0.881900
1.436336 0.000000 0.856200
1.458816 0.000000 0.869600
1.488844 0.000000 0.887500
1.495554 0.000000 0.891500
1.444221 0.000000 0.860900
1.491528 0.000000 0.889100
1.474753 0.000000 0.879100
1.401107 0.000000 0.835200
1.488341 0.000000 0.887200
1.468210 0.000000 0.875200
1.523905 0.000000 0.908400
1.461164 0.000000 0.871000
1.513504 0.000000 0.902200
1.477772 0.000000 0.880900
1.395236 0.000000 0.831700
1.465526 0.000000 0.873600
1.458480 0.000000 0.869400
1.455964 0.000000 0.867900
1.453783 0.000000 0.866600
1.474249 0.000000 0.878800
1.497232 0.000000 0.892500
1.477101 0.000000 0.880500
1.409663 0.000000 0.840300
1.517866 0.000000 0.904800
1.498910 0.000000 0.893500
1.550747 0.000000 0.924400
1.516021 0.000000 0.903700
1.506794 0.000000 0.898200
1.444724 0.000000 0.861200
1.480960 0.000000 0.882800
1.410502 0.000000 0.840800
1.451938 0.000000 0.865500
1.496225 0.000000 0.891900
1.464519 0.000000 0.873000
1.399430 0.000000 0.834200
1.505117 0.000000 0.897200
1.474920 0.000000 0.879200
1.489347 0.000000 0.887800
1.420232 0.000000 0.846600
1.463010 0.000000 0.872100
1.377789 0.000000 0.821300
1.509311 0.000000 0.899700
1.447744 0.000000 0.863000
1.386848 0.000000 0.826700
1.462674 0.000000 0.871900
1.423083 0.000000 0.848300
1.533971 0.000000 0.914400
1.464352 0.000000 0.872900
1.492703 0.000000 0.889800
1.509646 0.000000 0.899900
1.475256 0.000000 0.879400
1.521892 0.000000 0.907200
1.446569 0.000000 0.862300
1.458983 0.000000 0.869700
1.574233 0.000000 0.938400
1.391377 0.000000 0.829400
1.420232 0.000000 0.846600
1.497064 0.000000 0.892400
1.468713 0.000000 0.875500
1.463513 0.000000 0.872400
1.601745 0.000000 0.954800
1.463848 0.000000 0.872600
1.514175 0.000000 0.902600
1.416709 0.000000 0.844500
1.474417 0.000000 0.878900
1.432310 0.000000 0.853800
1.582453 0.000000 0.943300
1.466532 0.000000 0.874200
1.504446 0.000000 0.896800
1.568864 0.000000 0.935200
1.457977 0.000000 0.869100
1.515350 0.000000 0.903300
1.489851 0.000000 0.888100
1.547056 0.000000 0.922200
1.449253 0.000000 0.863900
1.521557 0.000000 0.907000
1.482134 0.000000 0.883500
1.556954 0.000000 0.928100
1.441033 0.000000 0.859000
1.474585 0.000000 0.879000
1.451267 0.000000 0.865100
1.490186 0.000000 0.888300
1.495554 0.000000 0.891500
1.485489 0.000000 0.885500
1.514679 0.000000 0.902900
1.469384 0.000000 0.875900
1.362523 0.000000 0.812200
1.474249 0.000000 0.878800
1.455460 0.000000 0.867600
1.524576 0.000000 0.908800
1.486328 0.000000 0.886000
1.448415 0.000000 0.863400
1.493374 0.000000 0.890200
1.396746 0.000000 0.832600
1.585640 0.000000 0.945200
1.455293 0.000000 0.867500
1.498239 0.000000 0.893100
1.513672 0.000000 0.902300
1.579097 0.000000 0.941300
1.472907 0.000000 0.878000
1.462003 0.000000 0.871500
1.445227 0.000000 0.861500
1.488341 0.000000 0.887200
1.529441 0.000000 0.911700
1.514679 0.000000 0.902900
1.431471 0.000000 0.853300
1.516692 0.000000 0.904100
1.402449 0.000000 0.836000
1.484147 0.000000 0.884700
1.523067 0.000000 0.907900
1.493877 0.000000 0.890500
1.447408 0.000000 0.862800
1.435665 0.000000 0.855800
1.523570 0.000000 0.908200
1.440530 0.000000 0.858700
1.480121 0.000000 0.882300
1.468210 0.000000 0.875200
1.589666 0.000000 0.947600
1.498239 0.000000 0.893100
1.464352 0.000000 0.872900
1.385170 0.000000 0.825700
1.427110 0.000000 0.850700
1.446737 0.000000 0.862400
1.479114 0.000000 0.881700
1.467875 0.000000 0.875000
1.517363 0.000000 0.904500
1.356819 0.000000 0.808800
1.425767 0.000000 0.849900
1.468546 0.000000 0.875400
1.482637 0.000000 0.883800
1.523402 0.000000 0.908100
1.509646 0.000000 0.899900
1.446402 0.000000 0.862200
1.429961 0.000000 0.852400
1.497232 0.000000 0.892500
1.410837 0.000000 0.841000
1.430129 0.000000 0.852500
1.432478 0.000000 0.853900
1.446737 0.000000 0.862400
1.517866 0.000000 0.904800
1.470055 0.000000 0.876300
1.479953 0.000000 0.882200
1.485321 0.000000 0.885400
1.495722 0.000000 0.891600
1.523067 0.000000 0.907900
1.565677 0.000000 0.933300
1.518873 0.000000 0.905400
1.470223 0.000000 0.876400
1.523570 0.000000 0.908200
1.423419 0.000000 0.848500
1.504781 0.000000 0.897000
1.498910 0.000000 0.893500
1.484147 0.000000 0.884700
1.461835 0.000000 0.871400
1.497232 0.000000 0.892500
1.496561 0.000000 0.892100
1.495722 0.000000 0.891600
1.490186 0.000000 0.888300
1.415031 0.000000 0.843500
1.462506 0.000000 0.871800
1.462674 0.000000 0.871900
1.445898 0.000000 0.861900
1.514847 0.000000 0.903000
1.445395 0.000000 0.861600
1.502265 0.000000 0.895500
1.547391 0.000000 0.922400
1.466532 0.000000 0.874200
1.463848 0.000000 0.872600
1.404462 0.000000 0.837200
1.454286 0.000000 0.866900
1.491864 0.000000 0.889300
1.421070 0.000000 0.847100
1.463177 0.000000 0.872200
1.463848 0.000000 0.872600
1.483476 0.000000 0.884300
1.504613 0.000000 0.896900
1.513169 0.000000 0.902000
1.475424 0.000000 0.879500
1.515182 0.000000 0.903200
1.409831 0.000000 0.840400
1.468713 0.000000 0.875500
1.512666 0.000000 0.901700
1.506291 0.000000 0.897900
1.544036 0.000000 0.920400
1.477772 0.000000 0.880900
1.552592 0.000000 0.925500
1.501258 0.000000 0.894900
1.515518 0.000000 0.903400
1.475591 0.000000 0.879600
1.506459 0.000000 0.898000
1.468042 0.000000 0.875100
1.530280 0.000000 0.912200
1.547056 0.000000 0.922200
1.499413 0.000000 0.893800
1.466197 0.000000 0.874000
1.492535 0.000000 0.889700
1.555947 0.000000 0.927500
1.499748 0.000000 0.894000
1.508639 0.000000 0.899300
1.504781 0.000000 0.897000
1.437678 0.000000 0.857000
1.479282 0.000000 0.881800
1.484650 0.000000 0.885000
1.489347 0.000000 0.887800
1.530280 0.000000 0.912200
1.403624 0.000000 0.836700
1.484315 0.000000 0.884800
1.446569 0.000000 0.862300
1.456467 0.000000 0.868200
1.573058 0.000000 0.937700
1.533468 0.000000 0.914100
1.444221 0.000000 0.860900
1.539171 0.000000 0.917500
1.506123 0.000000 0.897800
1.571884 0.000000 0.937000
1.517866 0.000000 0.904800
1.557121 0.000000 0.928200
1.493038 0.000000 0.890000
1.514175 0.000000 0.902600
1.559302 0.000000 0.929500
1.486328 0.000000 0.886000
1.548566 0.000000 0.923100
1.603590 0.000000 0.955900
1.536823 0.000000 0.916100
1.422580 0.000000 0.848000
1.549572 0.000000 0.923700
1.469049 0.000000 0.875700
1.461668 0.000000 0.871300
1.483644 0.000000 0.884400
1.555276 0.000000 0.927100
1.532964 0.000000 0.913800
1.511827 0.000000 0.901200
1.430129 0.000000 0.852500
1.444053 0.000000 0.860800
1.461835 0.000000 0.871400
1.514679 0.000000 0.902900
1.590169 0.000000 0.947900
1.524576 0.000000 0.908800
1.585640 0.000000 0.945200
1.366717 0.000000 0.814700
1.404127 0.000000 0.837000
1.536319 0.000000 0.915800
1.427781 0.000000 0.851100
1.470726 0.000000 0.876700
1.580272 0.000000 0.942000
1.528603 0.000000 0.911200
1.531119 0.000000 0.912700
1.479114 0.000000 0.881700
1.513337 0.000000 0.902100
1.485992 0.000000 0.885800
1.453280 0.000000 0.866300
1.479953 0.000000 0.882200
1.490857 0.000000 0.888700
1.529441 0.000000 0.911700
1.473914 0.000000 0.878600
1.366885 0.000000 0.814800
1.445060 0.000000 0.861400
1.483811 0.000000 0.884500
1.495554 0.000000 0.891500
1.428955 0.000000 0.851800
1.414192 0.000000 0.843000
1.396410 0.000000 0.832400
1.423754 0.000000 0.848700
1.486496 0.000000 0.886100
1.579601 0.000000 0.941600
1.441201 0.000000 0.859100
1.445731 0.000000 0.861800
1.454118 0.000000 0.866800
1.528435 0.000000 0.911100
1.471062 0.000000 0.876900
1.427110 0.000000 0.850700
1.422245 0.000000 0.847800
1.467875 0.000000 0.875000
1.538500 0.000000 0.917100
1.537326 0.000000 0.916400
1.446569 0.000000 0.862300
1.431639 0.000000 0.853400
1.452609 0.000000 0.865900
1.456467 0.000000 0.868200
1.483140 0.000000 0.884100
1.560309 0.000000 0.930100
1.422077 0.000000 0.847700
1.543533 0.000000 0.920100
1.438853 0.000000 0.857700
1.373260 0.000000 0.818600
1.416709 0.000000 0.844500
1.504949 0.000000 0.897100
1.444724 0.000000 0.861200
1.436504 0.000000 0.856300
1.432142 0.000000 0.853700
1.431975 0.000000 0.853600
1.459151 0.000000 0.869800
1.422412 0.000000 0.847900
1.457977 0.000000 0.869100
1.509982 0.000000 0.900100
1.516356 0.000000 0.903900
1.458145 0.000000 0.869200
1.497568 0.000000 0.892700
1.488173 0.000000 0.887100
1.486663 0.000000 0.886200
1.522563 0.000000 0.907600
1.425935 0.000000 0.850000
1.500419 0.000000 0.894400
1.410502 0.000000 0.840800
1.542191 0.000000 0.919300
1.497232 0.000000 0.892500
1.522060 0.000000 0.907300
1.331656 0.000000 0.793800
1.421406 0.000000 0.847300
1.497903 0.000000 0.892900
1.455796 0.000000 0.867800
1.448582 0.000000 0.863500
1.504446 0.000000 0.896800
1.475759 0.000000 0.879700
1.442711 0.000000 0.860000
1.479114 0.000000 0.881700
1.447911 0.000000 0.863100
1.529777 0.000000 0.911900
1.540681 0.000000 0.918400
1.543868 0.000000 0.920300
1.514679 0.000000 0.902900
1.501594 0.000000 0.895100
1.482302 0.000000 0.883600
1.530951 0.000000 0.912600
1.543197 0.000000 0.919900
1.437846 0.000000 0.857100
1.472404 0.000000 0.877700
1.461332 0.000000 0.871100
1.423083 0.000000 0.848300
1.482302 0.000000 0.883600
1.457138 0.000000 0.868600
1.491025 0.000000 0.888800
1.522563 0.000000 0.907600
1.540010 0.000000 0.918000
1.475256 0.000000 0.879400
1.499245 0.000000 0.893700
1.472739 0.000000 0.877900
1.545211 0.000000 0.921100
1.498574 0.000000 0.893300
1.522563 0.000000 0.907600
1.450931 0.000000 0.864900
1.416205 0.000000 0.844200
1.455964 0.000000 0.867900
1.438014 0.000000 0.857200
1.481463 0.000000 0.883100
1.513169 0.000000 0.902000
1.455628 0.000000 0.867700
1.366381 0.000000 0.814500
1.473075 0.000000 0.878100
1.574736 0.000000 0.938700
1.429458 0.000000 0.852100
1.467875 0.000000 0.875000
1.466365 0.000000 0.874100
1.457809 0.000000 0.869000
1.487670 0.000000 0.886800
1.413353 0.000000 0.842500
1.419896 0.000000 0.846400
1.513001 0.000000 0.901900
1.480624 0.000000 0.882600
1.497232 0.000000 0.892500
1.449925 0.000000 0.864300
1.542191 0.000000 0.919300
1.433484 0.000000 0.854500
1.465861 0.000000 0.873800
1.482973 0.000000 0.884000
1.383325 0.000000 0.824600
1.465694 0.000000 0.873700
1.519208 0.000000 0.905600
1.534642 0.000000 0.914800
1.490689 0.000000 0.888600
1.505452 0.000000 0.897400
1.444221 0.000000 0.860900
1.375105 0.000000 0.819700
1.413689 0.000000 0.842700
1.429961 0.000000 0.852400
1.537661 0.000000 0.916600
1.514175 0.000000 0.902600
1.474920 0.000000 0.879200
1.534139 0.000000 0.914500
1.509814 0.000000 0.900000
1.475088 0.000000 0.879300
1.516860 0.000000 0.904200
1.483476 0.000000 0.884300
1.452441 0.000000 0.865800
1.465023 0.000000 0.873300
1.549572 0.000000 0.923700
1.465861 0.000000 0.873800
1.448247 0.000000 0.863300
1.509311 0.000000 0.899700
1.507130 0.000000 0.898400
1.469217 0.000000 0.875800
1.546049 0.000000 0.921600
1.479785 0.000000 0.882100
1.492703 0.000000 0.889800
1.453951 0.000000 0.866700
1.414192 0.000000 0.843000
1.463513 0.000000 0.872400
1.432478 0.000000 0.853900
1.498071 0.000000 0.893000
1.498574 0.000000 0.893300
1.496225 0.000000 0.891900
1.493206 0.000000 0.890100
1.539171 0.000000 0.917500
1.459990 0.000000 0.870300
1.464352 0.000000 0.872900
1.424593 0.000000 0.849200
1.491361 0.000000 0.889000
1.482805 0.000000 0.883900
1.502768 0.000000 0.895800
1.498071 0.000000 0.893000
1.473243 0.000000 0.878200
1.477101 0.000000 0.880500
1.444724 0.000000 0.861200
1.461668 0.000000 0.871300
1.478108 0.000000 0.881100
1.494045 0.000000 0.890600
1.470223 0.000000 0.876400
1.468713 0.000000 0.875500
1.588827 0.000000 0.947100
1.518369 0.000000 0.905100
1.531790 0.000000 0.913100
1.469217 0.000000 0.875800
1.441537 0.000000 0.859300
1.404630 0.000000 0.837300
1.441704 0.000000 0.859400
1.442040 0.000000 0.859600
1.445731 0.000000 0.861800
1.358665 0.000000 0.809900
1.454286 0.000000 0.866900
1.542023 0.000000 0.919200
1.456467 0.000000 0.868200
1.488341 0.000000 0.887200
1.545882 0.000000 0.921500
1.480121 0.000000 0.882300
1.408489 0.000000 0.839600
1.506123 0.000000 0.897800
1.496058 0.000000 0.891800
1.477101 0.000000 0.880500
1.473411 0.000000 0.878300
1.539507 0.000000 0.917700
1.495219 0.000000 0.891300
1.477437 0.000000 0.880700
1.553766 0.000000 0.926200
1.518537 0.000000 0.905200
1.469384 0.000000 0.875900
1.520886 0.000000 0.906600
1.507801 0.000000 0.898800
1.426271 0.000000 0.850200
1.533803 0.000000 0.914300
1.531790 0.000000 0.913100
1.459654 0.000000 0.870100
1.560980 0.000000 0.930500
1.541017 0.000000 0.918600
1.441872 0.000000 0.859500
1.501258 0.000000 0.894900
1.394061 0.000000 0.831000
1.561147 0.000000 0.930600
1.433988 0.000000 0.854800
1.507968 0.000000 0.898900
1.420399 0.000000 0.846700
1.437846 0.000000 0.857100
1.460158 0.000000 0.870400
1.402114 0.000000 0.835800
1.434994 0.000000 0.855400
1.464855 0.000000 0.873200
1.468713 0.000000 0.875500
1.427948 0.000000 0.851200
1.479114 0.000000 0.881700
1.393223 0.000000 0.830500
1.496561 0.000000 0.892100
1.455628 0.000000 0.867700
1.448582 0.000000 0.863500
1.469552 0.000000 0.876000
1.426103 0.000000 0.850100
1.512498 0.000000 0.901600
1.455125 0.000000 0.867400
1.555947 0.000000 0.927500
1.441201 0.000000 0.859100
1.484482 0.000000 0.884900
1.525415 0.000000 0.909300
1.437343 0.000000 0.856800
1.431303 0.000000 0.853200
1.521221 0.000000 0.906800
1.477940 0.000000 0.881000
1.448918 0.000000 0.863700
1.428787 0.000000 0.851700
1.444221 0.000000 0.860900
1.436839 0.000000 0.856500
1.440195 0.000000 0.858500
1.494883 0.000000 0.891100
1.416038 0.000000 0.844100
1.516356 0.000000 0.903900
1.486999 0.000000 0.886400
1.464352 0.000000 0.872900
1.440362 0.000000 0.858600
1.472068 0.000000 0.877500
1.520718 0.000000 0.906500
1.451434 0.000000 0.865200
1.422748 0.000000 0.848100
1.521221 0.000000 0.906800
1.452776 0.000000 0.866000
1.414024 0.000000 0.842900
1.416038 0.000000 0.844100
1.564503 0.000000 0.932600
1.419728 0.000000 0.846300
1.459487 0.000000 0.870000
1.418218 0.000000 0.845400
1.561483 0.000000 0.930800
1.364872 0.000000 0.813600
1.345244 0.000000 0.801900
1.353967 0.000000 0.807100
1.445395 0.000000 0.861600
1.427781 0.000000 0.851100
1.519208 0.000000 0.905600
1.495051 0.000000 0.891200
1.460996 0.000000 0.870900
1.422580 0.000000 0.848000
1.397584 0.000000 0.833100
1.545546 0.000000 0.921300
1.454622 0.000000 0.867100
1.480960 0.000000 0.882800
1.431303 0.000000 0.853200
1.543197 0.000000 0.919900
1.441033 0.000000 0.859000
1.519879 0.000000 0.906000
1.506626 0.000000 0.898100
1.520047 0.000000 0.906100
1.459822 0.000000 0.870200
1.454622 0.000000 0.867100
1.480792 0.000000 0.882700
1.393726 0.000000 0.830800
1.435665 0.000000 0.855800
1.493541 0.000000 0.890300
1.441369 0.000000 0.859200
1.486831 0.000000 0.886300
1.435162 0.000000 0.855500
1.372421 0.000000 0.818100
1.481463 0.000000 0.883100
1.491025 0.000000 0.888800
1.454789 0.000000 0.867200
1.462842 0.000000 0.872000
1.434826 0.000000 0.855300
1.479282 0.000000 0.881800
1.512833 0.000000 0.901800
1.515182 0.000000 0.903200
1.439859 0.000000 0.858300
1.427445 0.000000 0.850900
1.457138 0.000000 0.868600
1.515350 0.000000 0.903300
1.476766 0.000000 0.880300
1.444724 0.000000 0.861200
1.522731 0.000000 0.907700
1.423419 0.000000 0.848500
1.420064 0.000000 0.846500
1.368227 0.000000 0.815600
1.473411 0.000000 0.878300
1.523738 0.000000 0.908300
1.496393 0.000000 0.892000
1.459319 0.000000 0.869900
1.411173 0.000000 0.841200
1.460325 0.000000 0.870500
1.462339 0.000000 0.871700
1.469384 0.000000 0.875900
1.469384 0.000000 0.875900
1.522060 0.000000 0.907300
1.398591 0.000000 0.833700
1.467036 0.000000 0.874500
1.456132 0.000000 0.868000
1.463681 0.000000 0.872500
1.426774 0.000000 0.850500
1.406979 0.000000 0.838700
1.432142 0.000000 0.853700
1.382654 0.000000 0.824200
1.519879 0.000000 0.906000
1.441369 0.000000 0.859200
1.500923 0.000000 0.894700
1.523234 0.000000 0.908000
1.507130 0.000000 0.898400
1.476430 0.000000 0.880100
1.545882 0.000000 0.921500
1.552927 0.000000 0.925700
1.534977 0.000000 0.915000
1.491864 0.000000 0.889300
1.466029 0.000000 0.873900
1.413857 0.000000 0.842800
1.509143 0.000000 0.899600
1.553263 0.000000 0.925900
1.566180 0.000000 0.933600
1.428955 0.000000 0.851800
1.430800 0.000000 0.852900
1.471733 0.000000 0.877300
1.461164 0.000000 0.871000
1.496729 0.000000 0.892200
1.396913 0.000000 0.832700
1.510988 0.000000 0.900700
1.471397 0.000000 0.877100
1.453280 0.000000 0.866300
1.493877 0.000000 0.890500
1.479282 0.000000 0.881800
1.454286 0.000000 0.866900
1.473578 0.000000 0.878400
1.487838 0.000000 0.886900
1.432981 0.000000 0.854200
1.434659 0.000000 0.855200
1.371246 0.000000 0.817400
1.479282 0.000000 0.881800
1.479785 0.000000 0.882100
1.436504 0.000000 0.856300
1.412347 0.000000 0.841900
1.513169 0.000000 0.902000
1.510485 0.000000 0.900400
1.458480 0.000000 0.869400
1.482637 0.000000 0.883800
1.488509 0.000000 0.887300
1.527764 0.000000 0.910700
1.431136 0.000000 0.853100
1.495554 0.000000 0.891500
1.398926 0.000000 0.833900
1.588156 0.000000 0.946700
1.424425 0.000000 0.849100
1.521054 0.000000 0.906700
1.549572 0.000000 0.923700
1.492367 0.000000 0.889600
1.397752 0.000000 0.833200
1.479282 0.000000 0.881800
1.420903 0.000000 0.847000
1.489515 0.000000 0.887900
1.490018 0.000000 0.888200
1.508304 0.000000 0.899100
1.461835 0.000000 0.871400
1.501929 0.000000 0.895300
1.504278 0.000000 0.896700
1.457809 0.000000 0.869000
1.473411 0.000000 0.878300
1.519040 0.000000 0.905500
1.549740 0.000000 0.923800
1.489851 0.000000 0.888100
1.468881 0.000000 0.875600
1.484650 0.000000 0.885000
1.502600 0.000000 0.895700
1.482973 0.000000 0.884000
1.469552 0.000000 0.876000
1.445731 0.000000 0.861800
1.541855 0.000000 0.919100
1.469049 0.000000 0.875700
1.524409 0.000000 0.908700
1.470055 0.000000 0.876300
1.527093 0.000000 0.910300
1.512498 0.000000 0.901600
1.486160 0.000000 0.885900
1.358665 0.000000 0.809900
1.544540 0.000000 0.920700
1.530280 0.000000 0.912200
1.512498 0.000000 0.901600
1.464687 0.000000 0.873100
1.484482 0.000000 0.884900
1.493541 0.000000 0.890300
1.485489 0.000000 0.885500
1.437007 0.000000 0.856600
1.553431 0.000000 0.926000
1.517531 0.000000 0.904600
1.533468 0.000000 0.914100
1.426103 0.000000 0.850100
1.553431 0.000000 0.926000
1.454622 0.000000 0.867100
1.426606 0.000000 0.850400
1.494716 0.000000 0.891000
1.433988 0.000000 0.854800
1.427110 0.000000 0.850700
1.475088 0.000000 0.879300
1.452944 0.000000 0.866100
1.435497 0.000000 0.855700
1.517531 0.000000 0.904600
1.530280 0.000000 0.912200
1.390539 0.000000 0.828900
1.408489 0.000000 0.839600
1.442040 0.000000 0.859600
1.495890 0.000000 0.891700
1.465861 0.000000 0.873800
1.491696 0.000000 0.889200
1.437846 0.000000 0.857100
1.445060 0.000000 0.861400
1.527261 0.000000 0.910400
1.420903 0.000000 0.847000
1.545546 0.000000 0.921300
1.455628 0.000000 0.867700
1.441537 0.000000 0.859300
1.452609 0.000000 0.865900
1.391377 0.000000 0.829400
1.434826 0.000000 0.855300
1.526086 0.000000 0.909700
1.446234 0.000000 0.862100
1.494883 0.000000 0.891100
1.415702 0.000000 0.843900
1.445395 0.000000 0.861600
1.434155 0.000000 0.854900
1.463010 0.000000 0.872100
1.438517 0.000000 0.857500
1.403624 0.000000 0.836700
1.406979 0.000000 0.838700
1.507297 0.000000 0.898500
1.472068 0.000000 0.877500
1.385338 0.000000 0.825800
1.477269 0.000000 0.880600
1.383325 0.000000 0.824600
1.538668 0.000000 0.917200
1.505620 0.000000 0.897500
1.424425 0.000000 0.849100
1.549572 0.000000 0.923700
1.409663 0.000000 0.840300
1.502432 0.000000 0.895600
1.483140 0.000000 0.884100
1.500252 0.000000 0.894300
1.416205 0.000000 0.844200
1.446737 0.000000 0.862400
1.404462 0.000000 0.837200
1.401443 0.000000 0.835400
1.483476 0.000000 0.884300
1.425935 0.000000 0.850000
1.586479 0.000000 0.945700
1.489347 0.000000 0.887800
1.432981 0.000000 0.854200
1.465023 0.000000 0.873300
1.425767 0.000000 0.849900
1.561818 0.000000 0.931000
1.406811 0.000000 0.838600
1.506794 0.000000 0.898200
1.468881 0.000000 0.875600
1.550075 0.000000 0.924000
1.434826 0.000000 0.855300
1.492367 0.000000 0.889600
1.427277 0.000000 0.850800
1.417883 0.000000 0.845200
1.474249 0.000000 0.878800
1.489515 0.000000 0.887900
1.382989 0.000000 0.824400
1.490186 0.000000 0.888300
1.466868 0.000000 0.874400
1.518369 0.000000 0.905100
1.491193 0.000000 0.888900
1.528938 0.000000 0.911400
1.510149 0.000000 0.900200
1.422748 0.000000 0.848100
1.389196 0.000000 0.828100
1.495219 0.000000 0.891300
1.482973 0.000000 0.884000
1.496729 0.000000 0.892200
1.475088 0.000000 0.879300
1.454286 0.000000 0.866900
1.512666 0.000000 0.901700
1.514511 0.000000 0.902800
1.472236 0.000000 0.877600
1.486160 0.000000 0.885900
1.538332 0.000000 0.917000
1.494883 0.000000 0.891100
1.515182 0.000000 0.903200
1.404630 0.000000 0.837300
1.479618 0.000000 0.882000
1.512330 0.000000 0.901500
1.465190 0.000000 0.873400
1.506962 0.000000 0.898300
1.435665 0.000000 0.855800
1.560980 0.000000 0.930500
1.441033 0.000000 0.859000
1.498742 0.000000 0.893400
1.397584 0.000000 0.833100
1.415367 0.000000 0.843700
1.454118 0.000000 0.866800
1.480624 0.000000 0.882600
1.459822 0.000000 0.870200
1.455293 0.000000 0.867500
1.517698 0.000000 0.904700
1.457641 0.000000 0.868900
1.400436 0.000000 0.834800
1.476933 0.000000 0.880400
1.435497 0.000000 0.855700
1.541184 0.000000 0.918700
1.458312 0.000000 0.869300
1.352625 0.000000 0.806300
1.466365 0.000000 0.874100
1.572052 0.000000 0.937100
1.438349 0.000000 0.857400
1.441033 0.000000 0.859000
1.520550 0.000000 0.906400
1.550243 0.000000 0.924100
1.501426 0.000000 0.895000
1.460158 0.000000 0.870400
1.517195 0.000000 0.904400
1.406643 0.000000 0.838500
1.392384 0.000000 0.830000
1.545043 0.000000 0.921000
1.483308 0.000000 0.884200
1.415199 0.000000 0.843600
1.437510 0.000000 0.856900
1.475759 0.000000 0.879700
1.452441 0.000000 0.865800
1.505788 0.000000 0.897600
1.456299 0.000000 0.868100
1.456132 0.000000 0.868000
1.415534 0.000000 0.843800
1.375608 0.000000 0.820000
1.477604 0.000000 0.880800
1.424258 0.000000 0.849000
1.455293 0.000000 0.867500
1.480456 0.000000 0.882500
1.458480 0.000000 0.869400
1.451099 0.000000 0.865000
1.482469 0.000000 0.883700
1.457641 0.000000 0.868900
1.365878 0.000000 0.814200
1.496729 0.000000 0.892200
1.509982 0.000000 0.900100
1.423251 0.000000 0.848400
1.459990 0.000000 0.870300
1.370072 0.000000 0.816700
1.602080 0.000000 0.955000
1.498574 0.000000 0.893300
1.437343 0.000000 0.856800
1.521389 0.000000 0.906900
1.430297 0.000000 0.852600
1.543533 0.000000 0.920100
1.496561 0.000000 0.892100
1.462506 0.000000 0.871800
1.486999 0.000000 0.886400
1.393055 0.000000 0.830400
1.523570 0.000000 0.908200
1.507801 0.000000 0.898800
1.415870 0.000000 0.844000
1.459990 0.000000 0.870300
1.456635 0.000000 0.868300
1.419896 0.000000 0.846400
1.486496 0.000000 0.886100
1.445731 0.000000 0.861800
1.435665 0.000000 0.855800
1.444724 0.000000 0.861200
1.497400 0.000000 0.892600
1.512162 0.000000 0.901400
1.538332 0.000000 0.917000
1.518034 0.000000 0.904900
1.447073 0.000000 0.862600
1.424090 0.000000 0.848900
1.405637 0.000000 0.837900
1.544204 0.000000 0.920500
1.429626 0.000000 0.852200
1.616004 0.000000 0.963300
1.509814 0.000000 0.900000
1.464855 0.000000 0.873200
1.446905 0.000000 0.862500
1.404798 0.000000 0.837400
1.421406 0.000000 0.847300
1.427613 0.000000 0.851000
1.544540 0.000000 0.920700
1.488341 0.000000 0.887200
1.423251 0.000000 0.848400
1.520215 0.000000 0.906200
1.458145 0.000000 0.869200
1.489347 0.000000 0.887800
1.475256 0.000000 0.879400
1.518873 0.000000 0.905400
1.525415 0.000000 0.909300
1.536319 0.000000 0.915800
1.475424 0.000000 0.879500
1.480792 0.000000 0.882700
1.522060 0.000000 0.907300
1.462842 0.000000 0.872000
1.501258 0.000000 0.894900
1.543533 0.000000 0.920100
1.453615 0.000000 0.866500
1.520886 0.000000 0.906600
1.537997 0.000000 0.916800
1.498910 0.000000 0.893500
1.453112 0.000000 0.866200
1.490354 0.000000 0.888400
1.497903 0.000000 0.892900
1.478946 0.000000 0.881600
1.499748 0.000000 0.894000
1.419560 0.000000 0.846200
1.541352 0.000000 0.918800
1.469888 0.000000 0.876200
1.529945 0.000000 0.912000
1.540010 0.000000 0.918000
1.513504 0.000000 0.902200
1.524744 0.000000 0.908900
1.466700 0.000000 0.874300
1.448247 0.000000 0.863300
1.504781 0.000000 0.897000
1.474753 0.000000 0.879100
1.462003 0.000000 0.871500
1.405469 0.000000 0.837800
1.487502 0.000000 0.886700
1.490857 0.000000 0.888700
1.524912 0.000000 0.909000
1.496729 0.000000 0.892200
1.588324 0.000000 0.946800
1.520886 0.000000 0.906600
1.471733 0.000000 0.877300
1.475256 0.000000 0.879400
1.456970 0.000000 0.868500
1.463681 0.000000 0.872500
1.452776 0.000000 0.866000
1.447911 0.000000 0.863100
1.502097 0.000000 0.895400
1.373595 0.000000 0.818800
1.528603 0.000000 0.911200
1.462003 0.000000 0.871500
1.433652 0.000000 0.854600
1.546720 0.000000 0.922000
1.450428 0.000000 0.864600
1.534642 0.000000 0.914800
1.482805 0.000000 0.883900
1.487334 0.000000 0.886600
1.549404 0.000000 0.923600
1.442375 0.000000 0.859800
1.451267 0.000000 0.865100
1.514511 0.000000 0.902800
1.498406 0.000000 0.893200
1.458480 0.000000 0.869400
1.493709 0.000000 0.890400
1.492367 0.000000 0.889600
1.426439 0.000000 0.850300
1.516021 0.000000 0.903700
1.503775 0.000000 0.896400
1.454622 0.000000 0.867100
1.531287 0.000000 0.912800
1.445563 0.000000 0.861700
1.397417 0.000000 0.833000
1.489347 0.000000 0.887800
1.471901 0.000000 0.877400
1.497064 0.000000 0.892400
1.440195 0.000000 0.858500
1.480456 0.000000 0.882500
1.387687 0.000000 0.827200
1.510653 0.000000 0.900500
1.442543 0.000000 0.859900
1.428116 0.000000 0.851300
1.378963 0.000000 0.822000
1.447576 0.000000 0.862900
1.413018 0.000000 0.842300
1.534810 0.000000 0.914900
1.423922 0.000000 0.848800
1.462003 0.000000 0.871500
1.454957 0.000000 0.867300
1.450260 0.000000 0.864500
1.436839 0.000000 0.856500
1.498406 0.000000 0.893200
1.459822 0.000000 0.870200
1.448415 0.000000 0.863400
1.460158 0.000000 0.870400
1.539339 0.000000 0.917600
1.501090 0.000000 0.894800
1.582620 0.000000 0.943400
1.465190 0.000000 0.873400
1.505452 0.000000 0.897400
1.515518 0.000000 0.903400
1.445731 0.000000 0.861800
1.481631 0.000000 0.883200
1.428619 0.000000 0.851600
1.499245 0.000000 0.893700
1.521725 0.000000 0.907100
1.458816 0.000000 0.869600
1.467371 0.000000 0.874700
1.372924 0.000000 0.818400
1.429961 0.000000 0.852400
1.376950 0.000000 0.820800
1.478275 0.000000 0.881200
1.441704 0.000000 0.859400
1.510149 0.000000 0.900200
1.532125 0.000000 0.913300
1.399933 0.000000 0.834500
1.400436 0.000000 0.834800
1.405804 0.000000 0.838000
1.465023 0.000000 0.873300
1.410669 0.000000 0.840900
1.501761 0.000000 0.895200
1.473578 0.000000 0.878400
1.446737 0.000000 0.862400
1.461668 0.000000 0.871300
1.435162 0.000000 0.855500
1.500587 0.000000 0.894500
1.395907 0.000000 0.832100
1.498574 0.000000 0.893300
1.474082 0.000000 0.878700
1.490857 0.000000 0.888700
1.548566 0.000000 0.923100
1.505117 0.000000 0.897200
1.467371 0.000000 0.874700
1.503271 0.000000 0.896100
1.468881 0.000000 0.875600
1.513001 0.000000 0.901900
1.446905 0.000000 0.862500
1.484818 0.000000 0.885100
1.465190 0.000000 0.873400
1.457474 0.000000 0.868800
1.504949 0.000000 0.897100
1.549404 0.000000 0.923600
1.464519 0.000000 0.873000
1.459319 0.000000 0.869900
1.523905 0.000000 0.908400
1.413353 0.000000 0.842500
1.475088 0.000000 0.879300
1.429961 0.000000 0.852400
1.393894 0.000000 0.830900
1.443046 0.000000 0.860200
1.474417 0.000000 0.878900
1.427781 0.000000 0.851100
1.489515 0.000000 0.887900
1.483811 0.000000 0.884500
1.560812 0.000000 0.930400
1.415199 0.000000 0.843600
1.491025 0.000000 0.888800
1.528099 0.000000 0.910900
1.475759 0.000000 0.879700
1.450428 0.000000 0.864600
1.505788 0.000000 0.897600
1.519544 0.000000 0.905800
1.577588 0.000000 0.940400
1.493206 0.000000 0.890100
1.507968 0.000000 0.898900
1.413857 0.000000 0.842800
1.440195 0.000000 0.858500
1.406979 0.000000 0.838700
1.422580 0.000000 0.848000
1.450931 0.000000 0.864900
1.461500 0.000000 0.871200
1.563496 0.000000 0.932000
1.525247 0.000000 0.909200
1.501929 0.000000 0.895300
1.463681 0.000000 0.872500
1.483476 0.000000 0.884300
1.449589 0.000000 0.864100
1.438182 0.000000 0.857300
1.533300 0.000000 0.914000
1.440362 0.000000 0.858600
1.512498 0.000000 0.901600
1.470223 0.000000 0.876400
1.442040 0.000000 0.859600
1.508807 0.000000 0.899400
1.413857 0.000000 0.842800
1.506962 0.000000 0.898300
1.450931 0.000000 0.864900
1.545211 0.000000 0.921100
1.395403 0.000000 0.831800
1.419560 0.000000 0.846200
1.592183 0.000000 0.949100
1.477269 0.000000 0.880600
1.492870 0.000000 0.889900
1.505620 0.000000 0.897500
1.374434 0.000000 0.819300
1.451770 0.000000 0.865400
1.466532 0.000000 0.874200
1.495554 0.000000 0.891500
1.527932 0.000000 0.910800
1.436672 0.000000 0.856400
1.376615 0.000000 0.820600
1.498406 0.000000 0.893200
1.415870 0.000000 0.844000
1.410502 0.000000 0.840800
1.443046 0.000000 0.860200
1.377789 0.000000 0.821300
1.453951 0.000000 0.866700
1.493877 0.000000 0.890500
1.491696 0.000000 0.889200
1.507968 0.000000 0.898900
1.552256 0.000000 0.925300
1.573226 0.000000 0.937800
1.349438 0.000000 0.804400
1.513672 0.000000 0.902300
1.397081 0.000000 0.832800
1.560644 0.000000 0.930300
1.417547 0.000000 0.845000
1.433988 0.000000 0.854800
1.447576 0.000000 0.862900
1.528267 0.000000 0.911000
1.529609 0.000000 0.911800
1.481798 0.000000 0.883300
1.485489 0.000000 0.885500
1.415031 0.000000 0.843500
1.561315 0.000000 0.930700
1.418889 0.000000 0.845800
1.468713 0.000000 0.875500
1.449253 0.000000 0.863900
1.443046 0.000000 0.860200
1.540849 0.000000 0.918500
1.558296 0.000000 0.928900
1.471062 0.000000 0.876900
1.447408 0.000000 0.862800
1.411340 0.000000 0.841300
1.448247 0.000000 0.863300
1.412011 0.000000 0.841700
1.414192 0.000000 0.843000
1.474417 0.000000 0.878900
1.511995 0.000000 0.901300
1.544875 0.000000 0.920900
1.497232 0.000000 0.892500
1.504278 0.000000 0.896700
1.485825 0.000000 0.885700
1.374937 0.000000 0.819600
1.539842 0.000000 0.917900
1.553598 0.000000 0.926100
1.505788 0.000000 0.897600
1.526254 0.000000 0.909800
1.413857 0.000000 0.842800
1.485321 0.000000 0.885400
1.470559 0.000000 0.876600
1.377957 0.000000 0.821400
1.522228 0.000000 0.907400
1.481966 0.000000 0.883400
1.543701 0.000000 0.920200
1.374434 0.000000 0.819300
1.428284 0.000000 0.851400
1.481631 0.000000 0.883200
1.469888 0.000000 0.876200
1.458312 0.000000 0.869300
1.464519 0.000000 0.873000
1.442543 0.000000 0.859900
1.490689 0.000000 0.888600
1.460996 0.000000 0.870900
1.473075 0.000000 0.878100
1.538332 0.000000 0.917000
1.492703 0.000000 0.889800
1.383157 0.000000 0.824500
1.513001 0.000000 0.901900
1.532293 0.000000 0.913400
1.458816 0.000000 0.869600
1.457306 0.000000 0.868700
1.436336 0.000000 0.856200
1.411676 0.000000 0.841500
1.489683 0.000000 0.888000
1.472739 0.000000 0.877900
1.455628 0.000000 0.867700
1.472236 0.000000 0.877600
1.383828 0.000000 0.824900
1.446569 0.000000 0.862300
1.433652 0.000000 0.854600
1.482134 0.000000 0.883500
1.431136 0.000000 0.853100
1.538332 0.000000 0.917000
1.417547 0.000000 0.845000
1.492535 0.000000 0.889700
1.568361 0.000000 0.934900
1.512498 0.000000 0.901600
1.440027 0.000000 0.858400
1.468210 0.000000 0.875200
1.497064 0.000000 0.892400
1.443046 0.000000 0.860200
1.554773 0.000000 0.926800
1.481127 0.000000 0.882900
1.426439 0.000000 0.850300
1.429290 0.000000 0.852000
1.416373 0.000000 0.844300
1.471397 0.000000 0.877100
1.413521 0.000000 0.842600
1.383493 0.000000 0.824700
1.509143 0.000000 0.899600
1.471901 0.000000 0.877400
1.437678 0.000000 0.857000
1.428955 0.000000 0.851800
1.505117 0.000000 0.897200
1.374434 0.000000 0.819300
1.475759 0.000000 0.879700
1.524241 0.000000 0.908600
1.482973 0.000000 0.884000
1.392216 0.000000 0.829900
1.364201 0.000000 0.813200
1.451602 0.000000 0.865300
1.477604 0.000000 0.880800
1.452105 0.000000 0.865600
1.457306 0.000000 0.868700
1.402785 0.000000 0.836200
1.469217 0.000000 0.875800
1.517698 0.000000 0.904700
1.477437 0.000000 0.880700
1.402785 0.000000 0.836200
1.426774 0.000000 0.850500
1.504613 0.000000 0.896900
1.529106 0.000000 0.911500
1.459822 0.000000 0.870200
1.539507 0.000000 0.917700
1.443550 0.000000 0.860500
1.482134 0.000000 0.883500
1.520718 0.000000 0.906500
1.479618 0.000000 0.882000
1.479618 0.000000 0.882000
1.418218 0.000000 0.845400
1.551250 0.000000 0.924700
1.541855 0.000000 0.919100
1.566012 0.000000 0.933500
1.464687 0.000000 0.873100
1.509478 0.000000 0.899800
1.467036 0.000000 0.874500
1.545882 0.000000 0.921500
1.434994 0.000000 0.855400
1.446905 0.000000 0.862500
1.479450 0.000000 0.881900
1.484315 0.000000 0.884800
1.523570 0.000000 0.908200
1.476598 0.000000 0.880200
1.391713 0.000000 0.829600
1.463010 0.000000 0.872100
1.526925 0.000000 0.910200
1.494045 0.000000 0.890600
1.438182 0.000000 0.857300
1.503104 0.000000 0.896000
1.378796 0.000000 0.821900
1.505284 0.000000 0.897300
1.496058 0.000000 0.891800
1.505620 0.000000 0.897500
1.404295 0.000000 0.837100
1.356316 0.000000 0.808500
1.466700 0.000000 0.874300
1.374098 0.000000 0.819100
1.457138 0.000000 0.868600
1.420567 0.000000 0.846800
1.436839 0.000000 0.856500
1.422916 0.000000 0.848200
1.401275 0.000000 0.835300
1.446066 0.000000 0.862000
1.459654 0.000000 0.870100
1.522563 0.000000 0.907600
1.502097 0.000000 0.895400
1.487838 0.000000 0.886900
1.465358 0.000000 0.873500
1.408656 0.000000 0.839700
1.461668 0.000000 0.871300
1.457641 0.000000 0.868900
1.471230 0.000000 0.877000
1.409327 0.000000 0.840100
1.442879 0.000000 0.860100
1.433652 0.000000 0.854600
1.491025 0.000000 0.888800
1.414863 0.000000 0.843400
1.417044 0.000000 0.844700
1.607113 0.000000 0.958000
1.480960 0.000000 0.882800
1.448079 0.000000 0.863200
1.343902 0.000000 0.801100
1.402449 0.000000 0.836000
1.341218 0.000000 0.799500
1.518202 0.000000 0.905000
1.479618 0.000000 0.882000
1.478946 0.000000 0.881600
1.514511 0.000000 0.902800
1.485825 0.000000 0.885700
1.626237 0.000000 0.969400
1.490689 0.000000 0.888600
1.465526 0.000000 0.873600
1.464184 0.000000 0.872800
1.462842 0.000000 0.872000
1.434323 0.000000 0.855000
1.496225 0.000000 0.891900
1.481798 0.000000 0.883300
1.504949 0.000000 0.897100
1.526422 0.000000 0.909900
1.493038 0.000000 0.890000
1.472068 0.000000 0.877500
1.546553 0.000000 0.921900
1.500419 0.000000 0.894400
1.467371 0.000000 0.874700
1.460325 0.000000 0.870500
1.429290 0.000000 0.852000
1.569535 0.000000 0.935600
1.427445 0.000000 0.850900
1.448750 0.000000 0.863600
1.394900 0.000000 0.831500
1.588324 0.000000 0.946800
1.478443 0.000000 0.881300
1.430465 0.000000 0.852700
1.463513 0.000000 0.872400
1.520382 0.000000 0.906300
1.494716 0.000000 0.891000
1.512833 0.000000 0.901800
1.456803 0.000000 0.868400
1.563161 0.000000 0.931800
1.472907 0.000000 0.878000
1.460996 0.000000 0.870900
1.472572 0.000000 0.877800
1.469720 0.000000 0.876100
1.425767 0.000000 0.849900
1.417883 0.000000 0.845200
1.498742 0.000000 0.893400
1.463681 0.000000 0.872500
1.510988 0.000000 0.900700
1.482469 0.000000 0.883700
1.505452 0.000000 0.897400
1.495219 0.000000 0.891300
1.472739 0.000000 0.877900
1.415534 0.000000 0.843800
1.497568 0.000000 0.892700
1.446905 0.000000 0.862500
1.463513 0.000000 0.872400
1.475424 0.000000 0.879500
1.521892 0.000000 0.907200
1.475591 0.000000 0.879600
1.496729 0.000000 0.892200
1.454454 0.000000 0.867000
1.537326 0.000000 0.916400
1.523905 0.000000 0.908400
1.488676 0.000000 0.887400
1.428955 0.000000 0.851800
1.397752 0.000000 0.833200
1.472907 0.000000 0.878000
1.441537 0.000000 0.859300
1.459822 0.000000 0.870200
1.533300 0.000000 0.914000
1.541184 0.000000 0.918700
1.483476 0.000000 0.884300
1.448582 0.000000 0.863500
1.451602 0.000000 0.865300
1.502097 0.000000 0.895400
1.469888 0.000000 0.876200
1.505620 0.000000 0.897500
1.445227 0.000000 0.861500
1.431975 0.000000 0.853600
1.503942 0.000000 0.896500
1.459654 0.000000 0.870100
1.378628 0.000000 0.821800
1.499916 0.000000 0.894100
1.480792 0.000000 0.882700
1.474920 0.000000 0.879200
1.557960 0.000000 0.928700
1.505955 0.000000 0.897700
1.474920 0.000000 0.879200
1.469552 0.000000 0.876000
1.541855 0.000000 0.919100
1.631270 0.000000 0.972400
1.467371 0.000000 0.874700
1.416709 0.000000 0.844500
1.508639 0.000000 0.899300
1.485825 0.000000 0.885700
1.472236 0.000000 0.877600
1.478108 0.000000 0.881100
1.469888 0.000000 0.876200
1.526254 0.000000 0.909800
1.462339 0.000000 0.871700
1.451602 0.000000 0.865300
1.450092 0.000000 0.864400
1.514511 0.000000 0.902800
1.391042 0.000000 0.829200
1.397417 0.000000 0.833000
1.484650 0.000000 0.885000
1.510988 0.000000 0.900700
1.451770 0.000000 0.865400
1.525918 0.000000 0.909600
1.539339 0.000000 0.917600
1.518537 0.000000 0.905200
1.438517 0.000000 0.857500
1.521725 0.000000 0.907100
1.518369 0.000000 0.905100
1.463681 0.000000 0.872500
1.446066 0.000000 0.862000
1.448582 0.000000 0.863500
1.514511 0.000000 0.902800
1.470223 0.000000 0.876400
1.536823 0.000000 0.916100
1.430297 0.000000 0.852600
1.568025 0.000000 0.934700
1.478108 0.000000 0.881100
1.471901 0.000000 0.877400
1.460829 0.000000 0.870800
1.512330 0.000000 0.901500
1.477269 0.000000 0.880600
1.485657 0.000000 0.885600
1.476095 0.000000 0.879900
1.432478 0.000000 0.853900
1.426774 0.000000 0.850500
1.448415 0.000000 0.863400
1.506459 0.000000 0.898000
1.409831 0.000000 0.840400
1.439859 0.000000 0.858300
1.363865 0.000000 0.813000
1.433988 0.000000 0.854800
1.479450 0.000000 0.881900
1.436504 0.000000 0.856300
1.437175 0.000000 0.856700
1.459654 0.000000 0.870100
1.475759 0.000000 0.879700
1.536152 0.000000 0.915700
1.426942 0.000000 0.850600
1.487670 0.000000 0.886800
1.417212 0.000000 0.844800
1.359168 0.000000 0.810200
1.518873 0.000000 0.905400
1.476598 0.000000 0.880200
1.445227 0.000000 0.861500
1.502265 0.000000 0.895500
1.452273 0.000000 0.865700
1.538165 0.000000 0.916900
1.479450 0.000000 0.881900
1.479618 0.000000 0.882000
1.563161 0.000000 0.931800
1.514343 0.000000 0.902700
1.409998 0.000000 0.840500
1.432142 0.000000 0.853700
1.453447 0.000000 0.866400
1.526589 0.000000 0.910000
1.453615 0.000000 0.866500
1.466197 0.000000 0.874000
1.455125 0.000000 0.867400
1.504446 0.000000 0.896800
1.398423 0.000000 0.833600
1.415870 0.000000 0.844000
1.471565 0.000000 0.877200
1.445060 0.000000 0.861400
1.447911 0.000000 0.863100
1.454789 0.000000 0.867200
1.569535 0.000000 0.935600
1.400268 0.000000 0.834700
1.485657 0.000000 0.885600
1.463010 0.000000 0.872100
1.431471 0.000000 0.853300
1.440698 0.000000 0.858800
1.510485 0.000000 0.900400
1.497735 0.000000 0.892800
1.410166 0.000000 0.840600
1.489347 0.000000 0.887800
1.463681 0.000000 0.872500
1.417380 0.000000 0.844900
1.474249 0.000000 0.878800
1.493877 0.000000 0.890500
1.621204 0.000000 0.966400
1.527261 0.000000 0.910400
1.591511 0.000000 0.948700
1.480456 0.000000 0.882500
1.527764 0.000000 0.910700
1.528603 0.000000 0.911200
1.503271 0.000000 0.896100
1.530112 0.000000 0.912100
1.449086 0.000000 0.863800
1.488173 0.000000 0.887100
1.428116 0.000000 0.851300
1.472572 0.000000 0.877800
1.471565 0.000000 0.877200
1.475256 0.000000 0.879400
1.507297 0.000000 0.898500
1.320248 0.000000 0.787000
1.479618 0.000000 0.882000
1.537494 0.000000 0.916500
1.448582 0.000000 0.863500
1.501761 0.000000 0.895200
1.479282 0.000000 0.881800
1.484482 0.000000 0.884900
1.421070 0.000000 0.847100
1.467875 0.000000 0.875000
1.486663 0.000000 0.886200
1.524409 0.000000 0.908700
1.489012 0.000000 0.887600
1.483979 0.000000 0.884600
1.462339 0.000000 0.871700
1.490186 0.000000 0.888300
1.589834 0.000000 0.947700
1.508136 0.000000 0.899000
1.544204 0.000000 0.920500
1.577588 0.000000 0.940400
1.535984 0.000000 0.915600
1.498406 0.000000 0.893200
1.517866 0.000000 0.904800
1.507130 0.000000 0.898400
1.491193 0.000000 0.888900
1.512666 0.000000 0.901700
1.523570 0.000000 0.908200
1.471901 0.000000 0.877400
1.466868 0.000000 0.874400
1.565509 0.000000 0.933200
1.445731 0.000000 0.861800
1.469049 0.000000 0.875700
1.489180 0.000000 0.887700
1.440195 0.000000 0.858500
1.486999 0.000000 0.886400
1.508472 0.000000 0.899200
1.486496 0.000000 0.886100
1.530951 0.000000 0.912600
1.473578 0.000000 0.878400
1.480289 0.000000 0.882400
1.407817 0.000000 0.839200
1.571548 0.000000 0.936800
1.423754 0.000000 0.848700
1.465190 0.000000 0.873400
1.405133 0.000000 0.837600
1.515014 0.000000 0.903100
1.388190 0.000000 0.827500
1.447744 0.000000 0.863000
1.391210 0.000000 0.829300
1.401778 0.000000 0.835600
1.521221 0.000000 0.906800
1.396242 0.000000 0.832300
1.432646 0.000000 0.854000
1.501426 0.000000 0.895000
1.430632 0.000000 0.852800
1.473243 0.000000 0.878200
1.407146 0.000000 0.838800
1.478611 0.000000 0.881400
1.412347 0.000000 0.841900
1.386680 0.000000 0.826600
1.556283 0.000000 0.927700
1.556450 0.000000 0.927800
1.479953 0.000000 0.882200
1.391545 0.000000 0.829500
1.524912 0.000000 0.909000
1.490354 0.000000 0.888400
1.542359 0.000000 0.919400
1.441201 0.000000 0.859100
1.478275 0.000000 0.881200
1.442711 0.000000 0.860000
1.453615 0.000000 0.866500
1.437678 0.000000 0.857000
1.416373 0.000000 0.844300
1.457809 0.000000 0.869000
1.465358 0.000000 0.873500
1.515350 0.000000 0.903300
1.388861 0.000000 0.827900
1.429123 0.000000 0.851900
1.469888 0.000000 0.876200
1.471397 0.000000 0.877100
1.501761 0.000000 0.895200
1.429626 0.000000 0.852200
1.426439 0.000000 0.850300
1.407817 0.000000 0.839200
1.451770 0.000000 0.865400
1.423251 0.000000 0.848400
1.525247 0.000000 0.909200
1.533971 0.000000 0.914400
1.393726 0.000000 0.830800
1.484986 0.000000 0.885200
1.386848 0.000000 0.826700
1.519376 0.000000 0.905700
1.538836 0.000000 0.917300
1.501761 0.000000 0.895200
1.527093 0.000000 0.910300
1.508136 0.000000 0.899000
1.455796 0.000000 0.867800
1.373092 0.000000 0.818500
1.459319 0.000000 0.869900
1.475591 0.000000 0.879600
1.419225 0.000000 0.846000
1.525751 0.000000 0.909500
1.395068 0.000000 0.831600
1.481966 0.000000 0.883400
1.492703 0.000000 0.889800
1.508304 0.000000 0.899100
1.567858 0.000000 0.934600
1.442711 0.000000 0.860000
1.507633 0.000000 0.898700
1.479282 0.000000 0.881800
1.485321 0.000000 0.885400
1.431136 0.000000 0.853100
1.527093 0.000000 0.910300
1.395236 0.000000 0.831700
1.403959 0.000000 0.836900
1.526254 0.000000 0.909800
1.419728 0.000000 0.846300
1.383828 0.000000 0.824900
1.484315 0.000000 0.884800
1.465526 0.000000 0.873600
1.474417 0.000000 0.878900
1.513504 0.000000 0.902200
1.416541 0.000000 0.844400
1.501761 0.000000 0.895200
1.484986 0.000000 0.885200
1.525247 0.000000 0.909200
1.459487 0.000000 0.870000
1.538668 0.000000 0.917200
1.512498 0.000000 0.901600
1.477940 0.000000 0.881000
1.507633 0.000000 0.898700
1.542694 0.000000 0.919600
1.437343 0.000000 0.856800
1.446905 0.000000 0.862500
1.459151 0.000000 0.869800
1.443382 0.000000 0.860400
1.465694 0.000000 0.873700
1.500084 0.000000 0.894200
1.497903 0.000000 0.892900
1.501426 0.000000 0.895000
1.505788 0.000000 0.897600
1.465526 0.000000 0.873600
1.516860 0.000000 0.904200
1.499245 0.000000 0.893700
1.473914 0.000000 0.878600
1.472572 0.000000 0.877800
1.489180 0.000000 0.887700
1.461332 0.000000 0.871100
1.477772 0.000000 0.880900
1.446066 0.000000 0.862000
1.460158 0.000000 0.870400
1.535481 0.000000 0.915300
1.432813 0.000000 0.854100
1.531622 0.000000 0.913000
1.453112 0.000000 0.866200
1.476933 0.000000 0.880400
1.500755 0.000000 0.894600
1.481127 0.000000 0.882900
1.537494 0.000000 0.916500
1.463345 0.000000 0.872300
1.437510 0.000000 0.856900
1.445898 0.000000 0.861900
1.486663 0.000000 0.886200
1.463848 0.000000 0.872600
1.489180 0.000000 0.887700
1.322765 0.000000 0.788500
1.544204 0.000000 0.920500
1.497232 0.000000 0.892500
1.350445 0.000000 0.805000
1.502265 0.000000 0.895500
1.429626 0.000000 0.852200
1.433149 0.000000 0.854300
1.467371 0.000000 0.874700
1.495722 0.000000 0.891600
1.434155 0.000000 0.854900
1.618856 0.000000 0.965000
1.429290 0.000000 0.852000
1.498574 0.000000 0.893300
1.466365 0.000000 0.874100
1.484650 0.000000 0.885000
1.370408 0.000000 0.816900
1.443885 0.000000 0.860700
1.486999 0.000000 0.886400
1.537997 0.000000 0.916800
1.488341 0.000000 0.887200
1.467036 0.000000 0.874500
1.410334 0.000000 0.840700
1.396578 0.000000 0.832500
1.483811 0.000000 0.884500
1.467707 0.000000 0.874900
1.457138 0.000000 0.868600
1.439356 0.000000 0.858000
1.408153 0.000000 0.839400
1.407482 0.000000 0.839000
1.559638 0.000000 0.929700
1.556786 0.000000 0.928000
1.438182 0.000000 0.857300
1.505620 0.000000 0.897500
1.493038 0.000000 0.890000
1.498742 0.000000 0.893400
1.528099 0.000000 0.910900
1.541688 0.000000 0.919000
1.473746 0.000000 0.878500
1.466868 0.000000 0.874400
1.431975 0.000000 0.853600
1.521725 0.000000 0.907100
1.438014 0.000000 0.857200
1.467036 0.000000 0.874500
1.535816 0.000000 0.915500
1.473243 0.000000 0.878200
1.414024 0.000000 0.842900
1.430465 0.000000 0.852700
1.411844 0.000000 0.841600
1.532629 0.000000 0.913600
1.484482 0.000000 0.884900
1.483308 0.000000 0.884200
1.478946 0.000000 0.881600
1.459990 0.000000 0.870300
1.480792 0.000000 0.882700
1.475424 0.000000 0.879500
1.467875 0.000000 0.875000
1.537158 0.000000 0.916300
1.544372 0.000000 0.920600
1.555947 0.000000 0.927500
1.454957 0.000000 0.867300
1.429626 0.000000 0.852200
1.509311 0.000000 0.899700
1.496561 0.000000 0.892100
1.414192 0.000000 0.843000
1.404798 0.000000 0.837400
1.503607 0.000000 0.896300
1.421070 0.000000 0.847100
1.575407 0.000000 0.939100
1.386345 0.000000 0.826400
1.352290 0.000000 0.806100
1.554269 0.000000 0.926500
1.444556 0.000000 0.861100
1.420232 0.000000 0.846600
1.487167 0.000000 0.886500
1.426606 0.000000 0.850400
1.391881 0.000000 0.829700
1.566516 0.000000 0.933800
1.474585 0.000000 0.879000
1.374434 0.000000 0.819300
1.423587 0.000000 0.848600
1.494883 0.000000 0.891100
1.442879 0.000000 0.860100
1.447911 0.000000 0.863100
1.461164 0.000000 0.871000
1.365207 0.000000 0.813800
1.496058 0.000000 0.891800
1.560141 0.000000 0.930000
1.523402 0.000000 0.908100
1.423587 0.000000 0.848600
1.422916 0.000000 0.848200
1.438853 0.000000 0.857700
1.476262 0.000000 0.880000
1.369233 0.000000 0.816200
1.493374 0.000000 0.890200
1.527932 0.000000 0.910800
1.448918 0.000000 0.863700
1.397920 0.000000 0.833300
1.476430 0.000000 0.880100
1.514847 0.000000 0.903000
1.415534 0.000000 0.843800
1.450260 0.000000 0.864500
1.369066 0.000000 0.816100
1.459822 0.000000 0.870200
1.445563 0.000000 0.861700
1.456467 0.000000 0.868200
1.494380 0.000000 0.890800
1.467203 0.000000 0.874600
1.480624 0.000000 0.882600
1.479450 0.000000 0.881900
1.381983 0.000000 0.823800
1.490354 0.000000 0.888400
1.491696 0.000000 0.889200
1.396578 0.000000 0.832500
1.416876 0.000000 0.844600
1.435833 0.000000 0.855900
1.496225 0.000000 0.891900
1.501258 0.000000 0.894900
1.417715 0.000000 0.845100
1.453447 0.000000 0.866400
1.449589 0.000000 0.864100
1.376950 0.000000 0.820800
1.486999 0.000000 0.886400
1.531958 0.000000 0.913200
1.458312 0.000000 0.869300
1.462171 0.000000 0.871600
1.555611 0.000000 0.927300
1.492870 0.000000 0.889900
1.509311 0.000000 0.899700
1.426439 0.000000 0.850300
1.489180 0.000000 0.887700
1.386512 0.000000 0.826500
1.545043 0.000000 0.921000
1.554773 0.000000 0.926800
1.529106 0.000000 0.911500
1.521557 0.000000 0.907000
1.531287 0.000000 0.912800
1.590505 0.000000 0.948100
1.500755 0.000000 0.894600
1.401778 0.000000 0.835600
1.482637 0.000000 0.883800
1.448079 0.000000 0.863200
1.506123 0.000000 0.897800
1.446402 0.000000 0.862200
1.477101 0.000000 0.880500
1.467371 0.000000 0.874700
1.527428 0.000000 0.910500
1.487334 0.000000 0.886600
1.490186 0.000000 0.888300
1.405469 0.000000 0.837800
1.485489 0.000000 0.885500
1.503439 0.000000 0.896200
1.544372 0.000000 0.920600
1.510317 0.000000 0.900300
1.448247 0.000000 0.863300
1.487334 0.000000 0.886600
1.511659 0.000000 0.901100
1.417883 0.000000 0.845200
1.476262 0.000000 0.880000
1.479282 0.000000 0.881800
1.464855 0.000000 0.873200
1.445898 0.000000 0.861900
1.421406 0.000000 0.847300
1.507130 0.000000 0.898400
1.480960 0.000000 0.882800
1.428955 0.000000 0.851800
1.515685 0.000000 0.903500
1.521557 0.000000 0.907000
1.440698 0.000000 0.858800
1.466365 0.000000 0.874100
1.548398 0.000000 0.923000
1.369569 0.000000 0.816400
1.377453 0.000000 0.821100
1.458312 0.000000 0.869300
1.517698 0.000000 0.904700
1.463177 0.000000 0.872200
1.426439 0.000000 0.850300
1.521389 0.000000 0.906900
1.537997 0.000000 0.916800
1.346251 0.000000 0.802500
1.441704 0.000000 0.859400
1.400268 0.000000 0.834700
1.472907 0.000000 0.878000
1.464687 0.000000 0.873100
1.522396 0.000000 0.907500
1.525583 0.000000 0.909400
1.451099 0.000000 0.865000
1.516692 0.000000 0.904100
1.475927 0.000000 0.879800
1.450260 0.000000 0.864500
1.430968 0.000000 0.853000
1.418889 0.000000 0.845800
1.491025 0.000000 0.888800
1.478611 0.000000 0.881400
1.505788 0.000000 0.897600
1.568864 0.000000 0.935200
1.552089 0.000000 0.925200
1.513169 0.000000 0.902000
1.374266 0.000000 0.819200
1.430297 0.000000 0.852600
1.446569 0.000000 0.862300
1.556618 0.000000 0.927900
1.450596 0.000000 0.864700
1.494716 0.000000 0.891000
1.496225 0.000000 0.891900
1.381312 0.000000 0.823400
1.454957 0.000000 0.867300
1.520718 0.000000 0.906500
1.381647 0.000000 0.823600
1.505117 0.000000 0.897200
1.535481 0.000000 0.915300
1.428452 0.000000 0.851500
1.458480 0.000000 0.869400
1.509982 0.000000 0.900100
1.600235 0.000000 0.953900
1.468210 0.000000 0.875200
1.495051 0.000000 0.891200
1.496896 0.000000 0.892300
1.546720 0.000000 0.922000
1.418889 0.000000 0.845800
1.519879 0.000000 0.906000
1.512833 0.000000 0.901800
1.509478 0.000000 0.899800
1.623553 0.000000 0.967800
1.542694 0.000000 0.919600
1.430632 0.000000 0.852800
1.498406 0.000000 0.893200
1.403959 0.000000 0.836900
1.526589 0.000000 0.910000
1.478611 0.000000 0.881400
1.485992 0.000000 0.885800
1.414528 0.000000 0.843200
1.504446 0.000000 0.896800
1.525751 0.000000 0.909500
1.455964 0.000000 0.867900
1.475424 0.000000 0.879500
1.500755 0.000000 0.894600
1.404462 0.000000 0.837200
1.452944 0.000000 0.866100
1.525583 0.000000 0.909400
1.506794 0.000000 0.898200
1.542191 0.000000 0.919300
1.388022 0.000000 0.827400
1.491193 0.000000 0.888900
1.433652 0.000000 0.854600
1.493877 0.000000 0.890500
1.459319 0.000000 0.869900
1.495890 0.000000 0.891700
1.476598 0.000000 0.880200
1.479114 0.000000 0.881700
1.507968 0.000000 0.898900
1.431975 0.000000 0.853600
1.495722 0.000000 0.891600
1.460158 0.000000 0.870400
1.501929 0.000000 0.895300
1.486328 0.000000 0.886000
1.441537 0.000000 0.859300
1.511827 0.000000 0.901200
1.454957 0.000000 0.867300
1.445898 0.000000 0.861900
1.504278 0.000000 0.896700
1.428787 0.000000 0.851700
1.492032 0.000000 0.889400
1.477269 0.000000 0.880600
1.587989 0.000000 0.946600
1.534810 0.000000 0.914900
1.488005 0.000000 0.887000
1.447911 0.000000 0.863100
1.555276 0.000000 0.927100
1.500755 0.000000 0.894600
1.577084 0.000000 0.940100
1.556954 0.000000 0.928100
1.477604 0.000000 0.880800
1.387183 0.000000 0.826900
1.538165 0.000000 0.916900
1.467539 0.000000 0.874800
1.436839 0.000000 0.856500
1.449757 0.000000 0.864200
1.505620 0.000000 0.897500
1.532461 0.000000 0.913500
1.429290 0.000000 0.852000
1.491528 0.000000 0.889100
1.498071 0.000000 0.893000
1.487670 0.000000 0.886800
1.472739 0.000000 0.877900
1.477772 0.000000 0.880900
1.526422 0.000000 0.909900
1.488341 0.000000 0.887200
1.334004 0.000000 0.795200
1.474753 0.000000 0.879100
1.457474 0.000000 0.868800
1.419560 0.000000 0.846200
1.553766 0.000000 0.926200
1.485657 0.000000 0.885600
1.438182 0.000000 0.857300
1.455460 0.000000 0.867600
1.446066 0.000000 0.862000
1.410334 0.000000 0.840700
1.404966 0.000000 0.837500
1.564503 0.000000 0.932600
1.398088 0.000000 0.833400
1.502265 0.000000 0.895500
1.479282 0.000000 0.881800
1.517866 0.000000 0.904800
1.377621 0.000000 0.821200
1.570374 0.000000 0.936100
1.405804 0.000000 0.838000
1.445731 0.000000 0.861800
1.406811 0.000000 0.838600
1.419560 0.000000 0.846200
1.524409 0.000000 0.908700
1.449253 0.000000 0.863900
1.464687 0.000000 0.873100
1.487502 0.000000 0.886700
1.464855 0.000000 0.873200
1.420903 0.000000 0.847000
1.564503 0.000000 0.932600
1.481463 0.000000 0.883100
1.493374 0.000000 0.890200
1.493206 0.000000 0.890100
1.468881 0.000000 0.875600
1.536152 0.000000 0.915700
1.456299 0.000000 0.868100
1.474082 0.000000 0.878700
1.542023 0.000000 0.919200
1.393558 0.000000 0.830700
1.566180 0.000000 0.933600
1.492703 0.000000 0.889800
1.510485 0.000000 0.900400
1.477604 0.000000 0.880800
1.506794 0.000000 0.898200
1.545211 0.000000 0.921100
1.475088 0.000000 0.879300
1.502432 0.000000 0.895600
1.492367 0.000000 0.889600
1.416373 0.000000 0.844300
1.426774 0.000000 0.850500
1.511156 0.000000 0.900800
1.518202 0.000000 0.905000
1.448582 0.000000 0.863500
1.520550 0.000000 0.906400
1.352122 0.000000 0.806000
1.345915 0.000000 0.802300
1.511659 0.000000 0.901100
1.462506 0.000000 0.871800
1.482637 0.000000 0.883800
1.500252 0.000000 0.894300
1.478443 0.000000 0.881300
1.495722 0.000000 0.891600
1.437678 0.000000 0.857000
1.498239 0.000000 0.893100
1.472572 0.000000 0.877800
1.437510 0.000000 0.856900
1.482637 0.000000 0.883800
1.384331 0.000000 0.825200
1.534474 0.000000 0.914700
1.501929 0.000000 0.895300
1.460661 0.000000 0.870700
1.508639 0.000000 0.899300
1.564335 0.000000 0.932500
1.482637 0.000000 0.883800
1.448750 0.000000 0.863600
1.529106 0.000000 0.911500
1.453112 0.000000 0.866200
1.422412 0.000000 0.847900
1.558128 0.000000 0.928800
1.456299 0.000000 0.868100
1.342560 0.000000 0.800300
1.528099 0.000000 0.910900
1.566180 0.000000 0.933600
1.539675 0.000000 0.917800
1.492199 0.000000 0.889500
1.531622 0.000000 0.913000
1.540849 0.000000 0.918500
1.515182 0.000000 0.903200
1.490522 0.000000 0.888500
1.479785 0.000000 0.882100
1.449757 0.000000 0.864200
1.553095 0.000000 0.925800
1.414024 0.000000 0.842900
1.451267 0.000000 0.865100
1.477437 0.000000 0.880700
1.481127 0.000000 0.882900
1.446737 0.000000 0.862400
1.460996 0.000000 0.870900
1.480289 0.000000 0.882400
1.470391 0.000000 0.876500
1.489515 0.000000 0.887900
1.422077 0.000000 0.847700
1.547727 0.000000 0.922600
1.492367 0.000000 0.889600
1.584969 0.000000 0.944800
1.544372 0.000000 0.920600
1.478611 0.000000 0.881400
1.443885 0.000000 0.860700
1.417380 0.000000 0.844900
1.586143 0.000000 0.945500
1.455796 0.000000 0.867800
1.481127 0.000000 0.882900
1.572387 0.000000 0.937300
1.491528 0.000000 0.889100
1.593860 0.000000 0.950100
1.552089 0.000000 0.925200
1.493709 0.000000 0.890400
1.508975 0.000000 0.899500
1.450931 0.000000 0.864900
1.533468 0.000000 0.914100
1.506794 0.000000 0.898200
1.506123 0.000000 0.897800
1.545378 0.000000 0.921200
1.447744 0.000000 0.863000
1.508807 0.000000 0.899400
1.562322 0.000000 0.931300
1.501761 0.000000 0.895200
1.569703 0.000000 0.935700
1.449589 0.000000 0.864100
1.425600 0.000000 0.849800
1.566683 0.000000 0.933900
1.412682 0.000000 0.842100
1.455460 0.000000 0.867600
1.472739 0.000000 0.877900
1.541520 0.000000 0.918900
1.493709 0.000000 0.890400
1.373427 0.000000 0.818700
1.524576 0.000000 0.908800
1.532797 0.000000 0.913700
1.510988 0.000000 0.900700
1.470894 0.000000 0.876800
1.488844 0.000000 0.887500
1.449253 0.000000 0.863900
1.447576 0.000000 0.862900
1.411508 0.000000 0.841400
1.463848 0.000000 0.872600
1.423083 0.000000 0.848300
1.445060 0.000000 0.861400
1.503607 0.000000 0.896300
1.452944 0.000000 0.866100
1.526254 0.000000 0.909800
1.457474 0.000000 0.868800
1.502600 0.000000 0.895700
1.511324 0.000000 0.900900
1.470726 0.000000 0.876700
1.431807 0.000000 0.853500
1.439356 0.000000 0.858000
1.495890 0.000000 0.891700
1.472739 0.000000 0.877900
1.549572 0.000000 0.923700
1.528770 0.000000 0.911300
1.432646 0.000000 0.854000
1.446737 0.000000 0.862400
1.559638 0.000000 0.929700
1.437007 0.000000 0.856600
1.638316 0.000000 0.976600
1.435665 0.000000 0.855800
1.506626 0.000000 0.898100
1.450596 0.000000 0.864700
1.492703 0.000000 0.889800
1.479953 0.000000 0.882200
1.568864 0.000000 0.935200
1.536990 0.000000 0.916200
1.428787 0.000000 0.851700
1.400939 0.000000 0.835100
1.468042 0.000000 0.875100
1.553598 0.000000 0.926100
1.456635 0.000000 0.868300
1.434491 0.000000 0.855100
1.510988 0.000000 0.900700
1.438182 0.000000 0.857300
1.432142 0.000000 0.853700
1.498574 0.000000 0.893300
1.495554 0.000000 0.891500
1.522899 0.000000 0.907800
1.456803 0.000000 0.868400
1.579601 0.000000 0.941600
1.506794 0.000000 0.898200
1.433317 0.000000 0.854400
1.455293 0.000000 0.867500
1.482302 0.000000 0.883600
1.439356 0.000000 0.858000
1.479282 0.000000 0.881800
1.386009 0.000000 0.826200
1.485321 0.000000 0.885400
1.469720 0.000000 0.876100
1.409998 0.000000 0.840500
1.500587 0.000000 0.894500
1.467539 0.000000 0.874800
1.486831 0.000000 0.886300
1.519208 0.000000 0.905600
1.527261 0.000000 0.910400
1.484986 0.000000 0.885200
1.439188 0.000000 0.857900
1.433652 0.000000 0.854600
1.521054 0.000000 0.906700
1.515518 0.000000 0.903400
1.491696 0.000000 0.889200
1.441201 0.000000 0.859100
1.443550 0.000000 0.860500
1.432646 0.000000 0.854000
1.553598 0.000000 0.926100
1.493374 0.000000 0.890200
1.534810 0.000000 0.914900
1.540178 0.000000 0.918100
1.476430 0.000000 0.880100
1.480456 0.000000 0.882500
1.442040 0.000000 0.859600
1.474249 0.000000 0.878800
1.459151 0.000000 0.869800
1.550914 0.000000 0.924500
1.438182 0.000000 0.857300
1.391377 0.000000 0.829400
1.437007 0.000000 0.856600
1.402449 0.000000 0.836000
1.424258 0.000000 0.849000
1.428116 0.000000 0.851300
1.375944 0.000000 0.820200
1.427277 0.000000 0.850800
1.522060 0.000000 0.907300
1.505284 0.000000 0.897300
1.513001 0.000000 0.901900
1.526757 0.000000 0.910100
1.436504 0.000000 0.856300
1.485825 0.000000 0.885700
1.395068 0.000000 0.831600
1.408992 0.000000 0.839900
1.471397 0.000000 0.877100
1.477772 0.000000 0.880900
1.441872 0.000000 0.859500
1.434323 0.000000 0.855000
1.493038 0.000000 0.890000
1.498071 0.000000 0.893000
1.592686 0.000000 0.949400
1.515182 0.000000 0.903200
1.439188 0.000000 0.857900
1.550243 0.000000 0.924100
1.432981 0.000000 0.854200
1.451770 0.000000 0.865400
1.461835 0.000000 0.871400
1.437343 0.000000 0.856800
1.469384 0.000000 0.875900
1.491696 0.000000 0.889200
1.421741 0.000000 0.847500
1.548062 0.000000 0.922800
1.473914 0.000000 0.878600
1.491528 0.000000 0.889100
1.405637 0.000000 0.837900
1.428116 0.000000 0.851300
1.508975 0.000000 0.899500
1.390203 0.000000 0.828700
1.454789 0.000000 0.867200
1.504613 0.000000 0.896900
1.528099 0.000000 0.910900
1.470726 0.000000 0.876700
1.499916 0.000000 0.894100
1.430129 0.000000 0.852500
1.480960 0.000000 0.882800
1.436504 0.000000 0.856300
1.507465 0.000000 0.898600
1.342057 0.000000 0.800000
1.482973 0.000000 0.884000
1.535145 0.000000 0.915100
1.542023 0.000000 0.919200
1.478443 0.000000 0.881300
1.485657 0.000000 0.885600
1.463681 0.000000 0.872500
1.486496 0.000000 0.886100
1.503104 0.000000 0.896000
1.519208 0.000000 0.905600
1.435162 0.000000 0.855500
1.436001 0.000000 0.856000
1.545043 0.000000 0.921000
1.451602 0.000000 0.865300
1.482805 0.000000 0.883900
1.411676 0.000000 0.841500
1.442879 0.000000 0.860100
1.512330 0.000000 0.901500
1.528938 0.000000 0.911400
1.423251 0.000000 0.848400
1.395068 0.000000 0.831600
1.560309 0.000000 0.930100
1.497232 0.000000 0.892500
1.508304 0.000000 0.899100
1.474417 0.000000 0.878900
1.464855 0.000000 0.873200
1.489683 0.000000 0.888000
1.522396 0.000000 0.907500
1.483811 0.000000 0.884500
1.565006 0.000000 0.932900
1.461332 0.000000 0.871100
1.416709 0.000000 0.844500
1.382151 0.000000 0.823900
1.458983 0.000000 0.869700
1.451267 0.000000 0.865100
1.478275 0.000000 0.881200
1.393726 0.000000 0.830800
1.366717 0.000000 0.814700
1.461668 0.000000 0.871300
1.430800 0.000000 0.852900
1.553431 0.000000 0.926000
1.417044 0.000000 0.844700
1.441537 0.000000 0.859300
1.504613 0.000000 0.896900
1.421574 0.000000 0.847400
1.508472 0.000000 0.899200
1.479953 0.000000 0.882200
1.429626 0.000000 0.852200
1.515853 0.000000 0.903600
1.474753 0.000000 0.879100
1.475088 0.000000 0.879300
1.467036 0.000000 0.874500
1.497903 0.000000 0.892900
1.452609 0.000000 0.865900
1.484818 0.000000 0.885100
1.448582 0.000000 0.863500
1.504613 0.000000 0.896900
1.485321 0.000000 0.885400
1.554940 0.000000 0.926900
1.478946 0.000000 0.881600
1.424761 0.000000 0.849300
1.475256 0.000000 0.879400
1.447073 0.000000 0.862600
1.476430 0.000000 0.880100
1.419728 0.000000 0.846300
1.432981 0.000000 0.854200
1.434659 0.000000 0.855200
1.471733 0.000000 0.877300
1.553766 0.000000 0.926200
1.532293 0.000000 0.913400
1.449253 0.000000 0.863900
1.475927 0.000000 0.879800
1.506962 0.000000 0.898300
1.490354 0.000000 0.888400
1.432646 0.000000 0.854000
1.552089 0.000000 0.925200
1.446402 0.000000 0.862200
1.469217 0.000000 0.875800
1.499245 0.000000 0.893700
1.463513 0.000000 0.872400
1.439691 0.000000 0.858200
1.462171 0.000000 0.871600
1.459990 0.000000 0.870300
1.558631 0.000000 0.929100
1.436672 0.000000 0.856400
1.507297 0.000000 0.898500
1.463848 0.000000 0.872600
1.453783 0.000000 0.866600
1.530616 0.000000 0.912400
1.405972 0.000000 0.838100
1.528267 0.000000 0.911000
1.514679 0.000000 0.902900
1.440362 0.000000 0.858600
1.439691 0.000000 0.858200
1.424929 0.000000 0.849400
1.436336 0.000000 0.856200
1.434323 0.000000 0.855000
1.550747 0.000000 0.924400
1.517531 0.000000 0.904600
1.471565 0.000000 0.877200
1.431975 0.000000 0.853600
1.507633 0.000000 0.898700
1.474249 0.000000 0.878800
1.402617 0.000000 0.836100
1.478443 0.000000 0.881300
1.542526 0.000000 0.919500
1.449253 0.000000 0.863900
1.524744 0.000000 0.908900
1.436672 0.000000 0.856400
1.552927 0.000000 0.925700
1.544707 0.000000 0.920800
1.468713 0.000000 0.875500
1.468881 0.000000 0.875600
1.445563 0.000000 0.861700
1.426271 0.000000 0.850200
1.544540 0.000000 0.920700
1.464016 0.000000 0.872700
1.433820 0.000000 0.854700
1.477940 0.000000 0.881000
1.453447 0.000000 0.866400
1.349102 0.000000 0.804200
1.485825 0.000000 0.885700
1.532797 0.000000 0.913700
1.484818 0.000000 0.885100
1.394732 0.000000 0.831400
1.458816 0.000000 0.869600
1.476933 0.000000 0.880400
1.574400 0.000000 0.938500
1.485657 0.000000 0.885600
1.421574 0.000000 0.847400
1.424090 0.000000 0.848900
1.484482 0.000000 0.884900
1.429123 0.000000 0.851900
1.594699 0.000000 0.950600
1.559134 0.000000 0.929400
1.483476 0.000000 0.884300
1.562825 0.000000 0.931600
1.451099 0.000000 0.865000
1.475759 0.000000 0.879700
1.546217 0.000000 0.921700
1.519040 0.000000 0.905500
1.579265 0.000000 0.941400
1.470391 0.000000 0.876500
1.450260 0.000000 0.864500
1.485992 0.000000 0.885800
1.502097 0.000000 0.895400
1.476766 0.000000 0.880300
1.536152 0.000000 0.915700
1.461668 0.000000 0.871300
1.545714 0.000000 0.921400
1.442711 0.000000 0.860000
1.525583 0.000000 0.909400
1.439524 0.000000 0.858100
1.500755 0.000000 0.894600
1.579936 0.000000 0.941800
1.430465 0.000000 0.852700
1.486831 0.000000 0.886300
1.447408 0.000000 0.862800
1.575071 0.000000 0.938900
1.381983 0.000000 0.823800
1.516692 0.000000 0.904100
1.462506 0.000000 0.871800
1.477772 0.000000 0.880900
1.446402 0.000000 0.862200
1.440866 0.000000 0.858900
1.509478 0.000000 0.899800
1.519208 0.000000 0.905600
1.449086 0.000000 0.863800
1.528603 0.000000 0.911200
1.508304 0.000000 0.899100
1.538165 0.000000 0.916900
1.521389 0.000000 0.906900
1.513169 0.000000 0.902000
1.503607 0.000000 0.896300
1.379634 0.000000 0.822400
1.477101 0.000000 0.880500
1.479953 0.000000 0.882200
1.540681 0.000000 0.918400
1.410502 0.000000 0.840800
1.486160 0.000000 0.885900
1.491193 0.000000 0.888900
1.506962 0.000000 0.898300
1.544372 0.000000 0.920600
1.455460 0.000000 0.867600
1.475088 0.000000 0.879300
1.523570 0.000000 0.908200
1.524073 0.000000 0.908500
1.487838 0.000000 0.886900
1.436336 0.000000 0.856200
1.483140 0.000000 0.884100
1.463010 0.000000 0.872100
1.499245 0.000000 0.893700
1.434826 0.000000 0.855300
1.366046 0.000000 0.814300
1.486328 0.000000 0.886000
1.473578 0.000000 0.878400
1.463513 0.000000 0.872400
1.491361 0.000000 0.889000
1.495722 0.000000 0.891600
1.530616 0.000000 0.912400
1.512330 0.000000 0.901500
1.496561 0.000000 0.892100
1.460325 0.000000 0.870500
1.428116 0.000000 0.851300
1.419393 0.000000 0.846100
1.396746 0.000000 0.832600
1.485489 0.000000 0.885500
1.418218 0.000000 0.845400
1.422245 0.000000 0.847800
1.390203 0.000000 0.828700
1.441704 0.000000 0.859400
1.478443 0.000000 0.881300
1.497400 0.000000 0.892600
1.470894 0.000000 0.876800
1.537158 0.000000 0.916300
1.528267 0.000000 0.911000
1.572890 0.000000 0.937600
1.476262 0.000000 0.880000
1.480792 0.000000 0.882700
1.504278 0.000000 0.896700
1.492032 0.000000 0.889400
1.518705 0.000000 0.905300
1.488341 0.000000 0.887200
1.390035 0.000000 0.828600
1.495387 0.000000 0.891400
1.431807 0.000000 0.853500
1.417044 0.000000 0.844700
1.515853 0.000000 0.903600
1.509311 0.000000 0.899700
1.423922 0.000000 0.848800
1.456970 0.000000 0.868500
1.478611 0.000000 0.881400
1.454622 0.000000 0.867100
1.565006 0.000000 0.932900
1.433484 0.000000 0.854500
1.479785 0.000000 0.882100
1.578762 0.000000 0.941100
1.389364 0.000000 0.828200
1.497568 0.000000 0.892700
1.517866 0.000000 0.904800
1.444724 0.000000 0.861200
1.475759 0.000000 0.879700
1.422748 0.000000 0.848100
1.396410 0.000000 0.832400
1.497400 0.000000 0.892600
1.519544 0.000000 0.905800
1.500587 0.000000 0.894500
1.473411 0.000000 0.878300
1.425096 0.000000 0.849500
1.417883 0.000000 0.845200
1.384331 0.000000 0.825200
1.442711 0.000000 0.860000
1.416709 0.000000 0.844500
1.462003 0.000000 0.871500
1.449757 0.000000 0.864200
1.475927 0.000000 0.879800
1.449253 0.000000 0.863900
1.407817 0.000000 0.839200
1.385338 0.000000 0.825800
1.375440 0.000000 0.819900
1.490689 0.000000 0.888600
1.408489 0.000000 0.839600
1.483140 0.000000 0.884100
1.507297 0.000000 0.898500
1.435665 0.000000 0.855800
1.488676 0.000000 0.887400
1.579601 0.000000 0.941600
1.412011 0.000000 0.841700
1.569871 0.000000 0.935800
1.385506 0.000000 0.825900
1.549908 0.000000 0.923900
1.418051 0.000000 0.845300
1.378460 0.000000 0.821700
1.585808 0.000000 0.945300
1.503104 0.000000 0.896000
1.461500 0.000000 0.871200
1.516860 0.000000 0.904200
1.491025 0.000000 0.888800
1.434994 0.000000 0.855400
1.467371 0.000000 0.874700
1.472404 0.000000 0.877700
1.501426 0.000000 0.895000
1.427110 0.000000 0.850700
1.437343 0.000000 0.856800
1.456970 0.000000 0.868500
1.494045 0.000000 0.890600
1.512498 0.000000 0.901600
1.417212 0.000000 0.844800
1.477101 0.000000 0.880500
1.475759 0.000000 0.879700
1.511491 0.000000 0.901000
1.450092 0.000000 0.864400
1.497735 0.000000 0.892800
1.449421 0.000000 0.864000
1.429961 0.000000 0.852400
1.359000 0.000000 0.810100
1.497568 0.000000 0.892700
1.488173 0.000000 0.887100
1.474082 0.000000 0.878700
1.495219 0.000000 0.891300
1.396746 0.000000 0.832600
1.442543 0.000000 0.859900
1.508304 0.000000 0.899100
1.495387 0.000000 0.891400
1.426774 0.000000 0.850500
1.481966 0.000000 0.883400
1.392216 0.000000 0.829900
1.471062 0.000000 0.876900
1.394061 0.000000 0.831000
1.509814 0.000000 0.900000
1.447576 0.000000 0.862900
1.387519 0.000000 0.827100
1.480960 0.000000 0.882800
1.524576 0.000000 0.908800
1.497568 0.000000 0.892700
1.535313 0.000000 0.915200
1.420567 0.000000 0.846800
1.579433 0.000000 0.941500
1.502265 0.000000 0.895500
1.493709 0.000000 0.890400
1.467875 0.000000 0.875000
1.484147 0.000000 0.884700
1.483644 0.000000 0.884400
1.486831 0.000000 0.886300
1.384164 0.000000 0.825100
1.502600 0.000000 0.895700
1.385674 0.000000 0.826000
1.441201 0.000000 0.859100
1.479953 0.000000 0.882200
1.503942 0.000000 0.896500
1.408656 0.000000 0.839700
1.399933 0.000000 0.834500
1.559638 0.000000 0.929700
1.487334 0.000000 0.886600
1.492535 0.000000 0.889700
1.443717 0.000000 0.860600
1.516189 0.000000 0.903800
1.447240 0.000000 0.862700
1.427277 0.000000 0.850800
1.454286 0.000000 0.866900
1.550914 0.000000 0.924500
1.419393 0.000000 0.846100
1.451267 0.000000 0.865100
1.460158 0.000000 0.870400
1.535816 0.000000 0.915500
1.434994 0.000000 0.855400
1.358497 0.000000 0.809800
1.440362 0.000000 0.858600
1.565174 0.000000 0.933000
1.388861 0.000000 0.827900
1.488676 0.000000 0.887400
1.433820 0.000000 0.854700
1.536487 0.000000 0.915900
1.422245 0.000000 0.847800
1.383660 0.000000 0.824800
1.338031 0.000000 0.797600
1.501929 0.000000 0.895300
1.455125 0.000000 0.867400
1.510820 0.000000 0.900600
1.444892 0.000000 0.861300
1.438014 0.000000 0.857200
1.472404 0.000000 0.877700
1.563328 0.000000 0.931900
1.401946 0.000000 0.835700
1.458480 0.000000 0.869400
1.425096 0.000000 0.849500
1.444053 0.000000 0.860800
1.411508 0.000000 0.841400
1.488341 0.000000 0.887200
1.558799 0.000000 0.929200
1.412347 0.000000 0.841900
1.556450 0.000000 0.927800
1.498574 0.000000 0.893300
1.447744 0.000000 0.863000
1.466700 0.000000 0.874300
1.511324 0.000000 0.900900
1.459319 0.000000 0.869900
1.493709 0.000000 0.890400
1.503439 0.000000 0.896200
1.479953 0.000000 0.882200
1.470559 0.000000 0.876600
1.463345 0.000000 0.872300
1.449253 0.000000 0.863900
1.444221 0.000000 0.860900
1.488844 0.000000 0.887500
1.383325 0.000000 0.824600
1.482805 0.000000 0.883900
1.477940 0.000000 0.881000
1.449925 0.000000 0.864300
1.453615 0.000000 0.866500
1.383493 0.000000 0.824700
1.397920 0.000000 0.833300
1.514343 0.000000 0.902700
1.445563 0.000000 0.861700
1.514679 0.000000 0.902900
1.570374 0.000000 0.936100
1.498406 0.000000 0.893200
1.421574 0.000000 0.847400
1.470559 0.000000 0.876600
1.497735 0.000000 0.892800
1.408824 0.000000 0.839800
1.464519 0.000000 0.873000
1.462339 0.000000 0.871700
1.387183 0.000000 0.826900
1.460493 0.000000 0.870600
1.461332 0.000000 0.871100
1.494883 0.000000 0.891100
1.430297 0.000000 0.852600
1.438014 0.000000 0.857200
1.499413 0.000000 0.893800
1.505452 0.000000 0.897400
1.376782 0.000000 0.820700
1.401443 0.000000 0.835400
1.461668 0.000000 0.871300
1.488005 0.000000 0.887000
1.438517 0.000000 0.857500
1.469552 0.000000 0.876000
1.507297 0.000000 0.898500
1.553095 0.000000 0.925800
1.442208 0.000000 0.859700
1.370072 0.000000 0.816700
1.479114 0.000000 0.881700
1.463848 0.000000 0.872600
1.512498 0.000000 0.901600
1.527764 0.000000 0.910700
1.537829 0.000000 0.916700
1.435665 0.000000 0.855800
1.470391 0.000000 0.876500
1.469888 0.000000 0.876200
1.483979 0.000000 0.884600
1.426439 0.000000 0.850300
1.448415 0.000000 0.863400
1.522060 0.000000 0.907300
1.568361 0.000000 0.934900
1.449757 0.000000 0.864200
1.459319 0.000000 0.869900
1.525583 0.000000 0.909400
1.521221 0.000000 0.906800
1.476095 0.000000 0.879900
1.438014 0.000000 0.857200
1.480456 0.000000 0.882500
1.553766 0.000000 0.926200
1.497232 0.000000 0.892500
1.472068 0.000000 0.877500
1.479618 0.000000 0.882000
1.510317 0.000000 0.900300
1.573226 0.000000 0.937800
1.465023 0.000000 0.873300
1.361013 0.000000 0.811300
1.509478 0.000000 0.899800
1.529945 0.000000 0.912000
1.466029 0.000000 0.873900
1.528770 0.000000 0.911300
1.552424 0.000000 0.925400
1.454118 0.000000 0.866800
1.419560 0.000000 0.846200
1.476933 0.000000 0.880400
1.481631 0.000000 0.883200
1.352793 0.000000 0.806400
1.546553 0.000000 0.921900
1.448247 0.000000 0.863300
1.456467 0.000000 0.868200
1.548901 0.000000 0.923300
1.450763 0.000000 0.864800
1.485489 0.000000 0.885500
1.541688 0.000000 0.919000
1.541352 0.000000 0.918800
1.486496 0.000000 0.886100
1.489515 0.000000 0.887900
1.406308 0.000000 0.838300
1.380305 0.000000 0.822800
1.459151 0.000000 0.869800
1.401946 0.000000 0.835700
1.540010 0.000000 0.918000
1.572890 0.000000 0.937600
1.458983 0.000000 0.869700
1.438517 0.000000 0.857500
1.408321 0.000000 0.839500
1.507130 0.000000 0.898400
1.428452 0.000000 0.851500
1.479114 0.000000 0.881700
1.483308 0.000000 0.884200
1.488173 0.000000 0.887100
1.546888 0.000000 0.922100
1.554773 0.000000 0.926800
1.410334 0.000000 0.840700
1.404630 0.000000 0.837300
1.414360 0.000000 0.843100
1.443382 0.000000 0.860400
1.510653 0.000000 0.900500
1.481631 0.000000 0.883200
1.416709 0.000000 0.844500
1.504110 0.000000 0.896600
1.425600 0.000000 0.849800
1.452105 0.000000 0.865600
1.518705 0.000000 0.905300
1.455796 0.000000 0.867800
1.473914 0.000000 0.878600
1.437678 0.000000 0.857000
1.478108 0.000000 0.881100
1.471901 0.000000 0.877400
1.466532 0.000000 0.874200
1.452441 0.000000 0.865800
1.488341 0.000000 0.887200
1.489851 0.000000 0.888100
1.536319 0.000000 0.915800
1.462171 0.000000 0.871600
1.447408 0.000000 0.862800
1.457474 0.000000 0.868800
1.561651 0.000000 0.930900
1.436504 0.000000 0.856300
1.516692 0.000000 0.904100
1.452105 0.000000 0.865600
1.381480 0.000000 0.823500
1.479450 0.000000 0.881900
1.465190 0.000000 0.873400
1.417883 0.000000 0.845200
1.528770 0.000000 0.911300
1.541017 0.000000 0.918600
1.568025 0.000000 0.934700
1.518705 0.000000 0.905300
1.467875 0.000000 0.875000
1.501761 0.000000 0.895200
1.472739 0.000000 0.877900
1.564670 0.000000 0.932700
1.590840 0.000000 0.948300
1.522228 0.000000 0.907400
1.492535 0.000000 0.889700
1.452273 0.000000 0.865700
1.453783 0.000000 0.866600
1.557121 0.000000 0.928200
1.550243 0.000000 0.924100
1.448918 0.000000 0.863700
1.364368 0.000000 0.813300
1.436168 0.000000 0.856100
1.442040 0.000000 0.859600
1.504949 0.000000 0.897100
1.504949 0.000000 0.897100
1.511491 0.000000 0.901000
1.476598 0.000000 0.880200
1.468546 0.000000 0.875400
1.505620 0.000000 0.897500
1.563328 0.000000 0.931900
1.503607 0.000000 0.896300
1.476766 0.000000 0.880300
1.483644 0.000000 0.884400
1.479618 0.000000 0.882000
1.399430 0.000000 0.834200
1.484147 0.000000 0.884700
1.476262 0.000000 0.880000
1.425600 0.000000 0.849800
1.494045 0.000000 0.890600
1.557960 0.000000 0.928700
1.408656 0.000000 0.839700
1.510317 0.000000 0.900300
1.494883 0.000000 0.891100
1.500923 0.000000 0.894700
1.426271 0.000000 0.850200
1.552424 0.000000 0.925400
1.419393 0.000000 0.846100
1.452609 0.000000 0.865900
1.477940 0.000000 0.881000
1.474753 0.000000 0.879100
1.476430 0.000000 0.880100
1.502936 0.000000 0.895900
1.475927 0.000000 0.879800
1.552424 0.000000 0.925400
1.379299 0.000000 0.822200
1.440195 0.000000 0.858500
1.540010 0.000000 0.918000
1.580440 0.000000 0.942100
1.436001 0.000000 0.856000
1.435665 0.000000 0.855800
1.527932 0.000000 0.910800
1.475759 0.000000 0.879700
1.460493 0.000000 0.870600
1.458145 0.000000 0.869200
1.443717 0.000000 0.860600
1.394061 0.000000 0.831000
1.482637 0.000000 0.883800
1.475088 0.000000 0.879300
1.392384 0.000000 0.830000
1.516021 0.000000 0.903700
1.417883 0.000000 0.845200
1.463681 0.000000 0.872500
1.489683 0.000000 0.888000
1.438182 0.000000 0.857300
1.446402 0.000000 0.862200
1.506962 0.000000 0.898300
1.412850 0.000000 0.842200
1.498910 0.000000 0.893500
1.504613 0.000000 0.896900
1.578426 0.000000 0.940900
1.531622 0.000000 0.913000
1.449421 0.000000 0.864000
1.416205 0.000000 0.844200
1.380976 0.000000 0.823200
1.467371 0.000000 0.874700
1.364033 0.000000 0.813100
1.380809 0.000000 0.823100
1.460996 0.000000 0.870900
1.393223 0.000000 0.830500
1.474753 0.000000 0.879100
1.510485 0.000000 0.900400
1.460493 0.000000 0.870600
1.511659 0.000000 0.901100
1.353800 0.000000 0.807000
1.575239 0.000000 0.939000
1.487838 0.000000 0.886900
1.450931 0.000000 0.864900
1.559134 0.000000 0.929400
1.443550 0.000000 0.860500
1.429290 0.000000 0.852000
1.449086 0.000000 0.863800
1.555947 0.000000 0.927500
1.494716 0.000000 0.891000
1.430129 0.000000 0.852500
1.442208 0.000000 0.859700
1.438685 0.000000 0.857600
1.475088 0.000000 0.879300
1.544707 0.000000 0.920800
1.458816 0.000000 0.869600
1.475927 0.000000 0.879800
1.401946 0.000000 0.835700
1.412850 0.000000 0.842200
1.491193 0.000000 0.888900
1.468210 0.000000 0.875200
1.461164 0.000000 0.871000
1.494716 0.000000 0.891000
1.468210 0.000000 0.875200
1.447911 0.000000 0.863100
1.505117 0.000000 0.897200
1.518705 0.000000 0.905300
1.457306 0.000000 0.868700
1.439859 0.000000 0.858300
1.538165 0.000000 0.916900
1.562825 0.000000 0.931600
1.494716 0.000000 0.891000
1.546049 0.000000 0.921600
1.529609 0.000000 0.911800
1.576749 0.000000 0.939900
1.545378 0.000000 0.921200
1.433317 0.000000 0.854400
1.538500 0.000000 0.917100
1.489683 0.000000 0.888000
1.462171 0.000000 0.871600
1.536319 0.000000 0.915800
1.492199 0.000000 0.889500
1.420232 0.000000 0.846600
1.508136 0.000000 0.899000
1.506459 0.000000 0.898000
1.504446 0.000000 0.896800
1.474585 0.000000 0.879000
1.507130 0.000000 0.898400
1.491193 0.000000 0.888900
1.488676 0.000000 0.887400
1.504110 0.000000 0.896600
1.423587 0.000000 0.848600
1.575407 0.000000 0.939100
1.513504 0.000000 0.902200
1.546217 0.000000 0.921700
1.453951 0.000000 0.866700
1.464016 0.000000 0.872700
1.480121 0.000000 0.882300
1.505620 0.000000 0.897500
1.498239 0.000000 0.893100
1.553095 0.000000 0.925800
1.530448 0.000000 0.912300
1.475424 0.000000 0.879500
1.516021 0.000000 0.903700
1.422580 0.000000 0.848000
1.481463 0.000000 0.883100
1.448079 0.000000 0.863200
1.436168 0.000000 0.856100
1.388358 0.000000 0.827600
1.535145 0.000000 0.915100
1.488341 0.000000 0.887200
1.495387 0.000000 0.891400
1.515853 0.000000 0.903600
1.497064 0.000000 0.892400
1.559302 0.000000 0.929500
1.437510 0.000000 0.856900
1.437343 0.000000 0.856800
1.482973 0.000000 0.884000
1.481966 0.000000 0.883400
1.384331 0.000000 0.825200
1.416373 0.000000 0.844300
1.412179 0.000000 0.841800
1.446234 0.000000 0.862100
1.487502 0.000000 0.886700
1.499245 0.000000 0.893700
1.385674 0.000000 0.826000
1.476095 0.000000 0.879900
1.506962 0.000000 0.898300
1.519544 0.000000 0.905800
1.500084 0.000000 0.894200
1.437175 0.000000 0.856700
1.464016 0.000000 0.872700
1.452441 0.000000 0.865800
1.498910 0.000000 0.893500
1.516189 0.000000 0.903800
1.490857 0.000000 0.888700
1.479282 0.000000 0.881800
1.527596 0.000000 0.910600
1.488676 0.000000 0.887400
1.543030 0.000000 0.919800
1.467875 0.000000 0.875000
1.465023 0.000000 0.873300
1.447911 0.000000 0.863100
1.493709 0.000000 0.890400
1.587989 0.000000 0.946600
1.431136 0.000000 0.853100
1.478108 0.000000 0.881100
1.457138 0.000000 0.868600
1.548901 0.000000 0.923300
1.518537 0.000000 0.905200
1.422245 0.000000 0.847800
1.590505 0.000000 0.948100
1.434826 0.000000 0.855300
1.501761 0.000000 0.895200
1.496896 0.000000 0.892300
1.436336 0.000000 0.856200
1.419225 0.000000 0.846000
1.516356 0.000000 0.903900
1.515685 0.000000 0.903500
1.442040 0.000000 0.859600
1.428787 0.000000 0.851700
1.491025 0.000000 0.888800
1.423419 0.000000 0.848500
1.517531 0.000000 0.904600
1.436504 0.000000 0.856300
1.545378 0.000000 0.921200
1.554940 0.000000 0.926900
1.500252 0.000000 0.894300
1.450092 0.000000 0.864400
1.476095 0.000000 0.879900
1.498574 0.000000 0.893300
1.514511 0.000000 0.902800
1.531454 0.000000 0.912900
1.440027 0.000000 0.858400
1.474920 0.000000 0.879200
1.501258 0.000000 0.894900
1.512666 0.000000 0.901700
1.413353 0.000000 0.842500
1.551250 0.000000 0.924700
1.496393 0.000000 0.892000
1.482469 0.000000 0.883700
1.558799 0.000000 0.929200
1.452273 0.000000 0.865700
1.579936 0.000000 0.941800
1.530112 0.000000 0.912100
1.520047 0.000000 0.906100
1.560644 0.000000 0.930300
1.522731 0.000000 0.907700
1.567690 0.000000 0.934500
1.474920 0.000000 0.879200
1.429626 0.000000 0.852200
1.498742 0.000000 0.893400
1.381144 0.000000 0.823300
1.484818 0.000000 0.885100
1.480792 0.000000 0.882700
1.470391 0.000000 0.876500
1.521221 0.000000 0.906800
1.521054 0.000000 0.906700
1.399597 0.000000 0.834300
1.465190 0.000000 0.873400
1.506626 0.000000 0.898100
1.430465 0.000000 0.852700
1.451770 0.000000 0.865400
1.486663 0.000000 0.886200
1.466532 0.000000 0.874200
1.483308 0.000000 0.884200
1.486663 0.000000 0.886200
1.473075 0.000000 0.878100
1.505955 0.000000 0.897700
1.453615 0.000000 0.866500
1.421406 0.000000 0.847300
1.393390 0.000000 0.830600
1.464016 0.000000 0.872700
1.454118 0.000000 0.866800
1.497400 0.000000 0.892600
1.462171 0.000000 0.871600
1.494380 0.000000 0.890800
1.378796 0.000000 0.821900
1.436168 0.000000 0.856100
1.471901 0.000000 0.877400
1.479785 0.000000 0.882100
1.534139 0.000000 0.914500
1.511827 0.000000 0.901200
1.488676 0.000000 0.887400
1.567354 0.000000 0.934300
1.481798 0.000000 0.883300
1.502600 0.000000 0.895700
1.415534 0.000000 0.843800
1.550075 0.000000 0.924000
1.506123 0.000000 0.897800
1.527764 0.000000 0.910700
1.482469 0.000000 0.883700
1.458145 0.000000 0.869200
1.441201 0.000000 0.859100
1.523067 0.000000 0.907900
1.477604 0.000000 0.880800
1.535313 0.000000 0.915200
1.470391 0.000000 0.876500
1.537158 0.000000 0.916300
1.509982 0.000000 0.900100
1.441704 0.000000 0.859400
1.458648 0.000000 0.869500
1.522060 0.000000 0.907300
1.519040 0.000000 0.905500
1.504446 0.000000 0.896800
1.441537 0.000000 0.859300
1.535648 0.000000 0.915400
1.463513 0.000000 0.872400
1.572890 0.000000 0.937600
1.481127 0.000000 0.882900
1.456132 0.000000 0.868000
1.490689 0.000000 0.888600
1.490522 0.000000 0.888500
1.482134 0.000000 0.883500
1.428116 0.000000 0.851300
1.439356 0.000000 0.858000
1.479114 0.000000 0.881700
1.486999 0.000000 0.886400
1.452441 0.000000 0.865800
1.529609 0.000000 0.911800
1.451267 0.000000 0.865100
1.498239 0.000000 0.893100
1.412515 0.000000 0.842000
1.409831 0.000000 0.840400
1.492535 0.000000 0.889700
1.441872 0.000000 0.859500
1.466197 0.000000 0.874000
1.456970 0.000000 0.868500
1.507465 0.000000 0.898600
1.431975 0.000000 0.853600
1.532461 0.000000 0.913500
1.526589 0.000000 0.910000
1.465190 0.000000 0.873400
1.472572 0.000000 0.877800
1.471733 0.000000 0.877300
1.467875 0.000000 0.875000
1.529274 0.000000 0.911600
1.529274 0.000000 0.911600
1.506123 0.000000 0.897800
1.478611 0.000000 0.881400
1.466868 0.000000 0.874400
1.471397 0.000000 0.877100
1.509646 0.000000 0.899900
1.499581 0.000000 0.893900
1.485825 0.000000 0.885700
1.493877 0.000000 0.890500
1.447911 0.000000 0.863100
1.469552 0.000000 0.876000
1.509478 0.000000 0.899800
1.442543 0.000000 0.859900
1.476933 0.000000 0.880400
1.423419 0.000000 0.848500
1.441872 0.000000 0.859500
1.495387 0.000000 0.891400
1.455628 0.000000 0.867700
1.353632 0.000000 0.806900
1.432813 0.000000 0.854100
1.513504 0.000000 0.902200
1.436168 0.000000 0.856100
1.440866 0.000000 0.858900
1.488509 0.000000 0.887300
1.506123 0.000000 0.897800
1.545378 0.000000 0.921200
1.509982 0.000000 0.900100
1.475424 0.000000 0.879500
1.513169 0.000000 0.902000
1.468042 0.000000 0.875100
1.473914 0.000000 0.878600
1.416205 0.000000 0.844200
1.487502 0.000000 0.886700
1.473578 0.000000 0.878400
1.466532 0.000000 0.874200
1.582620 0.000000 0.943400
1.453280 0.000000 0.866300
1.413857 0.000000 0.842800
1.447240 0.000000 0.862700
1.349270 0.000000 0.804300
1.484147 0.000000 0.884700
1.502600 0.000000 0.895700
1.425600 0.000000 0.849800
1.503607 0.000000 0.896300
1.492367 0.000000 0.889600
1.575407 0.000000 0.939100
1.516356 0.000000 0.903900
1.453112 0.000000 0.866200
1.478946 0.000000 0.881600
1.436839 0.000000 0.856500
1.445731 0.000000 0.861800
1.445731 0.000000 0.861800
1.437175 0.000000 0.856700
1.366381 0.000000 0.814500
1.514008 0.000000 0.902500
1.406140 0.000000 0.838200
1.430465 0.000000 0.852700
1.457977 0.000000 0.869100
1.548398 0.000000 0.923000
1.419393 0.000000 0.846100
1.487838 0.000000 0.886900
1.476766 0.000000 0.880300
1.461668 0.000000 0.871300
1.475759 0.000000 0.879700
1.513337 0.000000 0.902100
1.467036 0.000000 0.874500
1.527428 0.000000 0.910500
1.473914 0.000000 0.878600
1.381480 0.000000 0.823500
1.450931 0.000000 0.864900
1.534642 0.000000 0.914800
1.403288 0.000000 0.836500
1.426774 0.000000 0.850500
1.564838 0.000000 0.932800
1.450596 0.000000 0.864700
1.456803 0.000000 0.868400
1.481631 0.000000 0.883200
1.477772 0.000000 0.880900
1.584801 0.000000 0.944700
1.485657 0.000000 0.885600
1.477604 0.000000 0.880800
1.468546 0.000000 0.875400
1.411676 0.000000 0.841500
1.464687 0.000000 0.873100
1.468713 0.000000 0.875500
1.472068 0.000000 0.877500
1.513672 0.000000 0.902300
1.448582 0.000000 0.863500
1.475927 0.000000 0.879800
1.524241 0.000000 0.908600
1.405133 0.000000 0.837600
1.431807 0.000000 0.853500
1.461835 0.000000 0.871400
1.369904 0.000000 0.816600
1.410837 0.000000 0.841000
1.433652 0.000000 0.854600
1.422412 0.000000 0.847900
1.508304 0.000000 0.899100
1.526086 0.000000 0.909700
1.455293 0.000000 0.867500
1.484482 0.000000 0.884900
1.478779 0.000000 0.881500
1.437846 0.000000 0.857100
1.481798 0.000000 0.883300
1.385506 0.000000 0.825900
1.397249 0.000000 0.832900
1.459487 0.000000 0.870000
1.398926 0.000000 0.833900
1.347425 0.000000 0.803200
1.549404 0.000000 0.923600
1.504781 0.000000 0.897000
1.458480 0.000000 0.869400
1.449925 0.000000 0.864300
1.470055 0.000000 0.876300
1.385506 0.000000 0.825900
1.490857 0.000000 0.888700
1.509646 0.000000 0.899900
1.413857 0.000000 0.842800
1.497400 0.000000 0.892600
1.378460 0.000000 0.821700
1.448079 0.000000 0.863200
1.441033 0.000000 0.859000
1.493541 0.000000 0.890300
1.415367 0.000000 0.843700
1.449757 0.000000 0.864200
1.506626 0.000000 0.898100
1.484818 0.000000 0.885100
1.512666 0.000000 0.901700
1.480121 0.000000 0.882300
1.423587 0.000000 0.848600
1.481127 0.000000 0.882900
1.517531 0.000000 0.904600
1.479114 0.000000 0.881700
1.468210 0.000000 0.875200
1.422580 0.000000 0.848000
1.481798 0.000000 0.883300
1.533132 0.000000 0.913900
1.500755 0.000000 0.894600
1.568193 0.000000 0.934800
1.372421 0.000000 0.818100
1.503775 0.000000 0.896400
1.476430 0.000000 0.880100
1.472739 0.000000 0.877900
1.560309 0.000000 0.930100
1.547559 0.000000 0.922500
1.496058 0.000000 0.891800
1.542694 0.000000 0.919600
1.447073 0.000000 0.862600
1.463681 0.000000 0.872500
1.481127 0.000000 0.882900
1.505955 0.000000 0.897700
1.462506 0.000000 0.871800
1.416205 0.000000 0.844200
1.499916 0.000000 0.894100
1.471565 0.000000 0.877200
1.517195 0.000000 0.904400
1.496729 0.000000 0.892200
1.473578 0.000000 0.878400
1.435162 0.000000 0.855500
1.476095 0.000000 0.879900
1.482134 0.000000 0.883500
1.432813 0.000000 0.854100
1.445395 0.000000 0.861600
1.487838 0.000000 0.886900
1.420399 0.000000 0.846700
1.465190 0.000000 0.873400
1.463010 0.000000 0.872100
1.446737 0.000000 0.862400
1.479282 0.000000 0.881800
1.468042 0.000000 0.875100
1.445060 0.000000 0.861400
1.464184 0.000000 0.872800
1.432310 0.000000 0.853800
1.432646 0.000000 0.854000
1.390371 0.000000 0.828800
1.502097 0.000000 0.895400
1.385170 0.000000 0.825700
1.418218 0.000000 0.845400
1.521557 0.000000 0.907000
1.477604 0.000000 0.880800
1.511156 0.000000 0.900800
1.566348 0.000000 0.933700
1.515014 0.000000 0.903100
1.447744 0.000000 0.863000
1.477604 0.000000 0.880800
1.524073 0.000000 0.908500
1.424593 0.000000 0.849200
1.471062 0.000000 0.876900
1.456132 0.000000 0.868000
1.515853 0.000000 0.903600
1.506962 0.000000 0.898300
1.416038 0.000000 0.844100
1.460158 0.000000 0.870400
1.520718 0.000000 0.906500
1.506626 0.000000 0.898100
1.466197 0.000000 0.874000
1.478275 0.000000 0.881200
1.381815 0.000000 0.823700
1.476933 0.000000 0.880400
1.498406 0.000000 0.893200
1.485321 0.000000 0.885400
1.438182 0.000000 0.857300
1.405972 0.000000 0.838100
1.487838 0.000000 0.886900
1.425432 0.000000 0.849700
1.472572 0.000000 0.877800
1.405133 0.000000 0.837600
1.555611 0.000000 0.927300
1.438853 0.000000 0.857700
1.557960 0.000000 0.928700
1.527428 0.000000 0.910500
1.532125 0.000000 0.913300
1.503775 0.000000 0.896400
1.400604 0.000000 0.834900
1.464687 0.000000 0.873100
1.451770 0.000000 0.865400
1.476430 0.000000 0.880100
1.399933 0.000000 0.834500
1.461668 0.000000 0.871300
1.528603 0.000000 0.911200
1.495051 0.000000 0.891200
1.454454 0.000000 0.867000
1.431639 0.000000 0.853400
1.477437 0.000000 0.880700
1.513169 0.000000 0.902000
1.436168 0.000000 0.856100
1.476262 0.000000 0.880000
1.484147 0.000000 0.884700
1.395739 0.000000 0.832000
1.512498 0.000000 0.901600
1.438349 0.000000 0.857400
1.449589 0.000000 0.864100
1.484650 0.000000 0.885000
1.507801 0.000000 0.898800
1.392552 0.000000 0.830100
1.391881 0.000000 0.829700
1.445227 0.000000 0.861500
1.583962 0.000000 0.944200
1.452273 0.000000 0.865700
1.401107 0.000000 0.835200
1.431471 0.000000 0.853300
1.481966 0.000000 0.883400
1.525583 0.000000 0.909400
1.413857 0.000000 0.842800
1.474249 0.000000 0.878800
1.471397 0.000000 0.877100
1.546553 0.000000 0.921900
1.424761 0.000000 0.849300
1.443717 0.000000 0.860600
1.613823 0.000000 0.962000
1.525583 0.000000 0.909400
1.519879 0.000000 0.906000
1.457977 0.000000 0.869100
1.555444 0.000000 0.927200
1.492703 0.000000 0.889800
1.470894 0.000000 0.876800
1.493038 0.000000 0.890000
1.493709 0.000000 0.890400
1.532125 0.000000 0.913300
1.467539 0.000000 0.874800
1.529777 0.000000 0.911900
1.469888 0.000000 0.876200
1.589666 0.000000 0.947600
1.504446 0.000000 0.896800
1.438349 0.000000 0.857400
1.397752 0.000000 0.833200
1.458816 0.000000 0.869600
1.408824 0.000000 0.839800
1.566012 0.000000 0.933500
1.528267 0.000000 0.911000
1.475256 0.000000 0.879400
1.474249 0.000000 0.878800
1.421406 0.000000 0.847300
1.394229 0.000000 0.831100
1.549237 0.000000 0.923500
1.455460 0.000000 0.867600
1.519879 0.000000 0.906000
1.471565 0.000000 0.877200
1.506291 0.000000 0.897900
1.501761 0.000000 0.895200
1.428955 0.000000 0.851800
1.477437 0.000000 0.880700
1.457306 0.000000 0.868700
1.490018 0.000000 0.888200
1.385506 0.000000 0.825900
1.533635 0.000000 0.914200
1.307163 0.000000 0.779200
1.508136 0.000000 0.899000
1.567019 0.000000 0.934100
1.380809 0.000000 0.823100
1.436839 0.000000 0.856500
1.573058 0.000000 0.937700
1.475256 0.000000 0.879400
1.448415 0.000000 0.863400
1.482637 0.000000 0.883800
1.434491 0.000000 0.855100
1.423587 0.000000 0.848600
1.467707 0.000000 0.874900
1.457138 0.000000 0.868600
1.417212 0.000000 0.844800
1.463177 0.000000 0.872200
1.472404 0.000000 0.877700
1.469552 0.000000 0.876000
1.412179 0.000000 0.841800
1.425767 0.000000 0.849900
1.450763 0.000000 0.864800
1.402617 0.000000 0.836100
1.449925 0.000000 0.864300
1.533132 0.000000 0.913900
1.557457 0.000000 0.928400
1.502097 0.000000 0.895400
1.464352 0.000000 0.872900
1.473075 0.000000 0.878100
1.517698 0.000000 0.904700
1.457474 0.000000 0.868800
1.498406 0.000000 0.893200
1.447408 0.000000 0.862800
1.519879 0.000000 0.906000
1.482134 0.000000 0.883500
1.454789 0.000000 0.867200
1.513001 0.000000 0.901900
1.437007 0.000000 0.856600
1.502600 0.000000 0.895700
1.378628 0.000000 0.821800
1.451434 0.000000 0.865200
1.517698 0.000000 0.904700
1.479953 0.000000 0.882200
1.468546 0.000000 0.875400
1.427110 0.000000 0.850700
1.513169 0.000000 0.902000
1.368227 0.000000 0.815600
1.460661 0.000000 0.870700
1.437678 0.000000 0.857000
1.475759 0.000000 0.879700
1.482973 0.000000 0.884000
1.507633 0.000000 0.898700
1.464016 0.000000 0.872700
1.491864 0.000000 0.889300
1.471901 0.000000 0.877400
1.441369 0.000000 0.859200
1.427948 0.000000 0.851200
1.540010 0.000000 0.918000
1.511324 0.000000 0.900900
1.456635 0.000000 0.868300
1.532125 0.000000 0.913300
1.468546 0.000000 0.875400
1.469217 0.000000 0.875800
1.491361 0.000000 0.889000
1.520886 0.000000 0.906600
1.512666 0.000000 0.901700
1.491696 0.000000 0.889200
1.514679 0.000000 0.902900
1.469552 0.000000 0.876000
1.400436 0.000000 0.834800
1.437510 0.000000 0.856900
1.409160 0.000000 0.840000
1.376782 0.000000 0.820700
1.502768 0.000000 0.895800
1.438349 0.000000 0.857400
1.446569 0.000000 0.862300
1.388525 0.000000 0.827700
1.409998 0.000000 0.840500
1.438517 0.000000 0.857500
1.533803 0.000000 0.914300
1.442040 0.000000 0.859600
1.441033 0.000000 0.859000
1.539675 0.000000 0.917800
1.508975 0.000000 0.899500
1.532461 0.000000 0.913500
1.555444 0.000000 0.927200
1.501929 0.000000 0.895300
1.374434 0.000000 0.819300
1.471230 0.000000 0.877000
1.398591 0.000000 0.833700
1.534642 0.000000 0.914800
1.465023 0.000000 0.873300
1.485321 0.000000 0.885400
1.472068 0.000000 0.877500
1.408656 0.000000 0.839700
1.462842 0.000000 0.872000
1.553766 0.000000 0.926200
1.464855 0.000000 0.873200
1.495554 0.000000 0.891500
1.478611 0.000000 0.881400
1.411844 0.000000 0.841600
1.396242 0.000000 0.832300
1.474753 0.000000 0.879100
1.510149 0.000000 0.900200
1.459319 0.000000 0.869900
1.501594 0.000000 0.895100
1.531622 0.000000 0.913000
1.410669 0.000000 0.840900
1.448079 0.000000 0.863200
1.456132 0.000000 0.868000
1.405804 0.000000 0.838000
1.527764 0.000000 0.910700
1.510820 0.000000 0.900600
1.545043 0.000000 0.921000
1.466197 0.000000 0.874000
1.529441 0.000000 0.911700
1.448079 0.000000 0.863200
1.533300 0.000000 0.914000
1.464687 0.000000 0.873100
1.505788 0.000000 0.897600
1.481966 0.000000 0.883400
1.499581 0.000000 0.893900
1.506962 0.000000 0.898300
1.474249 0.000000 0.878800
1.423251 0.000000 0.848400
1.486328 0.000000 0.886000
1.458145 0.000000 0.869200
1.495554 0.000000 0.891500
1.406308 0.000000 0.838300
1.355310 0.000000 0.807900
1.396746 0.000000 0.832600
1.556954 0.000000 0.928100
1.466700 0.000000 0.874300
1.511659 0.000000 0.901100
1.365375 0.000000 0.813900
1.533635 0.000000 0.914200
1.492199 0.000000 0.889500
1.508807 0.000000 0.899400
1.502265 0.000000 0.895500
1.484818 0.000000 0.885100
1.494716 0.000000 0.891000
1.478275 0.000000 0.881200
1.489851 0.000000 0.888100
1.508472 0.000000 0.899200
1.523905 0.000000 0.908400
1.447073 0.000000 0.862600
1.492535 0.000000 0.889700
1.503607 0.000000 0.896300
1.508639 0.000000 0.899300
1.475927 0.000000 0.879800
1.472404 0.000000 0.877700
1.513337 0.000000 0.902100
1.471230 0.000000 0.877000
1.533300 0.000000 0.914000
1.444724 0.000000 0.861200
1.477604 0.000000 0.880800
1.501258 0.000000 0.894900
1.452944 0.000000 0.866100
1.504613 0.000000 0.896900
1.480960 0.000000 0.882800
1.481966 0.000000 0.883400
1.426606 0.000000 0.850400
1.478946 0.000000 0.881600
1.471062 0.000000 0.876900
1.511491 0.000000 0.901000
1.485489 0.000000 0.885500
1.362691 0.000000 0.812300
1.457474 0.000000 0.868800
1.500923 0.000000 0.894700
1.508472 0.000000 0.899200
1.481798 0.000000 0.883300
1.536655 0.000000 0.916000
1.458312 0.000000 0.869300
1.410502 0.000000 0.840800
1.534474 0.000000 0.914700
1.481127 0.000000 0.882900
1.415031 0.000000 0.843500
1.469049 0.000000 0.875700
1.422580 0.000000 0.848000
1.460661 0.000000 0.870700
1.452273 0.000000 0.865700
1.447911 0.000000 0.863100
1.422412 0.000000 0.847900
1.425767 0.000000 0.849900
1.477269 0.000000 0.880600
1.552089 0.000000 0.925200
1.467203 0.000000 0.874600
1.438685 0.000000 0.857600
1.473914 0.000000 0.878600
1.544372 0.000000 0.920600
1.428619 0.000000 0.851600
1.523905 0.000000 0.908400
1.435162 0.000000 0.855500
1.411676 0.000000 0.841500
1.531958 0.000000 0.913200
1.394397 0.000000 0.831200
1.533803 0.000000 0.914300
1.477604 0.000000 0.880800
1.471733 0.000000 0.877300
1.527261 0.000000 0.910400
1.481966 0.000000 0.883400
1.523234 0.000000 0.908000
1.406643 0.000000 0.838500
1.353967 0.000000 0.807100
1.494548 0.000000 0.890900
1.442711 0.000000 0.860000
1.449757 0.000000 0.864200
1.425432 0.000000 0.849700
1.370072 0.000000 0.816700
1.418722 0.000000 0.845700
1.474249 0.000000 0.878800
1.431471 0.000000 0.853300
1.497903 0.000000 0.892900
1.492870 0.000000 0.889900
1.491193 0.000000 0.888900
1.505117 0.000000 0.897200
1.376447 0.000000 0.820500
1.394900 0.000000 0.831500
1.531287 0.000000 0.912800
1.429961 0.000000 0.852400
1.406475 0.000000 0.838400
1.436839 0.000000 0.856500
1.492199 0.000000 0.889500
1.427613 0.000000 0.851000
1.497064 0.000000 0.892400
1.424761 0.000000 0.849300
1.577420 0.000000 0.940300
1.464352 0.000000 0.872900
1.471565 0.000000 0.877200
1.422245 0.000000 0.847800
1.555611 0.000000 0.927300
1.413186 0.000000 0.842400
1.399430 0.000000 0.834200
1.471230 0.000000 0.877000
1.531958 0.000000 0.913200
1.428619 0.000000 0.851600
1.403456 0.000000 0.836600
1.564167 0.000000 0.932400
1.529106 0.000000 0.911500
1.484986 0.000000 0.885200
1.509982 0.000000 0.900100
1.418889 0.000000 0.845800
1.430800 0.000000 0.852900
1.546553 0.000000 0.921900
1.458145 0.000000 0.869200
1.511995 0.000000 0.901300
1.474585 0.000000 0.879000
1.473243 0.000000 0.878200
1.540513 0.000000 0.918300
1.465861 0.000000 0.873800
1.526254 0.000000 0.909800
1.483476 0.000000 0.884300
1.438853 0.000000 0.857700
1.464519 0.000000 0.873000
1.435665 0.000000 0.855800
1.449925 0.000000 0.864300
1.424593 0.000000 0.849200
1.504110 0.000000 0.896600
1.539004 0.000000 0.917400
1.427110 0.000000 0.850700
1.435497 0.000000 0.855700
1.440530 0.000000 0.858700
1.471397 0.000000 0.877100
1.495387 0.000000 0.891400
1.421574 0.000000 0.847400
1.486831 0.000000 0.886300
1.471733 0.000000 0.877300
1.429626 0.000000 0.852200
1.477101 0.000000 0.880500
1.466700 0.000000 0.874300
1.474585 0.000000 0.879000
1.445563 0.000000 0.861700
1.333669 0.000000 0.795000
1.399597 0.000000 0.834300
1.553766 0.000000 0.926200
1.444221 0.000000 0.860900
1.464352 0.000000 0.872900
1.421070 0.000000 0.847100
1.403791 0.000000 0.836800
1.459487 0.000000 0.870000
1.505452 0.000000 0.897400
1.472739 0.000000 0.877900
1.571716 0.000000 0.936900
1.452776 0.000000 0.866000
1.505788 0.000000 0.897600
1.534474 0.000000 0.914700
1.504278 0.000000 0.896700
1.491528 0.000000 0.889100
1.513504 0.000000 0.902200
1.427445 0.000000 0.850900
1.439859 0.000000 0.858300
1.452441 0.000000 0.865800
1.490186 0.000000 0.888300
1.429290 0.000000 0.852000
1.484482 0.000000 0.884900
1.414360 0.000000 0.843100
1.448582 0.000000 0.863500
1.485153 0.000000 0.885300
1.439691 0.000000 0.858200
1.510988 0.000000 0.900700
1.533300 0.000000 0.914000
1.482469 0.000000 0.883700
1.474249 0.000000 0.878800
1.496896 0.000000 0.892300
1.545043 0.000000 0.921000
1.598557 0.000000 0.952900
1.440195 0.000000 0.858500
1.436001 0.000000 0.856000
1.420735 0.000000 0.846900
1.435330 0.000000 0.855600
1.465023 0.000000 0.873300
1.537158 0.000000 0.916300
1.499581 0.000000 0.893900
1.444724 0.000000 0.861200
1.457138 0.000000 0.868600
1.531119 0.000000 0.912700
1.427613 0.000000 0.851000
1.406811 0.000000 0.838600
1.438182 0.000000 0.857300
1.518537 0.000000 0.905200
1.402617 0.000000 0.836100
1.517531 0.000000 0.904600
1.489683 0.000000 0.888000
1.514511 0.000000 0.902800
1.468713 0.000000 0.875500
1.500252 0.000000 0.894300
1.526925 0.000000 0.910200
1.519879 0.000000 0.906000
1.414696 0.000000 0.843300
1.608958 0.000000 0.959100
1.506794 0.000000 0.898200
1.420903 0.000000 0.847000
1.539171 0.000000 0.917500
1.450763 0.000000 0.864800
1.560644 0.000000 0.930300
1.470726 0.000000 0.876700
1.420399 0.000000 0.846700
1.521725 0.000000 0.907100
1.493709 0.000000 0.890400
1.451938 0.000000 0.865500
1.477604 0.000000 0.880800
1.453112 0.000000 0.866200
1.501090 0.000000 0.894800
1.410669 0.000000 0.840900
1.440195 0.000000 0.858500
1.393390 0.000000 0.830600
1.419896 0.000000 0.846400
1.447911 0.000000 0.863100
1.561986 0.000000 0.931100
1.489851 0.000000 0.888100
1.530951 0.000000 0.912600
1.488676 0.000000 0.887400
1.495890 0.000000 0.891700
1.402953 0.000000 0.836300
1.432813 0.000000 0.854100
1.412682 0.000000 0.842100
1.496729 0.000000 0.892200
1.480624 0.000000 0.882600
1.547224 0.000000 0.922300
1.488005 0.000000 0.887000
1.519208 0.000000 0.905600
1.470894 0.000000 0.876800
1.423922 0.000000 0.848800
1.539675 0.000000 0.917800
1.526589 0.000000 0.910000
1.464855 0.000000 0.873200
1.466700 0.000000 0.874300
1.447408 0.000000 0.862800
1.539675 0.000000 0.917800
1.458312 0.000000 0.869300
1.454789 0.000000 0.867200
1.408824 0.000000 0.839800
1.447576 0.000000 0.862900
1.449925 0.000000 0.864300
1.550914 0.000000 0.924500
1.525247 0.000000 0.909200
1.458312 0.000000 0.869300
1.471397 0.000000 0.877100
1.513001 0.000000 0.901900
1.497735 0.000000 0.892800
1.556283 0.000000 0.927700
1.413521 0.000000 0.842600
1.641503 0.000000 0.978500
1.454454 0.000000 0.867000
1.400939 0.000000 0.835100
1.456803 0.000000 0.868400
1.486831 0.000000 0.886300
1.474585 0.000000 0.879000
1.516021 0.000000 0.903700
1.531622 0.000000 0.913000
1.547727 0.000000 0.922600
1.460661 0.000000 0.870700
1.430129 0.000000 0.852500
1.368730 0.000000 0.815900
1.442543 0.000000 0.859900
1.438853 0.000000 0.857700
1.532964 0.000000 0.913800
1.572219 0.000000 0.937200
1.425767 0.000000 0.849900
1.472236 0.000000 0.877600
1.522228 0.000000 0.907400
1.506291 0.000000 0.897900
1.420567 0.000000 0.846800
1.427445 0.000000 0.850900
1.444053 0.000000 0.860800
1.514175 0.000000 0.902600
1.437510 0.000000 0.856900
1.421741 0.000000 0.847500
1.401275 0.000000 0.835300
1.476933 0.000000 0.880400
1.539675 0.000000 0.917800
1.444389 0.000000 0.861000
1.364536 0.000000 0.813400
1.402785 0.000000 0.836200
1.405133 0.000000 0.837600
1.441872 0.000000 0.859500
1.485657 0.000000 0.885600
1.502936 0.000000 0.895900
1.530783 0.000000 0.912500
1.416709 0.000000 0.844500
1.531454 0.000000 0.912900
1.506962 0.000000 0.898300
1.488173 0.000000 0.887100
1.453951 0.000000 0.866700
1.525080 0.000000 0.909100
1.496225 0.000000 0.891900
1.472907 0.000000 0.878000
1.499748 0.000000 0.894000
1.469720 0.000000 0.876100
1.502768 0.000000 0.895800
1.510653 0.000000 0.900500
1.458648 0.000000 0.869500
1.545882 0.000000 0.921500
1.454286 0.000000 0.866900
1.515685 0.000000 0.903500
1.418218 0.000000 0.845400
1.539171 0.000000 0.917500
1.422412 0.000000 0.847900
1.555611 0.000000 0.927300
1.446737 0.000000 0.862400
1.436336 0.000000 0.856200
1.508975 0.000000 0.899500
1.515350 0.000000 0.903300
1.514175 0.000000 0.902600
1.534642 0.000000 0.914800
1.523234 0.000000 0.908000
1.525080 0.000000 0.909100
1.451770 0.000000 0.865400
1.498742 0.000000 0.893400
1.459487 0.000000 0.870000
1.469552 0.000000 0.876000
1.515853 0.000000 0.903600
1.516021 0.000000 0.903700
1.563664 0.000000 0.932100
1.483476 0.000000 0.884300
1.474249 0.000000 0.878800
1.515685 0.000000 0.903500
1.429290 0.000000 0.852000
1.432813 0.000000 0.854100
1.395907 0.000000 0.832100
1.401443 0.000000 0.835400
1.486663 0.000000 0.886200
1.423251 0.000000 0.848400
1.509311 0.000000 0.899700
1.462003 0.000000 0.871500
1.437007 0.000000 0.856600
1.508639 0.000000 0.899300
1.495387 0.000000 0.891400
1.430968 0.000000 0.853000
1.549740 0.000000 0.923800
1.485825 0.000000 0.885700
1.486831 0.000000 0.886300
1.482805 0.000000 0.883900
1.421238 0.000000 0.847200
1.463848 0.000000 0.872600
1.533468 0.000000 0.914100
1.471565 0.000000 0.877200
1.385338 0.000000 0.825800
1.420399 0.000000 0.846700
1.462339 0.000000 0.871700
1.544204 0.000000 0.920500
1.510653 0.000000 0.900500
1.486160 0.000000 0.885900
1.462674 0.000000 0.871900
1.436839 0.000000 0.856500
1.446402 0.000000 0.862200
1.526086 0.000000 0.909700
1.519544 0.000000 0.905800
1.485489 0.000000 0.885500
1.473411 0.000000 0.878300
1.406140 0.000000 0.838200
1.450260 0.000000 0.864500
1.435162 0.000000 0.855500
1.471062 0.000000 0.876900
1.485321 0.000000 0.885400
1.411173 0.000000 0.841200
1.493206 0.000000 0.890100
1.460661 0.000000 0.870700
1.502097 0.000000 0.895400
1.455460 0.000000 0.867600
1.396746 0.000000 0.832600
1.434323 0.000000 0.855000
1.497903 0.000000 0.892900
1.468881 0.000000 0.875600
1.499245 0.000000 0.893700
1.413857 0.000000 0.842800
1.414192 0.000000 0.843000
1.456803 0.000000 0.868400
1.368730 0.000000 0.815900
1.442543 0.000000 0.859900
1.459990 0.000000 0.870300
1.589163 0.000000 0.947300
1.428452 0.000000 0.851500
1.442208 0.000000 0.859700
1.454118 0.000000 0.866800
1.493374 0.000000 0.890200
1.416373 0.000000 0.844300
1.436672 0.000000 0.856400
1.422916 0.000000 0.848200
1.533635 0.000000 0.914200
1.505620 0.000000 0.897500
1.530112 0.000000 0.912100
1.473578 0.000000 0.878400
1.488844 0.000000 0.887500
1.513001 0.000000 0.901900
1.489012 0.000000 0.887600
1.462506 0.000000 0.871800
1.491696 0.000000 0.889200
1.452105 0.000000 0.865600
1.465694 0.000000 0.873700
1.530783 0.000000 0.912500
1.392048 0.000000 0.829800
1.478611 0.000000 0.881400
1.476598 0.000000 0.880200
1.475256 0.000000 0.879400
1.389196 0.000000 0.828100
1.451770 0.000000 0.865400
1.468378 0.000000 0.875300
1.476262 0.000000 0.880000
1.481295 0.000000 0.883000
1.414696 0.000000 0.843300
1.487502 0.000000 0.886700
1.437343 0.000000 0.856800
1.401610 0.000000 0.835500
1.472404 0.000000 0.877700
1.451770 0.000000 0.865400
1.513169 0.000000 0.902000
1.504278 0.000000 0.896700
1.366046 0.000000 0.814300
1.450763 0.000000 0.864800
1.476933 0.000000 0.880400
1.406811 0.000000 0.838600
1.519879 0.000000 0.906000
1.537326 0.000000 0.916400
1.485321 0.000000 0.885400
1.373092 0.000000 0.818500
1.495722 0.000000 0.891600
1.542526 0.000000 0.919500
1.470559 0.000000 0.876600
1.366549 0.000000 0.814600
1.473914 0.000000 0.878600
1.363865 0.000000 0.813000
1.432981 0.000000 0.854200
1.367556 0.000000 0.815200
1.389029 0.000000 0.828000
1.448247 0.000000 0.863300
1.497064 0.000000 0.892400
1.463848 0.000000 0.872600
1.409663 0.000000 0.840300
1.471733 0.000000 0.877300
1.526086 0.000000 0.909700
1.507633 0.000000 0.898700
1.475088 0.000000 0.879300
1.408153 0.000000 0.839400
1.416038 0.000000 0.844100
1.454789 0.000000 0.867200
1.534306 0.000000 0.914600
1.418386 0.000000 0.845500
1.556115 0.000000 0.927600
1.496225 0.000000 0.891900
1.446234 0.000000 0.862100
1.464687 0.000000 0.873100
1.436168 0.000000 0.856100
1.518537 0.000000 0.905200
1.503439 0.000000 0.896200
1.434323 0.000000 0.855000
1.533300 0.000000 0.914000
1.413018 0.000000 0.842300
1.531622 0.000000 0.913000
1.421238 0.000000 0.847200
1.579936 0.000000 0.941800
1.436001 0.000000 0.856000
1.457306 0.000000 0.868700
1.501258 0.000000 0.894900
1.439356 0.000000 0.858000
1.451267 0.000000 0.865100
1.466868 0.000000 0.874400
1.457977 0.000000 0.869100
1.512833 0.000000 0.901800
1.481631 0.000000 0.883200
1.481463 0.000000 0.883100
1.422412 0.000000 0.847900
1.463177 0.000000 0.872200
1.506459 0.000000 0.898000
1.473411 0.000000 0.878300
1.489347 0.000000 0.887800
1.494380 0.000000 0.890800
1.498406 0.000000 0.893200
1.512666 0.000000 0.901700
1.454454 0.000000 0.867000
1.460325 0.000000 0.870500
1.521892 0.000000 0.907200
1.464016 0.000000 0.872700
1.433149 0.000000 0.854300
1.402114 0.000000 0.835800
1.429290 0.000000 0.852000
1.542694 0.000000 0.919600
1.516021 0.000000 0.903700
1.456299 0.000000 0.868100
1.475927 0.000000 0.879800
1.379299 0.000000 0.822200
1.454118 0.000000 0.866800
1.460325 0.000000 0.870500
1.448079 0.000000 0.863200
1.442543 0.000000 0.859900
1.571884 0.000000 0.937000
1.482973 0.000000 0.884000
1.438014 0.000000 0.857200
1.568193 0.000000 0.934800
1.486328 0.000000 0.886000
1.373427 0.000000 0.818700
1.442208 0.000000 0.859700
1.442711 0.000000 0.860000
1.423419 0.000000 0.848500
1.498071 0.000000 0.893000
1.455460 0.000000 0.867600
1.468378 0.000000 0.875300
1.493374 0.000000 0.890200
1.537997 0.000000 0.916800
1.520047 0.000000 0.906100
1.469888 0.000000 0.876200
1.602248 0.000000 0.955100
1.462506 0.000000 0.871800
1.516860 0.000000 0.904200
1.417883 0.000000 0.845200
1.391545 0.000000 0.829500
1.437846 0.000000 0.857100
1.552760 0.000000 0.925600
1.485321 0.000000 0.885400
1.526086 0.000000 0.909700
1.486328 0.000000 0.886000
1.434659 0.000000 0.855200
1.417883 0.000000 0.845200
1.480960 0.000000 0.882800
1.457641 0.000000 0.868900
1.514175 0.000000 0.902600
1.547559 0.000000 0.922500
1.426774 0.000000 0.850500
1.377957 0.000000 0.821400
1.490018 0.000000 0.888200
1.361181 0.000000 0.811400
1.448079 0.000000 0.863200
1.424929 0.000000 0.849400
1.532964 0.000000 0.913800
1.432813 0.000000 0.854100
1.468210 0.000000 0.875200
1.464519 0.000000 0.873000
1.515350 0.000000 0.903300
1.437007 0.000000 0.856600
1.410334 0.000000 0.840700
1.532629 0.000000 0.913600
1.420232 0.000000 0.846600
1.364704 0.000000 0.813500
1.468546 0.000000 0.875400
1.493038 0.000000 0.890000
1.558463 0.000000 0.929000
1.432813 0.000000 0.854100
1.467707 0.000000 0.874900
1.458816 0.000000 0.869600
1.451938 0.000000 0.865500
1.460996 0.000000 0.870900
1.375105 0.000000 0.819700
1.386345 0.000000 0.826400
1.425432 0.000000 0.849700
1.399430 0.000000 0.834200
1.498574 0.000000 0.893300
1.462003 0.000000 0.871500
1.395236 0.000000 0.831700
1.448247 0.000000 0.863300
1.397081 0.000000 0.832800
1.450428 0.000000 0.864600
1.463345 0.000000 0.872300
1.439020 0.000000 0.857800
1.407482 0.000000 0.839000
1.422748 0.000000 0.848100
1.440027 0.000000 0.858400
1.441872 0.000000 0.859500
1.459487 0.000000 0.870000
1.466868 0.000000 0.874400
1.534977 0.000000 0.915000
1.428955 0.000000 0.851800
1.340547 0.000000 0.799100
1.421574 0.000000 0.847400
1.490018 0.000000 0.888200
1.541017 0.000000 0.918600
1.480289 0.000000 0.882400
1.468042 0.000000 0.875100
1.493038 0.000000 0.890000
1.481127 0.000000 0.882900
1.471397 0.000000 0.877100
1.538165 0.000000 0.916900
1.487167 0.000000 0.886500
1.524241 0.000000 0.908600
1.475591 0.000000 0.879600
1.499413 0.000000 0.893800
1.479618 0.000000 0.882000
1.579097 0.000000 0.941300
1.396242 0.000000 0.832300
1.455796 0.000000 0.867800
1.431975 0.000000 0.853600
1.439356 0.000000 0.858000
1.417380 0.000000 0.844900
1.450596 0.000000 0.864700
1.500755 0.000000 0.894600
1.573729 0.000000 0.938100
1.498910 0.000000 0.893500
1.398591 0.000000 0.833700
1.500252 0.000000 0.894300
1.414360 0.000000 0.843100
1.431136 0.000000 0.853100
1.509646 0.000000 0.899900
1.462171 0.000000 0.871600
1.424593 0.000000 0.849200
1.446234 0.000000 0.862100
1.498239 0.000000 0.893100
1.488676 0.000000 0.887400
1.523067 0.000000 0.907900
1.471397 0.000000 0.877100
1.480960 0.000000 0.882800
1.520550 0.000000 0.906400
1.470559 0.000000 0.876600
1.499077 0.000000 0.893600
1.390371 0.000000 0.828800
1.301459 0.000000 0.775800
1.404798 0.000000 0.837400
1.564335 0.000000 0.932500
1.443717 0.000000 0.860600
1.472068 0.000000 0.877500
1.518705 0.000000 0.905300
1.494380 0.000000 0.890800
1.517363 0.000000 0.904500
1.531958 0.000000 0.913200
1.479618 0.000000 0.882000
1.462842 0.000000 0.872000
1.421070 0.000000 0.847100
1.489347 0.000000 0.887800
1.399597 0.000000 0.834300
1.437846 0.000000 0.857100
1.489683 0.000000 0.888000
1.490857 0.000000 0.888700
1.516189 0.000000 0.903800
1.410837 0.000000 0.841000
1.486496 0.000000 0.886100
1.470894 0.000000 0.876800
1.402114 0.000000 0.835800
1.432813 0.000000 0.854100
1.399597 0.000000 0.834300
1.378963 0.000000 0.822000
1.405469 0.000000 0.837800
1.400436 0.000000 0.834800
1.460493 0.000000 0.870600
1.439859 0.000000 0.858300
1.523905 0.000000 0.908400
1.467036 0.000000 0.874500
1.521221 0.000000 0.906800
1.458480 0.000000 0.869400
1.508807 0.000000 0.899400
1.440027 0.000000 0.858400
1.500587 0.000000 0.894500
1.381815 0.000000 0.823700
1.437007 0.000000 0.856600
1.560309 0.000000 0.930100
1.461835 0.000000 0.871400
1.422580 0.000000 0.848000
1.470894 0.000000 0.876800
1.436504 0.000000 0.856300
1.449086 0.000000 0.863800
1.476430 0.000000 0.880100
1.448415 0.000000 0.863400
1.502265 0.000000 0.895500
1.532797 0.000000 0.913700
1.407650 0.000000 0.839100
1.564503 0.000000 0.932600
1.460996 0.000000 0.870900
1.455293 0.000000 0.867500
1.542359 0.000000 0.919400
1.476933 0.000000 0.880400
1.459822 0.000000 0.870200
1.423419 0.000000 0.848500
1.476095 0.000000 0.879900
1.428619 0.000000 0.851600
1.401610 0.000000 0.835500
1.482637 0.000000 0.883800
1.436672 0.000000 0.856400
1.517027 0.000000 0.904300
1.536655 0.000000 0.916000
1.426271 0.000000 0.850200
1.499581 0.000000 0.893900
1.449757 0.000000 0.864200
1.500755 0.000000 0.894600
1.475927 0.000000 0.879800
1.541688 0.000000 0.919000
1.511156 0.000000 0.900800
1.423587 0.000000 0.848600
1.506794 0.000000 0.898200
1.478275 0.000000 0.881200
1.376111 0.000000 0.820300
1.480121 0.000000 0.882300
1.490689 0.000000 0.888600
1.475088 0.000000 0.879300
1.428452 0.000000 0.851500
1.375608 0.000000 0.820000
1.438517 0.000000 0.857500
1.504949 0.000000 0.897100
1.473746 0.000000 0.878500
1.368562 0.000000 0.815800
1.381480 0.000000 0.823500
1.506123 0.000000 0.897800
1.466029 0.000000 0.873900
1.437678 0.000000 0.857000
1.471733 0.000000 0.877300
1.492367 0.000000 0.889600
1.511995 0.000000 0.901300
1.497064 0.000000 0.892400
1.425432 0.000000 0.849700
1.483476 0.000000 0.884300
1.403288 0.000000 0.836500
1.523234 0.000000 0.908000
1.480792 0.000000 0.882700
1.492535 0.000000 0.889700
1.505452 0.000000 0.897400
1.505955 0.000000 0.897700
1.411340 0.000000 0.841300
1.458480 0.000000 0.869400
1.378292 0.000000 0.821600
1.448750 0.000000 0.863600
1.499916 0.000000 0.894100
1.405469 0.000000 0.837800
1.677571 0.000000 1.000000
1.493374 0.000000 0.890200
1.492703 0.000000 0.889800
1.515350 0.000000 0.903300
1.418722 0.000000 0.845700
1.462003 0.000000 0.871500
1.406811 0.000000 0.838600
1.507801 0.000000 0.898800
1.509814 0.000000 0.900000
1.509311 0.000000 0.899700
1.429458 0.000000 0.852100
1.461668 0.000000 0.871300
1.503775 0.000000 0.896400
1.387351 0.000000 0.827000
1.448247 0.000000 0.863300
1.427781 0.000000 0.851100
1.448750 0.000000 0.863600
1.501594 0.000000 0.895100
1.489851 0.000000 0.888100
1.402281 0.000000 0.835900
1.437007 0.000000 0.856600
1.453951 0.000000 0.866700
1.488676 0.000000 0.887400
1.358665 0.000000 0.809900
1.460325 0.000000 0.870500
1.515685 0.000000 0.903500
1.522060 0.000000 0.907300
1.402785 0.000000 0.836200
1.505452 0.000000 0.897400
1.566516 0.000000 0.933800
1.547224 0.000000 0.922300
1.477772 0.000000 0.880900
1.475591 0.000000 0.879600
1.385003 0.000000 0.825600
1.498574 0.000000 0.893300
1.430465 0.000000 0.852700
1.488005 0.000000 0.887000
1.491025 0.000000 0.888800
1.472404 0.000000 0.877700
1.491528 0.000000 0.889100
1.529609 0.000000 0.911800
1.516524 0.000000 0.904000
1.445060 0.000000 0.861400
1.505117 0.000000 0.897200
1.402449 0.000000 0.836000
1.482805 0.000000 0.883900
1.440866 0.000000 0.858900
1.523570 0.000000 0.908200
1.428787 0.000000 0.851700
1.533803 0.000000 0.914300
1.402953 0.000000 0.836300
1.522731 0.000000 0.907700
1.464184 0.000000 0.872800
1.459319 0.000000 0.869900
1.456299 0.000000 0.868100
1.409327 0.000000 0.840100
1.571548 0.000000 0.936800
1.436168 0.000000 0.856100
1.478611 0.000000 0.881400
1.489515 0.000000 0.887900
1.520215 0.000000 0.906200
1.425096 0.000000 0.849500
1.445395 0.000000 0.861600
1.313035 0.000000 0.782700
1.446905 0.000000 0.862500
1.530448 0.000000 0.912300
1.510820 0.000000 0.900600
1.428284 0.000000 0.851400
1.486831 0.000000 0.886300
1.460829 0.000000 0.870800
1.454118 0.000000 0.866800
1.498910 0.000000 0.893500
1.482302 0.000000 0.883600
1.574065 0.000000 0.938300
1.476262 0.000000 0.880000
1.405133 0.000000 0.837600
1.421070 0.000000 0.847100
1.404798 0.000000 0.837400
1.465861 0.000000 0.873800
1.510485 0.000000 0.900400
1.375608 0.000000 0.820000
1.422748 0.000000 0.848100
1.406643 0.000000 0.838500
1.481127 0.000000 0.882900
1.466029 0.000000 0.873900
1.497400 0.000000 0.892600
1.549069 0.000000 0.923400
1.390203 0.000000 0.828700
1.417883 0.000000 0.845200
1.469217 0.000000 0.875800
1.468042 0.000000 0.875100
1.431136 0.000000 0.853100
1.425767 0.000000 0.849900
1.509814 0.000000 0.900000
1.459822 0.000000 0.870200
1.430800 0.000000 0.852900
1.448415 0.000000 0.863400
1.448247 0.000000 0.863300
1.465694 0.000000 0.873700
1.482637 0.000000 0.883800
1.494883 0.000000 0.891100
1.523570 0.000000 0.908200
1.480456 0.000000 0.882500
1.560812 0.000000 0.930400
1.412011 0.000000 0.841700
1.446402 0.000000 0.862200
1.531454 0.000000 0.912900
1.392048 0.000000 0.829800
1.547056 0.000000 0.922200
1.444221 0.000000 0.860900
1.495387 0.000000 0.891400
1.511156 0.000000 0.900800
1.455293 0.000000 0.867500
1.510149 0.000000 0.900200
1.516021 0.000000 0.903700
1.520382 0.000000 0.906300
1.524409 0.000000 0.908700
1.425767 0.000000 0.849900
1.491864 0.000000 0.889300
1.487334 0.000000 0.886600
1.439859 0.000000 0.858300
1.518537 0.000000 0.905200
1.525080 0.000000 0.909100
1.506962 0.000000 0.898300
1.530783 0.000000 0.912500
1.464352 0.000000 0.872900
1.409831 0.000000 0.840400
1.466532 0.000000 0.874200
1.410166 0.000000 0.840600
1.456299 0.000000 0.868100
1.463010 0.000000 0.872100
1.521054 0.000000 0.906700
1.471397 0.000000 0.877100
1.486663 0.000000 0.886200
1.470223 0.000000 0.876400
1.471397 0.000000 0.877100
1.504446 0.000000 0.896800
1.425767 0.000000 0.849900
1.529609 0.000000 0.911800
1.531287 0.000000 0.912800
1.490186 0.000000 0.888300
1.488341 0.000000 0.887200
1.484482 0.000000 0.884900
1.504949 0.000000 0.897100
1.445563 0.000000 0.861700
1.484986 0.000000 0.885200
1.422748 0.000000 0.848100
1.513169 0.000000 0.902000
1.416373 0.000000 0.844300
1.513504 0.000000 0.902200
1.452105 0.000000 0.865600
1.460996 0.000000 0.870900
1.497568 0.000000 0.892700
1.523570 0.000000 0.908200
1.455125 0.000000 0.867400
1.532461 0.000000 0.913500
1.433317 0.000000 0.854400
1.463513 0.000000 0.872400
1.451434 0.000000 0.865200
1.512330 0.000000 0.901500
1.362859 0.000000 0.812400
1.493877 0.000000 0.890500
1.564167 0.000000 0.932400
1.522563 0.000000 0.907600
1.446066 0.000000 0.862000
1.411340 0.000000 0.841300
1.467539 0.000000 0.874800
1.460829 0.000000 0.870800
1.411844 0.000000 0.841600
1.520215 0.000000 0.906200
1.467036 0.000000 0.874500
1.445227 0.000000 0.861500
1.498239 0.000000 0.893100
1.473578 0.000000 0.878400
1.500084 0.000000 0.894200
1.405637 0.000000 0.837900
1.458816 0.000000 0.869600
1.441201 0.000000 0.859100
1.428619 0.000000 0.851600
1.473243 0.000000 0.878200
1.447576 0.000000 0.862900
1.516356 0.000000 0.903900
1.418722 0.000000 0.845700
1.515518 0.000000 0.903400
1.443550 0.000000 0.860500
1.442711 0.000000 0.860000
1.491193 0.000000 0.888900
1.569032 0.000000 0.935300
1.392384 0.000000 0.830000
1.555444 0.000000 0.927200
1.456132 0.000000 0.868000
1.487502 0.000000 0.886700
1.443214 0.000000 0.860300
1.344741 0.000000 0.801600
1.435665 0.000000 0.855800
1.522060 0.000000 0.907300
1.543868 0.000000 0.920300
1.491696 0.000000 0.889200
1.551418 0.000000 0.924800
1.452441 0.000000 0.865800
1.464352 0.000000 0.872900
1.500252 0.000000 0.894300
1.488173 0.000000 0.887100
1.445563 0.000000 0.861700
1.442543 0.000000 0.859900
1.538332 0.000000 0.917000
1.379802 0.000000 0.822500
1.420232 0.000000 0.846600
1.495890 0.000000 0.891700
1.443382 0.000000 0.860400
1.463345 0.000000 0.872300
1.409327 0.000000 0.840100
1.492367 0.000000 0.889600
1.464016 0.000000 0.872700
1.425767 0.000000 0.849900
1.419560 0.000000 0.846200
1.464016 0.000000 0.872700
1.583124 0.000000 0.943700
1.439188 0.000000 0.857900
1.399597 0.000000 0.834300
1.441872 0.000000 0.859500
1.505620 0.000000 0.897500
1.380473 0.000000 0.822900
1.481631 0.000000 0.883200
1.492535 0.000000 0.889700
1.363697 0.000000 0.812900
1.450092 0.000000 0.864400
1.475088 0.000000 0.879300
1.410669 0.000000 0.840900
1.491361 0.000000 0.889000
1.378124 0.000000 0.821500
1.543533 0.000000 0.920100
1.439020 0.000000 0.857800
1.519040 0.000000 0.905500
1.527596 0.000000 0.910600
1.369737 0.000000 0.816500
1.519376 0.000000 0.905700
1.503104 0.000000 0.896000
1.561315 0.000000 0.930700
1.469552 0.000000 0.876000
1.532797 0.000000 0.913700
1.473075 0.000000 0.878100
1.485992 0.000000 0.885800
1.472404 0.000000 0.877700
1.433484 0.000000 0.854500
1.423754 0.000000 0.848700
1.512833 0.000000 0.901800
1.406308 0.000000 0.838300
1.363530 0.000000 0.812800
1.441201 0.000000 0.859100
1.502432 0.000000 0.895600
1.440866 0.000000 0.858900
1.558296 0.000000 0.928900
1.417380 0.000000 0.844900
1.513672 0.000000 0.902300
1.593860 0.000000 0.950100
1.487167 0.000000 0.886500
1.502432 0.000000 0.895600
1.425096 0.000000 0.849500
1.543533 0.000000 0.920100
1.445563 0.000000 0.861700
1.568697 0.000000 0.935100
1.458312 0.000000 0.869300
1.418722 0.000000 0.845700
1.464352 0.000000 0.872900
1.545378 0.000000 0.921200
1.477101 0.000000 0.880500
1.428452 0.000000 0.851500
1.527932 0.000000 0.910800
1.382822 0.000000 0.824300
1.467707 0.000000 0.874900
1.410166 0.000000 0.840600
1.442208 0.000000 0.859700
1.567690 0.000000 0.934500
1.465358 0.000000 0.873500
1.490522 0.000000 0.888500
1.500755 0.000000 0.894600
1.476766 0.000000 0.880300
1.344909 0.000000 0.801700
1.467875 0.000000 0.875000
1.507465 0.000000 0.898600
1.533635 0.000000 0.914200
1.531287 0.000000 0.912800
1.470223 0.000000 0.876400
1.438685 0.000000 0.857600
1.439691 0.000000 0.858200
1.494212 0.000000 0.890700
1.506291 0.000000 0.897900
1.464016 0.000000 0.872700
1.498239 0.000000 0.893100
1.455964 0.000000 0.867900
1.526925 0.000000 0.910200
1.488844 0.000000 0.887500
1.481127 0.000000 0.882900
1.542526 0.000000 0.919500
1.377286 0.000000 0.821000
1.409998 0.000000 0.840500
1.405637 0.000000 0.837900
1.401610 0.000000 0.835500
1.469384 0.000000 0.875900
1.537829 0.000000 0.916700
1.474585 0.000000 0.879000
1.505788 0.000000 0.897600
1.429961 0.000000 0.852400
1.429290 0.000000 0.852000
1.408656 0.000000 0.839700
1.477940 0.000000 0.881000
1.393223 0.000000 0.830500
1.500923 0.000000 0.894700
1.398759 0.000000 0.833800
1.404295 0.000000 0.837100
1.525918 0.000000 0.909600
1.423587 0.000000 0.848600
1.588492 0.000000 0.946900
1.421070 0.000000 0.847100
1.379970 0.000000 0.822600
1.508304 0.000000 0.899100
1.464519 0.000000 0.873000
1.461500 0.000000 0.871200
1.430800 0.000000 0.852900
1.470726 0.000000 0.876700
1.440027 0.000000 0.858400
1.472236 0.000000 0.877600
1.492535 0.000000 0.889700
1.494716 0.000000 0.891000
1.468713 0.000000 0.875500
1.408153 0.000000 0.839400
1.451434 0.000000 0.865200
1.502768 0.000000 0.895800
1.511156 0.000000 0.900800
1.479282 0.000000 0.881800
1.439020 0.000000 0.857800
1.508639 0.000000 0.899300
1.501258 0.000000 0.894900
1.485825 0.000000 0.885700
1.527596 0.000000 0.910600
1.443214 0.000000 0.860300
1.467875 0.000000 0.875000
1.472907 0.000000 0.878000
1.403624 0.000000 0.836700
1.507465 0.000000 0.898600
1.538836 0.000000 0.917300
1.450428 0.000000 0.864600
1.412682 0.000000 0.842100
1.482302 0.000000 0.883600
1.459822 0.000000 0.870200
1.459990 0.000000 0.870300
1.427110 0.000000 0.850700
1.436672 0.000000 0.856400
1.483308 0.000000 0.884200
1.480456 0.000000 0.882500
1.462674 0.000000 0.871900
1.473578 0.000000 0.878400
1.511491 0.000000 0.901000
1.449757 0.000000 0.864200
1.533468 0.000000 0.914100
1.444221 0.000000 0.860900
1.473075 0.000000 0.878100
1.514175 0.000000 0.902600
1.493877 0.000000 0.890500
1.518034 0.000000 0.904900
1.493709 0.000000 0.890400
1.432813 0.000000 0.854100
1.509982 0.000000 0.900100
1.428284 0.000000 0.851400
1.637309 0.000000 0.976000
1.464352 0.000000 0.872900
1.436504 0.000000 0.856300
1.543701 0.000000 0.920200
1.479282 0.000000 0.881800
1.526925 0.000000 0.910200
1.441201 0.000000 0.859100
1.457306 0.000000 0.868700
1.377621 0.000000 0.821200
1.429626 0.000000 0.852200
1.460493 0.000000 0.870600
1.495219 0.000000 0.891300
1.388358 0.000000 0.827600
1.447240 0.000000 0.862700
1.467707 0.000000 0.874900
1.502097 0.000000 0.895400
1.412347 0.000000 0.841900
1.445395 0.000000 0.861600
1.411173 0.000000 0.841200
1.434323 0.000000 0.855000
1.491193 0.000000 0.888900
1.428619 0.000000 0.851600
1.424425 0.000000 0.849100
1.409495 0.000000 0.840200
1.521389 0.000000 0.906900
1.513169 0.000000 0.902000
1.519544 0.000000 0.905800
1.545211 0.000000 0.921100
1.508136 0.000000 0.899000
1.437678 0.000000 0.857000
1.428955 0.000000 0.851800
1.509646 0.000000 0.899900
1.475591 0.000000 0.879600
1.441704 0.000000 0.859400
1.414192 0.000000 0.843000
1.455796 0.000000 0.867800
1.419896 0.000000 0.846400
1.480624 0.000000 0.882600
1.491193 0.000000 0.888900
1.469049 0.000000 0.875700
1.453951 0.000000 0.866700
1.507297 0.000000 0.898500
1.459487 0.000000 0.870000
1.447911 0.000000 0.863100
1.469384 0.000000 0.875900
1.521725 0.000000 0.907100
1.417044 0.000000 0.844700
1.535816 0.000000 0.915500
1.560141 0.000000 0.930000
1.484482 0.000000 0.884900
1.496729 0.000000 0.892200
1.402785 0.000000 0.836200
1.528938 0.000000 0.911400
1.511659 0.000000 0.901100
1.452776 0.000000 0.866000
1.572387 0.000000 0.937300
1.457809 0.000000 0.869000
1.509311 0.000000 0.899700
1.457809 0.000000 0.869000
1.344405 0.000000 0.801400
1.470223 0.000000 0.876400
1.464016 0.000000 0.872700
1.431136 0.000000 0.853100
1.533300 0.000000 0.914000
1.497400 0.000000 0.892600
1.495554 0.000000 0.891500
1.415031 0.000000 0.843500
1.398759 0.000000 0.833800
1.476095 0.000000 0.879900
1.497903 0.000000 0.892900
1.491696 0.000000 0.889200
1.456970 0.000000 0.868500
1.453112 0.000000 0.866200
1.395403 0.000000 0.831800
1.492032 0.000000 0.889400
1.521892 0.000000 0.907200
1.500587 0.000000 0.894500
1.528435 0.000000 0.911100
1.394229 0.000000 0.831100
1.517531 0.000000 0.904600
1.503104 0.000000 0.896000
1.496225 0.000000 0.891900
1.472404 0.000000 0.877700
1.434826 0.000000 0.855300
1.403624 0.000000 0.836700
1.386680 0.000000 0.826600
1.481631 0.000000 0.883200
1.471901 0.000000 0.877400
1.523570 0.000000 0.908200
1.446234 0.000000 0.862100
1.422916 0.000000 0.848200
1.462674 0.000000 0.871900
1.589666 0.000000 0.947600
1.529274 0.000000 0.911600
1.405469 0.000000 0.837800
1.522396 0.000000 0.907500
1.540010 0.000000 0.918000
1.432478 0.000000 0.853900
1.516860 0.000000 0.904200
1.493709 0.000000 0.890400
1.528267 0.000000 0.911000
1.365710 0.000000 0.814100
1.481463 0.000000 0.883100
1.558463 0.000000 0.929000
1.418554 0.000000 0.845600
1.530280 0.000000 0.912200
1.528099 0.000000 0.910900
1.439859 0.000000 0.858300
1.485825 0.000000 0.885700
1.474082 0.000000 0.878700
1.511659 0.000000 0.901100
1.484315 0.000000 0.884800
1.442711 0.000000 0.860000
1.453783 0.000000 0.866600
1.531958 0.000000 0.913200
1.514008 0.000000 0.902500
1.463177 0.000000 0.872200
1.450428 0.000000 0.864600
1.520886 0.000000 0.906600
1.537829 0.000000 0.916700
1.509982 0.000000 0.900100
1.599228 0.000000 0.953300
1.580607 0.000000 0.942200
1.433988 0.000000 0.854800
1.439020 0.000000 0.857800
1.441872 0.000000 0.859500
1.474082 0.000000 0.878700
1.504781 0.000000 0.897000
1.520215 0.000000 0.906200
1.523402 0.000000 0.908100
1.462506 0.000000 0.871800
1.495722 0.000000 0.891600
1.469049 0.000000 0.875700
1.565341 0.000000 0.933100
1.445898 0.000000 0.861900
1.398926 0.000000 0.833900
1.441369 0.000000 0.859200
1.425096 0.000000 0.849500
1.448247 0.000000 0.863300
1.457809 0.000000 0.869000
1.514847 0.000000 0.903000
1.471230 0.000000 0.877000
1.442879 0.000000 0.860100
1.540849 0.000000 0.918500
1.532797 0.000000 0.913700
1.583795 0.000000 0.944100
1.466365 0.000000 0.874100
1.542359 0.000000 0.919400
1.436672 0.000000 0.856400
1.501090 0.000000 0.894800
1.511827 0.000000 0.901200
1.532797 0.000000 0.913700
1.432646 0.000000 0.854000
1.435330 0.000000 0.855600
1.441369 0.000000 0.859200
1.450428 0.000000 0.864600
1.453783 0.000000 0.866600
1.446569 0.000000 0.862300
1.510988 0.000000 0.900700
1.520382 0.000000 0.906300
1.393223 0.000000 0.830500
1.537326 0.000000 0.916400
1.489180 0.000000 0.887700
1.510149 0.000000 0.900200
1.528099 0.000000 0.910900
1.584969 0.000000 0.944800
1.634290 0.000000 0.974200
1.461164 0.000000 0.871000
1.527428 0.000000 0.910500
1.432813 0.000000 0.854100
1.453783 0.000000 0.866600
1.455125 0.000000 0.867400
1.462171 0.000000 0.871600
1.518537 0.000000 0.905200
1.484315 0.000000 0.884800
1.341218 0.000000 0.799500
1.514679 0.000000 0.902900
1.484986 0.000000 0.885200
1.433652 0.000000 0.854600
1.458480 0.000000 0.869400
1.446066 0.000000 0.862000
1.449086 0.000000 0.863800
1.555611 0.000000 0.927300
1.473746 0.000000 0.878500
1.505788 0.000000 0.897600
1.494212 0.000000 0.890700
1.443214 0.000000 0.860300
1.483811 0.000000 0.884500
1.494883 0.000000 0.891100
1.474417 0.000000 0.878900
1.465694 0.000000 0.873700
1.393558 0.000000 0.830700
1.550579 0.000000 0.924300
1.486831 0.000000 0.886300
1.533468 0.000000 0.914100
1.361517 0.000000 0.811600
1.480456 0.000000 0.882500
1.495890 0.000000 0.891700
1.533635 0.000000 0.914200
1.560476 0.000000 0.930200
1.434491 0.000000 0.855100
1.468881 0.000000 0.875600
1.552424 0.000000 0.925400
1.484147 0.000000 0.884700
1.469720 0.000000 0.876100
1.524912 0.000000 0.909000
1.568529 0.000000 0.935000
1.510988 0.000000 0.900700
1.514175 0.000000 0.902600
1.515853 0.000000 0.903600
1.492870 0.000000 0.889900
1.548398 0.000000 0.923000
1.513001 0.000000 0.901900
1.440530 0.000000 0.858700
1.485825 0.000000 0.885700
1.482134 0.000000 0.883500
1.440698 0.000000 0.858800
1.477772 0.000000 0.880900
1.453280 0.000000 0.866300
1.522563 0.000000 0.907600
1.502432 0.000000 0.895600
1.592350 0.000000 0.949200
1.439188 0.000000 0.857900
1.436672 0.000000 0.856400
1.443214 0.000000 0.860300
1.464352 0.000000 0.872900
1.531622 0.000000 0.913000
1.530280 0.000000 0.912200
1.545211 0.000000 0.921100
1.485489 0.000000 0.885500
1.495722 0.000000 0.891600
1.546049 0.000000 0.921600
1.535648 0.000000 0.915400
1.456803 0.000000 0.868400
1.416709 0.000000 0.844500
1.491528 0.000000 0.889100
1.410502 0.000000 0.840800
1.524744 0.000000 0.908900
1.457474 0.000000 0.868800
1.472739 0.000000 0.877900
1.459822 0.000000 0.870200
1.407146 0.000000 0.838800
1.427613 0.000000 0.851000
1.458816 0.000000 0.869600
1.480456 0.000000 0.882500
1.468713 0.000000 0.875500
1.538668 0.000000 0.917200
1.507633 0.000000 0.898700
1.446569 0.000000 0.862300
1.453447 0.000000 0.866400
1.421406 0.000000 0.847300
1.506962 0.000000 0.898300
1.430465 0.000000 0.852700
1.477940 0.000000 0.881000
1.511156 0.000000 0.900800
1.464519 0.000000 0.873000
1.416205 0.000000 0.844200
1.534139 0.000000 0.914500
1.443550 0.000000 0.860500
1.512833 0.000000 0.901800
1.474249 0.000000 0.878800
1.491528 0.000000 0.889100
1.476766 0.000000 0.880300
1.447744 0.000000 0.863000
1.448750 0.000000 0.863600
1.440698 0.000000 0.858800
1.492199 0.000000 0.889500
1.509478 0.000000 0.899800
1.538332 0.000000 0.917000
1.507130 0.000000 0.898400
1.501090 0.000000 0.894800
1.440195 0.000000 0.858500
1.532293 0.000000 0.913400
1.407146 0.000000 0.838800
1.494716 0.000000 0.891000
1.423251 0.000000 0.848400
1.432646 0.000000 0.854000
1.457138 0.000000 0.868600
1.467203 0.000000 0.874600
1.481631 0.000000 0.883200
1.428787 0.000000 0.851700
1.398591 0.000000 0.833700
1.422245 0.000000 0.847800
1.544372 0.000000 0.920600
1.558463 0.000000 0.929000
1.384499 0.000000 0.825300
1.465023 0.000000 0.873300
1.550747 0.000000 0.924400
1.437175 0.000000 0.856700
1.417715 0.000000 0.845100
1.482805 0.000000 0.883900
1.544372 0.000000 0.920600
1.542694 0.000000 0.919600
1.499581 0.000000 0.893900
1.437175 0.000000 0.856700
1.498574 0.000000 0.893300
1.551418 0.000000 0.924800
1.482973 0.000000 0.884000
1.466700 0.000000 0.874300
1.466197 0.000000 0.874000
1.417715 0.000000 0.845100
1.440195 0.000000 0.858500
1.601409 0.000000 0.954600
1.520550 0.000000 0.906400
1.463345 0.000000 0.872300
1.481798 0.000000 0.883300
1.519040 0.000000 0.905500
1.559973 0.000000 0.929900
1.481966 0.000000 0.883400
1.580775 0.000000 0.942300
1.466700 0.000000 0.874300
1.454454 0.000000 0.867000
1.462506 0.000000 0.871800
1.470223 0.000000 0.876400
1.414360 0.000000 0.843100
1.495554 0.000000 0.891500
1.350445 0.000000 0.805000
1.527261 0.000000 0.910400
1.500755 0.000000 0.894600
1.493038 0.000000 0.890000
1.486496 0.000000 0.886100
1.481966 0.000000 0.883400
1.490354 0.000000 0.888400
1.487838 0.000000 0.886900
1.411340 0.000000 0.841300
1.382151 0.000000 0.823900
1.519544 0.000000 0.905800
1.486328 0.000000 0.886000
1.506626 0.000000 0.898100
1.476933 0.000000 0.880400
1.469552 0.000000 0.876000
1.493038 0.000000 0.890000
1.571716 0.000000 0.936900
1.489515 0.000000 0.887900
1.516356 0.000000 0.903900
1.439859 0.000000 0.858300
1.563664 0.000000 0.932100
1.524073 0.000000 0.908500
1.501761 0.000000 0.895200
1.453112 0.000000 0.866200
1.496896 0.000000 0.892300
1.483308 0.000000 0.884200
1.556283 0.000000 0.927700
1.511491 0.000000 0.901000
1.447744 0.000000 0.863000
1.468378 0.000000 0.875300
1.420735 0.000000 0.846900
1.495722 0.000000 0.891600
1.534642 0.000000 0.914800
1.488676 0.000000 0.887400
1.528267 0.000000 0.911000
1.437510 0.000000 0.856900
1.511659 0.000000 0.901100
1.537326 0.000000 0.916400
1.478779 0.000000 0.881500
1.436672 0.000000 0.856400
1.448918 0.000000 0.863700
1.404798 0.000000 0.837400
1.421238 0.000000 0.847200
1.519544 0.000000 0.905800
1.469552 0.000000 0.876000
1.488676 0.000000 0.887400
1.425935 0.000000 0.850000
1.487838 0.000000 0.886900
1.468210 0.000000 0.875200
1.498742 0.000000 0.893400
1.475256 0.000000 0.879400
1.405301 0.000000 0.837700
1.480289 0.000000 0.882400
1.545211 0.000000 0.921100
1.509982 0.000000 0.900100
1.533300 0.000000 0.914000
1.472404 0.000000 0.877700
1.427110 0.000000 0.850700
1.534810 0.000000 0.914900
1.436839 0.000000 0.856500
1.512162 0.000000 0.901400
1.439020 0.000000 0.857800
1.460996 0.000000 0.870900
1.428452 0.000000 0.851500
1.573729 0.000000 0.938100
1.419225 0.000000 0.846000
1.546888 0.000000 0.922100
1.471733 0.000000 0.877300
1.438853 0.000000 0.857700
1.552927 0.000000 0.925700
1.435330 0.000000 0.855600
1.462674 0.000000 0.871900
1.449925 0.000000 0.864300
1.511491 0.000000 0.901000
1.536655 0.000000 0.916000
1.368730 0.000000 0.815900
1.368227 0.000000 0.815600
1.419560 0.000000 0.846200
1.440530 0.000000 0.858700
1.523738 0.000000 0.908300
1.499916 0.000000 0.894100
1.547895 0.000000 0.922700
1.506626 0.000000 0.898100
1.459654 0.000000 0.870100
1.402785 0.000000 0.836200
1.539004 0.000000 0.917400
1.507130 0.000000 0.898400
1.517363 0.000000 0.904500
1.520047 0.000000 0.906100
1.546049 0.000000 0.921600
1.419393 0.000000 0.846100
1.449757 0.000000 0.864200
1.440530 0.000000 0.858700
1.450428 0.000000 0.864600
1.507633 0.000000 0.898700
1.436672 0.000000 0.856400
1.526254 0.000000 0.909800
1.463513 0.000000 0.872400
1.441872 0.000000 0.859500
1.462506 0.000000 0.871800
1.445898 0.000000 0.861900
1.451434 0.000000 0.865200
1.486663 0.000000 0.886200
1.404630 0.000000 0.837300
1.453783 0.000000 0.866600
1.491193 0.000000 0.888900
1.441704 0.000000 0.859400
1.433317 0.000000 0.854400
1.416709 0.000000 0.844500
1.395403 0.000000 0.831800
1.572723 0.000000 0.937500
1.432646 0.000000 0.854000
1.440027 0.000000 0.858400
1.458983 0.000000 0.869700
1.500252 0.000000 0.894300
1.424090 0.000000 0.848900
1.554773 0.000000 0.926800
1.485153 0.000000 0.885300
1.456467 0.000000 0.868200
1.387016 0.000000 0.826800
1.446737 0.000000 0.862400
1.539171 0.000000 0.917500
1.436168 0.000000 0.856100
1.494045 0.000000 0.890600
1.454957 0.000000 0.867300
1.552760 0.000000 0.925600
1.510988 0.000000 0.900700
1.444389 0.000000 0.861000
1.480792 0.000000 0.882700
1.466365 0.000000 0.874100
1.478779 0.000000 0.881500
1.437343 0.000000 0.856800
1.539675 0.000000 0.917800
1.397584 0.000000 0.833100
1.498910 0.000000 0.893500
1.489012 0.000000 0.887600
1.507633 0.000000 0.898700
1.453783 0.000000 0.866600
1.453112 0.000000 0.866200
1.454286 0.000000 0.866900
1.446737 0.000000 0.862400
1.421741 0.000000 0.847500
1.383157 0.000000 0.824500
1.497400 0.000000 0.892600
1.460493 0.000000 0.870600
1.443550 0.000000 0.860500
1.450260 0.000000 0.864500
1.441872 0.000000 0.859500
1.405301 0.000000 0.837700
1.495219 0.000000 0.891300
1.409831 0.000000 0.840400
1.496393 0.000000 0.892000
1.403624 0.000000 0.836700
1.553431 0.000000 0.926000
1.504613 0.000000 0.896900
1.503607 0.000000 0.896300
1.527932 0.000000 0.910800
1.497400 0.000000 0.892600
1.461668 0.000000 0.871300
1.502097 0.000000 0.895400
1.458480 0.000000 0.869400
1.381647 0.000000 0.823600
1.451267 0.000000 0.865100
1.514847 0.000000 0.903000
1.406475 0.000000 0.838400
1.379970 0.000000 0.822600
1.507968 0.000000 0.898900
1.398423 0.000000 0.833600
1.459822 0.000000 0.870200
1.437846 0.000000 0.857100
1.390874 0.000000 0.829100
1.383828 0.000000 0.824900
1.434994 0.000000 0.855400
1.413353 0.000000 0.842500
1.461668 0.000000 0.871300
1.456803 0.000000 0.868400
1.478275 0.000000 0.881200
1.524409 0.000000 0.908700
1.397920 0.000000 0.833300
1.512498 0.000000 0.901600
1.486496 0.000000 0.886100
1.376111 0.000000 0.820300
1.469217 0.000000 0.875800
1.357155 0.000000 0.809000
1.479618 0.000000 0.882000
1.430632 0.000000 0.852800
1.384331 0.000000 0.825200
1.436672 0.000000 0.856400
1.511827 0.000000 0.901200
1.466868 0.000000 0.874400
1.451938 0.000000 0.865500
1.544036 0.000000 0.920400
1.500252 0.000000 0.894300
1.434155 0.000000 0.854900
1.363530 0.000000 0.812800
1.507130 0.000000 0.898400
1.472572 0.000000 0.877800
1.436504 0.000000 0.856300
1.474920 0.000000 0.879200
1.468713 0.000000 0.875500
1.539842 0.000000 0.917900
1.431471 0.000000 0.853300
1.482469 0.000000 0.883700
1.443214 0.000000 0.860300
1.495722 0.000000 0.891600
1.498071 0.000000 0.893000
1.486831 0.000000 0.886300
1.418722 0.000000 0.845700
1.346922 0.000000 0.802900
1.524744 0.000000 0.908900
1.467203 0.000000 0.874600
1.489683 0.000000 0.888000
1.452105 0.000000 0.865600
1.469049 0.000000 0.875700
1.473578 0.000000 0.878400
1.492535 0.000000 0.889700
1.485825 0.000000 0.885700
1.477101 0.000000 0.880500
1.433652 0.000000 0.854600
1.510485 0.000000 0.900400
1.485992 0.000000 0.885800
1.486663 0.000000 0.886200
1.494716 0.000000 0.891000
1.415534 0.000000 0.843800
1.485153 0.000000 0.885300
1.410669 0.000000 0.840900
1.416373 0.000000 0.844300
1.510149 0.000000 0.900200
1.445563 0.000000 0.861700
1.473243 0.000000 0.878200
1.442543 0.000000 0.859900
1.518369 0.000000 0.905100
1.441033 0.000000 0.859000
1.421741 0.000000 0.847500
1.384499 0.000000 0.825300
1.416373 0.000000 0.844300
1.524409 0.000000 0.908700
1.465694 0.000000 0.873700
1.463177 0.000000 0.872200
1.519376 0.000000 0.905700
1.515182 0.000000 0.903200
1.510820 0.000000 0.900600
1.509311 0.000000 0.899700
1.474082 0.000000 0.878700
1.461668 0.000000 0.871300
1.467875 0.000000 0.875000
1.414192 0.000000 0.843000
1.365710 0.000000 0.814100
1.571213 0.000000 0.936600
1.480960 0.000000 0.882800
1.418722 0.000000 0.845700
1.467539 0.000000 0.874800
1.509311 0.000000 0.899700
1.475088 0.000000 0.879300
1.440362 0.000000 0.858600
1.450260 0.000000 0.864500
1.498574 0.000000 0.893300
1.530951 0.000000 0.912600
1.460996 0.000000 0.870900
1.567858 0.000000 0.934600
1.458312 0.000000 0.869300
1.505620 0.000000 0.897500
1.482973 0.000000 0.884000
1.474249 0.000000 0.878800
1.477269 0.000000 0.880600
1.579768 0.000000 0.941700
1.503104 0.000000 0.896000
1.425264 0.000000 0.849600
1.491025 0.000000 0.888800
1.447744 0.000000 0.863000
1.582620 0.000000 0.943400
1.422580 0.000000 0.848000
1.452105 0.000000 0.865600
1.417212 0.000000 0.844800
1.471397 0.000000 0.877100
1.518202 0.000000 0.905000
1.491696 0.000000 0.889200
1.387854 0.000000 0.827300
1.490186 0.000000 0.888300
1.474753 0.000000 0.879100
1.414360 0.000000 0.843100
1.499581 0.000000 0.893900
1.463177 0.000000 0.872200
1.501258 0.000000 0.894900
1.422245 0.000000 0.847800
1.539171 0.000000 0.917500
1.565509 0.000000 0.933200
1.554605 0.000000 0.926700
1.545211 0.000000 0.921100
1.493206 0.000000 0.890100
1.479785 0.000000 0.882100
1.479282 0.000000 0.881800
1.352458 0.000000 0.806200
1.439691 0.000000 0.858200
1.440530 0.000000 0.858700
1.436168 0.000000 0.856100
1.427110 0.000000 0.850700
1.474417 0.000000 0.878900
1.478443 0.000000 0.881300
1.485657 0.000000 0.885600
1.490522 0.000000 0.888500
1.435833 0.000000 0.855900
1.522731 0.000000 0.907700
1.439524 0.000000 0.858100
1.474753 0.000000 0.879100
1.438014 0.000000 0.857200
1.420903 0.000000 0.847000
1.505117 0.000000 0.897200
1.465023 0.000000 0.873300
1.437510 0.000000 0.856900
1.435665 0.000000 0.855800
1.459487 0.000000 0.870000
1.448079 0.000000 0.863200
1.470055 0.000000 0.876300
1.388022 0.000000 0.827400
1.462674 0.000000 0.871900
1.509646 0.000000 0.899900
1.566851 0.000000 0.934000
1.505284 0.000000 0.897300
1.435833 0.000000 0.855900
1.470726 0.000000 0.876700
1.434994 0.000000 0.855400
1.459487 0.000000 0.870000
1.501090 0.000000 0.894800
