# 788,789,790,791,792,793,794,795,796,797,798,799,800,801,802,803,804,805,806,807,808,809,810,811,812,813,814,815,816,817,818,819,820,821,822,823,824,825,826,827,828,829,830,831,832,833,834,835,836,837,838,839,840,841,842,843,844,845,846,847,848,849,850,851,852,853,854,855,856,857,858,859,860,861,862,863,864,865,866,867,868,869,870,871,872,873,874,875,876,877,878,879,880,881,882,883,884,885,886,887,888,889,890,891,892,893,894,895,896,897,898,899,900,901,902,903,904,905,906,907,908,909,910,911,912,913,914,915,916,917,918,919,920,921,922,923,924,925,926,927,928,929,930,931,932,933,934,935,936,937,938,939,940,941,942,943,944,945,946,947,948,949,950,951,952,953,954,955,956,957,958,959,960,961,962,963,964,965,966,967,968,969,970,971,972,973,974,975,976,977,978,979,980,981,982,983,984,985,986,987,988,989,990,991,992,993,994,995,996,997,998,999,1000,1001,1002,1003,1004,1005,1006,1007,1008,1009,1010,1011,1012,1013,1014
0.99185,0.98858,0.99399,0.99034,0.98085,0.98265,0.98269,0.97178,0.95982,0.96092,0.95265,0.95703,0.96117,0.95920,0.95112,0.93912,0.91448,0.90194,0.87220,0.86047,0.86920,0.84487,0.85822,0.85351,0.81274,0.80309,0.81630,0.78654,0.74328,0.74904,0.73882,0.68164,0.64291,0.63965,0.62498,0.53220,0.49973,0.46625,0.50536,0.41456,0.47717,0.58590,0.63288,0.71164,0.76248,0.81967,0.85695,0.89434,0.89792,0.92561,0.92483,0.93391,0.93736,0.93562,0.93176,0.90959,0.90255,0.89934,0.88923,0.86732,0.85963,0.85753,0.81826,0.80404,0.82984,0.80035,0.75382,0.71509,0.69787,0.76071,0.75422,0.79345,0.77329,0.78583,0.81689,0.82329,0.86498,0.90128,0.93547,0.96228,0.94005,0.94436,0.96076,0.93176,0.91984,0.94085,0.93623,0.90364,0.89934,0.87145,0.83570,0.76647,0.71696,0.65919,0.53929,0.46596,0.49585,0.33324,0.34410,0.20837,0.18108,0.44542,0.36596,0.43614,0.46877,0.60077,0.68828,0.75761,0.72161,0.73407,0.67973,0.66341,0.64180,0.69778,0.62217,0.61925,0.72799,0.72723,0.66609,0.74172,0.80193,0.76908,0.77356,0.68072,0.65232,0.75240,0.83978,0.79439,0.85397,0.86690,0.88757,0.85857,0.87112,0.85280,0.85619,0.83401,0.79580,0.76717,0.69696,0.66850,0.58244,0.54177,0.45253,0.39013,0.29992,0.22284,0.16865,0.20646,0.20848,0.23751,0.35527,0.37383,0.43087,0.46949,0.38951,0.43636,0.50810,0.52823,0.62181,0.61165,0.53449,0.51015,0.41993,0.37060,0.37639,0.31945,0.40669,0.50831,0.57794,0.55802,0.61830,0.61539,0.68611,0.72890,0.76607,0.78460,0.81535,0.82728,0.80906,0.80939,0.78245,0.77281,0.73876,0.73181,0.67114,0.59536,0.52986,0.43371,0.35074,0.36941,0.27437,0.24640,0.15236,0.08989,0.16108,0.14893,0.30477,0.34597,0.45682,0.50385,0.56139,0.63387,0.65119,0.70128,0.68662,0.75150,0.81474,0.82710,0.80363,0.84001,0.87686,0.89626,0.89727,0.89764,0.90592,0.88079,0.88591,0.83527,0.80122,0.73228,0.67197,0.60079,0.50366,0.51249,0.63356,0.63754,0.69789
0.99082,0.98801,0.99638,0.99392,0.98377,0.98696,0.98953,0.97868,0.96714,0.97135,0.96400,0.96990,0.97383,0.97168,0.96385,0.95155,0.92883,0.91538,0.88597,0.87464,0.88476,0.86250,0.87674,0.87086,0.83114,0.82377,0.83672,0.80607,0.76478,0.77235,0.76131,0.70382,0.66776,0.66662,0.65028,0.55927,0.52633,0.49305,0.52971,0.43391,0.49658,0.60452,0.65153,0.73021,0.77868,0.83564,0.87010,0.90771,0.91315,0.94020,0.94091,0.95026,0.95371,0.95154,0.94665,0.92632,0.92146,0.91908,0.90873,0.88832,0.88283,0.88072,0.84412,0.83178,0.85606,0.82859,0.78482,0.74770,0.73055,0.79047,0.78331,0.81970,0.80047,0.81142,0.84167,0.84634,0.88604,0.91858,0.94899,0.97353,0.95505,0.95921,0.97245,0.94599,0.93732,0.95607,0.94980,0.91954,0.91785,0.89303,0.85784,0.79268,0.74322,0.68225,0.56290,0.48866,0.52337,0.36677,0.38175,0.24923,0.22066,0.48554,0.40818,0.47783,0.50850,0.63550,0.72146,0.78816,0.75386,0.76455,0.71051,0.69315,0.67008,0.72335,0.64831,0.64820,0.75403,0.75008,0.69034,0.76628,0.82276,0.78863,0.78975,0.69519,0.66387,0.75891,0.84724,0.80617,0.86615,0.88135,0.90366,0.87804,0.89163,0.87501,0.87963,0.85932,0.82407,0.79737,0.73050,0.70328,0.62009,0.58036,0.49366,0.43148,0.34233,0.26441,0.21147,0.25025,0.25313,0.28056,0.39725,0.41281,0.46938,0.50924,0.43136,0.47690,0.54761,0.56772,0.65848,0.64870,0.57371,0.54886,0.45967,0.40934,0.41274,0.35484,0.43995,0.54097,0.60834,0.58886,0.64924,0.64477,0.71273,0.75551,0.79158,0.80970,0.83830,0.85007,0.83435,0.83484,0.80862,0.79821,0.76470,0.75640,0.69689,0.62184,0.55875,0.46485,0.38377,0.40456,0.31063,0.28409,0.18922,0.12889,0.20042,0.18804,0.34256,0.38093,0.49132,0.53944,0.59740,0.66908,0.68693,0.73474,0.71947,0.78059,0.83985,0.85183,0.83137,0.86562,0.89960,0.91712,0.91721,0.91633,0.92310,0.89768,0.90023,0.85047,0.81500,0.74819,0.68698,0.61576,0.51869,0.52255,0.64013,0.63748,0.69213
0.98101,0.97800,0.99118,0.98827,0.97509,0.98084,0.98698,0.97315,0.96051,0.96982,0.96233,0.97255,0.97903,0.98025,0.97520,0.96589,0.94668,0.93491,0.90849,0.89835,0.90780,0.88764,0.90012,0.89515,0.85891,0.85183,0.86370,0.83566,0.79704,0.80363,0.79323,0.73924,0.70470,0.70285,0.68762,0.60021,0.56773,0.53458,0.57069,0.47648,0.53625,0.64215,0.68841,0.76364,0.80918,0.86252,0.89358,0.92781,0.93277,0.95591,0.95578,0.96186,0.96147,0.95566,0.94724,0.92665,0.92520,0.92541,0.91189,0.89066,0.89015,0.88827,0.85247,0.84408,0.87042,0.84419,0.80339,0.77155,0.75767,0.81464,0.80997,0.84502,0.82683,0.83755,0.86418,0.86926,0.90396,0.93329,0.96076,0.97824,0.95990,0.96622,0.97341,0.94484,0.94180,0.95982,0.94803,0.91694,0.92018,0.89853,0.85869,0.79376,0.74085,0.67212,0.54867,0.47158,0.51313,0.36200,0.38524,0.25991,0.23158,0.50338,0.43510,0.50146,0.52282,0.64247,0.73281,0.80215,0.77518,0.78982,0.74157,0.72689,0.70547,0.75629,0.68538,0.68385,0.78365,0.78112,0.72336,0.79384,0.84776,0.81537,0.81705,0.72464,0.69532,0.78357,0.86700,0.83276,0.88890,0.90292,0.92320,0.89991,0.91117,0.89615,0.89798,0.87881,0.84403,0.81734,0.75425,0.72683,0.64647,0.60902,0.52350,0.46632,0.37843,0.30400,0.24866,0.28236,0.27912,0.29735,0.41328,0.42024,0.47833,0.52494,0.45055,0.49414,0.56749,0.58995,0.67821,0.67107,0.60070,0.58098,0.49518,0.44831,0.45330,0.39778,0.48196,0.58035,0.64611,0.62755,0.68372,0.68168,0.74579,0.78550,0.81946,0.83601,0.86284,0.87234,0.85655,0.85818,0.83433,0.82627,0.79485,0.78770,0.73142,0.66024,0.59853,0.50783,0.42784,0.44738,0.35536,0.32821,0.23411,0.17274,0.24339,0.22973,0.38337,0.42301,0.53088,0.57705,0.63027,0.69715,0.70946,0.75116,0.72946,0.78670,0.84392,0.85694,0.84280,0.87849,0.91180,0.93039,0.93328,0.93392,0.94018,0.91852,0.92104,0.87570,0.84229,0.77956,0.72118,0.65172,0.55677,0.55491,0.66333,0.65150,0.69764
0.97300,0.96983,0.98690,0.98386,0.96828,0.97582,0.98508,0.96914,0.95534,0.96919,0.96198,0.97598,0.98440,0.98828,0.98528,0.97823,0.96213,0.95138,0.92761,0.91816,0.92730,0.90932,0.92094,0.91647,0.88323,0.87708,0.88813,0.86194,0.82599,0.83256,0.82270,0.77131,0.73892,0.73760,0.72260,0.63800,0.60558,0.57241,0.60810,0.51542,0.57433,0.67674,0.72110,0.79326,0.83564,0.88589,0.91366,0.94515,0.95016,0.97012,0.96957,0.97337,0.96993,0.96136,0.94998,0.92990,0.93162,0.93408,0.91800,0.89703,0.90094,0.89922,0.86475,0.85974,0.88707,0.86226,0.82469,0.79745,0.78620,0.84004,0.83707,0.87017,0.85344,0.86375,0.88766,0.89288,0.92367,0.94959,0.97295,0.98446,0.96767,0.97476,0.97638,0.94731,0.94918,0.96568,0.94925,0.91813,0.92597,0.90805,0.86562,0.80261,0.74751,0.67219,0.54735,0.46788,0.51646,0.37305,0.40342,0.28540,0.25853,0.53265,0.47118,0.53354,0.54714,0.65999,0.75177,0.82199,0.80112,0.81754,0.77384,0.76033,0.74008,0.78836,0.72054,0.71917,0.81380,0.81146,0.75637,0.82258,0.87258,0.84162,0.84257,0.75347,0.72349,0.80499,0.88451,0.85559,0.90868,0.92267,0.94180,0.92125,0.93085,0.91730,0.91700,0.89932,0.86612,0.83999,0.78108,0.75371,0.67659,0.64196,0.55845,0.50565,0.41999,0.34842,0.29235,0.32297,0.31502,0.32577,0.43952,0.43877,0.49703,0.54880,0.47695,0.51807,0.59299,0.61778,0.70344,0.69900,0.63305,0.61728,0.53534,0.49102,0.49644,0.44235,0.52432,0.61952,0.68297,0.66486,0.71732,0.71625,0.77709,0.81408,0.84620,0.86050,0.88550,0.89327,0.87822,0.88097,0.85914,0.85271,0.82328,0.81691,0.76369,0.69616,0.63685,0.54957,0.47156,0.49047,0.40011,0.37344,0.28028,0.21982,0.28991,0.27587,0.42765,0.46665,0.57161,0.61613,0.66644,0.72881,0.73714,0.77355,0.74677,0.79945,0.85397,0.86688,0.85848,0.89427,0.92593,0.94464,0.94915,0.95091,0.95664,0.93778,0.93944,0.89791,0.86599,0.80746,0.75087,0.68395,0.59158,0.58538,0.68380,0.66424,0.70254
0.95053,0.94625,0.96977,0.96427,0.94270,0.95316,0.96684,0.94443,0.92676,0.94764,0.93880,0.96084,0.97521,0.98677,0.98924,0.98891,0.97779,0.97139,0.95422,0.94625,0.95195,0.93614,0.94363,0.94274,0.91581,0.90796,0.91720,0.89775,0.86578,0.86863,0.86170,0.81838,0.78689,0.78234,0.77150,0.69244,0.66214,0.62904,0.66665,0.58461,0.63923,0.73558,0.77620,0.84035,0.87856,0.92054,0.94436,0.96783,0.96950,0.98176,0.97742,0.97431,0.96214,0.94629,0.92837,0.90578,0.91250,0.91946,0.89670,0.87336,0.88538,0.88398,0.84838,0.84986,0.88278,0.85835,0.82437,0.80688,0.80279,0.85343,0.85677,0.89000,0.87527,0.88705,0.90432,0.91289,0.93608,0.95990,0.97987,0.97862,0.95839,0.96908,0.96120,0.92493,0.93463,0.95182,0.92524,0.88961,0.90535,0.89139,0.83989,0.77438,0.71235,0.62376,0.49228,0.40802,0.46673,0.33156,0.37518,0.27110,0.24852,0.53172,0.48582,0.53964,0.53557,0.63825,0.73876,0.81666,0.80990,0.83519,0.80346,0.79594,0.78165,0.82779,0.76789,0.76126,0.84590,0.85048,0.79959,0.85334,0.90088,0.87570,0.88132,0.80182,0.77801,0.84947,0.91653,0.89599,0.93996,0.94914,0.96165,0.94223,0.94516,0.93305,0.92497,0.90753,0.87257,0.84431,0.79051,0.76099,0.68720,0.65777,0.57473,0.53305,0.45078,0.38879,0.32761,0.34735,0.32549,0.31860,0.42891,0.41294,0.47274,0.53692,0.46924,0.50651,0.58739,0.61828,0.70175,0.70353,0.64582,0.64182,0.56777,0.53222,0.54401,0.49630,0.57722,0.66565,0.72734,0.71026,0.75248,0.75785,0.81404,0.84365,0.87224,0.88205,0.90544,0.90798,0.89053,0.89639,0.87903,0.87887,0.85406,0.85243,0.80549,0.74596,0.68800,0.60551,0.52868,0.54217,0.45462,0.42600,0.33666,0.27298,0.34082,0.32543,0.47554,0.51961,0.61807,0.65618,0.69656,0.74819,0.74410,0.76956,0.72989,0.77758,0.83162,0.84590,0.84770,0.88833,0.92117,0.94414,0.95533,0.96234,0.96917,0.95885,0.96282,0.93044,0.90510,0.85397,0.80458,0.74371,0.65805,0.64712,0.72734,0.69603,0.72430
0.94056,0.93569,0.96112,0.95358,0.92935,0.94069,0.95507,0.92922,0.90936,0.93196,0.92160,0.94669,0.96398,0.97954,0.98437,0.98755,0.97783,0.97420,0.96011,0.95275,0.95580,0.93988,0.94490,0.94645,0.92206,0.91202,0.92054,0.90503,0.87388,0.87381,0.86889,0.82976,0.79707,0.78990,0.78215,0.70505,0.67637,0.64385,0.68341,0.60881,0.66190,0.75536,0.79388,0.85410,0.89158,0.92943,0.95302,0.97229,0.97112,0.97979,0.97258,0.96600,0.94940,0.93017,0.90952,0.88451,0.89256,0.90105,0.87512,0.84987,0.86461,0.86308,0.82544,0.82931,0.86572,0.84034,0.80654,0.79286,0.79247,0.84319,0.85013,0.88515,0.87102,0.88458,0.89923,0.91064,0.93171,0.95708,0.97745,0.97112,0.94683,0.95915,0.94830,0.90692,0.91838,0.93714,0.90653,0.86746,0.88551,0.87163,0.81538,0.74647,0.68102,0.58756,0.45260,0.36664,0.42759,0.29340,0.34118,0.24220,0.22224,0.51027,0.47065,0.52011,0.50857,0.60910,0.71452,0.79775,0.79708,0.82742,0.80132,0.79711,0.78669,0.83342,0.77709,0.76609,0.84742,0.85767,0.80821,0.85583,0.90434,0.88318,0.89299,0.81950,0.80019,0.86995,0.93018,0.91096,0.94995,0.95554,0.96347,0.94240,0.94112,0.92874,0.91587,0.89739,0.85990,0.82934,0.77628,0.74477,0.67099,0.64367,0.55949,0.52327,0.44221,0.38576,0.32161,0.33584,0.30653,0.29231,0.40129,0.37943,0.43970,0.50906,0.44231,0.47806,0.56236,0.59633,0.68034,0.68508,0.63018,0.63222,0.56167,0.53067,0.54726,0.50350,0.58506,0.67037,0.73250,0.71552,0.75276,0.76196,0.81765,0.84362,0.87109,0.87853,0.90218,0.90208,0.88232,0.88967,0.87440,0.87773,0.85484,0.85648,0.81194,0.75595,0.69725,0.61575,0.53846,0.54822,0.46124,0.43095,0.34422,0.27758,0.34424,0.32878,0.47880,0.52696,0.62233,0.65633,0.69176,0.73840,0.72812,0.74913,0.70350,0.75087,0.80694,0.82187,0.82694,0.87109,0.90617,0.93239,0.94734,0.95785,0.96635,0.96046,0.96726,0.93914,0.91781,0.86929,0.82394,0.76628,0.68369,0.67356,0.74625,0.71341,0.73899
0.92406,0.91884,0.94870,0.94125,0.91437,0.92787,0.94589,0.91789,0.89717,0.92480,0.91486,0.94426,0.96331,0.98131,0.98820,0.99344,0.98746,0.98453,0.97334,0.96683,0.97001,0.95698,0.96137,0.96303,0.94214,0.93383,0.94135,0.92753,0.90000,0.90042,0.89586,0.85961,0.83015,0.82397,0.81631,0.74354,0.71575,0.68381,0.72141,0.64714,0.69861,0.78767,0.82418,0.88059,0.91393,0.94815,0.96737,0.98357,0.98304,0.98825,0.98113,0.97238,0.95291,0.93092,0.90710,0.88332,0.89521,0.90605,0.87784,0.85349,0.87304,0.87163,0.83651,0.84422,0.88083,0.85763,0.82802,0.81941,0.82169,0.86807,0.87652,0.90864,0.89639,0.90907,0.92061,0.93138,0.94766,0.96843,0.98368,0.97085,0.94932,0.96237,0.94518,0.90416,0.92133,0.93783,0.90234,0.86440,0.88772,0.87854,0.82043,0.75500,0.68777,0.58722,0.45244,0.36481,0.43336,0.30920,0.36469,0.27495,0.25518,0.54401,0.51226,0.55756,0.53826,0.62920,0.73500,0.81751,0.82344,0.85498,0.83357,0.83051,0.82117,0.86395,0.81160,0.80141,0.87600,0.88549,0.83977,0.88260,0.92577,0.90604,0.91418,0.84346,0.82376,0.88456,0.94086,0.92823,0.96376,0.96986,0.97688,0.95967,0.95702,0.94668,0.93240,0.91596,0.88099,0.85170,0.80406,0.77324,0.70411,0.67998,0.59942,0.56754,0.48967,0.43674,0.37282,0.38402,0.35066,0.32880,0.43414,0.40405,0.46363,0.53789,0.47497,0.50747,0.59227,0.62833,0.70808,0.71548,0.66619,0.67177,0.60577,0.57749,0.59404,0.55215,0.63072,0.71185,0.77050,0.75434,0.78791,0.79743,0.84892,0.87172,0.89646,0.90176,0.92233,0.92021,0.90201,0.91084,0.89817,0.90289,0.88285,0.88464,0.84417,0.79214,0.73711,0.65965,0.58546,0.59498,0.51077,0.48167,0.39639,0.33157,0.39702,0.38126,0.52778,0.57467,0.66627,0.69831,0.73032,0.77187,0.75764,0.77252,0.72223,0.76369,0.81547,0.83020,0.84171,0.88515,0.91745,0.94308,0.95941,0.97044,0.97787,0.97478,0.97996,0.95639,0.93645,0.89309,0.84994,0.79528,0.71570,0.70033,0.76395,0.72143,0.73882
0.94987,0.94603,0.97022,0.96576,0.94491,0.95589,0.97044,0.94903,0.93233,0.95433,0.94639,0.96835,0.98151,0.99188,0.99340,0.99200,0.98171,0.97423,0.95663,0.94860,0.95569,0.94108,0.94990,0.94767,0.92075,0.91486,0.92420,0.90326,0.87229,0.87705,0.86938,0.82485,0.79528,0.79307,0.78052,0.70213,0.67158,0.63910,0.67459,0.58830,0.64420,0.73939,0.77969,0.84433,0.88105,0.92373,0.94599,0.97040,0.97383,0.98669,0.98381,0.98192,0.97111,0.95629,0.93868,0.91788,0.92550,0.93235,0.91051,0.88893,0.90128,0.89968,0.86644,0.86832,0.89897,0.87606,0.84376,0.82601,0.82109,0.86975,0.87171,0.90280,0.88885,0.89950,0.91742,0.92430,0.94735,0.96874,0.98593,0.98503,0.96828,0.97771,0.96872,0.93598,0.94664,0.96157,0.93549,0.90275,0.91925,0.90725,0.85804,0.79599,0.73538,0.64696,0.51838,0.43470,0.49505,0.36459,0.40858,0.30558,0.28138,0.56173,0.51513,0.56910,0.56638,0.66618,0.76342,0.83773,0.83019,0.85260,0.81940,0.80981,0.79395,0.83823,0.77771,0.77426,0.85819,0.85951,0.80993,0.86541,0.90983,0.88370,0.88578,0.80496,0.77708,0.84643,0.91604,0.89644,0.94143,0.95315,0.96759,0.95045,0.95492,0.94363,0.93752,0.92144,0.88910,0.86255,0.81087,0.78260,0.71093,0.68188,0.60120,0.55836,0.47714,0.41399,0.35509,0.37719,0.35793,0.35275,0.46162,0.44546,0.50361,0.56637,0.49988,0.53610,0.61499,0.64523,0.72652,0.72799,0.67110,0.66515,0.59142,0.55392,0.56305,0.51413,0.59309,0.68102,0.74085,0.72392,0.76772,0.77049,0.82545,0.85567,0.88390,0.89374,0.91568,0.91886,0.90326,0.90890,0.89165,0.89005,0.86524,0.86194,0.81544,0.75559,0.69992,0.61862,0.54365,0.55917,0.47237,0.44563,0.35600,0.29490,0.36299,0.34843,0.49671,0.53755,0.63575,0.67467,0.71709,0.76914,0.76731,0.79249,0.75452,0.79974,0.85072,0.86405,0.86660,0.90466,0.93497,0.95577,0.96510,0.97051,0.97627,0.96454,0.96643,0.93381,0.90668,0.85644,0.80562,0.74473,0.65861,0.64640,0.72639,0.69320,0.71794
0.96323,0.95976,0.97943,0.97428,0.95591,0.96492,0.97537,0.95540,0.93939,0.95623,0.94718,0.96515,0.97686,0.98556,0.98532,0.98253,0.96857,0.96104,0.94124,0.93227,0.93844,0.92060,0.92947,0.92792,0.89779,0.88941,0.89973,0.87807,0.84340,0.84686,0.83942,0.79294,0.75948,0.75558,0.74402,0.66148,0.63034,0.59748,0.63599,0.55196,0.60938,0.70804,0.74960,0.81706,0.85800,0.90337,0.93040,0.95679,0.95876,0.97446,0.97067,0.97033,0.96148,0.94897,0.93411,0.91136,0.91514,0.91961,0.89954,0.87665,0.88429,0.88247,0.84596,0.84414,0.87546,0.84988,0.81298,0.79064,0.78379,0.83734,0.83868,0.87344,0.85769,0.86983,0.89067,0.89933,0.92738,0.95456,0.97730,0.98234,0.96146,0.97016,0.96745,0.93309,0.93757,0.95501,0.93340,0.89868,0.90980,0.89288,0.84453,0.77796,0.71855,0.63709,0.50820,0.42656,0.47895,0.33807,0.37426,0.26285,0.23820,0.51879,0.46513,0.52203,0.52616,0.63554,0.73314,0.80938,0.79619,0.81835,0.78140,0.77132,0.75543,0.80414,0.74049,0.73488,0.82539,0.82943,0.77679,0.83566,0.88585,0.85968,0.86449,0.78279,0.75646,0.83547,0.90716,0.88010,0.92736,0.93746,0.95154,0.92964,0.93435,0.92052,0.91464,0.89609,0.86032,0.83176,0.77433,0.74474,0.66799,0.63629,0.55181,0.50565,0.42173,0.35665,0.29709,0.32129,0.30445,0.30607,0.41773,0.40928,0.46769,0.52583,0.45537,0.49451,0.57337,0.60225,0.68835,0.68776,0.62562,0.61750,0.54006,0.50077,0.51126,0.46132,0.54354,0.63471,0.69821,0.68016,0.72637,0.73005,0.78966,0.82215,0.85301,0.86449,0.88975,0.89455,0.87710,0.88149,0.86176,0.85954,0.83247,0.82978,0.77978,0.71657,0.65678,0.57128,0.49308,0.50765,0.41801,0.38993,0.29964,0.23631,0.30552,0.29181,0.44330,0.48642,0.58740,0.62713,0.67192,0.72798,0.72889,0.75967,0.72537,0.77679,0.83297,0.84647,0.84278,0.88253,0.91632,0.93866,0.94735,0.95317,0.96066,0.94703,0.95159,0.91533,0.88797,0.83291,0.78077,0.71783,0.62934,0.62372,0.71247,0.68968,0.72355
0.94411,0.93982,0.96434,0.95694,0.93395,0.94531,0.95880,0.93359,0.91477,0.93670,0.92597,0.94998,0.96604,0.98068,0.98438,0.98660,0.97639,0.97220,0.95745,0.94958,0.95297,0.93674,0.94256,0.94386,0.91857,0.90879,0.91785,0.90154,0.86978,0.87033,0.86533,0.82506,0.79220,0.78588,0.77795,0.69983,0.67082,0.63833,0.67841,0.60282,0.65745,0.75080,0.78906,0.85008,0.88777,0.92642,0.95057,0.97044,0.96968,0.97927,0.97245,0.96700,0.95145,0.93350,0.91362,0.88889,0.89638,0.90405,0.87900,0.85445,0.86807,0.86630,0.82883,0.83184,0.86737,0.84196,0.80772,0.79281,0.79157,0.84278,0.84903,0.88410,0.86997,0.88357,0.89962,0.91111,0.93391,0.96009,0.98031,0.97580,0.95199,0.96302,0.95335,0.91339,0.92316,0.94093,0.91186,0.87372,0.89051,0.87658,0.82153,0.75316,0.68881,0.59755,0.46435,0.37952,0.43930,0.30499,0.35080,0.25051,0.22833,0.51562,0.47356,0.52338,0.51442,0.61580,0.71946,0.80143,0.79896,0.82759,0.79956,0.79412,0.78318,0.83030,0.77302,0.76301,0.84590,0.85590,0.80720,0.85645,0.90463,0.88379,0.89208,0.81806,0.79710,0.86882,0.93043,0.90890,0.94871,0.95491,0.96346,0.94208,0.94138,0.92831,0.91631,0.89788,0.86065,0.83029,0.77678,0.74539,0.67122,0.64370,0.55993,0.52216,0.44121,0.38393,0.32094,0.33711,0.30979,0.29870,0.40683,0.38723,0.44586,0.51291,0.44580,0.48141,0.56468,0.59823,0.68252,0.68668,0.63093,0.63147,0.56039,0.52791,0.54392,0.49922,0.58065,0.66606,0.72798,0.71049,0.74878,0.75724,0.81369,0.84024,0.86826,0.87646,0.90034,0.90121,0.88200,0.88879,0.87255,0.87514,0.85197,0.85283,0.80791,0.75099,0.69240,0.61035,0.53332,0.54332,0.45593,0.42638,0.33932,0.27367,0.34114,0.32721,0.47685,0.52409,0.61949,0.65362,0.69064,0.73843,0.72999,0.75230,0.70843,0.75613,0.81204,0.82627,0.83008,0.87365,0.90834,0.93408,0.94776,0.95774,0.96641,0.95936,0.96612,0.93717,0.91515,0.86595,0.81947,0.76153,0.67799,0.66945,0.74590,0.71430,0.74199
0.94495,0.94126,0.96650,0.96123,0.93962,0.95149,0.96645,0.94361,0.92671,0.95009,0.94127,0.96452,0.97838,0.99020,0.99240,0.99204,0.98268,0.97580,0.95952,0.95166,0.95805,0.94394,0.95221,0.95078,0.92504,0.91892,0.92816,0.90853,0.87828,0.88250,0.87565,0.83252,0.80311,0.80069,0.78934,0.71196,0.68231,0.64993,0.68629,0.60224,0.65822,0.75127,0.79017,0.85291,0.88845,0.92919,0.95079,0.97330,0.97603,0.98731,0.98365,0.98073,0.96829,0.95242,0.93357,0.91229,0.92076,0.92812,0.90513,0.88350,0.89717,0.89541,0.86197,0.86503,0.89654,0.87374,0.84216,0.82618,0.82268,0.87077,0.87401,0.90527,0.89198,0.90319,0.92028,0.92837,0.95074,0.97232,0.98842,0.98536,0.96792,0.97730,0.96669,0.93285,0.94414,0.95846,0.93076,0.89749,0.91514,0.90424,0.85359,0.79132,0.72988,0.63959,0.51064,0.42670,0.48884,0.36084,0.40693,0.30718,0.28272,0.56445,0.52008,0.57163,0.56608,0.66342,0.76144,0.83692,0.83196,0.85547,0.82423,0.81548,0.80102,0.84500,0.78629,0.78195,0.86415,0.86734,0.81998,0.87323,0.91646,0.89239,0.89462,0.81633,0.78916,0.85727,0.92399,0.90481,0.94773,0.95849,0.97139,0.95412,0.95685,0.94538,0.93784,0.92175,0.88915,0.86206,0.81155,0.78275,0.71195,0.68426,0.60414,0.56331,0.48325,0.42239,0.36310,0.38364,0.36198,0.35443,0.46135,0.44271,0.49990,0.56434,0.49882,0.53377,0.61338,0.64496,0.72563,0.72838,0.67326,0.66937,0.59754,0.56148,0.57222,0.52478,0.60331,0.68916,0.74801,0.73097,0.77255,0.77650,0.83082,0.85929,0.88687,0.89613,0.91765,0.92009,0.90426,0.91038,0.89386,0.89332,0.86970,0.86707,0.82219,0.76394,0.70904,0.62881,0.55456,0.56857,0.48252,0.45555,0.36682,0.30562,0.37354,0.35999,0.50717,0.54877,0.64493,0.68189,0.72258,0.77242,0.76854,0.79158,0.75144,0.79546,0.84621,0.85930,0.86367,0.90265,0.93292,0.95460,0.96480,0.97134,0.97772,0.96757,0.97017,0.93961,0.91397,0.86552,0.81601,0.75681,0.67209,0.65994,0.73791,0.70206,0.72543
0.97188,0.96996,0.98661,0.98368,0.96966,0.97790,0.98653,0.97119,0.95877,0.97302,0.96541,0.97873,0.98580,0.98905,0.98505,0.97736,0.96131,0.95005,0.92617,0.91635,0.92589,0.90817,0.92065,0.91588,0.88228,0.87686,0.88839,0.86152,0.82571,0.83315,0.82343,0.77131,0.73934,0.73959,0.72426,0.63936,0.60687,0.57432,0.61013,0.51655,0.57719,0.67796,0.72107,0.79316,0.83465,0.88514,0.91278,0.94436,0.94997,0.97065,0.97048,0.97516,0.97246,0.96512,0.95425,0.93477,0.93645,0.93830,0.92281,0.90302,0.90641,0.90436,0.87073,0.86557,0.89163,0.86733,0.83012,0.80221,0.79045,0.84386,0.84037,0.87297,0.85696,0.86727,0.89238,0.89780,0.92982,0.95577,0.97758,0.99025,0.97469,0.98014,0.98174,0.95467,0.95561,0.97017,0.95478,0.92519,0.93256,0.91557,0.87439,0.81272,0.75879,0.68551,0.56310,0.48486,0.53345,0.39270,0.42198,0.30417,0.27571,0.54771,0.48463,0.54629,0.56133,0.67318,0.76248,0.83099,0.80926,0.82360,0.77875,0.76338,0.74286,0.79091,0.72257,0.72326,0.81844,0.81534,0.76196,0.82942,0.87756,0.84722,0.84566,0.75786,0.72382,0.80652,0.88756,0.85650,0.90967,0.92470,0.94445,0.92425,0.93409,0.92003,0.92056,0.90308,0.87098,0.84524,0.78718,0.76007,0.68378,0.64983,0.56755,0.51424,0.42968,0.35822,0.30382,0.33613,0.32973,0.34293,0.45417,0.45411,0.50991,0.55966,0.48828,0.52855,0.60203,0.62680,0.71189,0.70755,0.64192,0.62555,0.54421,0.49835,0.50264,0.44826,0.52890,0.62300,0.68517,0.66675,0.71982,0.71771,0.77819,0.81508,0.84747,0.86161,0.88654,0.89510,0.88062,0.88305,0.86077,0.85370,0.82430,0.81735,0.76463,0.69688,0.63863,0.55247,0.47577,0.49495,0.40509,0.37966,0.28674,0.22823,0.29890,0.28704,0.43702,0.47394,0.57772,0.62159,0.67375,0.73602,0.74590,0.78257,0.75710,0.80871,0.86190,0.87375,0.86528,0.89984,0.93043,0.94837,0.95145,0.95282,0.95866,0.93887,0.94000,0.89848,0.86597,0.80792,0.75046,0.68443,0.59281,0.58849,0.68726,0.66946,0.70530
0.96842,0.96592,0.98259,0.97741,0.96162,0.96992,0.97747,0.95911,0.94496,0.95864,0.94867,0.96344,0.97289,0.97961,0.97729,0.97255,0.95618,0.94780,0.92614,0.91629,0.92268,0.90324,0.91314,0.91145,0.87896,0.86999,0.88143,0.85841,0.82158,0.82534,0.81785,0.76919,0.73404,0.73062,0.71941,0.63440,0.60302,0.57061,0.61063,0.52581,0.58537,0.68522,0.72679,0.79615,0.83900,0.88629,0.91606,0.94407,0.94573,0.96391,0.96025,0.96216,0.95562,0.94580,0.93319,0.90998,0.91140,0.91373,0.89567,0.87330,0.87736,0.87507,0.83770,0.83319,0.86336,0.83677,0.79736,0.77146,0.76264,0.81861,0.81884,0.85517,0.83877,0.85168,0.87541,0.88471,0.91709,0.94766,0.97264,0.98281,0.96078,0.96753,0.96899,0.93555,0.93537,0.95253,0.93504,0.90067,0.90792,0.88867,0.84248,0.77492,0.71783,0.64256,0.51622,0.43718,0.48454,0.33936,0.36968,0.25349,0.22667,0.50478,0.44507,0.50354,0.51387,0.62796,0.72291,0.79815,0.78021,0.79991,0.75910,0.74717,0.73097,0.78187,0.71588,0.71079,0.80559,0.81013,0.75697,0.81963,0.87178,0.84579,0.84975,0.76708,0.73950,0.82518,0.89968,0.86637,0.91536,0.92526,0.94013,0.91598,0.92140,0.90559,0.90112,0.88153,0.84484,0.81562,0.75545,0.72553,0.64659,0.61358,0.52827,0.47903,0.39437,0.32773,0.26950,0.29698,0.28414,0.29279,0.40376,0.40131,0.45774,0.51073,0.43841,0.47873,0.55587,0.58321,0.67137,0.66916,0.60397,0.59298,0.51356,0.47185,0.48217,0.43122,0.51418,0.60643,0.67076,0.65159,0.70005,0.70305,0.76542,0.79939,0.83190,0.84513,0.87207,0.87861,0.86046,0.86429,0.84266,0.83899,0.81076,0.80733,0.75554,0.68989,0.62883,0.54149,0.46253,0.47689,0.38636,0.35882,0.26816,0.20532,0.27548,0.26423,0.41603,0.45852,0.56012,0.60007,0.64790,0.70675,0.71121,0.74596,0.71569,0.77012,0.82813,0.84068,0.83273,0.87221,0.90681,0.92913,0.93581,0.94097,0.94943,0.93362,0.93911,0.90036,0.87218,0.81454,0.76059,0.69685,0.60722,0.60657,0.70263,0.68718,0.72653
0.94822,0.94491,0.96794,0.96184,0.94141,0.95272,0.96526,0.94241,0.92630,0.94729,0.93704,0.95859,0.97167,0.98338,0.98481,0.98418,0.97295,0.96647,0.94995,0.94135,0.94663,0.93072,0.93877,0.93850,0.91156,0.90368,0.91374,0.89470,0.86249,0.86570,0.85986,0.81644,0.78475,0.78152,0.77200,0.69259,0.66318,0.63018,0.66980,0.58933,0.64646,0.73978,0.77807,0.84090,0.87813,0.91888,0.94310,0.96523,0.96639,0.97824,0.97338,0.97124,0.95885,0.94394,0.92596,0.90298,0.90985,0.91587,0.89324,0.87109,0.88253,0.88033,0.84491,0.84643,0.87876,0.85440,0.82036,0.80285,0.79915,0.84980,0.85371,0.88737,0.87349,0.88616,0.90489,0.91510,0.94049,0.96594,0.98457,0.98418,0.96364,0.97204,0.96403,0.92877,0.93641,0.95122,0.92552,0.89103,0.90593,0.89286,0.84185,0.77669,0.71564,0.62892,0.50030,0.41811,0.47639,0.34401,0.38651,0.28440,0.25928,0.54069,0.49313,0.54436,0.54148,0.64294,0.74126,0.81850,0.81169,0.83547,0.80301,0.79406,0.78113,0.82769,0.76819,0.76241,0.84740,0.85370,0.80658,0.86070,0.90671,0.88448,0.88796,0.81100,0.78545,0.85866,0.92442,0.90042,0.94290,0.95140,0.96308,0.94281,0.94425,0.93067,0.92234,0.90479,0.86997,0.84107,0.78809,0.75806,0.68477,0.65661,0.57479,0.53332,0.45278,0.39272,0.33253,0.35371,0.33249,0.32773,0.43401,0.41858,0.47450,0.53702,0.46979,0.50549,0.58528,0.61692,0.70015,0.70280,0.64578,0.64197,0.56945,0.53339,0.54642,0.49943,0.57935,0.66515,0.72501,0.70687,0.74782,0.75311,0.80994,0.83830,0.86715,0.87744,0.90094,0.90380,0.88651,0.89262,0.87467,0.87451,0.85044,0.84863,0.80300,0.74417,0.68785,0.60577,0.53037,0.54231,0.45525,0.42774,0.33979,0.27760,0.34581,0.33440,0.48247,0.52579,0.62124,0.65674,0.69790,0.74833,0.74492,0.77001,0.73076,0.77779,0.83145,0.84413,0.84578,0.88640,0.91861,0.94180,0.95184,0.95933,0.96739,0.95732,0.96228,0.93118,0.90671,0.85670,0.80731,0.74858,0.66388,0.65612,0.73801,0.70541,0.73373
0.96384,0.96224,0.98055,0.97824,0.96406,0.97337,0.98379,0.96833,0.95699,0.97396,0.96671,0.98138,0.98789,0.99103,0.98703,0.97889,0.96457,0.95227,0.92926,0.91949,0.93010,0.91448,0.92795,0.92244,0.89018,0.88698,0.89861,0.87140,0.83755,0.84691,0.83725,0.78505,0.75584,0.75868,0.74262,0.65954,0.62788,0.59503,0.62947,0.53358,0.59532,0.69293,0.73454,0.80513,0.84343,0.89244,0.91731,0.94802,0.95505,0.97461,0.97558,0.98090,0.97802,0.97065,0.95878,0.94106,0.94488,0.94734,0.93166,0.91375,0.91912,0.91679,0.88589,0.88252,0.90686,0.88455,0.85017,0.82416,0.81282,0.86308,0.85932,0.88920,0.87465,0.88405,0.90888,0.91354,0.94425,0.96715,0.98446,0.99541,0.98329,0.98728,0.98589,0.96174,0.96479,0.97605,0.95942,0.93267,0.94235,0.92908,0.88917,0.83128,0.77830,0.70310,0.58340,0.50564,0.55818,0.42531,0.45776,0.34537,0.31536,0.58377,0.52252,0.58197,0.59560,0.70107,0.78743,0.85296,0.83300,0.84530,0.80098,0.78419,0.76338,0.80880,0.74181,0.74576,0.83767,0.83208,0.78287,0.85000,0.89346,0.86402,0.85828,0.77096,0.73445,0.81186,0.89194,0.86329,0.91546,0.93219,0.95271,0.93541,0.94542,0.93207,0.93376,0.91811,0.88898,0.86492,0.81074,0.78485,0.71209,0.67993,0.60100,0.54841,0.46634,0.39562,0.34288,0.37632,0.37071,0.38277,0.49055,0.48744,0.54116,0.59183,0.52286,0.56092,0.63246,0.65756,0.73912,0.73563,0.67288,0.65616,0.57720,0.53129,0.53418,0.47980,0.55751,0.64895,0.70734,0.68902,0.74097,0.73707,0.79525,0.83093,0.86214,0.87625,0.89905,0.90736,0.89524,0.89786,0.87621,0.86859,0.84053,0.83225,0.78163,0.71572,0.66153,0.57792,0.50436,0.52432,0.43645,0.41283,0.32066,0.26539,0.33571,0.32526,0.47183,0.50569,0.60669,0.64991,0.70222,0.76269,0.77286,0.80703,0.78124,0.82873,0.87790,0.88851,0.88276,0.91526,0.94265,0.95880,0.96054,0.96098,0.96594,0.94632,0.94562,0.90607,0.87316,0.81826,0.76064,0.69633,0.60615,0.59885,0.69597,0.66879,0.70041
0.98421,0.98414,0.99228,0.99143,0.98489,0.98970,0.99214,0.98353,0.97580,0.98170,0.97473,0.97913,0.97971,0.97517,0.96534,0.95061,0.92853,0.91301,0.88288,0.87100,0.88310,0.86244,0.87901,0.87163,0.83135,0.82680,0.84088,0.80802,0.76748,0.77825,0.76681,0.70685,0.67319,0.67667,0.65859,0.56775,0.53419,0.50199,0.53761,0.43669,0.50262,0.60750,0.65271,0.73175,0.77730,0.83504,0.86780,0.90647,0.91427,0.94278,0.94562,0.95788,0.96384,0.96438,0.96044,0.94267,0.93871,0.93536,0.92665,0.90937,0.90352,0.90081,0.86766,0.85542,0.87573,0.85047,0.80875,0.77055,0.75168,0.80919,0.79997,0.83326,0.81558,0.82547,0.85830,0.86220,0.90368,0.93408,0.95951,0.98645,0.97286,0.97296,0.98558,0.96534,0.95592,0.96943,0.96553,0.94017,0.93808,0.91666,0.88516,0.82521,0.77955,0.72283,0.60923,0.53769,0.57365,0.42470,0.43840,0.30737,0.27487,0.53321,0.45304,0.52163,0.55591,0.67834,0.75734,0.81824,0.78174,0.78672,0.72988,0.70780,0.68291,0.73413,0.65822,0.66417,0.77001,0.76196,0.70655,0.78621,0.83723,0.80368,0.79727,0.70288,0.66289,0.75736,0.84925,0.80621,0.86723,0.88574,0.91060,0.88760,0.90297,0.88593,0.89362,0.87532,0.84425,0.81989,0.75616,0.73063,0.65073,0.61227,0.52982,0.46575,0.37930,0.30000,0.25130,0.29491,0.30277,0.33534,0.44697,0.46334,0.51556,0.55136,0.47571,0.51931,0.58544,0.60444,0.69201,0.68181,0.60801,0.58020,0.49236,0.43830,0.43754,0.37786,0.45883,0.55781,0.62086,0.60076,0.66273,0.65488,0.72102,0.76437,0.80053,0.81890,0.84618,0.86003,0.84784,0.84715,0.81994,0.80687,0.77329,0.76226,0.70371,0.62862,0.56951,0.47893,0.40161,0.42435,0.33238,0.30946,0.21466,0.16022,0.23273,0.22478,0.37440,0.40640,0.51415,0.56223,0.62437,0.69644,0.71897,0.76707,0.75519,0.81253,0.86695,0.87667,0.85662,0.88674,0.91668,0.93108,0.92701,0.92392,0.92978,0.90169,0.90206,0.85213,0.81437,0.74920,0.68525,0.61503,0.51875,0.52206,0.63988,0.63474,0.68260
0.97613,0.97503,0.98584,0.98193,0.97119,0.97732,0.98070,0.96685,0.95594,0.96422,0.95496,0.96389,0.96888,0.97036,0.96424,0.95495,0.93460,0.92308,0.89759,0.88615,0.89423,0.87289,0.88571,0.88248,0.84573,0.83743,0.85072,0.82389,0.78409,0.79041,0.78204,0.72834,0.69228,0.69134,0.67839,0.58961,0.55833,0.52553,0.56546,0.47634,0.53967,0.64155,0.68396,0.75751,0.80255,0.85418,0.88729,0.91956,0.92268,0.94589,0.94415,0.95124,0.95058,0.94587,0.93756,0.91578,0.91370,0.91247,0.89885,0.87846,0.87655,0.87377,0.83687,0.82785,0.85410,0.82669,0.78425,0.75185,0.73868,0.79742,0.79395,0.83083,0.81365,0.82632,0.85529,0.86405,0.90257,0.93588,0.96263,0.98209,0.96148,0.96405,0.97226,0.94382,0.93701,0.95282,0.94274,0.91179,0.91310,0.89157,0.85208,0.78571,0.73425,0.66970,0.54960,0.47559,0.51505,0.36540,0.38553,0.26242,0.23240,0.50079,0.42966,0.49153,0.51440,0.63505,0.72234,0.79226,0.76502,0.77802,0.72931,0.71288,0.69392,0.74679,0.67577,0.67426,0.77593,0.77768,0.72465,0.79532,0.84842,0.82112,0.82070,0.73318,0.70231,0.79504,0.87542,0.83489,0.88848,0.90122,0.91933,0.89351,0.90230,0.88451,0.88519,0.86497,0.82896,0.80051,0.73695,0.70788,0.62683,0.59139,0.50674,0.45034,0.36482,0.29369,0.23975,0.27513,0.27177,0.29265,0.40288,0.41155,0.46425,0.50783,0.43284,0.47470,0.54693,0.57078,0.66030,0.65463,0.58460,0.56607,0.48272,0.43570,0.44303,0.38881,0.47177,0.56634,0.63031,0.60980,0.66356,0.66294,0.72934,0.76686,0.80155,0.81790,0.84632,0.85638,0.83969,0.84206,0.81715,0.80933,0.77895,0.77251,0.71722,0.64689,0.58598,0.49588,0.41701,0.43342,0.34163,0.31595,0.22481,0.16489,0.23659,0.22899,0.37933,0.41850,0.52184,0.56430,0.61835,0.68344,0.69628,0.73833,0.71706,0.77467,0.83290,0.84401,0.82865,0.86526,0.89909,0.91894,0.92059,0.92269,0.93123,0.91006,0.91498,0.87092,0.83943,0.77770,0.71973,0.65377,0.56121,0.56463,0.67260,0.66492,0.71292
0.98440,0.98548,0.98625,0.98430,0.98220,0.98424,0.98005,0.97408,0.96837,0.96613,0.95770,0.95602,0.95379,0.94647,0.93387,0.91681,0.88935,0.87330,0.84060,0.82698,0.83768,0.81261,0.82985,0.82356,0.77913,0.77139,0.78726,0.75375,0.70844,0.71814,0.70769,0.64538,0.60717,0.60942,0.59300,0.49749,0.46519,0.43295,0.47186,0.37521,0.44381,0.55062,0.59562,0.67721,0.72748,0.78782,0.82730,0.86795,0.87347,0.90595,0.90747,0.92262,0.93188,0.93620,0.93618,0.91631,0.90717,0.89988,0.89433,0.87641,0.86347,0.86008,0.82355,0.80618,0.82579,0.79703,0.74926,0.70450,0.68328,0.74691,0.73676,0.77467,0.75542,0.76783,0.80507,0.81140,0.85986,0.89801,0.93022,0.96589,0.94734,0.94513,0.96651,0.94559,0.92697,0.94266,0.94575,0.91927,0.90943,0.88225,0.85439,0.79046,0.74850,0.70341,0.59381,0.52821,0.55251,0.39321,0.39429,0.25625,0.22404,0.47281,0.38179,0.45164,0.49657,0.63056,0.70571,0.76647,0.72206,0.72469,0.66225,0.63850,0.61417,0.67109,0.59128,0.59524,0.70921,0.70476,0.64749,0.73103,0.78863,0.75690,0.75288,0.65884,0.62132,0.72768,0.82105,0.76670,0.82953,0.84593,0.87024,0.84082,0.85649,0.83559,0.84440,0.82261,0.78778,0.76083,0.69048,0.66319,0.57789,0.53748,0.45253,0.38412,0.29626,0.21588,0.16884,0.21721,0.22983,0.27266,0.38421,0.41230,0.46148,0.48896,0.40933,0.45477,0.51778,0.53442,0.62686,0.61426,0.53465,0.50309,0.41244,0.35625,0.35745,0.29736,0.38100,0.48139,0.54699,0.52521,0.58985,0.58178,0.65454,0.70009,0.73891,0.75862,0.78987,0.80547,0.79089,0.78982,0.76017,0.74604,0.71039,0.69981,0.63745,0.55878,0.49668,0.40174,0.32213,0.34285,0.24905,0.22536,0.13219,0.07595,0.14938,0.14489,0.29464,0.32870,0.43746,0.48509,0.55067,0.62681,0.65401,0.70975,0.70408,0.76870,0.82872,0.83789,0.80865,0.84005,0.87346,0.88941,0.88346,0.88057,0.88900,0.85811,0.86220,0.80826,0.77069,0.70026,0.63542,0.56408,0.46562,0.47864,0.60921,0.61430,0.67256
0.96453,0.96364,0.97225,0.96537,0.95457,0.96044,0.96056,0.94476,0.93328,0.93893,0.92687,0.93525,0.94137,0.94520,0.93968,0.93261,0.91076,0.90212,0.87845,0.86681,0.87116,0.84718,0.85792,0.85771,0.82116,0.80880,0.82246,0.79946,0.75784,0.76052,0.75520,0.70460,0.66479,0.66082,0.65195,0.56259,0.53217,0.50056,0.54456,0.46628,0.52953,0.62848,0.66836,0.73921,0.78581,0.83490,0.87144,0.90069,0.89963,0.92164,0.91599,0.92129,0.91805,0.91227,0.90345,0.87819,0.87447,0.87256,0.85737,0.83475,0.83165,0.82804,0.78766,0.77830,0.80714,0.77694,0.73156,0.69958,0.68861,0.75075,0.75047,0.79144,0.77426,0.79036,0.81928,0.83246,0.87335,0.91268,0.94250,0.96212,0.93521,0.93755,0.94789,0.91385,0.90324,0.92182,0.91180,0.87680,0.87584,0.85170,0.81013,0.73861,0.68633,0.62407,0.50358,0.43149,0.46749,0.31394,0.33112,0.20953,0.18458,0.44932,0.37776,0.43513,0.45637,0.58058,0.66926,0.74426,0.71879,0.73505,0.68885,0.67420,0.65917,0.71618,0.64725,0.64056,0.74319,0.75249,0.70049,0.76726,0.82397,0.80269,0.80731,0.72877,0.70127,0.79908,0.87371,0.82686,0.87583,0.88394,0.89757,0.86633,0.87118,0.85057,0.84695,0.82354,0.78344,0.75149,0.68523,0.65318,0.56950,0.53596,0.44916,0.39602,0.31211,0.24597,0.19111,0.22391,0.21552,0.23521,0.34231,0.35139,0.40168,0.44482,0.36899,0.41023,0.48379,0.50966,0.60221,0.59858,0.52883,0.51421,0.43408,0.39013,0.40291,0.35182,0.43624,0.52837,0.59372,0.57228,0.62240,0.62500,0.69389,0.72878,0.76464,0.77851,0.81002,0.81923,0.79858,0.80032,0.77592,0.77170,0.74185,0.73945,0.68435,0.61680,0.55364,0.46256,0.38281,0.39418,0.30200,0.27513,0.18835,0.12453,0.19617,0.19128,0.34051,0.38378,0.48456,0.52153,0.57276,0.63490,0.64444,0.68550,0.66233,0.72321,0.78625,0.79720,0.77993,0.82034,0.85804,0.88220,0.88625,0.89213,0.90390,0.88567,0.89549,0.85338,0.82608,0.76431,0.70923,0.64604,0.55477,0.56471,0.67375,0.67019,0.72257
0.94700,0.94469,0.96397,0.95698,0.93887,0.94926,0.95847,0.93711,0.92231,0.93968,0.92880,0.94722,0.95849,0.96869,0.96818,0.96642,0.95278,0.94630,0.92858,0.91919,0.92366,0.90574,0.91444,0.91479,0.88583,0.87659,0.88783,0.86888,0.83452,0.83732,0.83271,0.78848,0.75479,0.75195,0.74328,0.66247,0.63191,0.60023,0.64145,0.56398,0.62307,0.71509,0.75192,0.81563,0.85393,0.89579,0.92277,0.94575,0.94582,0.96011,0.95437,0.95390,0.94340,0.93050,0.91434,0.89102,0.89560,0.89963,0.87843,0.85640,0.86468,0.86163,0.82549,0.82480,0.85575,0.83002,0.79364,0.77344,0.76853,0.82183,0.82534,0.86052,0.84674,0.86074,0.88244,0.89502,0.92537,0.95491,0.97432,0.97916,0.95680,0.96169,0.95750,0.92211,0.92511,0.94020,0.91810,0.88351,0.89493,0.87988,0.83219,0.76582,0.70790,0.62804,0.50289,0.42427,0.47800,0.34286,0.37927,0.27448,0.25200,0.52553,0.47195,0.52148,0.52365,0.62889,0.72258,0.79936,0.78901,0.81002,0.77470,0.76372,0.75102,0.80025,0.73986,0.73396,0.82192,0.83046,0.78456,0.84109,0.88783,0.86861,0.87126,0.79816,0.76953,0.84868,0.91464,0.88373,0.92560,0.93419,0.94571,0.92261,0.92410,0.90789,0.89980,0.88108,0.84524,0.81559,0.76031,0.72956,0.65489,0.62697,0.54493,0.50173,0.42236,0.36237,0.30497,0.32902,0.31046,0.31138,0.41474,0.40513,0.45666,0.51318,0.44456,0.48056,0.55870,0.58946,0.67405,0.67624,0.61778,0.61190,0.53985,0.50181,0.51457,0.46680,0.54658,0.63211,0.69207,0.67240,0.71391,0.71904,0.77845,0.80707,0.83807,0.84810,0.87434,0.87973,0.86152,0.86500,0.84527,0.84471,0.81979,0.81852,0.77083,0.71220,0.65508,0.57151,0.49644,0.50737,0.41936,0.39390,0.30868,0.24629,0.31616,0.30838,0.45431,0.49639,0.59171,0.62558,0.66867,0.72087,0.72033,0.74780,0.71268,0.76182,0.81714,0.82832,0.82577,0.86584,0.89886,0.92264,0.93087,0.93860,0.94831,0.93680,0.94339,0.91014,0.88584,0.83467,0.78372,0.72556,0.63948,0.63642,0.72220,0.69966,0.73879
0.97310,0.97385,0.98223,0.98079,0.97446,0.97996,0.98264,0.97403,0.96709,0.97351,0.96651,0.97147,0.97156,0.96762,0.95748,0.94274,0.92119,0.90567,0.87673,0.86447,0.87648,0.85651,0.87375,0.86665,0.82716,0.82334,0.83785,0.80589,0.76629,0.77796,0.76776,0.70856,0.67627,0.68174,0.66395,0.57449,0.54043,0.50771,0.54410,0.44576,0.51213,0.61302,0.65556,0.73284,0.77567,0.83182,0.86341,0.90091,0.90883,0.93689,0.93964,0.95202,0.95744,0.95803,0.95329,0.93648,0.93373,0.93021,0.92139,0.90553,0.90061,0.89738,0.86612,0.85491,0.87360,0.84936,0.80946,0.77270,0.75454,0.81034,0.80157,0.83335,0.81730,0.82742,0.86069,0.86548,0.90704,0.93645,0.95851,0.98467,0.97245,0.97040,0.98103,0.96216,0.95350,0.96478,0.96014,0.93628,0.93568,0.91664,0.88743,0.83112,0.78768,0.73155,0.62186,0.55276,0.59148,0.44933,0.46364,0.33798,0.30800,0.55625,0.47509,0.53916,0.57307,0.69186,0.76623,0.82458,0.78943,0.79245,0.73581,0.71235,0.68821,0.73856,0.66433,0.67235,0.77542,0.76694,0.71560,0.79376,0.84091,0.81014,0.80199,0.71303,0.66864,0.76017,0.84976,0.80620,0.86481,0.88398,0.90918,0.88728,0.90214,0.88439,0.89177,0.87452,0.84551,0.82177,0.76086,0.73574,0.65891,0.62315,0.54339,0.48051,0.39721,0.31948,0.27287,0.31777,0.32616,0.35830,0.46498,0.48088,0.52865,0.56390,0.49020,0.53122,0.59545,0.61466,0.69952,0.69077,0.61982,0.59235,0.50784,0.45378,0.45226,0.39230,0.47103,0.56640,0.62646,0.60578,0.66559,0.65626,0.72117,0.76307,0.79869,0.81493,0.84189,0.85631,0.84552,0.84414,0.81727,0.80486,0.77228,0.76142,0.70410,0.63233,0.57697,0.48777,0.41339,0.43542,0.34491,0.32443,0.23226,0.17940,0.25267,0.24726,0.39305,0.42267,0.52814,0.57403,0.63561,0.70548,0.72794,0.77405,0.76229,0.81636,0.86836,0.87650,0.85786,0.88635,0.91393,0.92770,0.92270,0.91974,0.92602,0.89825,0.89824,0.84985,0.81252,0.75041,0.68641,0.61851,0.52246,0.52615,0.64129,0.62960,0.67904
0.96751,0.96887,0.97217,0.96869,0.96457,0.96836,0.96590,0.95745,0.95133,0.95218,0.94271,0.94409,0.94340,0.93923,0.92807,0.91357,0.88832,0.87417,0.84471,0.83152,0.84065,0.81686,0.83323,0.82829,0.78677,0.77910,0.79476,0.76452,0.72133,0.73038,0.72249,0.66380,0.62702,0.62992,0.61522,0.52263,0.48942,0.45674,0.49728,0.40761,0.47529,0.57585,0.61742,0.69463,0.74089,0.79696,0.83393,0.87099,0.87552,0.90488,0.90466,0.91770,0.92316,0.92522,0.92225,0.90249,0.89612,0.89033,0.88222,0.86461,0.85549,0.85164,0.81658,0.80245,0.82237,0.79474,0.75016,0.71022,0.69194,0.75275,0.74515,0.78137,0.76431,0.77741,0.81286,0.82139,0.86753,0.90435,0.93140,0.96177,0.94362,0.94060,0.95723,0.93487,0.91946,0.93390,0.93305,0.90618,0.90005,0.87647,0.84767,0.78623,0.74459,0.69567,0.58726,0.52254,0.55266,0.40246,0.40915,0.28031,0.25353,0.49413,0.40707,0.46954,0.50799,0.63533,0.70889,0.77009,0.73184,0.73598,0.67801,0.65506,0.63309,0.68879,0.61361,0.61784,0.72546,0.72295,0.67128,0.74972,0.80247,0.77543,0.77117,0.68629,0.64628,0.74553,0.83201,0.78079,0.83830,0.85402,0.87601,0.84770,0.86082,0.83967,0.84500,0.82433,0.79110,0.76431,0.69836,0.67074,0.58966,0.55327,0.47049,0.40724,0.32393,0.24799,0.20109,0.24629,0.25437,0.29060,0.39654,0.41850,0.46430,0.49555,0.41860,0.46093,0.52512,0.54411,0.63340,0.62431,0.55027,0.52308,0.43855,0.38519,0.38756,0.32893,0.41010,0.50525,0.56809,0.54610,0.60493,0.59734,0.66703,0.70841,0.74637,0.76255,0.79323,0.80863,0.79479,0.79222,0.76370,0.75291,0.71921,0.71098,0.65133,0.57930,0.52097,0.42881,0.35246,0.37077,0.27892,0.25724,0.16821,0.11187,0.18555,0.18350,0.32896,0.36182,0.46682,0.50982,0.57129,0.64208,0.66495,0.71405,0.70457,0.76478,0.82232,0.83035,0.80590,0.83724,0.86907,0.88596,0.88144,0.88064,0.88990,0.86240,0.86695,0.81728,0.78262,0.71753,0.65466,0.58710,0.49002,0.49912,0.62046,0.61516,0.67469
0.91753,0.91537,0.93649,0.92718,0.90692,0.91871,0.92865,0.90431,0.88861,0.90795,0.89539,0.91672,0.93015,0.94433,0.94572,0.94733,0.93592,0.93268,0.91890,0.91024,0.91177,0.89444,0.90098,0.90374,0.87827,0.86754,0.87817,0.86395,0.83148,0.83201,0.83061,0.79141,0.75798,0.75429,0.74875,0.67198,0.64162,0.61040,0.65385,0.58745,0.64371,0.72880,0.76158,0.81938,0.85450,0.89089,0.91657,0.93450,0.93184,0.94218,0.93342,0.92976,0.91492,0.89924,0.87990,0.85539,0.86222,0.86765,0.84335,0.82094,0.83248,0.82898,0.79295,0.79524,0.82767,0.80199,0.76773,0.75231,0.75149,0.80285,0.81006,0.84510,0.83362,0.84938,0.86842,0.88384,0.91214,0.94216,0.95827,0.95738,0.93306,0.93773,0.92961,0.89088,0.89615,0.91138,0.88546,0.84888,0.86318,0.85075,0.80124,0.73513,0.67676,0.59385,0.46912,0.39169,0.44925,0.32163,0.36261,0.26675,0.25193,0.51779,0.46956,0.51112,0.50568,0.60447,0.69771,0.77675,0.77334,0.79756,0.76821,0.75919,0.75022,0.79903,0.74417,0.73611,0.81771,0.83070,0.78966,0.83876,0.88259,0.86968,0.87497,0.81329,0.78509,0.85983,0.91723,0.88720,0.92178,0.92760,0.93472,0.91094,0.90850,0.89180,0.87870,0.85970,0.82381,0.79314,0.74144,0.70929,0.63804,0.61463,0.53432,0.49796,0.42361,0.37052,0.31366,0.33287,0.30742,0.30115,0.39744,0.38157,0.42989,0.48969,0.42412,0.45701,0.53625,0.56943,0.65143,0.65765,0.60503,0.60527,0.54057,0.50707,0.52318,0.47901,0.55655,0.63580,0.69336,0.67364,0.70873,0.71572,0.77229,0.79610,0.82617,0.83183,0.85810,0.86202,0.84291,0.84548,0.82794,0.83173,0.80923,0.81167,0.76735,0.71586,0.66113,0.58061,0.50835,0.51515,0.42992,0.40552,0.32614,0.26265,0.33177,0.32640,0.46697,0.50986,0.59955,0.62724,0.66492,0.71033,0.70397,0.72458,0.68465,0.73063,0.78516,0.79565,0.79695,0.83852,0.87144,0.89765,0.90850,0.91975,0.93105,0.92422,0.93312,0.90505,0.88553,0.83966,0.79286,0.73974,0.65673,0.65392,0.72991,0.70224,0.74072
0.92466,0.92350,0.94521,0.94100,0.92422,0.93569,0.94859,0.93020,0.91815,0.93913,0.93135,0.95027,0.95874,0.96616,0.96403,0.95903,0.94861,0.93901,0.92102,0.91216,0.92047,0.90733,0.91967,0.91608,0.88865,0.88595,0.89720,0.87493,0.84480,0.85363,0.84784,0.80122,0.77522,0.78016,0.76640,0.68946,0.65782,0.62539,0.66072,0.57556,0.63470,0.72122,0.75640,0.81933,0.85059,0.89285,0.91338,0.93831,0.94354,0.95862,0.95745,0.95988,0.95233,0.94184,0.92562,0.90862,0.91736,0.92202,0.90264,0.88642,0.89742,0.89397,0.86651,0.86818,0.89157,0.87129,0.84269,0.82383,0.81712,0.86190,0.86171,0.88832,0.87821,0.88830,0.91036,0.91795,0.94620,0.96707,0.97554,0.97880,0.96800,0.96904,0.96001,0.93497,0.94309,0.95145,0.92937,0.90313,0.91886,0.91160,0.87291,0.82021,0.76856,0.68917,0.57450,0.49906,0.55955,0.44370,0.48442,0.38653,0.36562,0.61871,0.56373,0.61184,0.61616,0.70824,0.78936,0.85333,0.84273,0.85512,0.81684,0.80033,0.78341,0.82529,0.76596,0.77129,0.85217,0.84872,0.80932,0.86886,0.90338,0.88222,0.87487,0.80280,0.76124,0.82809,0.89882,0.87291,0.91560,0.93149,0.94873,0.93390,0.94006,0.92659,0.92357,0.91011,0.88451,0.86115,0.81521,0.78939,0.72477,0.69985,0.62659,0.58213,0.50891,0.44623,0.39667,0.42636,0.41525,0.41887,0.51407,0.50272,0.54833,0.60209,0.53908,0.57079,0.64199,0.66995,0.74440,0.74648,0.69375,0.68293,0.61522,0.57313,0.57678,0.52610,0.59783,0.67914,0.73099,0.71234,0.75595,0.75198,0.80480,0.83410,0.86333,0.87131,0.89273,0.90050,0.89062,0.89059,0.87159,0.86806,0.84388,0.83837,0.79291,0.73752,0.69082,0.61285,0.54615,0.56308,0.47986,0.46092,0.37722,0.32324,0.39299,0.38711,0.52367,0.55411,0.64691,0.68243,0.72932,0.78061,0.78544,0.80919,0.77857,0.81767,0.86141,0.86939,0.87077,0.90148,0.92518,0.94183,0.94483,0.94815,0.95411,0.93935,0.93935,0.90633,0.87780,0.83224,0.77825,0.72103,0.63456,0.62547,0.70885,0.67055,0.70470
0.94709,0.94976,0.95447,0.95535,0.95410,0.95824,0.95933,0.95566,0.95319,0.95716,0.95192,0.95240,0.94752,0.93832,0.92424,0.90468,0.88191,0.86267,0.83134,0.81844,0.83317,0.81459,0.83580,0.82555,0.78447,0.78474,0.80055,0.76470,0.72583,0.74233,0.73177,0.66872,0.64046,0.65248,0.63116,0.54165,0.50708,0.47339,0.50678,0.40503,0.47321,0.56958,0.61064,0.68908,0.72852,0.78715,0.81751,0.85859,0.87003,0.90216,0.90838,0.92644,0.93740,0.94334,0.94187,0.93006,0.92731,0.92114,0.91697,0.90618,0.89824,0.89422,0.86907,0.85600,0.86672,0.84532,0.80880,0.76847,0.74636,0.79823,0.78478,0.81116,0.79719,0.80508,0.84197,0.84359,0.88787,0.91448,0.93099,0.96284,0.95834,0.95091,0.96410,0.95547,0.94417,0.95042,0.95192,0.93617,0.93310,0.91701,0.89947,0.85344,0.81977,0.77400,0.67849,0.61790,0.65345,0.52282,0.53083,0.40737,0.37853,0.59754,0.50692,0.57031,0.61470,0.72881,0.78805,0.83332,0.79144,0.78390,0.72051,0.69044,0.66216,0.70932,0.63335,0.65106,0.75283,0.73582,0.68987,0.77342,0.81355,0.78209,0.76513,0.67690,0.62200,0.71022,0.80496,0.75945,0.82080,0.84547,0.87567,0.85699,0.87720,0.85910,0.87210,0.85782,0.83632,0.81734,0.76073,0.73951,0.66868,0.63405,0.56136,0.49402,0.41607,0.33514,0.29713,0.35060,0.37026,0.41337,0.51211,0.53468,0.57490,0.60008,0.52840,0.56754,0.62264,0.63725,0.71567,0.70470,0.63507,0.59962,0.51727,0.45770,0.44839,0.38497,0.45710,0.54954,0.60323,0.58252,0.64541,0.62814,0.69081,0.73470,0.77074,0.78635,0.81142,0.83012,0.82606,0.82056,0.79152,0.77572,0.74217,0.72761,0.66928,0.59843,0.55101,0.46523,0.39828,0.42490,0.33753,0.32276,0.23323,0.18794,0.26190,0.26122,0.39668,0.41574,0.51894,0.56636,0.63414,0.70650,0.73827,0.78635,0.78448,0.83406,0.87860,0.88285,0.86106,0.88083,0.90227,0.91005,0.89818,0.89090,0.89526,0.86199,0.85820,0.80695,0.76564,0.70461,0.63673,0.56884,0.47159,0.47244,0.59338,0.57318,0.62747
0.90670,0.90614,0.92107,0.91366,0.89945,0.90838,0.91465,0.89508,0.88376,0.89762,0.88613,0.90166,0.90983,0.91845,0.91582,0.91218,0.89674,0.88913,0.87197,0.86119,0.86510,0.84668,0.85715,0.85797,0.82901,0.82049,0.83320,0.81508,0.78107,0.78569,0.78422,0.74048,0.70829,0.70917,0.70126,0.62018,0.59042,0.55437,0.59859,0.53146,0.58992,0.67405,0.70662,0.76783,0.80269,0.84276,0.87049,0.89294,0.89261,0.90814,0.90210,0.90507,0.89558,0.88534,0.87033,0.84881,0.85337,0.85482,0.83582,0.81712,0.82303,0.81874,0.78584,0.78424,0.81092,0.78594,0.75182,0.73100,0.72614,0.77706,0.78001,0.81269,0.80173,0.81640,0.84023,0.85332,0.88626,0.91651,0.93260,0.93988,0.91958,0.91985,0.91746,0.88716,0.88621,0.89789,0.87951,0.84908,0.85825,0.84590,0.80660,0.74723,0.69718,0.62517,0.51244,0.44524,0.49608,0.37299,0.40320,0.30997,0.29108,0.53063,0.46945,0.51120,0.51950,0.62132,0.70290,0.77047,0.75805,0.77258,0.73487,0.72094,0.70792,0.75683,0.69773,0.69621,0.78132,0.78915,0.75189,0.80741,0.84873,0.83451,0.83313,0.76701,0.73397,0.80995,0.87118,0.83761,0.87796,0.88761,0.89911,0.87560,0.87791,0.85894,0.85143,0.83377,0.80209,0.77410,0.72276,0.69301,0.62358,0.59968,0.52344,0.48061,0.40898,0.35189,0.29992,0.32881,0.31494,0.32065,0.41311,0.40799,0.45002,0.50057,0.43403,0.46673,0.53684,0.56581,0.64522,0.64868,0.59371,0.58567,0.51951,0.48157,0.49269,0.44361,0.51828,0.59597,0.64958,0.62898,0.66532,0.66744,0.72617,0.75279,0.78339,0.79040,0.81669,0.82390,0.81007,0.81182,0.79016,0.79099,0.76692,0.76544,0.71817,0.66557,0.61658,0.53577,0.46799,0.47813,0.39369,0.37207,0.29336,0.23531,0.30592,0.30503,0.43934,0.47560,0.56500,0.59597,0.63975,0.68956,0.69251,0.71886,0.68892,0.73469,0.78577,0.79300,0.78817,0.82398,0.85356,0.87557,0.88022,0.88760,0.89827,0.88551,0.89257,0.86031,0.83648,0.78827,0.73688,0.68208,0.59644,0.59165,0.67906,0.63621,0.68741
0.83040,0.82664,0.86109,0.85212,0.82403,0.84100,0.86312,0.83231,0.81429,0.84887,0.83853,0.87279,0.89142,0.91334,0.92144,0.92908,0.92990,0.92789,0.92424,0.91850,0.92029,0.91330,0.91853,0.92163,0.90912,0.90513,0.91283,0.90497,0.88542,0.88887,0.89047,0.86197,0.84144,0.84291,0.83809,0.77669,0.75209,0.71769,0.75551,0.69620,0.74552,0.81127,0.83493,0.87789,0.89604,0.91855,0.92874,0.93590,0.93488,0.93316,0.92500,0.91558,0.89090,0.86650,0.83721,0.81790,0.83801,0.85068,0.81955,0.80229,0.82976,0.82620,0.80080,0.81617,0.84750,0.83029,0.81330,0.81649,0.82517,0.85851,0.87052,0.89345,0.88951,0.90168,0.90984,0.92356,0.93607,0.95030,0.94725,0.92330,0.90937,0.91457,0.88503,0.85020,0.87355,0.87972,0.83824,0.80782,0.83966,0.84453,0.79401,0.74481,0.68441,0.58117,0.46334,0.38635,0.46743,0.38307,0.45003,0.39521,0.38216,0.62782,0.60341,0.62785,0.59748,0.66063,0.74966,0.81997,0.83909,0.86413,0.85002,0.84561,0.84032,0.87395,0.83481,0.83165,0.88573,0.89525,0.87300,0.90525,0.92762,0.92169,0.91955,0.87013,0.84198,0.88004,0.91894,0.91300,0.93511,0.94234,0.94577,0.93535,0.92797,0.91735,0.90037,0.89008,0.86558,0.84067,0.81128,0.78347,0.73255,0.72174,0.65683,0.63623,0.57733,0.53827,0.48333,0.49330,0.45711,0.42608,0.50416,0.46334,0.50418,0.57936,0.52996,0.54992,0.62601,0.66452,0.72661,0.74242,0.71168,0.72273,0.67716,0.65444,0.66907,0.63300,0.69656,0.75628,0.79734,0.78094,0.79929,0.80587,0.84668,0.85880,0.87779,0.87625,0.89167,0.88810,0.87729,0.88393,0.87473,0.88369,0.87142,0.87365,0.84417,0.81047,0.77513,0.71043,0.65377,0.66041,0.58804,0.56870,0.49926,0.44364,0.50553,0.50092,0.62297,0.65891,0.73146,0.75166,0.77630,0.80250,0.78382,0.78183,0.72831,0.75153,0.78791,0.79567,0.81887,0.85526,0.87644,0.89893,0.91304,0.92577,0.93360,0.93660,0.94044,0.92831,0.91386,0.88845,0.85006,0.80890,0.73782,0.71603,0.76355,0.68204,0.70416
0.84914,0.85003,0.87178,0.87298,0.86141,0.87253,0.88918,0.87684,0.87082,0.89453,0.89171,0.90899,0.91132,0.91166,0.90592,0.89420,0.88688,0.86918,0.85026,0.84086,0.85643,0.85101,0.87081,0.86052,0.83523,0.84392,0.85587,0.82740,0.80445,0.82459,0.81712,0.76671,0.75424,0.77219,0.75166,0.68288,0.65543,0.61892,0.64405,0.54795,0.60854,0.68190,0.71235,0.77264,0.79140,0.83324,0.84402,0.87203,0.88620,0.90298,0.91008,0.92030,0.91900,0.91384,0.89961,0.89418,0.90768,0.91065,0.89832,0.89395,0.90580,0.90192,0.88971,0.89298,0.90285,0.89170,0.87625,0.85872,0.84796,0.87789,0.87046,0.88223,0.87712,0.88033,0.90293,0.90266,0.92617,0.93298,0.92645,0.92990,0.93883,0.93314,0.91942,0.91408,0.92604,0.92185,0.90317,0.89401,0.91324,0.91880,0.89891,0.87315,0.83644,0.76342,0.67254,0.61026,0.67754,0.59860,0.63968,0.56489,0.53953,0.73849,0.67757,0.72142,0.73388,0.80462,0.85909,0.89590,0.88221,0.87623,0.83151,0.80718,0.78382,0.81225,0.75634,0.77946,0.84799,0.82568,0.80058,0.86294,0.87766,0.85372,0.82949,0.75678,0.70225,0.74619,0.81881,0.80194,0.84764,0.87307,0.89984,0.89836,0.91246,0.90236,0.91100,0.90688,0.89861,0.88685,0.85720,0.84122,0.79475,0.77508,0.72005,0.67152,0.61118,0.54704,0.51131,0.55296,0.55843,0.57002,0.64862,0.63862,0.67163,0.71712,0.66517,0.68864,0.74130,0.76287,0.81810,0.81852,0.77501,0.75266,0.69253,0.64668,0.63644,0.58348,0.63877,0.70916,0.74328,0.72651,0.77040,0.75224,0.79558,0.82618,0.84870,0.85571,0.86744,0.87595,0.88040,0.88062,0.86295,0.85297,0.83182,0.81696,0.77717,0.72719,0.70211,0.63566,0.58613,0.61257,0.54084,0.53131,0.45223,0.41673,0.48102,0.47938,0.59545,0.60773,0.69107,0.72894,0.78083,0.82960,0.84565,0.86622,0.84677,0.86886,0.89180,0.89334,0.89855,0.91250,0.91948,0.92313,0.91576,0.91049,0.91027,0.88920,0.87846,0.84696,0.81198,0.77617,0.71908,0.66584,0.58402,0.56265,0.65003,0.56659,0.59766
0.84300,0.84519,0.85530,0.85505,0.85016,0.85611,0.86291,0.85384,0.85069,0.86170,0.85631,0.86456,0.86320,0.86052,0.85108,0.83694,0.82086,0.80208,0.77996,0.76704,0.77976,0.76708,0.78697,0.78009,0.74913,0.75198,0.76676,0.73885,0.70889,0.72610,0.72177,0.66983,0.64986,0.66423,0.64746,0.56995,0.54372,0.50194,0.53709,0.45587,0.51705,0.59286,0.62302,0.68610,0.71186,0.75666,0.77770,0.80835,0.81848,0.84052,0.84465,0.85952,0.86115,0.86037,0.85178,0.84268,0.84821,0.84503,0.83726,0.83164,0.83276,0.82785,0.81026,0.80575,0.81611,0.79998,0.77575,0.75019,0.73697,0.77588,0.76767,0.78663,0.77838,0.78496,0.81318,0.81733,0.85057,0.86830,0.87364,0.88953,0.88925,0.88177,0.88114,0.87392,0.87195,0.87129,0.86240,0.85104,0.85831,0.85539,0.83936,0.80647,0.77505,0.71746,0.63133,0.58010,0.62996,0.53636,0.55826,0.47875,0.45027,0.63355,0.55759,0.60002,0.62804,0.71630,0.76717,0.80432,0.78010,0.77176,0.72030,0.69625,0.67387,0.71120,0.65062,0.66909,0.74783,0.73442,0.70789,0.77370,0.79858,0.77720,0.75751,0.68357,0.63622,0.69623,0.76528,0.73665,0.78598,0.80694,0.83212,0.82029,0.83407,0.81761,0.82560,0.81722,0.80235,0.78702,0.74776,0.72906,0.67439,0.65161,0.59197,0.53902,0.47715,0.41280,0.37617,0.42212,0.43344,0.45748,0.53665,0.54358,0.57271,0.60717,0.54856,0.57579,0.62452,0.64389,0.70686,0.70453,0.65256,0.62690,0.56252,0.51689,0.51108,0.45487,0.51489,0.58576,0.62331,0.60328,0.64385,0.63113,0.68373,0.71487,0.74197,0.75248,0.77210,0.78421,0.78541,0.78594,0.76029,0.75117,0.72743,0.71403,0.66786,0.61566,0.58669,0.51439,0.46153,0.48333,0.40863,0.39660,0.32066,0.28219,0.34812,0.34991,0.46712,0.48368,0.56787,0.60646,0.65911,0.71372,0.73470,0.76556,0.75444,0.78757,0.81980,0.82029,0.81258,0.82966,0.84286,0.84998,0.84091,0.83697,0.84135,0.81718,0.81222,0.77565,0.74166,0.69810,0.63987,0.58545,0.50116,0.48449,0.58446,0.50258,0.56383
0.88757,0.89535,0.87733,0.88506,0.90468,0.89933,0.88538,0.90202,0.91304,0.89439,0.89332,0.86932,0.84645,0.81495,0.78565,0.74764,0.71110,0.68030,0.63366,0.61638,0.63936,0.61608,0.64772,0.62902,0.57349,0.57877,0.59898,0.54794,0.50184,0.52786,0.51171,0.43205,0.40481,0.42691,0.39614,0.29990,0.26424,0.23222,0.25878,0.14446,0.21741,0.31556,0.35969,0.45151,0.49684,0.57230,0.61171,0.67133,0.69134,0.74365,0.76009,0.79788,0.83341,0.86150,0.88043,0.87762,0.86008,0.83969,0.85686,0.85656,0.82393,0.81876,0.80140,0.77003,0.76088,0.74087,0.69879,0.63334,0.59259,0.64745,0.61682,0.63891,0.62237,0.62572,0.67918,0.67171,0.73368,0.76397,0.78732,0.85551,0.86253,0.84356,0.88397,0.90042,0.86500,0.86575,0.89894,0.90026,0.87312,0.84927,0.86421,0.83381,0.82929,0.83276,0.77188,0.73624,0.73870,0.60442,0.56821,0.42279,0.38725,0.53673,0.40612,0.48324,0.57775,0.70896,0.72957,0.74312,0.66308,0.62641,0.53424,0.48735,0.44610,0.49397,0.40374,0.43819,0.55787,0.52174,0.47143,0.58059,0.62125,0.57781,0.54848,0.44838,0.37672,0.48510,0.60540,0.53560,0.61646,0.65168,0.69822,0.67818,0.71637,0.69420,0.72875,0.71556,0.70298,0.69311,0.62972,0.61727,0.54645,0.50338,0.43967,0.34725,0.27215,0.17414,0.15758,0.23941,0.29911,0.39229,0.48324,0.54953,0.57597,0.55897,0.48369,0.52732,0.55483,0.55107,0.62595,0.59899,0.51403,0.44754,0.35457,0.27637,0.24846,0.17285,0.23725,0.33555,0.38427,0.36216,0.44551,0.41055,0.47919,0.53949,0.58238,0.60598,0.63348,0.66516,0.66988,0.65679,0.61664,0.58510,0.54252,0.51629,0.44713,0.36326,0.32063,0.23335,0.17304,0.21134,0.12808,0.12213,0.03392,0.00746,0.07922,0.08441,0.20546,0.20483,0.31230,0.37094,0.46131,0.55485,0.62110,0.69687,0.73567,0.79243,0.83208,0.82953,0.77878,0.78038,0.79427,0.78817,0.75611,0.73476,0.73611,0.68032,0.67024,0.59901,0.54327,0.46869,0.38703,0.31193,0.21048,0.22449,0.38406,0.39247,0.47191
0.87220,0.88093,0.84892,0.85578,0.88332,0.87232,0.84565,0.86799,0.88142,0.84717,0.84383,0.80677,0.77920,0.74176,0.70772,0.66590,0.61886,0.58880,0.53604,0.51705,0.53740,0.50492,0.53529,0.51848,0.45452,0.45194,0.47368,0.42121,0.36578,0.38659,0.36939,0.28668,0.24883,0.26382,0.23614,0.13119,0.09541,0.06479,0.09740,-0.00580,0.06427,0.17166,0.21987,0.31765,0.37606,0.45838,0.51120,0.57635,0.59174,0.65237,0.66647,0.70868,0.75126,0.78724,0.81602,0.80788,0.77770,0.75068,0.77425,0.76933,0.72187,0.71702,0.69026,0.64696,0.63930,0.61182,0.55576,0.47664,0.43000,0.49818,0.46504,0.49752,0.47486,0.48167,0.54217,0.53685,0.61152,0.65798,0.70000,0.78677,0.78113,0.76171,0.82254,0.83546,0.78187,0.79047,0.83889,0.83575,0.79015,0.75107,0.76769,0.72390,0.72329,0.75301,0.69411,0.66710,0.64015,0.47493,0.41114,0.24100,0.19866,0.35043,0.20601,0.29348,0.40771,0.56180,0.58353,0.60122,0.50413,0.46782,0.36757,0.32085,0.27956,0.33832,0.24025,0.26583,0.40218,0.37499,0.31446,0.43111,0.48950,0.44545,0.42308,0.31616,0.25518,0.39345,0.51936,0.42993,0.51687,0.54720,0.59215,0.55876,0.59810,0.57090,0.60688,0.58601,0.56304,0.54820,0.46788,0.45270,0.36790,0.31689,0.24526,0.14434,0.06317,-0.03777,-0.05382,0.03123,0.09810,0.21219,0.30742,0.39742,0.42456,0.39061,0.30684,0.35891,0.38383,0.37383,0.46079,0.42663,0.32739,0.25493,0.15282,0.07109,0.04736,-0.02800,0.04253,0.14810,0.20763,0.18444,0.27551,0.24667,0.32474,0.39067,0.44032,0.46903,0.50450,0.54040,0.53784,0.52374,0.47801,0.44419,0.39587,0.37133,0.29415,0.20024,0.14253,0.04783,-0.02098,0.01408,-0.07220,-0.08251,-0.16971,-0.19976,-0.12875,-0.12279,0.00104,0.00618,0.11784,0.17902,0.27413,0.37765,0.45172,0.54411,0.59624,0.67123,0.72503,0.72478,0.65416,0.66064,0.68535,0.68330,0.64955,0.62808,0.63340,0.57252,0.56981,0.48888,0.43315,0.34384,0.26125,0.18149,0.07839,0.10942,0.28869,0.34496,0.44193
0.91874,0.92554,0.90031,0.90380,0.92384,0.91601,0.89252,0.90727,0.91482,0.88689,0.88092,0.85190,0.83100,0.80139,0.77265,0.73762,0.69391,0.66920,0.62030,0.60294,0.61973,0.58665,0.61204,0.59865,0.53794,0.53106,0.55090,0.50358,0.44814,0.46321,0.44685,0.36887,0.32695,0.33527,0.31179,0.20683,0.17127,0.14384,0.17951,0.07866,0.14816,0.25951,0.30884,0.40410,0.46522,0.54373,0.59682,0.65615,0.66719,0.72173,0.73108,0.76539,0.80013,0.82827,0.85041,0.83653,0.80923,0.78659,0.80259,0.79132,0.75052,0.74648,0.71307,0.67394,0.67598,0.64548,0.58654,0.51340,0.47266,0.54474,0.51808,0.55616,0.53226,0.54229,0.59772,0.59623,0.66666,0.71569,0.76198,0.83849,0.82410,0.81090,0.86578,0.86557,0.81780,0.83145,0.86971,0.85724,0.81751,0.77653,0.77831,0.72294,0.70910,0.72169,0.64379,0.60408,0.58599,0.40929,0.35851,0.18683,0.14546,0.33742,0.20657,0.29349,0.39119,0.54749,0.58854,0.62286,0.53692,0.51339,0.42249,0.38230,0.34684,0.40854,0.31239,0.32717,0.46419,0.44776,0.38192,0.49116,0.55658,0.51565,0.50165,0.39482,0.34408,0.48587,0.60619,0.51978,0.60096,0.62552,0.66360,0.62716,0.65934,0.63266,0.66030,0.63639,0.60579,0.58489,0.50076,0.48027,0.38897,0.33837,0.25915,0.16492,0.07793,-0.01828,-0.04347,0.03111,0.08191,0.18089,0.28347,0.36047,0.39653,0.37605,0.28962,0.34337,0.38157,0.37890,0.47313,0.44345,0.34471,0.28275,0.18006,0.10427,0.09076,0.01954,0.09751,0.20700,0.27246,0.24936,0.33710,0.31668,0.39642,0.45912,0.50806,0.53529,0.57160,0.60258,0.59301,0.58291,0.54102,0.51212,0.46534,0.44554,0.37090,0.27666,0.20985,0.11236,0.03563,0.06478,-0.02687,-0.04316,-0.13331,-0.17397,-0.10086,-0.09783,0.03810,0.05486,0.16855,0.22599,0.31424,0.41325,0.47505,0.56202,0.59979,0.67777,0.73851,0.74258,0.67894,0.69601,0.72748,0.73272,0.70750,0.69201,0.69919,0.64613,0.64807,0.57230,0.52179,0.43259,0.35457,0.27542,0.17361,0.20346,0.37485,0.44059,0.52489
0.86852,0.87719,0.84385,0.84631,0.87167,0.86131,0.82986,0.84874,0.85927,0.82240,0.81507,0.77815,0.75398,0.72004,0.68831,0.65070,0.60233,0.57849,0.52644,0.50842,0.52406,0.48692,0.51181,0.49891,0.43431,0.42400,0.44382,0.39574,0.33687,0.34934,0.33226,0.25350,0.20729,0.21260,0.19098,0.08408,0.04743,0.02279,0.06121,-0.02832,0.03348,0.14702,0.19763,0.29342,0.36017,0.44161,0.50004,0.56189,0.57124,0.63031,0.63904,0.67579,0.71612,0.74989,0.77866,0.76383,0.72914,0.70281,0.72392,0.71150,0.66196,0.65854,0.62263,0.57621,0.57663,0.54362,0.47882,0.39830,0.35326,0.43023,0.40130,0.44264,0.41614,0.42709,0.48599,0.48431,0.56009,0.61569,0.67063,0.75942,0.74049,0.72600,0.79329,0.79319,0.73427,0.75127,0.79977,0.78656,0.73601,0.68739,0.69331,0.63477,0.62708,0.66132,0.59131,0.55719,0.52083,0.33211,0.26521,0.07988,0.03792,0.21958,0.08234,0.17421,0.28340,0.44694,0.48303,0.51546,0.41948,0.39423,0.29932,0.25858,0.22353,0.28848,0.19048,0.20237,0.34469,0.33082,0.26027,0.37106,0.44358,0.40222,0.39156,0.28561,0.23743,0.39571,0.52070,0.42177,0.50422,0.52655,0.56448,0.52243,0.55574,0.52694,0.55644,0.52972,0.49611,0.47424,0.38323,0.36337,0.26760,0.21381,0.13475,0.03684,-0.05034,-0.14688,-0.16709,-0.09044,-0.03378,0.08057,0.17704,0.26859,0.30255,0.26886,0.18141,0.23752,0.27045,0.26346,0.35989,0.32538,0.22120,0.15469,0.04940,-0.02708,-0.03965,-0.10935,-0.03138,0.07871,0.14760,0.12566,0.21826,0.19859,0.27897,0.34472,0.39682,0.42703,0.46611,0.49981,0.48656,0.47413,0.43001,0.39910,0.35001,0.33100,0.25459,0.15686,0.08474,-0.01293,-0.09086,-0.06294,-0.15256,-0.16938,-0.25675,-0.29525,-0.22514,-0.21996,-0.09006,-0.07352,0.03855,0.09532,0.18563,0.28863,0.35612,0.45176,0.50026,0.58495,0.64993,0.65520,0.58046,0.59704,0.63231,0.63773,0.61055,0.59392,0.60242,0.54619,0.55126,0.47089,0.42072,0.32521,0.24846,0.16910,0.07191,0.11387,0.29480,0.39635,0.48673
0.76742,0.78026,0.73516,0.74372,0.78232,0.76745,0.72994,0.76438,0.78482,0.73759,0.73597,0.68442,0.64764,0.59807,0.55585,0.50585,0.45324,0.42205,0.36144,0.34265,0.36597,0.33092,0.36407,0.34215,0.27121,0.26923,0.29005,0.23091,0.17294,0.19473,0.17163,0.08332,0.04526,0.06179,0.02911,-0.07387,-0.11419,-0.13071,-0.10625,-0.20705,-0.14610,-0.03841,0.01225,0.11309,0.17694,0.26777,0.32479,0.39789,0.41705,0.48818,0.50737,0.55641,0.61528,0.66500,0.70737,0.70417,0.66261,0.62923,0.66568,0.66350,0.60127,0.59796,0.57501,0.51961,0.50031,0.47401,0.41330,0.31933,0.26142,0.33124,0.28870,0.31860,0.29355,0.29768,0.36564,0.35300,0.43509,0.48328,0.53235,0.64315,0.64197,0.61773,0.69824,0.72183,0.65287,0.66229,0.73110,0.73506,0.67303,0.62410,0.65744,0.62007,0.63620,0.70769,0.67208,0.65478,0.60096,0.42936,0.33779,0.14243,0.10718,0.22221,0.06574,0.16370,0.30267,0.45990,0.45958,0.46235,0.34298,0.29408,0.18278,0.12695,0.08155,0.13875,0.03610,0.06696,0.21014,0.17394,0.10403,0.22957,0.29194,0.24015,0.21654,0.11382,0.03889,0.19754,0.34432,0.23486,0.32645,0.36161,0.41298,0.37848,0.42686,0.39941,0.44560,0.42438,0.40602,0.39616,0.31007,0.30122,0.21670,0.16050,0.09782,-0.01403,-0.09224,-0.19942,-0.19692,-0.10220,-0.01523,0.13296,0.21382,0.32934,0.35145,0.28607,0.20454,0.25979,0.26853,0.24573,0.32809,0.28285,0.17669,0.08829,-0.01801,-0.10698,-0.13927,-0.21497,-0.15283,-0.04422,0.01476,-0.00442,0.10348,0.06526,0.13811,0.21359,0.26781,0.29968,0.33552,0.37981,0.37682,0.35389,0.30542,0.26229,0.20847,0.18100,0.10261,0.00193,-0.05957,-0.14734,-0.21113,-0.17191,-0.25131,-0.25687,-0.33843,-0.35631,-0.29138,-0.28271,-0.17589,-0.18237,-0.07385,-0.01234,0.09378,0.20660,0.29935,0.40821,0.48668,0.56476,0.61551,0.61484,0.52609,0.52180,0.54473,0.53495,0.49150,0.46304,0.46567,0.39413,0.38934,0.29773,0.23685,0.13932,0.05456,-0.02522,-0.11665,-0.06402,0.12860,0.26364,0.35152
0.83157,0.84304,0.80667,0.81594,0.84919,0.83772,0.80764,0.83745,0.85518,0.81758,0.81695,0.77327,0.73981,0.69424,0.65485,0.60761,0.55968,0.52769,0.46954,0.45123,0.47611,0.44464,0.47831,0.45558,0.38763,0.38883,0.40951,0.35034,0.29522,0.31960,0.29621,0.20787,0.17325,0.19204,0.15740,0.05425,0.01359,-0.00609,0.01700,-0.09584,-0.02807,0.08049,0.13123,0.23304,0.29295,0.38211,0.43418,0.50529,0.52683,0.59385,0.61381,0.66052,0.71409,0.75843,0.79447,0.79198,0.75701,0.72747,0.75876,0.75690,0.70320,0.69955,0.67831,0.62957,0.61277,0.58881,0.53285,0.44578,0.39138,0.45729,0.41684,0.44437,0.42068,0.42346,0.48841,0.47596,0.55309,0.59486,0.63633,0.73585,0.73874,0.71593,0.78524,0.80824,0.74969,0.75606,0.81509,0.81937,0.76750,0.72479,0.75224,0.71633,0.72510,0.77609,0.73061,0.70583,0.66980,0.50613,0.43035,0.24493,0.20709,0.34061,0.19027,0.28553,0.41321,0.56478,0.57165,0.57851,0.46822,0.42203,0.31408,0.25971,0.21277,0.26743,0.16539,0.19839,0.33808,0.30051,0.23347,0.35820,0.41548,0.36324,0.33532,0.22853,0.15072,0.29645,0.44029,0.34321,0.43467,0.47279,0.52502,0.49539,0.54274,0.51783,0.56212,0.54374,0.52763,0.51826,0.43764,0.42826,0.34636,0.29159,0.22720,0.11776,0.03720,-0.07152,-0.07571,0.01713,0.09818,0.23255,0.32164,0.42330,0.44955,0.39812,0.31685,0.37095,0.38660,0.36824,0.44993,0.40836,0.30588,0.22189,0.11529,0.02635,-0.00545,-0.08493,-0.02101,0.08861,0.14608,0.12597,0.22999,0.19243,0.26442,0.33755,0.38965,0.42013,0.45392,0.49702,0.49629,0.47584,0.42783,0.38654,0.33398,0.30538,0.22822,0.12936,0.07093,-0.01722,-0.08194,-0.04188,-0.12465,-0.12997,-0.21601,-0.23734,-0.16766,-0.16045,-0.04539,-0.05147,0.06030,0.12355,0.22778,0.33828,0.42550,0.52726,0.59465,0.66700,0.71461,0.71446,0.63644,0.63329,0.65372,0.64386,0.60235,0.57466,0.57608,0.50728,0.49906,0.41082,0.34901,0.25586,0.16896,0.08825,-0.00838,0.02993,0.21154,0.31858,0.39896
0.90980,0.91816,0.88993,0.89515,0.91928,0.91074,0.88505,0.90407,0.91493,0.88401,0.87939,0.84606,0.82163,0.78682,0.75487,0.71580,0.67047,0.64341,0.59091,0.57303,0.59302,0.56000,0.58804,0.57122,0.50726,0.50292,0.52299,0.47116,0.41499,0.43316,0.41398,0.33167,0.29129,0.30240,0.27517,0.16979,0.13127,0.10535,0.13693,0.02820,0.09797,0.21242,0.26376,0.36325,0.42575,0.50894,0.56198,0.62580,0.64103,0.69999,0.71300,0.75144,0.79209,0.82525,0.85202,0.84132,0.81113,0.78647,0.80712,0.79807,0.75300,0.74943,0.71945,0.67695,0.67353,0.64502,0.58649,0.50843,0.46261,0.53313,0.50190,0.53720,0.51278,0.52026,0.57934,0.57464,0.64757,0.69396,0.73918,0.82336,0.81456,0.79863,0.85875,0.86528,0.81385,0.82586,0.87083,0.86230,0.81881,0.77596,0.78519,0.73393,0.72570,0.74928,0.68049,0.64453,0.62090,0.44523,0.38701,0.20739,0.16602,0.34466,0.20611,0.29785,0.40535,0.56288,0.59488,0.62299,0.52841,0.49905,0.40188,0.35769,0.31708,0.37767,0.27864,0.29964,0.43944,0.41525,0.34665,0.46244,0.52746,0.48113,0.46308,0.35582,0.29408,0.43796,0.56782,0.47824,0.56433,0.59316,0.63667,0.60185,0.63943,0.61369,0.64670,0.62434,0.59795,0.58017,0.49619,0.47916,0.38965,0.33622,0.25958,0.15930,0.07121,-0.03160,-0.05268,0.02782,0.08896,0.19950,0.30153,0.38680,0.42200,0.39385,0.30781,0.36315,0.39580,0.38823,0.48013,0.44575,0.34399,0.27506,0.16795,0.08720,0.06803,-0.00768,0.06792,0.17904,0.24460,0.22262,0.31662,0.29024,0.36852,0.43521,0.48559,0.51405,0.55071,0.58636,0.57919,0.56558,0.52058,0.48765,0.43794,0.41615,0.33904,0.24154,0.17615,0.08014,0.00516,0.03850,-0.05217,-0.06493,-0.15645,-0.19271,-0.11900,-0.11485,0.01710,0.02726,0.14278,0.20357,0.29801,0.40236,0.47239,0.56547,0.61140,0.68900,0.74682,0.75061,0.68217,0.69318,0.72214,0.72255,0.69252,0.67299,0.67824,0.61945,0.61811,0.53727,0.48248,0.39028,0.30817,0.22666,0.12402,0.15704,0.32914,0.41074,0.49140
0.91129,0.91981,0.89303,0.89977,0.92393,0.91546,0.89254,0.91326,0.92501,0.89632,0.89346,0.86078,0.83489,0.79884,0.76651,0.72619,0.68302,0.65418,0.60126,0.58440,0.60668,0.57647,0.60623,0.58712,0.52412,0.52362,0.54364,0.48974,0.43594,0.45760,0.43747,0.35387,0.31777,0.33291,0.30176,0.20044,0.16227,0.13822,0.16332,0.04397,0.11997,0.23047,0.28029,0.38049,0.43952,0.52290,0.57262,0.63700,0.65497,0.71370,0.72896,0.76826,0.81050,0.84414,0.86989,0.86216,0.83440,0.80997,0.83090,0.82511,0.78180,0.77732,0.75140,0.71128,0.70431,0.67860,0.62421,0.54734,0.50151,0.56784,0.53547,0.56665,0.54428,0.55007,0.60901,0.60172,0.67309,0.71487,0.75417,0.83637,0.83321,0.81552,0.87209,0.88369,0.83575,0.84481,0.88869,0.88500,0.84430,0.80568,0.81933,0.77514,0.76980,0.78893,0.72521,0.68853,0.67088,0.50726,0.45229,0.27870,0.24322,0.40953,0.26987,0.35833,0.46572,0.61855,0.64375,0.66534,0.57146,0.53726,0.43932,0.39200,0.34877,0.40576,0.30692,0.33317,0.47026,0.44035,0.37541,0.49363,0.55064,0.50312,0.48013,0.37305,0.30538,0.44162,0.57315,0.48726,0.57361,0.60825,0.65334,0.62291,0.66237,0.63822,0.67433,0.65387,0.63263,0.61752,0.53881,0.52383,0.43974,0.38763,0.31554,0.21461,0.12993,0.02586,0.00780,0.09072,0.15417,0.26229,0.36393,0.44663,0.47944,0.45050,0.36621,0.42027,0.45115,0.44264,0.53017,0.49611,0.39765,0.32618,0.22139,0.13859,0.11389,0.03788,0.10934,0.21991,0.28079,0.25916,0.35485,0.32337,0.39936,0.46654,0.51480,0.54132,0.57622,0.61220,0.60873,0.59329,0.54996,0.51484,0.46522,0.44141,0.36580,0.27003,0.20997,0.11631,0.04555,0.08206,-0.00724,-0.01665,-0.10814,-0.14055,-0.06726,-0.06177,0.06748,0.07235,0.18660,0.24733,0.34392,0.44857,0.52102,0.61140,0.65879,0.73083,0.78274,0.78396,0.71831,0.72512,0.74907,0.74634,0.71366,0.69232,0.69600,0.63631,0.63145,0.55056,0.49357,0.40451,0.32047,0.24004,0.13588,0.16640,0.33164,0.41079,0.48696
0.78275,0.79349,0.76086,0.76926,0.79911,0.78863,0.76107,0.79097,0.80696,0.77192,0.77238,0.72990,0.69856,0.65581,0.61897,0.57615,0.53384,0.50856,0.45264,0.43975,0.46216,0.43279,0.46128,0.43939,0.37643,0.37653,0.39342,0.33878,0.28711,0.30748,0.28412,0.20294,0.16922,0.18585,0.15062,0.06000,0.01669,0.00998,0.02315,-0.08850,-0.02078,0.08023,0.12793,0.22462,0.28177,0.36762,0.41608,0.48066,0.50005,0.56276,0.58038,0.61883,0.67316,0.71406,0.74642,0.74279,0.71040,0.68308,0.71064,0.70912,0.65894,0.65412,0.63434,0.59023,0.57289,0.55022,0.49833,0.41577,0.36547,0.42695,0.39048,0.41630,0.39623,0.39989,0.46053,0.44803,0.52132,0.56126,0.59863,0.69232,0.69373,0.67246,0.73721,0.75562,0.70327,0.71372,0.76806,0.77121,0.72318,0.68044,0.70685,0.67172,0.68006,0.72853,0.68539,0.65302,0.61958,0.46336,0.39454,0.20806,0.19497,0.32570,0.18913,0.27574,0.39274,0.53594,0.53834,0.54654,0.44316,0.39912,0.30051,0.24613,0.20273,0.25422,0.16049,0.18914,0.31965,0.28620,0.21753,0.33485,0.38668,0.33801,0.31659,0.22965,0.14338,0.28694,0.43004,0.33270,0.41280,0.45376,0.49889,0.47044,0.51406,0.49105,0.53080,0.51059,0.49649,0.48694,0.41055,0.40122,0.32496,0.27374,0.21571,0.11356,0.04107,-0.05949,-0.05632,0.02728,0.09953,0.22556,0.30697,0.40009,0.42561,0.36697,0.29100,0.34440,0.36468,0.34645,0.42330,0.38444,0.29003,0.20908,0.11201,0.02736,-0.00658,-0.07565,-0.01868,0.08915,0.14436,0.12624,0.23088,0.19189,0.25626,0.32839,0.37815,0.40347,0.43666,0.48003,0.47709,0.44654,0.40474,0.36526,0.31310,0.29051,0.21947,0.12840,0.06834,-0.01302,-0.07359,-0.03633,-0.11642,-0.11764,-0.19743,-0.21709,-0.14935,-0.14006,-0.03494,-0.04311,0.06004,0.11341,0.21237,0.31968,0.40253,0.49619,0.56353,0.62979,0.67441,0.67259,0.59859,0.59444,0.61415,0.60622,0.56749,0.54384,0.54541,0.48329,0.47726,0.39143,0.33302,0.24616,0.16420,0.09014,0.00182,0.04877,0.21183,0.37301,0.44023
0.85567,0.86664,0.83629,0.84568,0.87541,0.86671,0.84088,0.86783,0.88460,0.85273,0.85201,0.81375,0.78307,0.74054,0.70408,0.65960,0.61570,0.58538,0.52922,0.51206,0.53717,0.50792,0.53992,0.51778,0.45253,0.45466,0.47427,0.41639,0.36342,0.38760,0.36406,0.27816,0.24462,0.26315,0.22893,0.12828,0.08677,0.06615,0.08778,-0.03144,0.04066,0.15036,0.20087,0.30163,0.35948,0.44669,0.49512,0.56217,0.58416,0.64764,0.66712,0.71042,0.76053,0.80049,0.83206,0.82924,0.79866,0.77227,0.79960,0.79733,0.74916,0.74521,0.72416,0.68041,0.66624,0.64359,0.59064,0.50927,0.45807,0.52085,0.48308,0.50946,0.48640,0.48850,0.55058,0.53828,0.61088,0.64811,0.68488,0.77745,0.78180,0.76103,0.82309,0.84316,0.79169,0.79772,0.84966,0.85284,0.80752,0.76833,0.79006,0.75293,0.75591,0.79503,0.74445,0.71312,0.68743,0.52664,0.46025,0.27954,0.24102,0.39337,0.25148,0.34220,0.45985,0.60698,0.61961,0.63138,0.52821,0.48650,0.38335,0.33060,0.28479,0.33712,0.23651,0.26885,0.40487,0.36859,0.30207,0.42355,0.47877,0.42688,0.39861,0.29213,0.21391,0.35321,0.49363,0.40481,0.49337,0.53267,0.58338,0.55624,0.60152,0.57870,0.62040,0.60332,0.58747,0.57785,0.50054,0.49034,0.41019,0.35649,0.29202,0.18704,0.10563,-0.00129,-0.00925,0.07793,0.15225,0.27493,0.36849,0.45906,0.48757,0.44308,0.36324,0.41852,0.44131,0.42602,0.50742,0.46828,0.36866,0.28855,0.18348,0.09751,0.06734,-0.01179,0.05165,0.16081,0.21828,0.19849,0.29888,0.26441,0.33323,0.40379,0.45416,0.48611,0.51929,0.56243,0.56173,0.54138,0.49333,0.45267,0.39986,0.37273,0.29912,0.20191,0.14384,0.05760,-0.00801,0.03076,-0.05312,-0.05727,-0.14559,-0.16828,-0.09624,-0.08975,0.02731,0.02213,0.13158,0.19330,0.29413,0.40382,0.48535,0.58146,0.64247,0.71104,0.75729,0.75747,0.68706,0.68555,0.70542,0.69646,0.65781,0.63129,0.63237,0.56707,0.55812,0.47362,0.41262,0.32249,0.23669,0.15736,0.06191,0.09458,0.25945,0.36805,0.43210
0.85931,0.86924,0.83834,0.85349,0.88583,0.87466,0.85223,0.88544,0.90401,0.87213,0.87719,0.83527,0.80094,0.75208,0.71361,0.66324,0.61928,0.58169,0.52134,0.50441,0.53569,0.51047,0.54732,0.51982,0.45346,0.46256,0.48275,0.41730,0.36655,0.39847,0.37043,0.27701,0.24952,0.27422,0.23458,0.13368,0.09744,0.07505,0.08997,-0.05144,0.02252,0.13666,0.19053,0.29435,0.34992,0.44088,0.48559,0.55934,0.58698,0.65474,0.68074,0.72877,0.78550,0.82906,0.86328,0.86641,0.83652,0.80909,0.84054,0.84251,0.79306,0.78984,0.77341,0.72806,0.70869,0.68899,0.63814,0.55256,0.49655,0.55662,0.51320,0.53570,0.51258,0.51134,0.57522,0.55559,0.62733,0.65854,0.69132,0.78633,0.80067,0.77797,0.83984,0.87127,0.82240,0.82357,0.87862,0.88894,0.84438,0.80880,0.83715,0.80722,0.81493,0.85674,0.81293,0.78397,0.75712,0.59969,0.53376,0.34996,0.29410,0.44299,0.29693,0.39763,0.52390,0.66813,0.67448,0.67626,0.56714,0.51894,0.40888,0.35300,0.30125,0.34842,0.24408,0.28492,0.42145,0.37101,0.30529,0.43692,0.48750,0.42808,0.39059,0.26755,0.18952,0.32291,0.47147,0.38613,0.48284,0.52751,0.58624,0.56658,0.61816,0.59833,0.65114,0.63539,0.62462,0.61915,0.54352,0.53690,0.45892,0.40282,0.34057,0.22882,0.14639,0.03356,0.02982,0.12565,0.21099,0.33942,0.43306,0.52565,0.55507,0.50945,0.42940,0.48417,0.50165,0.48269,0.56116,0.51850,0.41745,0.32876,0.21972,0.12781,0.08811,0.01070,0.07282,0.18399,0.23852,0.21949,0.32862,0.28452,0.35468,0.42954,0.47883,0.51815,0.54557,0.58517,0.58809,0.57252,0.52871,0.48016,0.42835,0.39157,0.31552,0.21041,0.15940,0.07076,0.00795,0.05533,-0.02595,-0.02934,-0.12345,-0.13948,-0.07350,-0.07193,0.04621,0.03668,0.15079,0.22188,0.32919,0.44282,0.53163,0.63098,0.69850,0.76545,0.80614,0.80553,0.73380,0.72719,0.74072,0.72528,0.68156,0.64773,0.64382,0.57167,0.55595,0.46734,0.39904,0.30923,0.21952,0.13626,0.03671,0.06958,0.25385,0.34467,0.41363
0.81859,0.82967,0.79559,0.81369,0.85048,0.83769,0.81426,0.85337,0.87586,0.84106,0.84887,0.80242,0.76336,0.70870,0.66689,0.61171,0.56691,0.52546,0.46239,0.44501,0.47972,0.45628,0.49681,0.46554,0.39771,0.41128,0.43199,0.36191,0.31257,0.34937,0.31911,0.22203,0.19928,0.22909,0.18541,0.08660,0.05064,0.02914,0.03839,-0.10947,-0.03547,0.07591,0.12951,0.23458,0.28746,0.38109,0.42380,0.50195,0.53406,0.60556,0.63604,0.68876,0.75204,0.80093,0.83940,0.84800,0.81691,0.78724,0.82431,0.83117,0.77796,0.77479,0.76438,0.71664,0.68969,0.67355,0.62560,0.53638,0.47561,0.53129,0.48260,0.49983,0.47748,0.47284,0.53933,0.51506,0.58787,0.61405,0.64350,0.74451,0.76717,0.74109,0.80584,0.84716,0.79627,0.79347,0.85491,0.87277,0.82576,0.79223,0.83105,0.81120,0.82789,0.88075,0.85138,0.82991,0.79818,0.65029,0.57771,0.39458,0.33701,0.45990,0.30725,0.40993,0.54657,0.68589,0.67798,0.66678,0.55034,0.49294,0.37681,0.31629,0.26024,0.30307,0.19784,0.24638,0.38118,0.32149,0.25749,0.39432,0.43935,0.37557,0.33203,0.20768,0.12218,0.25094,0.40496,0.31985,0.42012,0.46985,0.53435,0.51913,0.57622,0.55786,0.61801,0.60543,0.60139,0.60135,0.52947,0.52782,0.45575,0.39886,0.34373,0.22762,0.14916,0.03212,0.03628,0.13924,0.23655,0.37621,0.46392,0.56463,0.58908,0.53376,0.45684,0.51053,0.51788,0.49254,0.56389,0.51740,0.41690,0.31991,0.21119,0.11483,0.06765,-0.01267,0.04354,0.15274,0.20182,0.18367,0.29697,0.24538,0.31297,0.39038,0.43907,0.48052,0.50490,0.54772,0.55622,0.53822,0.49335,0.43976,0.38748,0.34573,0.26960,0.16368,0.11985,0.03471,-0.02215,0.02996,-0.04642,-0.04544,-0.13800,-0.14527,-0.08191,-0.07942,0.02976,0.01126,0.12387,0.19829,0.30991,0.42650,0.52436,0.62739,0.70470,0.76789,0.80124,0.79839,0.72332,0.70826,0.71557,0.69328,0.64356,0.60453,0.59773,0.51989,0.49929,0.40765,0.33504,0.24605,0.15360,0.07032,-0.02763,0.00761,0.19797,0.28736,0.35718
0.80249,0.81422,0.78437,0.80386,0.83992,0.82915,0.80992,0.84924,0.87318,0.84353,0.85310,0.80946,0.76969,0.71469,0.67292,0.61675,0.57558,0.53217,0.47045,0.45346,0.49041,0.47122,0.51401,0.48042,0.41516,0.43378,0.45439,0.38322,0.33802,0.37895,0.34886,0.25186,0.23526,0.27056,0.22379,0.12943,0.09276,0.06972,0.07488,-0.07798,-0.00358,0.10207,0.15353,0.25714,0.30326,0.39551,0.43201,0.50974,0.54572,0.61563,0.64886,0.70259,0.76591,0.81441,0.85124,0.86418,0.83740,0.80918,0.84645,0.85747,0.80818,0.80497,0.80131,0.75699,0.72560,0.71432,0.67378,0.58860,0.52794,0.57580,0.52559,0.53592,0.51657,0.50901,0.57412,0.54691,0.61585,0.63382,0.65397,0.75041,0.78195,0.75408,0.81240,0.86055,0.81550,0.80711,0.86577,0.88962,0.84796,0.82155,0.86458,0.85517,0.87475,0.92344,0.90050,0.88057,0.85774,0.72820,0.66310,0.49101,0.43607,0.54326,0.39253,0.49086,0.62462,0.75190,0.73588,0.71645,0.60358,0.54109,0.42546,0.36276,0.30383,0.34097,0.23880,0.29437,0.42130,0.35448,0.29625,0.43215,0.46784,0.40320,0.35348,0.23255,0.13764,0.25214,0.40600,0.32871,0.42807,0.48233,0.54987,0.54162,0.60088,0.58456,0.64688,0.63934,0.64312,0.64785,0.58497,0.58711,0.52392,0.47035,0.42222,0.30690,0.23354,0.11612,0.12378,0.22896,0.32887,0.46565,0.54837,0.64380,0.66447,0.61110,0.53968,0.58897,0.59246,0.56669,0.62929,0.58396,0.48959,0.39131,0.28705,0.19011,0.13708,0.05463,0.10489,0.20949,0.25134,0.23410,0.34529,0.28823,0.34975,0.42610,0.47196,0.51140,0.53208,0.57561,0.59036,0.57011,0.52581,0.47167,0.42088,0.37664,0.30343,0.20267,0.16844,0.08902,0.03909,0.09445,0.02157,0.02645,-0.06494,-0.06610,-0.00273,0.00129,0.10361,0.07730,0.18700,0.26145,0.37332,0.48733,0.58658,0.68428,0.76126,0.81511,0.83902,0.83381,0.76499,0.74354,0.74359,0.71665,0.66448,0.62334,0.61384,0.53562,0.51008,0.42083,0.34631,0.26364,0.16976,0.08784,-0.01010,0.01647,0.20237,0.26874,0.33398
0.68520,0.69945,0.65988,0.68351,0.72963,0.71491,0.68956,0.74037,0.77173,0.73248,0.74577,0.69042,0.64174,0.57607,0.52771,0.46346,0.41930,0.37201,0.30520,0.28830,0.32918,0.31100,0.35767,0.31907,0.25080,0.27400,0.29489,0.21823,0.17430,0.21983,0.18676,0.08636,0.07521,0.11655,0.06450,-0.02304,-0.05972,-0.07552,-0.08044,-0.23530,-0.16495,-0.06778,-0.01807,0.08578,0.12949,0.22568,0.26157,0.34546,0.38628,0.46334,0.50268,0.56422,0.64042,0.69996,0.74685,0.76728,0.73463,0.70089,0.74923,0.76743,0.70795,0.70478,0.70991,0.65866,0.61385,0.60716,0.56946,0.47576,0.40699,0.44899,0.39026,0.39304,0.37483,0.36307,0.43311,0.39950,0.47188,0.48607,0.50450,0.61560,0.65718,0.62333,0.69236,0.75595,0.70237,0.68967,0.76354,0.79939,0.74798,0.72076,0.78338,0.78974,0.82773,0.90433,0.90963,0.90619,0.86652,0.75150,0.66572,0.49135,0.44249,0.49118,0.32976,0.43030,0.58480,0.70566,0.66230,0.62025,0.49190,0.41388,0.28944,0.21839,0.15424,0.18521,0.08287,0.14873,0.27351,0.19399,0.13748,0.27977,0.30837,0.23904,0.18279,0.06655,-0.03980,0.07336,0.23617,0.15261,0.25593,0.31620,0.39086,0.38627,0.45455,0.43940,0.51247,0.50820,0.52164,0.53462,0.47593,0.48612,0.43233,0.37808,0.34381,0.22148,0.15750,0.03668,0.06176,0.17712,0.29724,0.45610,0.52514,0.63921,0.64997,0.57126,0.50643,0.55391,0.53717,0.49940,0.55008,0.49744,0.40346,0.29077,0.18959,0.08636,0.02099,-0.06242,-0.02460,0.07591,0.10934,0.09457,0.21403,0.14531,0.20071,0.28249,0.32800,0.36830,0.38629,0.43664,0.45791,0.43034,0.38463,0.32292,0.26985,0.22102,0.14839,0.04817,0.02189,-0.04865,-0.08718,-0.02600,-0.08845,-0.07620,-0.15932,-0.14569,-0.08899,-0.08151,-0.00109,-0.04249,0.06054,0.13604,0.25544,0.37398,0.48955,0.59560,0.69394,0.74316,0.75709,0.74785,0.66829,0.63294,0.62464,0.58778,0.52545,0.47667,0.46380,0.37656,0.34604,0.25101,0.17152,0.08878,-0.00697,-0.08680,-0.17830,-0.14355,0.04830,0.13756,0.20065
0.69460,0.70828,0.66882,0.69268,0.73860,0.72374,0.69866,0.74856,0.77970,0.74082,0.75372,0.69890,0.65060,0.58526,0.53737,0.47339,0.42897,0.38115,0.31478,0.29749,0.33810,0.31977,0.36670,0.32853,0.26040,0.28354,0.30488,0.22840,0.18415,0.23001,0.19775,0.09737,0.08582,0.12699,0.07577,-0.01334,-0.04818,-0.06667,-0.07036,-0.22508,-0.15356,-0.05593,-0.00644,0.09739,0.14095,0.23664,0.27270,0.35633,0.39691,0.47358,0.51257,0.57437,0.64926,0.70793,0.75408,0.77403,0.74175,0.70794,0.75574,0.77397,0.71512,0.71161,0.71616,0.66572,0.62177,0.61463,0.57678,0.48355,0.41540,0.45776,0.39948,0.40291,0.38472,0.37355,0.44331,0.41057,0.48313,0.49768,0.51601,0.62613,0.66735,0.63325,0.70154,0.76447,0.71106,0.69829,0.77113,0.80662,0.75572,0.72932,0.79121,0.79719,0.83451,0.90871,0.91280,0.91036,0.87180,0.75662,0.67109,0.50030,0.44722,0.49772,0.33619,0.43574,0.58961,0.71120,0.66954,0.62807,0.50074,0.42298,0.29839,0.22844,0.16436,0.19603,0.09391,0.15897,0.28389,0.20550,0.15063,0.29226,0.32107,0.25280,0.19632,0.07887,-0.02573,0.08522,0.24631,0.16409,0.26810,0.32785,0.40220,0.39705,0.46458,0.44912,0.52180,0.51731,0.53005,0.54232,0.48360,0.49304,0.43867,0.38446,0.34939,0.22737,0.16312,0.04284,0.06637,0.18217,0.30158,0.45859,0.52835,0.64081,0.65175,0.57607,0.51082,0.55765,0.54114,0.50440,0.55600,0.50399,0.40986,0.29779,0.19640,0.09337,0.02930,-0.05404,-0.01502,0.08490,0.11863,0.10329,0.22097,0.15300,0.21023,0.29081,0.33585,0.37622,0.39430,0.44307,0.46442,0.43916,0.39348,0.33276,0.28081,0.23174,0.15847,0.05800,0.03242,-0.03940,-0.07862,-0.01786,-0.08091,-0.06939,-0.15327,-0.14078,-0.08386,-0.07675,0.00539,-0.03438,0.06908,0.14553,0.26420,0.38242,0.49695,0.60250,0.69945,0.74909,0.76358,0.75440,0.67540,0.64094,0.63292,0.59679,0.53500,0.48648,0.47425,0.38732,0.35707,0.26245,0.18330,0.10075,0.00511,-0.07495,-0.16738,-0.13511,0.05885,0.13555,0.20136
0.74394,0.75614,0.72808,0.75063,0.78830,0.77813,0.76248,0.80431,0.83114,0.80492,0.81743,0.77449,0.73233,0.67467,0.63202,0.57357,0.53621,0.48952,0.42882,0.41224,0.45276,0.43910,0.48484,0.44804,0.38598,0.41140,0.43191,0.35879,0.31929,0.36604,0.33553,0.23888,0.23124,0.27344,0.22280,0.13621,0.10140,0.07863,0.07592,-0.08209,-0.00863,0.08693,0.13484,0.23499,0.27219,0.36200,0.39076,0.46870,0.50963,0.57848,0.61619,0.67267,0.73801,0.78812,0.82491,0.84467,0.82185,0.79419,0.83400,0.85166,0.80544,0.80203,0.80826,0.76708,0.72766,0.72284,0.69171,0.60999,0.54855,0.58566,0.53211,0.53263,0.51707,0.50531,0.56882,0.53760,0.60164,0.60902,0.61806,0.71173,0.75541,0.72400,0.77679,0.83543,0.79561,0.78003,0.83836,0.87164,0.83459,0.81722,0.87019,0.87762,0.90560,0.95417,0.94596,0.93321,0.91689,0.81371,0.75152,0.59690,0.54476,0.61698,0.46771,0.56022,0.69470,0.80476,0.77361,0.73867,0.62727,0.55546,0.43907,0.37298,0.31102,0.33906,0.24190,0.30730,0.42279,0.34542,0.29656,0.43086,0.45217,0.38638,0.32800,0.21074,0.10737,0.20167,0.35420,0.28702,0.38627,0.44609,0.51795,0.51883,0.58216,0.56898,0.63633,0.63541,0.64988,0.66192,0.61133,0.61935,0.56930,0.51991,0.48395,0.36940,0.30530,0.18861,0.20478,0.31450,0.42184,0.55796,0.63070,0.72338,0.73692,0.68087,0.61779,0.66017,0.65311,0.62442,0.67358,0.62869,0.54259,0.43964,0.34269,0.24442,0.18328,0.09962,0.13944,0.23618,0.26697,0.25126,0.36013,0.29544,0.34936,0.42383,0.46505,0.50247,0.51732,0.56181,0.58536,0.56333,0.52032,0.46419,0.41644,0.36857,0.29941,0.20504,0.18428,0.11360,0.07485,0.13477,0.07010,0.08085,-0.00648,0.00279,0.06289,0.06846,0.15691,0.11962,0.22257,0.29760,0.40963,0.52025,0.62370,0.71638,0.79753,0.83878,0.84918,0.84017,0.77650,0.74510,0.73434,0.69985,0.64308,0.59758,0.58451,0.50427,0.47216,0.38569,0.30892,0.23456,0.14052,0.06179,-0.03281,-0.01772,0.16040,0.19970,0.26073
0.64455,0.65865,0.62685,0.65253,0.69572,0.68410,0.66708,0.71627,0.74801,0.71858,0.73463,0.68612,0.63837,0.57437,0.52819,0.46489,0.42819,0.37883,0.31652,0.30056,0.34418,0.33375,0.38218,0.34166,0.28000,0.31046,0.33052,0.25458,0.21888,0.26975,0.23737,0.14030,0.13964,0.18780,0.13260,0.05475,0.01893,0.00113,-0.00984,-0.16815,-0.09966,-0.01423,0.03087,0.12841,0.16011,0.25050,0.27505,0.35543,0.40120,0.47324,0.51588,0.57671,0.64970,0.70613,0.74810,0.77510,0.75108,0.72094,0.76750,0.79171,0.74159,0.73832,0.75374,0.71040,0.66051,0.66138,0.63667,0.55275,0.48688,0.51554,0.45638,0.44838,0.43530,0.41915,0.48426,0.44735,0.51029,0.51018,0.51300,0.61252,0.66672,0.63130,0.68693,0.75811,0.71690,0.69597,0.76186,0.80558,0.76580,0.75166,0.81887,0.84163,0.88266,0.94722,0.96109,0.95949,0.93662,0.85375,0.78304,0.63376,0.58701,0.61344,0.46154,0.55241,0.69641,0.79390,0.74134,0.68808,0.56990,0.48688,0.36716,0.29553,0.22956,0.24968,0.15592,0.23075,0.33870,0.25020,0.20573,0.34174,0.35249,0.28357,0.21884,0.10883,-0.00547,0.07979,0.23582,0.16949,0.26914,0.33446,0.41178,0.41923,0.48877,0.47773,0.55216,0.55605,0.58081,0.60069,0.55810,0.57346,0.53514,0.48776,0.46492,0.34823,0.29366,0.17605,0.20507,0.32032,0.44027,0.58722,0.64764,0.74825,0.75389,0.68319,0.62870,0.66773,0.64547,0.60839,0.64423,0.59571,0.51453,0.40315,0.31174,0.21068,0.13897,0.05514,0.08254,0.17274,0.19388,0.18055,0.29217,0.21861,0.26386,0.34021,0.37914,0.41513,0.42588,0.47523,0.50625,0.47845,0.43529,0.37470,0.32685,0.27546,0.20939,0.11951,0.10898,0.04845,0.02124,0.08569,0.03123,0.04932,-0.03038,-0.00864,0.04573,0.05358,0.12266,0.07215,0.16761,0.24252,0.35764,0.46806,0.58118,0.67535,0.76921,0.80183,0.80034,0.78785,0.72152,0.67812,0.65822,0.61528,0.55145,0.50047,0.48375,0.39853,0.36089,0.27305,0.19317,0.12316,0.02865,-0.04638,-0.13439,-0.11840,0.05622,0.10155,0.15797
0.51723,0.53318,0.49219,0.52088,0.57270,0.55698,0.53403,0.59224,0.62995,0.59139,0.60980,0.55134,0.49657,0.42454,0.37357,0.30458,0.26520,0.21335,0.14838,0.13253,0.17791,0.16797,0.21878,0.17521,0.11236,0.14551,0.16547,0.08702,0.05289,0.10627,0.07275,-0.02436,-0.02084,0.03070,-0.02655,-0.09711,-0.13004,-0.14240,-0.16086,-0.31490,-0.25097,-0.17594,-0.13435,-0.03975,-0.01064,0.08041,0.10492,0.18826,0.23647,0.31332,0.35973,0.42666,0.50873,0.57367,0.62382,0.65624,0.62697,0.59196,0.64740,0.67734,0.61851,0.61513,0.63724,0.58830,0.52826,0.53252,0.50991,0.42016,0.34895,0.37251,0.30765,0.29436,0.28234,0.26347,0.33170,0.29091,0.35635,0.35444,0.35672,0.46732,0.52776,0.48750,0.55231,0.63512,0.58567,0.56171,0.64023,0.69317,0.64431,0.62934,0.71237,0.74762,0.80472,0.89424,0.93461,0.95041,0.91022,0.84192,0.75235,0.60709,0.56289,0.53474,0.37642,0.46581,0.62569,0.71589,0.63973,0.56802,0.43882,0.34429,0.21957,0.14352,0.07498,0.08989,-0.00174,0.07925,0.18308,0.08780,0.04712,0.18494,0.19034,0.12025,0.05181,-0.05109,-0.16997,-0.08756,0.06980,-0.00134,0.09915,0.16718,0.24809,0.25732,0.33199,0.32167,0.40346,0.40947,0.44130,0.46727,0.42881,0.45043,0.42078,0.37388,0.36367,0.24407,0.19961,0.08359,0.12656,0.24825,0.38312,0.54611,0.59185,0.70730,0.70279,0.61138,0.56364,0.59986,0.55964,0.51323,0.53830,0.48444,0.40531,0.28459,0.19829,0.09512,0.01592,-0.06565,-0.04979,0.03290,0.04605,0.03463,0.14876,0.06804,0.10845,0.18674,0.22423,0.26037,0.26880,0.32183,0.35777,0.32640,0.28276,0.21745,0.16941,0.11516,0.05089,-0.03642,-0.03878,-0.09042,-0.10697,-0.04063,-0.08390,-0.05943,-0.12816,-0.09417,-0.04810,-0.03659,0.01065,-0.05078,0.03494,0.10842,0.22621,0.33743,0.46170,0.56121,0.67195,0.70098,0.69163,0.67582,0.60056,0.54663,0.52073,0.47076,0.39957,0.34348,0.32503,0.23417,0.19385,0.10353,0.02183,-0.04652,-0.13972,-0.21005,-0.28952,-0.26581,-0.09004,-0.02912,0.02890
0.53552,0.55053,0.51721,0.54565,0.59251,0.58002,0.56354,0.61676,0.65239,0.62244,0.64075,0.59011,0.53889,0.47155,0.42399,0.35858,0.32438,0.27272,0.21175,0.19650,0.24235,0.23644,0.28694,0.24372,0.18546,0.22124,0.24079,0.16422,0.13417,0.18940,0.15708,0.06244,0.07003,0.12352,0.06656,-0.00141,-0.03203,-0.04715,-0.06691,-0.22407,-0.15793,-0.08663,-0.04739,0.04367,0.06689,0.15321,0.17178,0.25098,0.30007,0.37140,0.41749,0.48138,0.55706,0.61646,0.66037,0.69372,0.67127,0.64005,0.69082,0.72147,0.67136,0.66765,0.69218,0.65019,0.59212,0.59875,0.58191,0.50037,0.43385,0.45222,0.39020,0.37375,0.36418,0.34462,0.40854,0.36838,0.42756,0.41958,0.41360,0.51272,0.57678,0.53754,0.59110,0.67287,0.63298,0.60596,0.67488,0.72799,0.68881,0.68126,0.76003,0.79857,0.85096,0.92411,0.95969,0.97120,0.94640,0.89070,0.81580,0.68635,0.64051,0.61986,0.46969,0.55291,0.69995,0.77983,0.70798,0.63800,0.51990,0.42820,0.30907,0.23531,0.16817,0.17932,0.09195,0.17433,0.26979,0.17434,0.14001,0.27267,0.27132,0.20377,0.13246,0.03044,-0.08849,-0.02094,0.12958,0.06993,0.16673,0.23558,0.31503,0.32919,0.40101,0.39278,0.47191,0.48068,0.51511,0.54171,0.51058,0.53179,0.50712,0.46434,0.45560,0.34167,0.29934,0.18683,0.22645,0.34487,0.47227,0.62097,0.66638,0.76686,0.76235,0.68425,0.63962,0.67138,0.63543,0.59432,0.61567,0.56676,0.49448,0.37959,0.29794,0.19809,0.12055,0.03987,0.05448,0.13304,0.14220,0.13072,0.23831,0.15833,0.19581,0.26943,0.30312,0.33702,0.34208,0.39094,0.42899,0.40122,0.36042,0.29795,0.25375,0.19940,0.13901,0.05655,0.06021,0.01095,-0.00305,0.06309,0.02065,0.04533,-0.02431,0.00890,0.05580,0.06668,0.11525,0.05417,0.13746,0.20920,0.32254,0.42751,0.54479,0.63451,0.73540,0.75733,0.74325,0.72697,0.66248,0.60924,0.58003,0.53031,0.46186,0.40733,0.38810,0.30148,0.25895,0.17499,0.09494,0.03382,-0.05771,-0.12592,-0.20578,-0.19399,-0.02954,-0.00002,0.05042
0.53379,0.54770,0.52564,0.55377,0.59338,0.58604,0.57890,0.62585,0.65857,0.64115,0.66036,0.62054,0.57432,0.51357,0.47120,0.41082,0.38514,0.33488,0.27996,0.26650,0.31270,0.31292,0.36215,0.31943,0.26871,0.30803,0.32600,0.25317,0.23012,0.28648,0.25558,0.16649,0.18050,0.23620,0.17906,0.11861,0.08749,0.07074,0.04881,-0.10937,-0.04554,0.01893,0.05543,0.14020,0.15437,0.23357,0.24258,0.31551,0.36614,0.42929,0.47540,0.53395,0.60172,0.65366,0.68933,0.72465,0.71155,0.68614,0.73050,0.76251,0.72451,0.72109,0.75058,0.71801,0.66186,0.67323,0.66604,0.59683,0.53671,0.54580,0.48758,0.46502,0.45913,0.43746,0.49426,0.45351,0.50191,0.48348,0.46589,0.54846,0.61799,0.58126,0.61907,0.70001,0.67450,0.64334,0.69922,0.75321,0.72775,0.73056,0.80359,0.84822,0.89467,0.94687,0.97707,0.98209,0.97804,0.94266,0.88930,0.77996,0.73668,0.72396,0.58977,0.66367,0.79121,0.85270,0.78540,0.71657,0.61446,0.52684,0.41768,0.34718,0.28159,0.28563,0.20635,0.29064,0.37168,0.27434,0.24752,0.37084,0.35832,0.29254,0.21836,0.12135,0.00144,0.04661,0.18747,0.14562,0.23596,0.30590,0.38371,0.40644,0.47530,0.47105,0.54596,0.55994,0.59946,0.62831,0.60901,0.63167,0.61640,0.57974,0.57537,0.47076,0.43258,0.32562,0.36256,0.47358,0.59079,0.71928,0.76236,0.84312,0.83979,0.77687,0.73952,0.76554,0.73409,0.69822,0.71141,0.66871,0.60775,0.50150,0.42787,0.33340,0.25592,0.17691,0.18700,0.25900,0.26183,0.25140,0.34962,0.27110,0.29984,0.36726,0.39576,0.42566,0.42583,0.47136,0.51317,0.48659,0.44958,0.39125,0.35169,0.29801,0.24459,0.17147,0.18307,0.14058,0.13145,0.19743,0.15865,0.18464,0.11546,0.14943,0.19659,0.20569,0.25200,0.18926,0.26780,0.33709,0.44283,0.53792,0.64526,0.72042,0.80842,0.81794,0.79528,0.77875,0.73031,0.67645,0.64175,0.59143,0.52695,0.47418,0.45263,0.37268,0.32663,0.25171,0.17417,0.12406,0.03579,-0.02858,-0.10592,-0.11100,0.03279,0.02997,0.06689
0.37673,0.39285,0.36050,0.39127,0.44002,0.42828,0.41429,0.47137,0.51040,0.48256,0.50460,0.45349,0.39966,0.33023,0.28237,0.21596,0.18759,0.13558,0.07809,0.06499,0.11271,0.11352,0.16465,0.11895,0.06730,0.10904,0.12638,0.05151,0.03076,0.08887,0.05651,-0.03151,-0.01283,0.04617,-0.01321,-0.06321,-0.09308,-0.10198,-0.13263,-0.28283,-0.22714,-0.17542,-0.14311,-0.06255,-0.05126,0.02837,0.03707,0.11287,0.16600,0.23442,0.28445,0.34904,0.42744,0.48916,0.53440,0.57593,0.55659,0.52602,0.58044,0.61848,0.57054,0.56735,0.60461,0.56556,0.49768,0.51318,0.50902,0.43367,0.36741,0.37024,0.30565,0.27669,0.27215,0.24711,0.30699,0.26157,0.31230,0.29157,0.27381,0.36927,0.44512,0.40330,0.45200,0.54566,0.51079,0.47654,0.54709,0.61120,0.57512,0.57612,0.66699,0.72559,0.79004,0.87246,0.93323,0.95693,0.93269,0.91479,0.84044,0.73339,0.69708,0.62082,0.48101,0.55368,0.69814,0.74982,0.65545,0.56606,0.45162,0.35126,0.23782,0.16235,0.09428,0.09179,0.01638,0.10683,0.18208,0.07745,0.05388,0.17759,0.15866,0.09173,0.01435,-0.07208,-0.19807,-0.15445,-0.01199,-0.06005,0.02999,0.10269,0.18403,0.20903,0.28385,0.28040,0.36296,0.37958,0.42731,0.46350,0.44917,0.47946,0.47481,0.43904,0.44963,0.34226,0.31665,0.21212,0.26550,0.38207,0.51583,0.66319,0.68795,0.78604,0.77063,0.68267,0.65383,0.67745,0.62602,0.57869,0.57862,0.52983,0.47185,0.35576,0.28912,0.19307,0.10681,0.03056,0.02631,0.08913,0.08280,0.07509,0.17631,0.09031,0.11184,0.18097,0.20804,0.23727,0.23500,0.28557,0.33239,0.30014,0.26268,0.19929,0.15946,0.10364,0.05313,-0.01584,0.00391,-0.02691,-0.02344,0.04459,0.01873,0.05252,-0.00313,0.04597,0.08334,0.09670,0.11649,0.04044,0.10716,0.17371,0.28162,0.37676,0.49641,0.57738,0.68472,0.68973,0.65770,0.63761,0.57895,0.51287,0.47130,0.41304,0.34040,0.28223,0.25855,0.17277,0.12392,0.04631,-0.03264,-0.08049,-0.16673,-0.22514,-0.29179,-0.28719,-0.14501,-0.11925,-0.07979
0.23093,0.24755,0.21278,0.24509,0.29660,0.28347,0.26894,0.32944,0.37120,0.34149,0.36564,0.31226,0.25626,0.18484,0.13670,0.07021,0.04443,-0.00737,-0.06196,-0.07367,-0.02588,-0.02126,0.02937,-0.01696,-0.06376,-0.01912,-0.00313,-0.07557,-0.09018,-0.03098,-0.06222,-0.14396,-0.11844,-0.05689,-0.11580,-0.15211,-0.17706,-0.17948,-0.21835,-0.36023,-0.31048,-0.27573,-0.25063,-0.18007,-0.17661,-0.10410,-0.10084,-0.02859,0.02535,0.09138,0.14292,0.20815,0.28837,0.35223,0.39945,0.44566,0.42672,0.39546,0.45317,0.49608,0.44761,0.44427,0.48877,0.45088,0.37661,0.39710,0.40024,0.32850,0.26335,0.25625,0.19092,0.15514,0.15394,0.12654,0.18333,0.13573,0.18159,0.15485,0.13133,0.22551,0.30713,0.26307,0.31081,0.41203,0.37751,0.33895,0.41256,0.48368,0.44706,0.45241,0.55277,0.62480,0.69928,0.79238,0.87547,0.91238,0.88324,0.89297,0.81356,0.72774,0.69641,0.56970,0.43664,0.49869,0.64312,0.67654,0.56416,0.46054,0.34830,0.24236,0.13391,0.05843,-0.00790,-0.01915,-0.08500,0.00887,0.06932,-0.03842,-0.05255,0.06298,0.03376,-0.02924,-0.10907,-0.18233,-0.30734,-0.27918,-0.14724,-0.18992,-0.10699,-0.03440,0.04601,0.07593,0.15099,0.15000,0.23455,0.25480,0.31012,0.35173,0.34837,0.38383,0.39306,0.36310,0.38823,0.28773,0.27608,0.18050,0.24425,0.35922,0.49688,0.64303,0.65074,0.74891,0.72330,0.62679,0.60934,0.62563,0.56080,0.50900,0.49406,0.44572,0.39835,0.28247,0.22860,0.13721,0.04742,-0.02203,-0.03987,0.00868,-0.00920,-0.01452,0.07981,-0.00951,0.00267,0.06718,0.08877,0.11505,0.10794,0.15769,0.20877,0.17606,0.14235,0.07870,0.04322,-0.01308,-0.05581,-0.11450,-0.08270,-0.10011,-0.08303,-0.01577,-0.02777,0.01152,-0.03006,0.03027,0.05709,0.07285,0.06844,-0.01647,0.03531,0.09579,0.19800,0.28455,0.40522,0.48077,0.59380,0.58867,0.54598,0.52249,0.46536,0.39117,0.34246,0.27947,0.20439,0.14461,0.11927,0.03488,-0.01590,-0.08785,-0.16337,-0.20125,-0.28046,-0.32915,-0.38311,-0.37872,-0.25293,-0.22839,-0.19575
0.23823,0.25288,0.23540,0.26661,0.30634,0.30089,0.30020,0.35014,0.38659,0.37597,0.40026,0.36407,0.31670,0.25635,0.21655,0.15896,0.14579,0.09687,0.05223,0.04331,0.09047,0.10379,0.15175,0.10705,0.07183,0.12068,0.13424,0.06840,0.06385,0.12370,0.09499,0.02233,0.05598,0.11953,0.06194,0.03632,0.01278,0.00887,-0.03285,-0.17677,-0.12745,-0.10294,-0.08322,-0.02284,-0.03195,0.02878,0.01877,0.08053,0.13520,0.18798,0.23802,0.29436,0.36113,0.41261,0.44648,0.49391,0.48904,0.46679,0.51348,0.55690,0.52717,0.52382,0.57327,0.55030,0.48112,0.50709,0.52309,0.47013,0.41592,0.39669,0.33885,0.29624,0.30063,0.27167,0.31717,0.27025,0.30059,0.26017,0.22038,0.28871,0.37647,0.33684,0.36049,0.45794,0.44458,0.40070,0.45338,0.52383,0.50777,0.52769,0.61651,0.69498,0.75783,0.81618,0.88843,0.91412,0.91796,0.95727,0.90986,0.85565,0.82557,0.71739,0.60851,0.65606,0.76960,0.77763,0.67529,0.57671,0.49021,0.39228,0.30015,0.23045,0.16809,0.14745,0.09345,0.18788,0.22835,0.12119,0.11822,0.21811,0.17447,0.11667,0.03392,-0.03169,-0.15652,-0.15831,-0.04175,-0.06031,0.01160,0.08418,0.16026,0.20085,0.26926,0.27401,0.35065,0.37662,0.43714,0.48020,0.49314,0.52826,0.54942,0.52917,0.55946,0.47452,0.46863,0.38233,0.44049,0.54367,0.66248,0.77649,0.78143,0.84761,0.82436,0.75312,0.74506,0.75263,0.69585,0.65405,0.62965,0.59191,0.56129,0.46076,0.41922,0.33676,0.25039,0.18454,0.16222,0.20101,0.17492,0.17071,0.25066,0.16498,0.16642,0.22082,0.23406,0.25347,0.23883,0.28078,0.33523,0.30777,0.28169,0.22517,0.19771,0.14339,0.11159,0.06594,0.10729,0.09891,0.12144,0.18695,0.17879,0.21889,0.17779,0.23708,0.26431,0.27780,0.27268,0.18832,0.23286,0.28804,0.37812,0.44862,0.55217,0.60566,0.69632,0.67401,0.62110,0.59790,0.56470,0.49232,0.43751,0.37571,0.30794,0.25239,0.22496,0.15201,0.09748,0.04073,-0.02981,-0.05150,-0.12462,-0.16608,-0.21553,-0.23185,-0.13815,-0.16049,-0.15306
0.20978,0.22460,0.20636,0.23809,0.27881,0.27307,0.27196,0.32332,0.36038,0.34905,0.37402,0.33662,0.28834,0.22689,0.18651,0.12813,0.11529,0.06622,0.02148,0.01289,0.06055,0.07445,0.12269,0.07718,0.04233,0.09196,0.10506,0.03880,0.03533,0.09557,0.06606,-0.00612,0.02874,0.09270,0.03467,0.01118,-0.01200,-0.01504,-0.05856,-0.20071,-0.15410,-0.13152,-0.11226,-0.05301,-0.06263,-0.00211,-0.01278,0.04894,0.10420,0.15742,0.20815,0.26510,0.33351,0.38610,0.42103,0.46981,0.46442,0.44195,0.49013,0.53442,0.50382,0.50093,0.55176,0.52803,0.45723,0.48426,0.50121,0.44798,0.39287,0.37200,0.31294,0.26902,0.27356,0.24351,0.28882,0.24068,0.27075,0.22922,0.18883,0.25826,0.34732,0.30733,0.33201,0.43131,0.41745,0.37327,0.42759,0.49959,0.48251,0.50284,0.59390,0.67479,0.74019,0.80358,0.88056,0.90858,0.90907,0.95146,0.90260,0.84851,0.81717,0.70226,0.59439,0.64228,0.75707,0.76190,0.65576,0.55386,0.46618,0.36666,0.27467,0.20467,0.14181,0.11917,0.06606,0.16113,0.19969,0.09151,0.08901,0.18825,0.14303,0.08482,0.00146,-0.06331,-0.18908,-0.19136,-0.07417,-0.09275,-0.02094,0.05226,0.12898,0.17059,0.23967,0.24538,0.32344,0.35016,0.41238,0.45686,0.47093,0.50769,0.53098,0.51075,0.54379,0.45881,0.45514,0.37004,0.43087,0.53402,0.65503,0.77193,0.77292,0.84094,0.81593,0.74054,0.73424,0.74150,0.68255,0.63871,0.61159,0.57292,0.54348,0.44188,0.40149,0.31917,0.23093,0.16658,0.14126,0.17831,0.15067,0.14742,0.22821,0.14157,0.14102,0.19551,0.20810,0.22768,0.21201,0.25414,0.30906,0.28123,0.25585,0.19827,0.17112,0.11609,0.08545,0.04031,0.08301,0.07699,0.10168,0.16762,0.16235,0.20388,0.16529,0.22734,0.25236,0.26610,0.25618,0.16948,0.21135,0.26653,0.35639,0.42625,0.53109,0.58480,0.67830,0.65460,0.59940,0.57609,0.54210,0.46783,0.41166,0.34849,0.27960,0.22301,0.19475,0.12132,0.06601,0.00908,-0.06167,-0.08287,-0.15522,-0.19557,-0.24271,-0.25699,-0.16301,-0.17922,-0.17234
0.02549,0.04136,0.01391,0.04698,0.09453,0.08446,0.07696,0.13524,0.17680,0.15588,0.18258,0.13638,0.08334,0.01695,-0.02600,-0.08643,-0.10085,-0.14933,-0.19347,-0.20129,-0.15475,-0.14035,-0.09298,-0.13856,-0.17135,-0.12163,-0.10970,-0.17357,-0.17388,-0.11466,-0.14322,-0.20938,-0.17079,-0.10688,-0.16300,-0.17354,-0.19132,-0.18690,-0.23705,-0.36361,-0.32631,-0.31956,-0.30698,-0.25735,-0.27066,-0.21524,-0.22657,-0.16694,-0.11252,-0.05823,-0.00658,0.05286,0.12699,0.18581,0.22772,0.28031,0.26966,0.24333,0.29859,0.34725,0.30910,0.30623,0.36243,0.33457,0.25619,0.28632,0.30611,0.25120,0.19419,0.16691,0.10542,0.05736,0.06333,0.03179,0.07688,0.02698,0.05684,0.01481,-0.02481,0.05164,0.14257,0.09928,0.13203,0.23907,0.21759,0.17183,0.23682,0.31537,0.28986,0.30849,0.41240,0.50372,0.58403,0.67371,0.77915,0.82619,0.80635,0.86697,0.80108,0.75931,0.73321,0.55726,0.45136,0.49192,0.61594,0.60887,0.47991,0.36238,0.26935,0.16289,0.07271,0.00302,-0.05792,-0.08644,-0.13064,-0.03550,-0.00751,-0.11578,-0.11243,-0.01969,-0.06910,-0.12366,-0.20567,-0.25491,-0.37662,-0.38552,-0.27779,-0.29926,-0.23334,-0.16232,-0.08757,-0.04547,0.02459,0.03068,0.11201,0.14021,0.20747,0.25676,0.27664,0.31877,0.35285,0.33593,0.38318,0.30203,0.31276,0.23697,0.31101,0.41345,0.54332,0.66971,0.65066,0.73062,0.69347,0.59920,0.60296,0.60519,0.52886,0.47653,0.43619,0.39445,0.37157,0.26667,0.23753,0.15985,0.06881,0.01264,-0.02644,-0.00366,-0.04070,-0.04129,0.03471,-0.05419,-0.06196,-0.01028,-0.00108,0.01814,0.00024,0.04394,0.10101,0.07048,0.04668,-0.01255,-0.03701,-0.09203,-0.11672,-0.15366,-0.10221,-0.09548,-0.05778,0.00535,0.01528,0.06225,0.04064,0.11507,0.12691,0.14460,0.10627,0.01153,0.03687,0.08554,0.17052,0.23500,0.34497,0.39963,0.50646,0.47845,0.41610,0.39001,0.34903,0.26675,0.20619,0.13870,0.06593,0.00735,-0.02137,-0.09561,-0.15018,-0.20476,-0.27165,-0.28697,-0.35143,-0.38158,-0.41391,-0.41886,-0.33263,-0.32730,-0.31721
-0.07421,-0.05998,-0.07655,-0.04489,-0.00518,-0.01070,-0.00922,0.04167,0.07997,0.07141,0.09825,0.06393,0.01746,-0.03997,-0.07569,-0.12751,-0.13122,-0.17575,-0.20940,-0.21430,-0.17021,-0.14798,-0.10465,-0.14753,-0.16777,-0.11537,-0.10640,-0.16152,-0.15088,-0.09294,-0.11795,-0.17072,-0.12363,-0.05949,-0.11169,-0.10499,-0.11696,-0.10913,-0.16468,-0.28190,-0.24971,-0.26220,-0.25893,-0.22544,-0.25195,-0.21204,-0.23537,-0.18803,-0.13502,-0.09365,-0.04415,0.00726,0.07032,0.11971,0.15249,0.20685,0.20624,0.18646,0.23434,0.28463,0.26013,0.25732,0.31947,0.30335,0.22725,0.26305,0.29551,0.25795,0.21160,0.17066,0.11641,0.06117,0.07276,0.04009,0.07379,0.02553,0.04009,-0.01323,-0.06600,-0.01103,0.08392,0.04396,0.05846,0.16348,0.15712,0.10672,0.15708,0.23663,0.22567,0.25629,0.35491,0.45538,0.53174,0.60137,0.71055,0.75725,0.75705,0.85365,0.80868,0.80566,0.78407,0.59161,0.51060,0.53279,0.63123,0.59516,0.46606,0.34694,0.27640,0.17620,0.10429,0.04153,-0.01244,-0.05214,-0.08018,0.01366,0.01755,-0.08771,-0.07042,0.00227,-0.06139,-0.10749,-0.18954,-0.22340,-0.33669,-0.37709,-0.29271,-0.29278,-0.24177,-0.17426,-0.10657,-0.05582,0.00670,0.01810,0.09219,0.12532,0.19809,0.24995,0.28740,0.33096,0.38101,0.37544,0.43386,0.37169,0.39534,0.33580,0.40929,0.49805,0.61268,0.71023,0.67918,0.73410,0.69313,0.61431,0.63216,0.62295,0.54597,0.49988,0.44480,0.41230,0.40887,0.31872,0.30810,0.24358,0.15686,0.11091,0.06083,0.06581,0.01677,0.01869,0.07692,-0.00829,-0.02891,0.01028,0.00963,0.02225,-0.00314,0.03236,0.09185,0.06623,0.05118,-0.00125,-0.01636,-0.06815,-0.07850,-0.09824,-0.03392,-0.01224,0.03723,0.09552,0.11775,0.16679,0.15694,0.23515,0.23861,0.25635,0.20187,0.10598,0.11404,0.15219,0.22141,0.26600,0.36062,0.39440,0.48554,0.44073,0.36686,0.33991,0.31769,0.23496,0.16789,0.10074,0.03448,-0.01986,-0.04974,-0.11222,-0.16836,-0.20596,-0.26387,-0.26065,-0.31282,-0.33016,-0.34995,-0.36781,-0.31663,-0.34667,-0.36046
-0.04193,-0.02917,-0.03447,-0.00434,0.02716,0.02676,0.03663,0.07985,0.11415,0.11756,0.14357,0.12031,0.08011,0.03060,0.00043,-0.04548,-0.04204,-0.08409,-0.11172,-0.11533,-0.07241,-0.04621,-0.00496,-0.04604,-0.06022,-0.00669,0.00117,-0.04955,-0.03439,0.02280,-0.00031,-0.04804,0.00177,0.06575,0.01504,0.02552,0.01334,0.01813,-0.03655,-0.15393,-0.12248,-0.13732,-0.13584,-0.10664,-0.13858,-0.10491,-0.13488,-0.09397,-0.04128,-0.00790,0.03971,0.08482,0.13860,0.17950,0.20347,0.25695,0.26469,0.25095,0.29111,0.33993,0.32691,0.32434,0.38722,0.37977,0.30890,0.34675,0.38511,0.35858,0.31894,0.27324,0.22431,0.16720,0.18120,0.14834,0.17523,0.12804,0.13374,0.07403,0.01364,0.05270,0.14877,0.11273,0.11311,0.21287,0.21900,0.16715,0.20381,0.28052,0.28194,0.32006,0.40839,0.50870,0.57569,0.62255,0.71934,0.75633,0.77663,0.88446,0.86109,0.87233,0.85129,0.68017,0.61326,0.62866,0.70700,0.65968,0.54167,0.43011,0.37566,0.28299,0.22096,0.16283,0.11122,0.06829,0.04596,0.13811,0.13266,0.02954,0.05094,0.11479,0.04510,0.00145,-0.07995,-0.11022,-0.22244,-0.27692,-0.20142,-0.18781,-0.14280,-0.07618,-0.01156,0.04407,0.10181,0.11593,0.18400,0.21952,0.29310,0.34396,0.38842,0.43050,0.48463,0.48332,0.54088,0.48752,0.51154,0.45665,0.52363,0.60408,0.70532,0.78267,0.75362,0.78918,0.75197,0.69086,0.71234,0.69953,0.63108,0.59225,0.53500,0.50915,0.51381,0.43399,0.42795,0.36907,0.28572,0.24179,0.19226,0.19448,0.14356,0.14614,0.19659,0.11488,0.08957,0.12297,0.11870,0.12774,0.09974,0.13056,0.19001,0.16681,0.15565,0.10839,0.09721,0.04752,0.04238,0.02880,0.09587,0.12019,0.16933,0.22589,0.24776,0.29528,0.28348,0.35738,0.36305,0.37928,0.32922,0.23665,0.24328,0.27874,0.34059,0.37677,0.45948,0.48067,0.55630,0.50385,0.42695,0.40131,0.39355,0.31449,0.24620,0.18161,0.12115,0.07039,0.03992,-0.01510,-0.07223,-0.10168,-0.15632,-0.14576,-0.19464,-0.20948,-0.22881,-0.25773,-0.22247,-0.27969,-0.30564
-0.14961,-0.13554,-0.15081,-0.11980,-0.08103,-0.08593,-0.08370,-0.03361,0.00455,-0.00285,0.02401,-0.00917,-0.05442,-0.10967,-0.14337,-0.19313,-0.19384,-0.23558,-0.26550,-0.26900,-0.22683,-0.20319,-0.16223,-0.20364,-0.21986,-0.16802,-0.16034,-0.21109,-0.19713,-0.14122,-0.16451,-0.21099,-0.16173,-0.09867,-0.14859,-0.13332,-0.14408,-0.13386,-0.19118,-0.29831,-0.27351,-0.29401,-0.29476,-0.26806,-0.29853,-0.26413,-0.29066,-0.24810,-0.19622,-0.15840,-0.10988,-0.06113,-0.00023,0.04743,0.07915,0.13427,0.13483,0.11636,0.16356,0.21458,0.19193,0.18946,0.25398,0.23993,0.16350,0.20169,0.23781,0.20528,0.16129,0.11535,0.06288,0.00563,0.01883,-0.01457,0.01530,-0.03306,-0.02279,-0.07886,-0.13389,-0.08359,0.01148,-0.02754,-0.01560,0.08900,0.08485,0.03425,0.08278,0.16325,0.15397,0.18645,0.28486,0.38898,0.46736,0.53884,0.65444,0.70494,0.70413,0.81284,0.77013,0.77788,0.76052,0.55223,0.48093,0.49671,0.58827,0.54110,0.40781,0.28632,0.22165,0.12304,0.05781,-0.00166,-0.05293,-0.09666,-0.11700,-0.02594,-0.03193,-0.13405,-0.11303,-0.04926,-0.11711,-0.16009,-0.23899,-0.26078,-0.37308,-0.42090,-0.34576,-0.34141,-0.29689,-0.23170,-0.16739,-0.11474,-0.05496,-0.04220,0.02948,0.06409,0.13909,0.19217,0.23509,0.28052,0.33738,0.33484,0.39951,0.34384,0.37455,0.32219,0.39868,0.48120,0.59240,0.68513,0.64501,0.69683,0.65220,0.57200,0.59661,0.58414,0.50413,0.45727,0.39505,0.36430,0.36805,0.28244,0.27919,0.22050,0.13471,0.09369,0.03754,0.03461,-0.01910,-0.01525,0.03680,-0.04620,-0.07326,-0.03866,-0.04249,-0.03272,-0.05987,-0.02517,0.03490,0.00816,-0.00452,-0.05428,-0.06640,-0.11594,-0.12104,-0.13339,-0.06538,-0.03557,0.01920,0.07468,0.10384,0.15437,0.15173,0.23242,0.23132,0.25026,0.18446,0.08684,0.08649,0.11993,0.18195,0.22001,0.31028,0.33821,0.42776,0.37767,0.29965,0.27246,0.25384,0.16981,0.10094,0.03384,-0.03058,-0.08349,-0.11348,-0.17197,-0.22734,-0.26010,-0.31389,-0.30471,-0.35133,-0.36198,-0.37340,-0.39029,-0.35121,-0.37758,-0.39329
-0.28323,-0.26972,-0.28591,-0.25596,-0.21754,-0.22325,-0.22142,-0.17200,-0.13439,-0.14257,-0.11560,-0.14825,-0.19220,-0.24486,-0.27622,-0.32174,-0.31958,-0.35796,-0.38265,-0.38470,-0.34559,-0.31981,-0.28241,-0.32133,-0.33133,-0.28057,-0.27494,-0.31950,-0.30019,-0.24749,-0.26856,-0.30517,-0.25272,-0.19232,-0.23761,-0.20912,-0.21378,-0.19795,-0.25930,-0.35051,-0.33309,-0.36902,-0.37689,-0.36246,-0.39844,-0.37413,-0.40395,-0.36816,-0.31949,-0.28735,-0.24103,-0.19530,-0.13768,-0.09179,-0.06077,-0.00536,-0.00404,-0.02177,0.02482,0.07663,0.05557,0.05336,0.12003,0.10827,0.03184,0.07188,0.11266,0.08649,0.04717,-0.00514,-0.05444,-0.11408,-0.09886,-0.13203,-0.10757,-0.15405,-0.14974,-0.20787,-0.26440,-0.21982,-0.12632,-0.16420,-0.15472,-0.05065,-0.05339,-0.10444,-0.05713,0.02419,0.01551,0.04993,0.14972,0.25864,0.34067,0.41620,0.54391,0.60347,0.59785,0.72487,0.68089,0.70934,0.69549,0.45700,0.39864,0.40358,0.48762,0.42576,0.28560,0.15946,0.10218,0.00603,-0.04899,-0.10334,-0.14869,-0.19811,-0.20753,-0.12079,-0.14024,-0.23706,-0.20856,-0.15808,-0.23071,-0.26713,-0.34244,-0.35242,-0.45243,-0.51270,-0.45395,-0.44337,-0.40893,-0.34908,-0.29082,-0.23709,-0.18191,-0.16722,-0.09917,-0.06356,0.01290,0.06742,0.11800,0.16500,0.23112,0.23464,0.30883,0.26454,0.30651,0.26781,0.34796,0.42198,0.52824,0.61162,0.55803,0.60531,0.55349,0.47194,0.50643,0.48772,0.40060,0.35327,0.28124,0.25331,0.26709,0.18879,0.19907,0.14985,0.06757,0.03663,-0.02925,-0.04684,-0.10794,-0.10197,-0.06059,-0.13981,-0.17399,-0.14655,-0.15590,-0.14948,-0.18004,-0.14961,-0.08980,-0.11334,-0.12089,-0.16758,-0.17437,-0.22095,-0.21733,-0.21899,-0.14478,-0.10361,-0.03941,0.01069,0.05179,0.10413,0.11535,0.20115,0.18953,0.20976,0.12508,0.02641,0.01019,0.03516,0.08656,0.11239,0.19617,0.21632,0.30404,0.24786,0.16513,0.13729,0.12199,0.03700,-0.03388,-0.10050,-0.16213,-0.21257,-0.24216,-0.29450,-0.34797,-0.37176,-0.41807,-0.39947,-0.43513,-0.43542,-0.43447,-0.45136,-0.43253,-0.45954,-0.48408
-0.31020,-0.29950,-0.30104,-0.27417,-0.24749,-0.24690,-0.23410,-0.19635,-0.16491,-0.15727,-0.13214,-0.14855,-0.18252,-0.22215,-0.24426,-0.27845,-0.26514,-0.29818,-0.31167,-0.31097,-0.27564,-0.24350,-0.21121,-0.24584,-0.24357,-0.19226,-0.18932,-0.22412,-0.19590,-0.14621,-0.16279,-0.18683,-0.12934,-0.07121,-0.11126,-0.07126,-0.07084,-0.05647,-0.11771,-0.20097,-0.18608,-0.23420,-0.24867,-0.24791,-0.29410,-0.28478,-0.32469,-0.30199,-0.25679,-0.23944,-0.19760,-0.16258,-0.12070,-0.08827,-0.07025,-0.01702,-0.00372,-0.01275,0.02220,0.07156,0.06750,0.06570,0.13314,0.13511,0.06718,0.11042,0.16117,0.15378,0.12737,0.06579,0.02667,-0.03617,-0.01659,-0.04891,-0.03694,-0.07899,-0.09051,-0.15724,-0.22408,-0.20553,-0.11281,-0.14432,-0.15640,-0.06125,-0.04633,-0.09919,-0.07194,0.00438,0.01363,0.05928,0.14506,0.25509,0.32491,0.36911,0.48593,0.53711,0.55711,0.70884,0.69336,0.75603,0.74505,0.51854,0.48598,0.47483,0.52632,0.44284,0.31603,0.19890,0.16842,0.08517,0.05009,0.00540,-0.03234,-0.08841,-0.08437,-0.00274,-0.04124,-0.13099,-0.09210,-0.06176,-0.14377,-0.17200,-0.24354,-0.24255,-0.33088,-0.41850,-0.38264,-0.35044,-0.33022,-0.27587,-0.22645,-0.16661,-0.12155,-0.10263,-0.04556,-0.00698,0.07003,0.12292,0.18694,0.23155,0.30745,0.32093,0.39800,0.37328,0.42142,0.39763,0.46860,0.52643,0.61006,0.65798,0.60139,0.61811,0.56925,0.51411,0.55789,0.52961,0.45036,0.41397,0.33455,0.31797,0.34825,0.28952,0.31371,0.27866,0.20497,0.18338,0.11414,0.08423,0.01671,0.02433,0.04769,-0.02451,-0.06659,-0.05193,-0.07016,-0.07018,-0.10642,-0.08691,-0.02834,-0.04444,-0.04273,-0.08021,-0.07776,-0.11948,-0.10381,-0.09094,-0.00892,0.04032,0.10916,0.15348,0.20042,0.25047,0.26684,0.34836,0.33279,0.35181,0.26377,0.17141,0.14387,0.15980,0.19442,0.20047,0.26302,0.26180,0.32483,0.25582,0.16762,0.14124,0.14802,0.06912,-0.00368,-0.06559,-0.11652,-0.15993,-0.18921,-0.22728,-0.27995,-0.28615,-0.32282,-0.28874,-0.31295,-0.30410,-0.29646,-0.32580,-0.33797,-0.41214,-0.46243
-0.31417,-0.30333,-0.30231,-0.27688,-0.25220,-0.24969,-0.23590,-0.20091,-0.17032,-0.16010,-0.13625,-0.14980,-0.18201,-0.21874,-0.23907,-0.27127,-0.25599,-0.28697,-0.29805,-0.29699,-0.26302,-0.23084,-0.20013,-0.23330,-0.22929,-0.17902,-0.17645,-0.20834,-0.17929,-0.13136,-0.14624,-0.16717,-0.10965,-0.05239,-0.09093,-0.04944,-0.05106,-0.03782,-0.09640,-0.17167,-0.16046,-0.21129,-0.22715,-0.22867,-0.27620,-0.26930,-0.31046,-0.29081,-0.24623,-0.23139,-0.19116,-0.15843,-0.11978,-0.08964,-0.07387,-0.02131,-0.00633,-0.01360,0.01919,0.06785,0.06642,0.06475,0.13269,0.13642,0.06992,0.11375,0.16547,0.16169,0.13729,0.07472,0.03772,-0.02545,-0.00509,-0.03717,-0.02685,-0.06788,-0.08119,-0.14862,-0.21712,-0.20247,-0.11108,-0.14184,-0.15675,-0.06423,-0.04727,-0.10016,-0.07631,-0.00100,0.01077,0.05824,0.14091,0.25048,0.31825,0.35862,0.47323,0.52254,0.54688,0.70155,0.69056,0.75745,0.74902,0.52519,0.49770,0.48357,0.52882,0.44133,0.31657,0.20182,0.17602,0.09544,0.06405,0.02091,-0.01495,-0.07115,-0.06416,0.01504,-0.02664,-0.11298,-0.07243,-0.04696,-0.13091,-0.15671,-0.22634,-0.21891,-0.30819,-0.39806,-0.36697,-0.33238,-0.31583,-0.26258,-0.21507,-0.15470,-0.11201,-0.09356,-0.03990,-0.00027,0.07674,0.12913,0.19494,0.23895,0.31631,0.33165,0.40953,0.38764,0.43721,0.41604,0.48566,0.53977,0.61917,0.66197,0.60335,0.61677,0.56796,0.51510,0.56020,0.53078,0.45390,0.41935,0.33901,0.32497,0.35849,0.30314,0.32969,0.29735,0.22543,0.20394,0.13433,0.10231,0.03389,0.04200,0.06109,-0.00811,-0.05269,-0.04080,-0.05982,-0.06251,-0.09784,-0.07724,-0.01859,-0.03689,-0.03621,-0.07023,-0.06663,-0.10620,-0.08804,-0.07103,0.01125,0.06200,0.13093,0.17246,0.21946,0.26959,0.28729,0.36712,0.35375,0.37562,0.28596,0.19439,0.16472,0.17782,0.20861,0.21173,0.27055,0.26560,0.32480,0.25343,0.16465,0.13855,0.14895,0.07113,-0.00146,-0.06177,-0.11077,-0.15235,-0.18092,-0.21608,-0.26773,-0.27151,-0.30591,-0.26982,-0.29247,-0.28149,-0.27234,-0.30364,-0.32046,-0.39688,-0.44402
-0.40151,-0.39035,-0.39725,-0.37144,-0.34230,-0.34346,-0.33578,-0.29554,-0.26360,-0.26252,-0.23791,-0.25874,-0.29386,-0.33466,-0.35780,-0.39227,-0.38025,-0.40966,-0.42235,-0.42074,-0.38777,-0.35788,-0.32844,-0.36175,-0.35938,-0.31134,-0.30989,-0.34126,-0.31280,-0.26770,-0.28397,-0.30284,-0.24636,-0.19205,-0.22981,-0.18196,-0.18483,-0.16099,-0.22443,-0.29135,-0.28689,-0.34190,-0.35924,-0.36295,-0.40828,-0.40075,-0.43851,-0.41789,-0.37452,-0.35642,-0.31585,-0.28133,-0.23689,-0.20154,-0.17973,-0.12643,-0.11755,-0.12867,-0.09052,-0.04085,-0.05001,-0.05165,0.01713,0.01525,-0.05544,-0.01178,0.03751,0.02829,0.00069,-0.06156,-0.10103,-0.16324,-0.14364,-0.17601,-0.16377,-0.20573,-0.21579,-0.27947,-0.34188,-0.31811,-0.22948,-0.26119,-0.26621,-0.17228,-0.16294,-0.21272,-0.17992,-0.10324,-0.10013,-0.05907,0.03141,0.14282,0.21891,0.27932,0.40713,0.46589,0.47226,0.62556,0.59821,0.65876,0.65397,0.40598,0.37582,0.36284,0.41832,0.33199,0.19645,0.07560,0.04145,-0.04294,-0.07562,-0.11877,-0.15329,-0.21097,-0.20204,-0.12610,-0.16755,-0.25164,-0.21457,-0.19002,-0.27195,-0.29759,-0.36261,-0.34857,-0.43656,-0.51750,-0.48514,-0.45940,-0.44405,-0.39221,-0.34572,-0.28839,-0.24453,-0.22600,-0.17062,-0.13257,-0.05567,-0.00194,0.06141,0.10778,0.18672,0.20072,0.28320,0.25972,0.31395,0.29504,0.37283,0.42677,0.51331,0.56691,0.50047,0.52657,0.47248,0.40368,0.45026,0.42245,0.33866,0.29765,0.21451,0.19631,0.22843,0.16836,0.19732,0.16409,0.09098,0.07173,-0.00177,-0.03564,-0.10375,-0.09522,-0.07296,-0.14214,-0.18765,-0.17303,-0.19235,-0.19764,-0.23318,-0.20942,-0.15116,-0.17098,-0.16976,-0.20576,-0.20328,-0.24149,-0.22282,-0.20581,-0.12633,-0.07302,-0.00192,0.03799,0.08937,0.14342,0.16921,0.25271,0.23366,0.25535,0.15583,0.06174,0.02806,0.03867,0.06924,0.07417,0.13838,0.13898,0.20963,0.14124,0.05322,0.02678,0.02768,-0.05348,-0.12570,-0.18725,-0.23873,-0.28162,-0.30977,-0.34687,-0.39673,-0.40311,-0.43639,-0.40190,-0.42201,-0.40742,-0.39252,-0.41226,-0.43367,-0.46498,-0.50443
-0.48378,-0.47534,-0.47863,-0.45379,-0.42902,-0.42988,-0.41924,-0.38380,-0.35433,-0.34925,-0.32498,-0.34073,-0.37110,-0.40648,-0.42509,-0.45212,-0.43559,-0.46141,-0.46758,-0.46439,-0.43497,-0.40213,-0.37681,-0.40632,-0.39625,-0.34967,-0.34998,-0.37443,-0.34086,-0.29908,-0.31249,-0.32144,-0.26308,-0.21302,-0.24433,-0.18645,-0.17994,-0.15421,-0.21975,-0.27996,-0.27743,-0.34208,-0.36529,-0.38103,-0.43128,-0.43466,-0.47673,-0.46503,-0.42610,-0.41622,-0.37916,-0.35006,-0.31331,-0.28393,-0.26688,-0.21574,-0.20308,-0.21108,-0.17768,-0.12936,-0.13231,-0.13425,-0.06676,-0.06226,-0.12820,-0.08357,-0.03012,-0.02945,-0.04959,-0.11700,-0.15019,-0.21217,-0.19128,-0.22280,-0.21833,-0.25669,-0.27504,-0.34112,-0.40574,-0.39449,-0.30898,-0.33689,-0.34994,-0.26100,-0.24535,-0.29461,-0.26942,-0.19618,-0.18729,-0.14381,-0.05948,0.05101,0.12317,0.17599,0.30646,0.36757,0.37656,0.54338,0.52411,0.60905,0.60220,0.34698,0.33329,0.30801,0.34841,0.24951,0.11837,0.00161,-0.01893,-0.09501,-0.11469,-0.14909,-0.17723,-0.23900,-0.21997,-0.14967,-0.20483,-0.28128,-0.23777,-0.22772,-0.30988,-0.32825,-0.38922,-0.36757,-0.43895,-0.53677,-0.52396,-0.48619,-0.48077,-0.43629,-0.39761,-0.33952,-0.30300,-0.28154,-0.23190,-0.19408,-0.11951,-0.06719,0.00337,0.04836,0.13347,0.15224,0.23712,0.22810,0.28881,0.28540,0.36013,0.40189,0.47629,0.51137,0.43911,0.45215,0.39571,0.33679,0.38979,0.35707,0.27482,0.23693,0.14848,0.13521,0.17629,0.12921,0.16898,0.14762,0.08360,0.07585,-0.00303,-0.05080,-0.12220,-0.11293,-0.10476,-0.16651,-0.21548,-0.21048,-0.23554,-0.23904,-0.27768,-0.26320,-0.20914,-0.22046,-0.21280,-0.24541,-0.23633,-0.27073,-0.24522,-0.21920,-0.13394,-0.07256,0.00342,0.03705,0.09656,0.14955,0.18458,0.26875,0.24003,0.25942,0.15135,0.06242,0.01486,0.01867,0.03613,0.02681,0.07839,0.06786,0.12752,0.05492,-0.03450,-0.06023,-0.05116,-0.12813,-0.19942,-0.25773,-0.30320,-0.34180,-0.36866,-0.39687,-0.44438,-0.43976,-0.46419,-0.41954,-0.42806,-0.40392,-0.37880,-0.40009,-0.44713,-0.49212,-0.54174
-0.33494,-0.32581,-0.34187,-0.31221,-0.27787,-0.28477,-0.28384,-0.23597,-0.20338,-0.21165,-0.18597,-0.21601,-0.25591,-0.30691,-0.33617,-0.37664,-0.37166,-0.40464,-0.42640,-0.42406,-0.38692,-0.36013,-0.32828,-0.36687,-0.37292,-0.32570,-0.32541,-0.36772,-0.34512,-0.29852,-0.32562,-0.35679,-0.30748,-0.25656,-0.29602,-0.25113,-0.24442,-0.20148,-0.27983,-0.39096,-0.36763,-0.40502,-0.41630,-0.40802,-0.43924,-0.42070,-0.44806,-0.41840,-0.37612,-0.34766,-0.30376,-0.26378,-0.20633,-0.16370,-0.13480,-0.08386,-0.08335,-0.09952,-0.05537,-0.00919,-0.02936,-0.03182,0.02760,0.01608,-0.05468,-0.01768,0.01654,-0.01043,-0.04559,-0.09442,-0.13947,-0.19067,-0.17659,-0.20648,-0.18695,-0.23342,-0.23159,-0.28290,-0.33067,-0.28879,-0.20530,-0.23819,-0.22794,-0.13331,-0.13541,-0.17993,-0.13419,-0.06003,-0.07022,-0.04331,0.04921,0.14930,0.22423,0.30164,0.42774,0.48254,0.46989,0.58725,0.53937,0.56657,0.53612,0.32851,0.28031,0.28882,0.36528,0.30558,0.17405,0.05888,0.00610,-0.08246,-0.12795,-0.17666,-0.21455,-0.26760,-0.27493,-0.20149,-0.21660,-0.30178,-0.28050,-0.24066,-0.30500,-0.33447,-0.40116,-0.41811,-0.49832,-0.53363,-0.47460,-0.47955,-0.45264,-0.39961,-0.35133,-0.30301,-0.25582,-0.23471,-0.16773,-0.14214,-0.07542,-0.02642,0.01966,0.06158,0.12289,0.12558,0.19710,0.16166,0.20277,0.17684,0.25881,0.32244,0.41952,0.49747,0.44088,0.48231,0.42886,0.34561,0.37687,0.36250,0.28262,0.23567,0.16993,0.14194,0.15458,0.08386,0.09796,0.05240,-0.01793,-0.03049,-0.09736,-0.11610,-0.16989,-0.16202,-0.10975,-0.18338,-0.21076,-0.18103,-0.20060,-0.19954,-0.23964,-0.22650,-0.18132,-0.17949,-0.16473,-0.21846,-0.22036,-0.26439,-0.25409,-0.26590,-0.20484,-0.16430,-0.10572,-0.05950,-0.01639,0.03820,0.05594,0.13858,0.11326,0.12983,0.04727,-0.04212,-0.06699,-0.04964,-0.00123,0.01503,0.09099,0.11085,0.19359,0.14386,0.06827,0.04478,0.02654,-0.05031,-0.11418,-0.17497,-0.23180,-0.27952,-0.30780,-0.35402,-0.40193,-0.41690,-0.45785,-0.44017,-0.46522,-0.45517,-0.44219,-0.42116,-0.42991,-0.36319,-0.43809
-0.50604,-0.49570,-0.51759,-0.48909,-0.45061,-0.46081,-0.46313,-0.41396,-0.37819,-0.39204,-0.36614,-0.40027,-0.44136,-0.49106,-0.51890,-0.55705,-0.55264,-0.58458,-0.60146,-0.60057,-0.56791,-0.54083,-0.51062,-0.54482,-0.54583,-0.49979,-0.49818,-0.53305,-0.50757,-0.46250,-0.48114,-0.50215,-0.44936,-0.39781,-0.43261,-0.38370,-0.37022,-0.34153,-0.41196,-0.48304,-0.47546,-0.52993,-0.54776,-0.55329,-0.59256,-0.58380,-0.61436,-0.59062,-0.55122,-0.52685,-0.48587,-0.44640,-0.39211,-0.34887,-0.31758,-0.26508,-0.26637,-0.28370,-0.23731,-0.18740,-0.20978,-0.21196,-0.14819,-0.15908,-0.23220,-0.19258,-0.15171,-0.17152,-0.20356,-0.26002,-0.30277,-0.35932,-0.34356,-0.37388,-0.35872,-0.40159,-0.40476,-0.45867,-0.50867,-0.46997,-0.38638,-0.42013,-0.40890,-0.31122,-0.31675,-0.36318,-0.31518,-0.23779,-0.24997,-0.21923,-0.12048,-0.01284,0.07251,0.16140,0.30729,0.38018,0.35605,0.49611,0.44468,0.49962,0.48445,0.20835,0.16950,0.16271,0.23755,0.16115,0.01606,-0.11060,-0.15836,-0.24647,-0.28515,-0.32799,-0.36086,-0.41606,-0.40989,-0.33626,-0.37257,-0.45569,-0.41900,-0.39067,-0.46158,-0.48520,-0.54884,-0.54408,-0.61281,-0.67831,-0.64543,-0.63591,-0.61803,-0.57077,-0.52623,-0.47684,-0.43199,-0.41402,-0.35049,-0.32004,-0.24889,-0.19621,-0.14066,-0.09463,-0.02125,-0.01240,0.07078,0.04515,0.10180,0.08931,0.17441,0.23135,0.32832,0.40037,0.32680,0.36974,0.30992,0.22272,0.26719,0.24345,0.14904,0.09948,0.01925,-0.00640,0.01837,-0.04761,-0.01970,-0.05048,-0.12004,-0.12518,-0.20278,-0.24130,-0.30799,-0.29753,-0.26817,-0.33919,-0.37779,-0.36075,-0.38036,-0.37285,-0.40857,-0.39276,-0.34367,-0.35429,-0.34720,-0.39242,-0.38893,-0.43077,-0.41446,-0.40646,-0.32802,-0.27353,-0.19909,-0.15862,-0.09979,-0.04863,-0.01420,0.07604,0.03880,0.05729,-0.05279,-0.14397,-0.18675,-0.17585,-0.14214,-0.13581,-0.06386,-0.05142,0.03394,-0.02278,-0.10528,-0.13171,-0.14779,-0.22913,-0.29676,-0.35864,-0.41389,-0.45931,-0.48636,-0.52806,-0.57397,-0.58374,-0.61636,-0.58761,-0.60118,-0.58338,-0.55736,-0.55142,-0.55111,-0.55012,-0.59162
-0.59922,-0.58906,-0.60826,-0.58333,-0.54864,-0.55749,-0.55846,-0.51470,-0.48178,-0.49351,-0.46899,-0.49880,-0.53532,-0.57762,-0.60114,-0.63208,-0.62415,-0.64925,-0.65894,-0.65693,-0.63024,-0.60313,-0.57888,-0.60716,-0.60133,-0.55968,-0.55991,-0.58398,-0.55466,-0.51679,-0.52950,-0.53700,-0.48317,-0.43669,-0.46597,-0.40789,-0.39950,-0.37101,-0.43552,-0.47458,-0.48180,-0.55057,-0.57420,-0.59077,-0.63557,-0.63643,-0.67083,-0.65473,-0.61950,-0.60291,-0.56683,-0.53259,-0.48732,-0.44916,-0.42088,-0.36992,-0.36941,-0.38392,-0.34181,-0.29358,-0.31076,-0.31221,-0.24713,-0.25347,-0.32339,-0.28231,-0.23525,-0.24403,-0.26932,-0.33185,-0.36867,-0.42816,-0.41002,-0.44029,-0.43156,-0.46931,-0.47895,-0.53478,-0.58703,-0.55912,-0.48010,-0.51106,-0.50545,-0.41403,-0.41536,-0.46052,-0.41862,-0.34463,-0.35326,-0.32046,-0.22504,-0.11533,-0.03125,0.05238,0.20015,0.27658,0.25522,0.41290,0.36703,0.44128,0.44406,0.14698,0.12472,0.10279,0.16200,0.07066,-0.07294,-0.19814,-0.23343,-0.31466,-0.34016,-0.37591,-0.40296,-0.46049,-0.44100,-0.37319,-0.42618,-0.50051,-0.45767,-0.44534,-0.52137,-0.53832,-0.59589,-0.57119,-0.63406,-0.71645,-0.70441,-0.68088,-0.67375,-0.63354,-0.59559,-0.54567,-0.50589,-0.48862,-0.43630,-0.40150,-0.32949,-0.27631,-0.21257,-0.16570,-0.08350,-0.06747,0.02127,0.00847,0.07428,0.07275,0.15629,0.20058,0.28588,0.34034,0.25940,0.29550,0.23354,0.15188,0.20514,0.17458,0.07858,0.03259,-0.05633,-0.07609,-0.03962,-0.09271,-0.05214,-0.07314,-0.13872,-0.14364,-0.22674,-0.27737,-0.34831,-0.33777,-0.32883,-0.38814,-0.43745,-0.43091,-0.45210,-0.45340,-0.48551,-0.46609,-0.41459,-0.43182,-0.42951,-0.46303,-0.45604,-0.48928,-0.46714,-0.44087,-0.35938,-0.29369,-0.21372,-0.18074,-0.11467,-0.06304,-0.01895,0.07069,0.03372,0.05282,-0.07003,-0.16145,-0.21394,-0.21043,-0.19125,-0.19623,-0.13505,-0.13444,-0.05784,-0.12185,-0.20718,-0.23392,-0.24221,-0.32226,-0.38994,-0.44908,-0.49820,-0.53778,-0.56286,-0.59598,-0.63861,-0.64035,-0.66359,-0.62538,-0.63088,-0.60564,-0.57245,-0.58801,-0.62279,-0.63860,-0.66426
-0.53659,-0.52392,-0.55682,-0.52943,-0.48351,-0.49812,-0.50965,-0.45582,-0.41655,-0.44320,-0.41797,-0.46276,-0.50844,-0.56276,-0.59521,-0.63708,-0.64058,-0.67223,-0.69360,-0.69534,-0.66460,-0.64428,-0.61418,-0.64645,-0.65366,-0.61249,-0.60893,-0.64362,-0.62459,-0.58278,-0.59925,-0.62111,-0.57339,-0.52491,-0.55897,-0.51787,-0.51185,-0.48839,-0.54904,-0.59835,-0.59921,-0.65157,-0.66703,-0.66859,-0.70192,-0.68754,-0.71068,-0.68148,-0.64324,-0.61244,-0.57249,-0.52745,-0.46827,-0.41784,-0.37788,-0.32635,-0.33687,-0.35945,-0.30691,-0.25777,-0.29114,-0.29285,-0.23088,-0.25029,-0.32611,-0.28922,-0.25375,-0.28147,-0.31925,-0.37020,-0.41618,-0.47077,-0.45792,-0.48801,-0.46664,-0.50685,-0.50101,-0.54727,-0.58843,-0.53551,-0.45687,-0.49347,-0.46765,-0.36909,-0.38756,-0.43092,-0.37067,-0.29327,-0.31843,-0.29617,-0.19004,-0.08513,0.00830,0.11900,0.27288,0.35673,0.31128,0.43861,0.36722,0.40726,0.40157,0.10061,0.05034,0.04654,0.13719,0.07185,-0.07937,-0.21010,-0.27144,-0.36261,-0.40909,-0.45356,-0.48806,-0.53650,-0.53320,-0.46031,-0.49105,-0.57202,-0.53900,-0.50448,-0.56853,-0.59375,-0.65487,-0.64616,-0.71637,-0.77134,-0.73691,-0.73519,-0.71251,-0.66733,-0.62104,-0.57838,-0.52942,-0.51755,-0.45439,-0.42330,-0.35423,-0.30120,-0.25300,-0.20530,-0.13598,-0.13072,-0.04925,-0.08206,-0.02616,-0.04389,0.04304,0.10421,0.21052,0.29857,0.22556,0.29006,0.22791,0.12652,0.16849,0.14721,0.04621,-0.00855,-0.08685,-0.11757,-0.09979,-0.17176,-0.14837,-0.18235,-0.25435,-0.26796,-0.34336,-0.37997,-0.44291,-0.43401,-0.40719,-0.47421,-0.51126,-0.49247,-0.50442,-0.49566,-0.52178,-0.49328,-0.44218,-0.46508,-0.47215,-0.51478,-0.51705,-0.55600,-0.54696,-0.53737,-0.46319,-0.41040,-0.33761,-0.29921,-0.24091,-0.19057,-0.15498,-0.06430,-0.09636,-0.07527,-0.18948,-0.28290,-0.32226,-0.30902,-0.27327,-0.25778,-0.17723,-0.15446,-0.05674,-0.10484,-0.18206,-0.20950,-0.23852,-0.32194,-0.38601,-0.44849,-0.50696,-0.55309,-0.57777,-0.62474,-0.66745,-0.68684,-0.71959,-0.69842,-0.71553,-0.70212,-0.67937,-0.68151,-0.67407,-0.66467,-0.66654
-0.39157,-0.37732,-0.41102,-0.38100,-0.33211,-0.34639,-0.35827,-0.30023,-0.25849,-0.28554,-0.25902,-0.30717,-0.35760,-0.41852,-0.45595,-0.50561,-0.51323,-0.55129,-0.58100,-0.58485,-0.54815,-0.52936,-0.49263,-0.53037,-0.54625,-0.50120,-0.49494,-0.54020,-0.52672,-0.47809,-0.49923,-0.53570,-0.48942,-0.43480,-0.47665,-0.44966,-0.45062,-0.43052,-0.49059,-0.56523,-0.55424,-0.59012,-0.59784,-0.58386,-0.61187,-0.58417,-0.60357,-0.56382,-0.51939,-0.47946,-0.43437,-0.38278,-0.31568,-0.25986,-0.21683,-0.16310,-0.17499,-0.20019,-0.14410,-0.09313,-0.13068,-0.13281,-0.07066,-0.09443,-0.17443,-0.13842,-0.10733,-0.14580,-0.19141,-0.23643,-0.28929,-0.34319,-0.33218,-0.36365,-0.33342,-0.37818,-0.36381,-0.40937,-0.45068,-0.38687,-0.30204,-0.34257,-0.31201,-0.20666,-0.22828,-0.27380,-0.20824,-0.12715,-0.15478,-0.13403,-0.02371,0.08044,0.17431,0.28545,0.43243,0.50924,0.46766,0.57781,0.50288,0.51756,0.50472,0.22953,0.15951,0.16948,0.27556,0.22666,0.07484,-0.05701,-0.13189,-0.23204,-0.29450,-0.34885,-0.39240,-0.43643,-0.44828,-0.36642,-0.37884,-0.47037,-0.44552,-0.39099,-0.45226,-0.48753,-0.55710,-0.56546,-0.65381,-0.69349,-0.63498,-0.64292,-0.60667,-0.55187,-0.49521,-0.45184,-0.39468,-0.38438,-0.31241,-0.28192,-0.21124,-0.15754,-0.11715,-0.06923,-0.00891,-0.01063,0.06406,0.01463,0.05954,0.02360,0.11091,0.18755,0.30634,0.41181,0.35118,0.42504,0.36715,0.26080,0.29202,0.27778,0.17983,0.12308,0.05402,0.01819,0.02361,-0.06225,-0.05402,-0.10283,-0.18281,-0.20913,-0.27675,-0.29694,-0.35429,-0.34814,-0.30433,-0.38040,-0.40912,-0.37932,-0.38514,-0.37232,-0.39696,-0.36259,-0.30831,-0.33376,-0.34595,-0.39639,-0.40577,-0.45125,-0.45180,-0.45714,-0.38784,-0.34741,-0.28236,-0.23542,-0.18944,-0.13762,-0.11680,-0.02730,-0.04806,-0.02652,-0.12299,-0.22025,-0.24231,-0.21859,-0.16577,-0.13418,-0.04039,-0.00573,0.10039,0.05755,-0.01742,-0.04567,-0.08125,-0.16745,-0.23271,-0.29915,-0.36478,-0.41667,-0.44332,-0.50099,-0.54855,-0.57972,-0.62419,-0.61397,-0.64605,-0.64463,-0.63651,-0.63506,-0.60241,-0.58460,-0.58298
-0.39085,-0.37749,-0.40259,-0.37315,-0.33018,-0.34057,-0.34540,-0.29270,-0.25382,-0.27082,-0.24413,-0.28333,-0.32947,-0.38475,-0.41798,-0.46292,-0.46399,-0.50022,-0.52487,-0.52699,-0.49053,-0.46713,-0.43204,-0.46907,-0.47881,-0.43160,-0.42680,-0.46864,-0.44985,-0.40093,-0.42098,-0.45274,-0.40203,-0.34581,-0.38727,-0.35298,-0.35386,-0.33174,-0.39481,-0.47242,-0.46094,-0.50346,-0.51425,-0.50565,-0.54038,-0.51889,-0.54531,-0.51081,-0.46591,-0.43284,-0.38835,-0.34146,-0.28105,-0.23151,-0.19531,-0.14071,-0.14534,-0.16607,-0.11541,-0.06391,-0.09167,-0.09401,-0.02889,-0.04481,-0.12274,-0.08369,-0.04552,-0.07443,-0.11435,-0.16607,-0.21517,-0.27319,-0.25894,-0.29114,-0.26667,-0.31112,-0.30454,-0.35766,-0.40745,-0.35669,-0.26831,-0.30658,-0.28860,-0.18506,-0.19584,-0.24418,-0.18932,-0.10866,-0.12576,-0.09752,0.00777,0.11658,0.20499,0.29781,0.43917,0.50964,0.48609,0.61328,0.55425,0.58595,0.57796,0.30939,0.25091,0.25298,0.34371,0.28116,0.13336,0.00294,-0.05881,-0.15594,-0.20962,-0.26213,-0.30363,-0.35261,-0.35766,-0.27538,-0.29804,-0.38998,-0.35990,-0.31341,-0.38252,-0.41460,-0.48636,-0.49055,-0.57961,-0.63497,-0.58380,-0.57907,-0.54863,-0.49391,-0.43938,-0.39029,-0.33616,-0.32296,-0.25519,-0.22164,-0.14745,-0.09277,-0.04342,0.00447,0.07166,0.07538,0.15348,0.11215,0.16050,0.12924,0.21482,0.28545,0.39532,0.48387,0.42255,0.48045,0.42315,0.32887,0.36548,0.34594,0.25068,0.19908,0.12445,0.09423,0.10853,0.03049,0.04553,0.00094,-0.07801,-0.10316,-0.17422,-0.19879,-0.26084,-0.25424,-0.21711,-0.29234,-0.32714,-0.30170,-0.31219,-0.30471,-0.33312,-0.30357,-0.24703,-0.26974,-0.27740,-0.32404,-0.32911,-0.37367,-0.36884,-0.36695,-0.29298,-0.24679,-0.17834,-0.13139,-0.08372,-0.03067,-0.00945,0.08016,0.05988,0.08047,-0.01712,-0.11561,-0.14096,-0.12016,-0.07281,-0.04976,0.03582,0.05906,0.15426,0.10161,0.02075,-0.00791,-0.03141,-0.11729,-0.18617,-0.25231,-0.31448,-0.36406,-0.39181,-0.44381,-0.49341,-0.51654,-0.55829,-0.53940,-0.56823,-0.56298,-0.55234,-0.56299,-0.54903,-0.55340,-0.56861
-0.44723,-0.43335,-0.46793,-0.43918,-0.39079,-0.40566,-0.41826,-0.36175,-0.32089,-0.34897,-0.32334,-0.37069,-0.41937,-0.47779,-0.51362,-0.56019,-0.56708,-0.60244,-0.62933,-0.63238,-0.59814,-0.57935,-0.54558,-0.58089,-0.59391,-0.55108,-0.54587,-0.58692,-0.57190,-0.52639,-0.54554,-0.57632,-0.53031,-0.47821,-0.51692,-0.48442,-0.48334,-0.46129,-0.52127,-0.58593,-0.57866,-0.62132,-0.63210,-0.62373,-0.65296,-0.63016,-0.65019,-0.61404,-0.57237,-0.53568,-0.49282,-0.44333,-0.37926,-0.32515,-0.28265,-0.22996,-0.24222,-0.26701,-0.21192,-0.16187,-0.19847,-0.20055,-0.13878,-0.16141,-0.23978,-0.20393,-0.17136,-0.20618,-0.24874,-0.29562,-0.34588,-0.40002,-0.38849,-0.41936,-0.39194,-0.43402,-0.42193,-0.46696,-0.50753,-0.44694,-0.36510,-0.40425,-0.37437,-0.27240,-0.29409,-0.33829,-0.27392,-0.19497,-0.22276,-0.20239,-0.09301,0.01172,0.10604,0.21736,0.36627,0.44610,0.40276,0.51952,0.44367,0.46816,0.46271,0.17298,0.10842,0.11275,0.21441,0.16067,0.00899,-0.12256,-0.19323,-0.29030,-0.34690,-0.39798,-0.43793,-0.48308,-0.48903,-0.41060,-0.42916,-0.51665,-0.48933,-0.44253,-0.50358,-0.53456,-0.60103,-0.60286,-0.68386,-0.72880,-0.67937,-0.68373,-0.65229,-0.60186,-0.54907,-0.50689,-0.45264,-0.44239,-0.37443,-0.34361,-0.27359,-0.22025,-0.17730,-0.12967,-0.06603,-0.06529,0.01147,-0.03205,0.01618,-0.01330,0.07353,0.14418,0.25884,0.35775,0.29455,0.36624,0.30679,0.20238,0.23756,0.22087,0.12097,0.06460,-0.00782,-0.04194,-0.03283,-0.11334,-0.09994,-0.14354,-0.22021,-0.24314,-0.31363,-0.33927,-0.39819,-0.39145,-0.35493,-0.42706,-0.45860,-0.43221,-0.43986,-0.42974,-0.45372,-0.42132,-0.36795,-0.39269,-0.40419,-0.45113,-0.45858,-0.50082,-0.49879,-0.49777,-0.42760,-0.38220,-0.31480,-0.27106,-0.22124,-0.16992,-0.14344,-0.05372,-0.07789,-0.05662,-0.15891,-0.25484,-0.28277,-0.26288,-0.21631,-0.19045,-0.10130,-0.07017,0.03321,-0.01094,-0.08611,-0.11434,-0.14848,-0.23364,-0.29798,-0.36287,-0.42583,-0.47524,-0.50076,-0.55465,-0.59971,-0.62674,-0.66634,-0.65271,-0.67917,-0.67345,-0.66011,-0.66395,-0.64550,-0.63166,-0.63022
-0.28665,-0.27032,-0.31627,-0.28526,-0.22756,-0.24676,-0.26882,-0.20348,-0.15795,-0.19921,-0.17334,-0.23402,-0.29106,-0.36103,-0.40595,-0.46441,-0.48418,-0.52668,-0.56746,-0.57468,-0.53576,-0.52556,-0.48493,-0.52485,-0.55412,-0.51247,-0.50264,-0.55681,-0.55546,-0.50572,-0.52996,-0.58027,-0.54357,-0.48925,-0.53460,-0.52687,-0.53315,-0.51765,-0.57046,-0.65405,-0.63608,-0.65246,-0.65060,-0.61984,-0.63353,-0.59022,-0.59646,-0.54376,-0.49833,-0.44497,-0.39803,-0.33754,-0.25980,-0.19415,-0.14116,-0.08969,-0.11263,-0.14516,-0.08133,-0.03244,-0.08462,-0.08691,-0.03145,-0.06796,-0.14988,-0.12062,-0.10318,-0.15989,-0.21612,-0.24621,-0.30611,-0.35221,-0.34744,-0.37723,-0.33453,-0.37934,-0.34854,-0.38125,-0.40836,-0.32172,-0.24200,-0.28621,-0.23607,-0.12942,-0.16812,-0.20875,-0.12734,-0.04810,-0.09159,-0.08370,0.03237,0.12638,0.22469,0.35566,0.49791,0.57594,0.51474,0.58795,0.48953,0.46640,0.44902,0.18613,0.08814,0.11641,0.25055,0.23379,0.08300,-0.04707,-0.14586,-0.25201,-0.33347,-0.39498,-0.44507,-0.47681,-0.50584,-0.42243,-0.40888,-0.50318,-0.49223,-0.41671,-0.46166,-0.50487,-0.57476,-0.60072,-0.69439,-0.70253,-0.62190,-0.65098,-0.59865,-0.54150,-0.47766,-0.44439,-0.37953,-0.37557,-0.29716,-0.27155,-0.20731,-0.15666,-0.13506,-0.08934,-0.04589,-0.05923,0.00264,-0.06611,-0.03590,-0.08893,-0.00297,0.08799,0.22217,0.35614,0.31107,0.41110,0.35718,0.23711,0.25351,0.25043,0.15280,0.09033,0.03725,-0.00808,-0.02383,-0.12472,-0.13606,-0.19855,-0.28206,-0.32005,-0.37532,-0.37660,-0.42124,-0.41824,-0.35777,-0.43726,-0.45164,-0.40904,-0.40377,-0.38377,-0.39942,-0.35627,-0.30433,-0.33460,-0.35763,-0.41452,-0.43456,-0.48297,-0.49855,-0.52114,-0.46553,-0.44106,-0.38893,-0.33773,-0.30484,-0.25599,-0.24745,-0.16226,-0.17382,-0.15216,-0.23075,-0.32618,-0.32979,-0.29530,-0.22629,-0.17388,-0.06422,-0.00731,0.11460,0.09044,0.02855,0.00102,-0.05462,-0.13968,-0.19737,-0.26389,-0.33600,-0.39196,-0.41668,-0.48670,-0.53191,-0.58044,-0.63346,-0.64298,-0.68745,-0.69988,-0.70567,-0.69511,-0.62931,-0.58315,-0.55584
-0.12965,-0.11298,-0.15307,-0.12064,-0.06551,-0.08174,-0.09871,-0.03469,0.01003,-0.02450,0.00202,-0.05459,-0.11167,-0.18247,-0.22838,-0.28971,-0.30913,-0.35571,-0.40026,-0.40871,-0.36524,-0.35422,-0.30903,-0.35242,-0.38578,-0.34031,-0.32865,-0.38945,-0.39068,-0.33556,-0.36265,-0.42299,-0.38622,-0.32685,-0.37828,-0.38133,-0.39400,-0.38248,-0.43436,-0.54176,-0.51214,-0.51553,-0.50776,-0.46529,-0.47720,-0.42546,-0.43213,-0.37351,-0.32331,-0.26696,-0.21678,-0.15423,-0.07570,-0.01079,0.03928,0.09175,0.07263,0.04127,0.10316,0.15254,0.10400,0.10098,0.15667,0.12193,0.04001,0.06914,0.08589,0.02651,-0.03211,-0.05921,-0.12166,-0.16807,-0.16363,-0.19432,-0.14807,-0.19559,-0.16212,-0.19750,-0.22898,-0.14257,-0.05711,-0.10238,-0.05692,0.05178,0.01813,-0.02508,0.05208,0.13203,0.09411,0.10530,0.21878,0.31159,0.40353,0.51894,0.64593,0.71088,0.66596,0.72937,0.64102,0.60488,0.58232,0.35746,0.24983,0.28643,0.42202,0.41422,0.27114,0.14506,0.04422,-0.06512,-0.15483,-0.22259,-0.27908,-0.30809,-0.34747,-0.25737,-0.23260,-0.33471,-0.32855,-0.24030,-0.28579,-0.33565,-0.41304,-0.45434,-0.56153,-0.56477,-0.46816,-0.49730,-0.43567,-0.37109,-0.30024,-0.26398,-0.19471,-0.19073,-0.10883,-0.08242,-0.01702,0.03345,0.05196,0.09622,0.13345,0.11691,0.17136,0.09310,0.11294,0.04626,0.12821,0.22831,0.36512,0.50086,0.47007,0.56581,0.51816,0.40600,0.41416,0.41429,0.32511,0.26649,0.22104,0.17564,0.15331,0.04685,0.02475,-0.04788,-0.13603,-0.18523,-0.23247,-0.22008,-0.26042,-0.26002,-0.18934,-0.27419,-0.28319,-0.23378,-0.22539,-0.20476,-0.22024,-0.17510,-0.12048,-0.15081,-0.17609,-0.23625,-0.26020,-0.31309,-0.33519,-0.36726,-0.31493,-0.30048,-0.25573,-0.19732,-0.17652,-0.12789,-0.13499,-0.05424,-0.05356,-0.03290,-0.09157,-0.18828,-0.17611,-0.13324,-0.05323,0.00851,0.12257,0.18225,0.30151,0.27782,0.21659,0.18906,0.13643,0.05165,-0.00740,-0.07546,-0.15000,-0.20856,-0.23506,-0.30992,-0.35988,-0.41415,-0.47548,-0.49033,-0.54647,-0.56927,-0.59013,-0.58678,-0.50869,-0.47549,-0.45202
-0.16424,-0.14848,-0.18596,-0.15397,-0.10103,-0.11636,-0.13092,-0.06961,-0.02610,-0.05711,-0.03078,-0.08382,-0.13869,-0.20669,-0.25020,-0.30825,-0.32462,-0.36969,-0.41077,-0.41819,-0.37592,-0.36280,-0.31948,-0.36142,-0.39065,-0.34490,-0.33411,-0.39162,-0.38954,-0.33527,-0.36067,-0.41612,-0.37708,-0.31808,-0.36761,-0.36454,-0.37464,-0.36139,-0.41543,-0.52012,-0.49032,-0.50114,-0.49712,-0.46020,-0.47617,-0.42992,-0.44018,-0.38546,-0.33615,-0.28416,-0.23522,-0.17511,-0.10047,-0.03898,0.00792,0.06029,0.04435,0.01474,0.07410,0.12395,0.07976,0.07646,0.13370,0.10272,0.02186,0.05255,0.07332,0.01968,-0.03491,-0.06633,-0.12606,-0.17471,-0.16814,-0.19862,-0.15623,-0.20240,-0.17338,-0.21168,-0.24684,-0.16746,-0.08130,-0.12544,-0.08571,0.02161,-0.00754,-0.05187,0.02042,0.10019,0.06646,0.08106,0.19334,0.28925,0.38034,0.48824,0.61567,0.68163,0.64285,0.71845,0.63572,0.61464,0.59705,0.36304,0.26298,0.29209,0.41962,0.40281,0.25960,0.13266,0.03925,-0.06835,-0.15211,-0.21756,-0.27138,-0.30335,-0.33670,-0.24758,-0.23061,-0.33134,-0.32049,-0.23954,-0.28888,-0.33466,-0.41176,-0.44751,-0.55117,-0.56545,-0.47717,-0.49939,-0.44284,-0.37984,-0.31216,-0.27384,-0.20719,-0.20210,-0.12325,-0.09561,-0.02859,0.02251,0.04701,0.09148,0.13405,0.12152,0.17947,0.10794,0.13227,0.07109,0.15312,0.24835,0.38003,0.50500,0.47199,0.56058,0.51163,0.40431,0.41728,0.41332,0.32276,0.26587,0.21540,0.17320,0.15719,0.05607,0.04025,-0.02788,-0.11405,-0.16033,-0.21111,-0.20476,-0.24877,-0.24790,-0.18403,-0.26746,-0.27992,-0.23474,-0.23005,-0.21328,-0.23049,-0.18902,-0.13311,-0.16144,-0.18375,-0.24072,-0.26129,-0.31244,-0.33056,-0.35613,-0.29963,-0.28028,-0.23163,-0.17477,-0.15091,-0.10164,-0.10428,-0.02244,-0.02435,-0.00358,-0.06746,-0.16416,-0.15784,-0.11876,-0.04409,0.01079,0.11982,0.17257,0.28635,0.25759,0.19302,0.16472,0.11765,0.03299,-0.02790,-0.09542,-0.16763,-0.22425,-0.25070,-0.32146,-0.37118,-0.41968,-0.47750,-0.48630,-0.53783,-0.55619,-0.57328,-0.57756,-0.51253,-0.49561,-0.47913
-0.15443,-0.13717,-0.19035,-0.15908,-0.09655,-0.11863,-0.14696,-0.07853,-0.03151,-0.08076,-0.05634,-0.12417,-0.18494,-0.26047,-0.31019,-0.37417,-0.40311,-0.44909,-0.49808,-0.50854,-0.46809,-0.46512,-0.42120,-0.46214,-0.50211,-0.46349,-0.45030,-0.51133,-0.52021,-0.46965,-0.49569,-0.55764,-0.52969,-0.47597,-0.52369,-0.53414,-0.54522,-0.53478,-0.58050,-0.67531,-0.64695,-0.64546,-0.63564,-0.58961,-0.59155,-0.53542,-0.53115,-0.46836,-0.42245,-0.35953,-0.31199,-0.24561,-0.16190,-0.09090,-0.03268,0.01522,-0.01450,-0.05184,0.01544,0.06165,0.00036,-0.00271,0.04565,0.00091,-0.07985,-0.05703,-0.05108,-0.12093,-0.18379,-0.20024,-0.26423,-0.30276,-0.30265,-0.32987,-0.27785,-0.32169,-0.27801,-0.29987,-0.31642,-0.21444,-0.13959,-0.18601,-0.12343,-0.01817,-0.06821,-0.10484,-0.01491,0.06100,0.00759,0.00636,0.12351,0.20640,0.30387,0.44097,0.57164,0.64598,0.57623,0.61688,0.50511,0.45310,0.43182,0.19380,0.07349,0.11545,0.26811,0.27929,0.13534,0.01106,-0.10369,-0.21265,-0.30916,-0.37607,-0.43138,-0.45100,-0.49494,-0.41108,-0.37456,-0.47010,-0.47033,-0.37747,-0.40870,-0.45773,-0.52804,-0.57056,-0.66833,-0.65184,-0.55381,-0.59834,-0.53280,-0.47332,-0.40434,-0.37963,-0.30972,-0.31129,-0.22941,-0.20856,-0.15099,-0.10467,-0.09888,-0.05695,-0.02956,-0.05172,-0.00358,-0.08743,-0.07177,-0.13981,-0.05840,0.04391,0.18698,0.33866,0.31130,0.42747,0.37953,0.25425,0.25643,0.26225,0.16905,0.10530,0.06819,0.01730,-0.01584,-0.12658,-0.15529,-0.22877,-0.31273,-0.36175,-0.40380,-0.38762,-0.42044,-0.42121,-0.34802,-0.42891,-0.42945,-0.37689,-0.36279,-0.33842,-0.34602,-0.29749,-0.24764,-0.28056,-0.31196,-0.37254,-0.40066,-0.45106,-0.48007,-0.51729,-0.47390,-0.46548,-0.42581,-0.37072,-0.35221,-0.30766,-0.31223,-0.23487,-0.23564,-0.21393,-0.27190,-0.36307,-0.34867,-0.30518,-0.22273,-0.15366,-0.03356,0.03946,0.16913,0.16041,0.11075,0.08416,0.01517,-0.06621,-0.11679,-0.18143,-0.25702,-0.31483,-0.33733,-0.41618,-0.45927,-0.52089,-0.58097,-0.60658,-0.66235,-0.68769,-0.70938,-0.69580,-0.60084,-0.54495,-0.49995
0.05752,0.07562,0.02151,0.05337,0.11692,0.09501,0.06509,0.13472,0.18175,0.13071,0.15420,0.08381,0.02087,-0.05867,-0.11237,-0.18217,-0.21776,-0.26821,-0.32622,-0.33943,-0.29541,-0.29788,-0.24927,-0.29308,-0.34418,-0.30630,-0.28979,-0.36020,-0.37945,-0.32577,-0.35559,-0.43323,-0.41323,-0.35812,-0.41134,-0.44433,-0.46391,-0.46106,-0.49856,-0.61443,-0.57403,-0.54684,-0.52540,-0.45976,-0.44999,-0.37804,-0.36509,-0.29119,-0.24233,-0.16979,-0.12037,-0.04928,0.03946,0.11384,0.17430,0.21933,0.18609,0.14642,0.21460,0.25746,0.19132,0.18813,0.22945,0.17894,0.10051,0.11753,0.11254,0.03032,-0.03984,-0.04217,-0.11062,-0.14169,-0.14652,-0.17227,-0.11067,-0.15549,-0.10020,-0.11423,-0.12347,-0.01015,0.06244,0.01504,0.08511,0.18856,0.13304,0.09961,0.19336,0.26540,0.20776,0.19980,0.31259,0.38248,0.47283,0.60640,0.71582,0.77651,0.70804,0.71068,0.59627,0.50636,0.47580,0.29265,0.15112,0.21212,0.37861,0.41983,0.28994,0.17666,0.04810,-0.06206,-0.17464,-0.24834,-0.31116,-0.31894,-0.38242,-0.29579,-0.23295,-0.33236,-0.34687,-0.23253,-0.25123,-0.31027,-0.38321,-0.44854,-0.55763,-0.51456,-0.39127,-0.44953,-0.36785,-0.30264,-0.22588,-0.20678,-0.13097,-0.13646,-0.04980,-0.03344,0.01754,0.05925,0.04828,0.08565,0.09383,0.06105,0.09147,-0.01026,-0.01433,-0.10234,-0.02894,0.08626,0.23539,0.40290,0.39826,0.52438,0.48771,0.36385,0.34812,0.36537,0.28465,0.22241,0.20538,0.14960,0.09741,-0.02368,-0.07409,-0.16195,-0.24872,-0.31185,-0.33635,-0.29647,-0.31479,-0.31939,-0.22794,-0.31239,-0.29826,-0.23373,-0.20929,-0.17874,-0.17999,-0.12547,-0.07826,-0.11368,-0.15269,-0.21845,-0.25599,-0.31018,-0.35357,-0.41040,-0.38153,-0.39361,-0.37122,-0.30989,-0.31126,-0.27120,-0.29719,-0.22987,-0.21468,-0.19475,-0.22129,-0.30743,-0.26783,-0.21181,-0.11237,-0.02393,0.10548,0.19367,0.32672,0.33252,0.29541,0.27088,0.19314,0.11657,0.07283,0.00982,-0.06896,-0.12943,-0.15126,-0.23935,-0.28320,-0.35954,-0.43015,-0.47329,-0.54495,-0.58729,-0.62932,-0.61055,-0.48214,-0.41389,-0.35541
0.22712,0.24454,0.20036,0.23187,0.28872,0.27159,0.24932,0.31278,0.35619,0.31630,0.33898,0.27783,0.21887,0.14359,0.09219,0.02372,-0.00895,-0.06069,-0.11896,-0.13243,-0.08620,-0.08721,-0.03690,-0.08184,-0.13370,-0.09372,-0.07634,-0.14945,-0.16998,-0.11364,-0.14450,-0.22808,-0.20882,-0.15105,-0.20786,-0.24981,-0.27473,-0.27618,-0.31123,-0.44772,-0.39538,-0.35702,-0.33092,-0.25662,-0.24609,-0.16986,-0.15878,-0.08298,-0.03165,0.03945,0.08936,0.15827,0.24207,0.31068,0.36379,0.40715,0.38077,0.34515,0.40667,0.44748,0.39016,0.38637,0.42574,0.38091,0.30715,0.32328,0.31861,0.23908,0.17093,0.17134,0.10445,0.07424,0.07001,0.04490,0.10653,0.06194,0.11615,0.09924,0.08505,0.19015,0.26514,0.21953,0.27923,0.37868,0.33281,0.29830,0.38096,0.44973,0.40234,0.39910,0.50259,0.56775,0.64534,0.75186,0.83726,0.87959,0.83523,0.82956,0.73383,0.63713,0.60530,0.47224,0.32895,0.39412,0.55131,0.59906,0.48569,0.38316,0.26078,0.15350,0.03934,-0.03718,-0.10297,-0.10754,-0.17782,-0.08834,-0.01768,-0.12049,-0.13916,-0.01862,-0.03771,-0.09990,-0.17654,-0.25296,-0.37235,-0.32870,-0.19507,-0.24906,-0.16248,-0.09297,-0.01322,0.00838,0.08461,0.07947,0.16419,0.18077,0.23058,0.26969,0.25720,0.29080,0.29267,0.25887,0.27943,0.17420,0.15922,0.06152,0.12588,0.24387,0.38601,0.54317,0.55569,0.66824,0.64123,0.53475,0.51136,0.53078,0.46405,0.40991,0.40171,0.34966,0.29402,0.17466,0.11599,0.02228,-0.06498,-0.13677,-0.15105,-0.09874,-0.11135,-0.11870,-0.02225,-0.10838,-0.08936,-0.02147,0.00455,0.03233,0.03118,0.08400,0.13215,0.09859,0.05972,-0.00484,-0.04391,-0.09909,-0.14722,-0.20990,-0.18563,-0.20766,-0.19443,-0.12857,-0.14347,-0.10613,-0.14783,-0.08895,-0.06131,-0.04380,-0.04643,-0.12896,-0.07454,-0.01288,0.09282,0.18545,0.31140,0.39643,0.51755,0.52292,0.48823,0.46466,0.39563,0.32370,0.28074,0.21979,0.14298,0.08356,0.06105,-0.02685,-0.07334,-0.15075,-0.22593,-0.27159,-0.35191,-0.40264,-0.45901,-0.45095,-0.31815,-0.27358,-0.22440
0.24970,0.26706,0.21728,0.24787,0.30752,0.28747,0.26002,0.32426,0.36771,0.32098,0.34218,0.27650,0.21647,0.13975,0.08669,0.01756,-0.02035,-0.07179,-0.13257,-0.14753,-0.10301,-0.10877,-0.05931,-0.10236,-0.15833,-0.12273,-0.10409,-0.17743,-0.20310,-0.14941,-0.17974,-0.26484,-0.25190,-0.19826,-0.25267,-0.30030,-0.32529,-0.32703,-0.35743,-0.49118,-0.43627,-0.39257,-0.36456,-0.28653,-0.26934,-0.19021,-0.17234,-0.09404,-0.04569,0.02839,0.07625,0.14713,0.23225,0.30280,0.35871,0.39843,0.36728,0.32893,0.39192,0.42989,0.36696,0.36292,0.39668,0.34699,0.27602,0.28769,0.27620,0.19143,0.12175,0.12977,0.06259,0.03814,0.03073,0.00800,0.07281,0.03208,0.09239,0.08402,0.07851,0.19039,0.25835,0.21273,0.28045,0.37548,0.32159,0.29155,0.37894,0.44345,0.38889,0.37859,0.48141,0.53875,0.61633,0.72861,0.80964,0.85444,0.80013,0.77801,0.67201,0.56622,0.53155,0.40470,0.25365,0.32217,0.48702,0.54908,0.43980,0.34188,0.21310,0.10758,-0.01060,-0.08648,-0.15153,-0.14954,-0.22384,-0.13926,-0.05923,-0.15655,-0.17892,-0.05462,-0.06464,-0.12582,-0.19930,-0.28127,-0.39259,-0.33602,-0.20149,-0.26372,-0.17390,-0.10759,-0.02930,-0.01517,0.06027,0.05186,0.13561,0.14861,0.19219,0.22786,0.20689,0.23771,0.23143,0.19425,0.20847,0.09936,0.07928,-0.02065,0.03989,0.15901,0.30290,0.46538,0.48512,0.60686,0.58082,0.47093,0.44161,0.46514,0.40078,0.34604,0.34561,0.29135,0.22801,0.10731,0.04312,-0.05190,-0.13566,-0.20952,-0.21829,-0.16130,-0.16777,-0.17705,-0.07934,-0.16112,-0.13496,-0.06483,-0.03543,-0.00522,-0.00137,0.05264,0.09750,0.06500,0.02229,-0.04241,-0.08459,-0.13847,-0.19151,-0.25854,-0.24202,-0.27017,-0.26260,-0.19833,-0.21773,-0.18329,-0.22662,-0.17267,-0.14297,-0.12598,-0.12197,-0.19955,-0.14079,-0.07725,0.03011,0.12819,0.25628,0.34835,0.47219,0.48740,0.46106,0.43839,0.36146,0.29382,0.25675,0.19899,0.12259,0.06418,0.04445,-0.04494,-0.08682,-0.16845,-0.24311,-0.29581,-0.37708,-0.43086,-0.49171,-0.48421,-0.34512,-0.29196,-0.22950
0.26404,0.28207,0.22099,0.24939,0.31451,0.28974,0.25138,0.31941,0.36379,0.30306,0.32150,0.24563,0.18287,0.10234,0.04576,-0.02611,-0.07347,-0.12318,-0.18929,-0.20604,-0.16473,-0.17960,-0.13146,-0.17228,-0.23638,-0.20870,-0.18900,-0.26303,-0.29797,-0.25006,-0.28065,-0.36893,-0.36695,-0.32033,-0.37163,-0.43042,-0.45855,-0.46197,-0.48308,-0.60209,-0.55231,-0.49731,-0.46430,-0.38004,-0.34997,-0.26359,-0.23298,-0.14980,-0.10592,-0.02432,0.02056,0.09409,0.18439,0.26064,0.32464,0.35867,0.31629,0.27283,0.34022,0.37313,0.29747,0.29404,0.31834,0.25822,0.19003,0.19416,0.16931,0.07252,-0.00262,0.01901,-0.04951,-0.06353,-0.07660,-0.09587,-0.02444,-0.06243,0.00950,0.01624,0.02769,0.15599,0.21117,0.16547,0.25098,0.34039,0.27050,0.24892,0.34880,0.40678,0.33710,0.31209,0.41484,0.45726,0.53669,0.67053,0.74940,0.79787,0.71841,0.66313,0.53569,0.40132,0.36601,0.24759,0.08338,0.16286,0.34307,0.42947,0.32469,0.23424,0.09102,-0.01155,-0.13714,-0.21191,-0.27639,-0.26329,-0.34583,-0.26916,-0.17332,-0.26191,-0.29584,-0.16512,-0.15792,-0.22096,-0.28483,-0.36982,-0.47523,-0.38911,-0.24792,-0.32915,-0.23393,-0.17272,-0.09581,-0.09412,-0.01819,-0.03191,0.05129,0.05731,0.09053,0.12039,0.08254,0.10968,0.08882,0.04355,0.04758,-0.06911,-0.09697,-0.20025,-0.14210,-0.02123,0.12690,0.30836,0.33261,0.47553,0.45250,0.32968,0.29104,0.32352,0.26004,0.20129,0.21408,0.15401,0.07699,-0.04780,-0.12200,-0.21976,-0.29890,-0.37419,-0.37417,-0.30863,-0.30344,-0.31385,-0.20915,-0.28488,-0.24917,-0.17446,-0.13706,-0.10282,-0.09014,-0.03061,0.00619,-0.02949,-0.07882,-0.14420,-0.19242,-0.24308,-0.30457,-0.38066,-0.37888,-0.41629,-0.41884,-0.35860,-0.38365,-0.35358,-0.39777,-0.35069,-0.31896,-0.30150,-0.29041,-0.36045,-0.29498,-0.22979,-0.11827,-0.01068,0.12278,0.23005,0.36327,0.39624,0.38486,0.36502,0.27127,0.20934,0.18323,0.13021,0.05367,-0.00359,-0.01925,-0.11279,-0.14767,-0.23906,-0.31374,-0.38059,-0.46392,-0.52280,-0.58632,-0.55960,-0.40261,-0.30323,-0.21619
0.44112,0.45844,0.40534,0.43239,0.49103,0.47017,0.43742,0.49939,0.53926,0.48717,0.50423,0.43619,0.37785,0.30213,0.24785,0.17780,0.13145,0.08184,0.01492,-0.00243,0.03954,0.02369,0.07247,0.03171,-0.03467,-0.00758,0.01338,-0.06252,-0.10115,-0.05262,-0.08328,-0.17735,-0.17891,-0.13212,-0.18599,-0.25789,-0.29243,-0.30316,-0.31737,-0.44905,-0.39061,-0.32088,-0.28155,-0.18763,-0.15376,-0.06201,-0.02992,0.05519,0.09971,0.18063,0.22423,0.29487,0.38023,0.45083,0.50853,0.53899,0.50093,0.46093,0.52142,0.55010,0.48112,0.47744,0.49680,0.44067,0.37912,0.38008,0.35229,0.25629,0.18295,0.21084,0.14479,0.13470,0.12094,0.10375,0.17559,0.13842,0.21090,0.21829,0.22955,0.35196,0.40520,0.36274,0.44095,0.52337,0.46069,0.44088,0.53116,0.58290,0.52110,0.49747,0.58823,0.62057,0.68619,0.79661,0.84891,0.87818,0.81651,0.74289,0.63145,0.48273,0.44945,0.38496,0.21913,0.30502,0.47720,0.57610,0.49174,0.41648,0.27762,0.18084,0.05347,-0.02257,-0.08923,-0.06947,-0.16058,-0.08376,0.02287,-0.06611,-0.10748,0.03000,0.04143,-0.02581,-0.08908,-0.18401,-0.29759,-0.20517,-0.05308,-0.13328,-0.03289,0.03085,0.10932,0.11030,0.18595,0.17091,0.25059,0.25475,0.28359,0.30867,0.26507,0.28666,0.25512,0.20707,0.19778,0.07737,0.03659,-0.07655,-0.02983,0.09244,0.23193,0.40547,0.44764,0.58017,0.56948,0.46322,0.41449,0.45143,0.40368,0.35315,0.37898,0.32225,0.23954,0.11737,0.03290,-0.06976,-0.14750,-0.23100,-0.21744,-0.13782,-0.12339,-0.13593,-0.02599,-0.10161,-0.05928,0.01847,0.06011,0.09266,0.10848,0.16766,0.20187,0.16601,0.11544,0.05306,0.00209,-0.04772,-0.11606,-0.19932,-0.20566,-0.25551,-0.27054,-0.20804,-0.24838,-0.22331,-0.28322,-0.24822,-0.20275,-0.18820,-0.15082,-0.21362,-0.13120,-0.06060,0.05640,0.16972,0.29888,0.40528,0.52662,0.56319,0.55882,0.54146,0.45361,0.39890,0.37725,0.32856,0.25549,0.20081,0.18576,0.09273,0.05738,-0.03714,-0.11528,-0.18782,-0.27941,-0.34805,-0.42543,-0.40415,-0.23782,-0.15578,-0.07367
0.56261,0.57900,0.53257,0.55608,0.60775,0.59015,0.56138,0.61546,0.65045,0.60518,0.61925,0.55911,0.50638,0.43751,0.38634,0.32085,0.27572,0.22807,0.16269,0.14501,0.18549,0.16844,0.21568,0.17740,0.11121,0.13557,0.15696,0.08313,0.04179,0.08824,0.05902,-0.03614,-0.04202,0.00240,-0.04942,-0.12839,-0.16590,-0.18075,-0.18822,-0.32448,-0.25956,-0.18079,-0.13887,-0.04156,-0.00536,0.08692,0.12040,0.20343,0.24554,0.32317,0.36317,0.42896,0.50660,0.57095,0.62232,0.64789,0.61384,0.57741,0.63066,0.65488,0.59204,0.58802,0.60173,0.54927,0.49550,0.49289,0.46226,0.37008,0.30080,0.33411,0.27272,0.26799,0.25326,0.23920,0.30977,0.27731,0.34914,0.35990,0.37215,0.48668,0.53384,0.49447,0.56611,0.63793,0.58073,0.56384,0.64408,0.68730,0.63255,0.60859,0.68687,0.70853,0.76148,0.85080,0.88012,0.89411,0.84827,0.76136,0.66508,0.51199,0.48052,0.45737,0.29311,0.38000,0.54091,0.64938,0.58318,0.52420,0.39306,0.30533,0.18048,0.10659,0.04298,0.06869,-0.02554,0.04645,0.15900,0.07631,0.03122,0.16884,0.18511,0.11851,0.05974,-0.03933,-0.14952,-0.05258,0.09820,0.01891,0.11869,0.17941,0.25529,0.25367,0.32465,0.30770,0.38146,0.38303,0.40549,0.42496,0.37692,0.39251,0.35236,0.30373,0.28309,0.16382,0.11393,-0.00125,0.03381,0.15217,0.28022,0.44234,0.49654,0.61773,0.61479,0.52511,0.46958,0.50964,0.47676,0.43458,0.47086,0.41862,0.33282,0.21717,0.12796,0.02660,-0.04480,-0.13008,-0.10621,-0.01879,0.00236,-0.01334,0.09533,0.02419,0.07268,0.15019,0.19365,0.22787,0.24709,0.30352,0.33312,0.29899,0.24807,0.18827,0.13668,0.08966,0.01904,-0.06675,-0.07972,-0.13886,-0.16325,-0.10243,-0.15404,-0.13495,-0.20508,-0.18059,-0.12704,-0.11494,-0.05710,-0.10980,-0.01822,0.05240,0.16908,0.28258,0.40319,0.50638,0.61413,0.65447,0.65798,0.64295,0.56124,0.51601,0.49960,0.45724,0.39018,0.34004,0.32729,0.23799,0.20561,0.11231,0.03548,-0.03905,-0.13268,-0.20590,-0.29239,-0.27240,-0.10465,-0.03165,0.05049
0.56430,0.58027,0.52512,0.54578,0.60073,0.57902,0.54140,0.59638,0.63115,0.57521,0.58561,0.51827,0.46515,0.39618,0.34382,0.27790,0.22573,0.18104,0.11419,0.09591,0.13070,0.10586,0.15016,0.11616,0.04552,0.06164,0.08422,0.01328,-0.03560,0.00454,-0.02196,-0.11685,-0.13306,-0.09553,-0.14214,-0.22787,-0.26189,-0.27734,-0.27678,-0.39923,-0.33512,-0.25172,-0.20889,-0.11008,-0.06417,0.02958,0.07424,0.15756,0.19214,0.27295,0.30803,0.37347,0.45272,0.51870,0.57346,0.59170,0.55012,0.50957,0.56389,0.58302,0.51151,0.50707,0.51089,0.45182,0.40304,0.39272,0.35104,0.25112,0.18098,0.22624,0.16718,0.17302,0.15529,0.14765,0.22169,0.19402,0.27556,0.30273,0.32918,0.45264,0.48473,0.44551,0.52970,0.59351,0.52314,0.51373,0.60123,0.63732,0.57128,0.53651,0.61211,0.62042,0.67292,0.77523,0.80023,0.81884,0.75443,0.64306,0.53251,0.36391,0.33171,0.31437,0.14096,0.23302,0.40278,0.53016,0.46860,0.41786,0.28005,0.19634,0.06905,-0.00195,-0.06213,-0.02588,-0.12297,-0.06177,0.06243,-0.00836,-0.05902,0.07857,0.10947,0.04915,0.00108,-0.09398,-0.19552,-0.07473,0.07683,-0.02275,0.07666,0.13022,0.19980,0.18514,0.25181,0.22898,0.29925,0.29235,0.30430,0.31633,0.25529,0.26578,0.21351,0.16201,0.13250,0.01099,-0.04222,-0.15549,-0.12306,-0.00486,0.12158,0.29459,0.34932,0.48303,0.48085,0.38338,0.31993,0.36478,0.33450,0.29134,0.33877,0.28457,0.19036,0.07524,-0.01792,-0.11823,-0.18265,-0.26147,-0.22920,-0.13878,-0.10909,-0.12549,-0.01306,-0.08080,-0.02216,0.05699,0.10443,0.13862,0.16351,0.21834,0.23986,0.20556,0.15544,0.09790,0.04488,0.00157,-0.07339,-0.16434,-0.18790,-0.25546,-0.28692,-0.23177,-0.28785,-0.27478,-0.34288,-0.32552,-0.27376,-0.25906,-0.19664,-0.23913,-0.14542,-0.07804,0.03859,0.15576,0.27674,0.38824,0.49949,0.55460,0.57175,0.55838,0.46428,0.42612,0.42034,0.38542,0.32059,0.27478,0.26714,0.17888,0.15630,0.05893,-0.01435,-0.09805,-0.18938,-0.26367,-0.35165,-0.30825,-0.11400,-0.01974,0.07862
0.57481,0.58882,0.54664,0.56311,0.60685,0.59034,0.56299,0.60560,0.63371,0.59200,0.59988,0.54859,0.50472,0.44832,0.40363,0.34824,0.30569,0.26640,0.21017,0.19420,0.22465,0.20476,0.24433,0.21524,0.15528,0.17106,0.19174,0.13086,0.08876,0.12624,0.10577,0.02153,0.00932,0.04560,0.00325,-0.07164,-0.10240,-0.11501,-0.11496,-0.23036,-0.16469,-0.09645,-0.06253,0.02570,0.06189,0.14212,0.17863,0.24982,0.28059,0.34859,0.37832,0.43418,0.49879,0.55146,0.59223,0.60762,0.57821,0.54478,0.58742,0.60576,0.55041,0.54442,0.55040,0.50458,0.46249,0.45407,0.42208,0.33958,0.28243,0.31950,0.26998,0.27325,0.26183,0.25690,0.32121,0.29899,0.36864,0.38986,0.40488,0.50496,0.53569,0.49990,0.56398,0.61850,0.56409,0.55301,0.62074,0.65209,0.60316,0.57972,0.64611,0.65620,0.69854,0.76731,0.77839,0.78798,0.75366,0.66663,0.58318,0.44809,0.42939,0.41439,0.25924,0.33383,0.47604,0.58604,0.53399,0.49113,0.37860,0.30351,0.19266,0.12725,0.07516,0.10736,0.02306,0.08033,0.18952,0.12558,0.08659,0.20535,0.22420,0.17544,0.13134,0.05209,-0.04747,0.05115,0.18443,0.09975,0.18566,0.23504,0.29513,0.28481,0.34189,0.32028,0.37782,0.37339,0.38685,0.39625,0.34834,0.35558,0.31196,0.27160,0.24372,0.13922,0.09282,-0.00771,0.01807,0.12325,0.22875,0.36655,0.42051,0.52495,0.52308,0.44924,0.39336,0.42789,0.40713,0.37630,0.41818,0.37623,0.29710,0.19864,0.11977,0.03017,-0.02665,-0.10061,-0.07033,0.01006,0.03421,0.01709,0.11363,0.04924,0.10280,0.17137,0.21151,0.23212,0.25386,0.29997,0.32192,0.29145,0.24987,0.20347,0.15911,0.12190,0.05584,-0.01956,-0.03517,-0.09862,-0.12597,-0.07586,-0.13158,-0.11881,-0.18251,-0.17039,-0.11701,-0.10101,-0.03815,-0.07638,0.01064,0.06747,0.17084,0.27044,0.37333,0.46398,0.55311,0.59638,0.60842,0.59317,0.51871,0.48533,0.47695,0.44745,0.39147,0.35404,0.34819,0.27324,0.25264,0.17028,0.10556,0.03676,-0.04751,-0.11339,-0.20016,-0.17583,-0.00653,0.03856,0.13068
0.75853,0.76603,0.73590,0.74216,0.76847,0.75602,0.73246,0.75334,0.76652,0.73397,0.73204,0.69783,0.67207,0.63935,0.60825,0.57102,0.52914,0.50176,0.45646,0.43920,0.45621,0.42800,0.45506,0.44201,0.38698,0.38471,0.40525,0.36133,0.31222,0.33185,0.32031,0.24866,0.21622,0.23002,0.20795,0.12055,0.09312,0.07048,0.09734,-0.00111,0.07261,0.15831,0.19393,0.27894,0.32727,0.39620,0.44209,0.49738,0.50919,0.56125,0.57300,0.61199,0.64916,0.67976,0.70250,0.69551,0.67113,0.64496,0.66526,0.66485,0.62299,0.61586,0.59482,0.55840,0.54965,0.52629,0.47969,0.41261,0.37356,0.43081,0.40391,0.43197,0.41367,0.42070,0.47455,0.47483,0.54295,0.58523,0.61859,0.69114,0.68621,0.66581,0.71723,0.72945,0.68266,0.68791,0.72953,0.72896,0.68953,0.65675,0.67803,0.64600,0.64935,0.66981,0.62346,0.60907,0.58990,0.45843,0.40276,0.27320,0.23165,0.34195,0.20760,0.27475,0.37825,0.51368,0.52224,0.53250,0.44917,0.41268,0.32248,0.28106,0.24601,0.29758,0.21621,0.23871,0.35567,0.33583,0.29039,0.38984,0.43641,0.40419,0.38404,0.29409,0.24304,0.35774,0.45894,0.38098,0.45510,0.48143,0.51792,0.48788,0.51953,0.49235,0.52352,0.50681,0.48798,0.47539,0.40973,0.39650,0.32607,0.28520,0.22400,0.13628,0.06991,-0.01452,-0.02668,0.05064,0.11251,0.20627,0.29061,0.37093,0.38656,0.35449,0.28309,0.32395,0.34323,0.33456,0.40722,0.37936,0.29496,0.23107,0.14525,0.07327,0.05423,-0.01267,0.04676,0.13313,0.18050,0.15488,0.22649,0.20155,0.27520,0.33030,0.37114,0.39522,0.42788,0.46009,0.46173,0.44977,0.40837,0.37868,0.33879,0.31583,0.24847,0.17162,0.12896,0.04439,-0.01199,0.01682,-0.06058,-0.06479,-0.13736,-0.16218,-0.09869,-0.08730,0.01840,0.02249,0.11646,0.16791,0.24814,0.33800,0.40373,0.48138,0.52675,0.59044,0.63488,0.63006,0.56876,0.57306,0.59141,0.58969,0.55850,0.54058,0.54691,0.49541,0.49514,0.42536,0.37839,0.30536,0.23336,0.16756,0.07288,0.09382,0.24888,0.26866,0.38227
0.36752,0.37077,0.35571,0.36587,0.38360,0.37692,0.36906,0.38137,0.39468,0.38500,0.38681,0.37123,0.35310,0.32821,0.30951,0.28819,0.27132,0.24592,0.21985,0.21236,0.23262,0.22920,0.24988,0.23594,0.21202,0.22245,0.23478,0.20433,0.18546,0.20964,0.19866,0.15470,0.15215,0.17174,0.15916,0.13396,0.15520,0.16755,0.14618,0.00532,0.10035,0.13190,0.13771,0.17853,0.19010,0.22034,0.23212,0.25324,0.26782,0.29051,0.30489,0.33205,0.35431,0.37043,0.37672,0.37871,0.37663,0.36209,0.37379,0.38574,0.36995,0.36101,0.35958,0.34968,0.33632,0.33251,0.31682,0.28488,0.26805,0.28355,0.26784,0.27386,0.26773,0.26992,0.29717,0.29627,0.32743,0.33931,0.33875,0.36583,0.38142,0.36594,0.38139,0.40352,0.38890,0.37757,0.39485,0.40866,0.39447,0.38300,0.40671,0.40759,0.41864,0.41582,0.41395,0.41879,0.42865,0.39738,0.37141,0.35620,0.30612,0.33195,0.25874,0.27571,0.33457,0.38615,0.36515,0.35508,0.31679,0.28387,0.23400,0.20561,0.18763,0.20427,0.16665,0.18929,0.24492,0.22477,0.21411,0.27560,0.30140,0.29148,0.25619,0.19797,0.18406,0.20217,0.24323,0.21493,0.24939,0.26897,0.28629,0.28014,0.29618,0.28666,0.31435,0.30973,0.31087,0.30955,0.29337,0.29088,0.26961,0.25373,0.23100,0.18128,0.15615,0.12338,0.12711,0.17309,0.21527,0.24700,0.30206,0.32790,0.32446,0.30950,0.27993,0.28832,0.29098,0.28710,0.31187,0.29678,0.25612,0.21224,0.17377,0.13970,0.13586,0.11170,0.12651,0.15954,0.16530,0.14939,0.18588,0.15926,0.20083,0.23043,0.23726,0.26076,0.26449,0.26566,0.27876,0.29088,0.28317,0.24960,0.23285,0.20661,0.18133,0.13757,0.13973,0.10754,0.09237,0.10816,0.07697,0.08614,0.05680,0.05763,0.07767,0.09273,0.13474,0.12807,0.15781,0.17675,0.22277,0.26412,0.30564,0.33761,0.36390,0.38388,0.39246,0.38299,0.35679,0.35079,0.34721,0.33701,0.31330,0.29753,0.29644,0.26929,0.26325,0.23812,0.21241,0.19230,0.15934,0.13805,0.10021,0.08014,0.15818,0.12971,0.14790
0.22528,0.22663,0.20297,0.20926,0.22777,0.21771,0.19770,0.20836,0.22211,0.19902,0.19624,0.17350,0.15893,0.13607,0.11937,0.10265,0.08165,0.06497,0.04207,0.03499,0.04644,0.03557,0.04689,0.04066,0.01742,0.01513,0.02497,0.00438,-0.01805,-0.00845,-0.01981,-0.05165,-0.06363,-0.06201,-0.05996,-0.07615,-0.05408,-0.02082,-0.03708,-0.15208,-0.07268,-0.04399,-0.04147,-0.01179,0.00948,0.03329,0.05470,0.06834,0.07206,0.09276,0.10057,0.12251,0.14281,0.15886,0.17130,0.16433,0.15120,0.13387,0.14703,0.15132,0.12673,0.11896,0.10629,0.08925,0.08397,0.07365,0.04521,0.01074,-0.00421,0.01993,0.00940,0.02984,0.01738,0.02432,0.05061,0.05638,0.09009,0.11659,0.13519,0.16966,0.16586,0.15380,0.18481,0.19040,0.16204,0.16299,0.18825,0.18918,0.16230,0.13291,0.14968,0.13252,0.14380,0.16560,0.17190,0.18902,0.16808,0.11582,0.07099,0.05075,-0.01032,0.01525,-0.04923,-0.03392,0.02288,0.08425,0.06826,0.07118,0.03136,0.01353,-0.02670,-0.04236,-0.04849,-0.02714,-0.05776,-0.05789,-0.00093,0.00444,-0.01771,0.03062,0.07964,0.07338,0.06235,0.01789,0.03058,0.07247,0.09690,0.05192,0.07690,0.07688,0.08203,0.06274,0.06802,0.05606,0.07589,0.06433,0.04880,0.03890,0.01164,0.00587,-0.02340,-0.04170,-0.07155,-0.11391,-0.13825,-0.15354,-0.14987,-0.11680,-0.08221,-0.04489,-0.00187,0.03861,0.03224,0.00771,-0.01970,-0.00666,-0.00703,-0.01495,0.01565,-0.00261,-0.04855,-0.08228,-0.11727,-0.14266,-0.12659,-0.13675,-0.12007,-0.09361,-0.07884,-0.09603,-0.06706,-0.07385,-0.02410,-0.00085,0.00408,0.03111,0.03952,0.03683,0.03362,0.05844,0.05339,0.02008,0.00484,-0.01152,-0.03253,-0.07923,-0.09086,-0.12367,-0.14619,-0.14664,-0.17008,-0.16143,-0.17367,-0.18193,-0.17299,-0.15722,-0.12261,-0.11511,-0.09924,-0.08993,-0.05730,-0.02285,0.00949,0.04709,0.07436,0.10837,0.13176,0.12880,0.09095,0.09664,0.10729,0.10591,0.09031,0.08046,0.08580,0.06524,0.07218,0.05057,0.03716,0.01444,-0.00364,-0.01305,-0.03494,-0.01909,0.02992,0.09743,0.12193
-0.24709,-0.24258,-0.28102,-0.26727,-0.23200,-0.24841,-0.27420,-0.24511,-0.22011,-0.25388,-0.24878,-0.28761,-0.31653,-0.35246,-0.37416,-0.39771,-0.41499,-0.43477,-0.45529,-0.45864,-0.44390,-0.44513,-0.43255,-0.44413,-0.45793,-0.45081,-0.44416,-0.46366,-0.47015,-0.45453,-0.46683,-0.48530,-0.47779,-0.46816,-0.47108,-0.45560,-0.41375,-0.37331,-0.41440,-0.49333,-0.44293,-0.45899,-0.46951,-0.46513,-0.46155,-0.45227,-0.44320,-0.43110,-0.42313,-0.40239,-0.38651,-0.35603,-0.32127,-0.28984,-0.26334,-0.25352,-0.27199,-0.29431,-0.26374,-0.24570,-0.27986,-0.28484,-0.27431,-0.29775,-0.32613,-0.32138,-0.33154,-0.36462,-0.38528,-0.38658,-0.40697,-0.41057,-0.41763,-0.42034,-0.40113,-0.40758,-0.38497,-0.37316,-0.36443,-0.32080,-0.30599,-0.32433,-0.28466,-0.24871,-0.28401,-0.29518,-0.24944,-0.22092,-0.26036,-0.27504,-0.22560,-0.20150,-0.15645,-0.08512,-0.01195,0.04668,-0.00884,0.00262,-0.07241,-0.05420,-0.10890,-0.23421,-0.28002,-0.27145,-0.19929,-0.18989,-0.25842,-0.30673,-0.35511,-0.39449,-0.42912,-0.44689,-0.45410,-0.45971,-0.46898,-0.45585,-0.43639,-0.45022,-0.44450,-0.41140,-0.39351,-0.39313,-0.42326,-0.45948,-0.42940,-0.41730,-0.40735,-0.44197,-0.42598,-0.42033,-0.41372,-0.41914,-0.40565,-0.40800,-0.37423,-0.37497,-0.36698,-0.35649,-0.35839,-0.34455,-0.33779,-0.34651,-0.32824,-0.35975,-0.34734,-0.34474,-0.30546,-0.27423,-0.21452,-0.16019,-0.16690,-0.11310,-0.14668,-0.20878,-0.20564,-0.20905,-0.25520,-0.28314,-0.29596,-0.32150,-0.34276,-0.38730,-0.39131,-0.40662,-0.40975,-0.39992,-0.42614,-0.43497,-0.45153,-0.45316,-0.42833,-0.44768,-0.43086,-0.41446,-0.42327,-0.39791,-0.40899,-0.41060,-0.39921,-0.37908,-0.37589,-0.41502,-0.42035,-0.44347,-0.44428,-0.46941,-0.45554,-0.44532,-0.42658,-0.42042,-0.39753,-0.38014,-0.35632,-0.32561,-0.35369,-0.33478,-0.37673,-0.39979,-0.42491,-0.42357,-0.40070,-0.38226,-0.33581,-0.30253,-0.24416,-0.23290,-0.24253,-0.25249,-0.29598,-0.31817,-0.32881,-0.34883,-0.37696,-0.39838,-0.40183,-0.42580,-0.42765,-0.44072,-0.44947,-0.45474,-0.45442,-0.44452,-0.42910,-0.42925,-0.39318,-0.33952,-0.34201
-0.46332,-0.46105,-0.48064,-0.46795,-0.44466,-0.45507,-0.46289,-0.44281,-0.42355,-0.43660,-0.42777,-0.44626,-0.46502,-0.48635,-0.49651,-0.50694,-0.50410,-0.51790,-0.51934,-0.51799,-0.50657,-0.49194,-0.48398,-0.49242,-0.48300,-0.46711,-0.46629,-0.47112,-0.45454,-0.43854,-0.44298,-0.43699,-0.41075,-0.39568,-0.39435,-0.34436,-0.29892,-0.26022,-0.30841,-0.35726,-0.32746,-0.38229,-0.41142,-0.43742,-0.46181,-0.48001,-0.49580,-0.50431,-0.49678,-0.49763,-0.48426,-0.46620,-0.44801,-0.43170,-0.42074,-0.40273,-0.40142,-0.41266,-0.39147,-0.36545,-0.37651,-0.38118,-0.35291,-0.35550,-0.38622,-0.36640,-0.34792,-0.34829,-0.35289,-0.38502,-0.39510,-0.41772,-0.41201,-0.41993,-0.42027,-0.42718,-0.43163,-0.44627,-0.46806,-0.46102,-0.43220,-0.44857,-0.44261,-0.40399,-0.41120,-0.43399,-0.41257,-0.37717,-0.38933,-0.37814,-0.32903,-0.27649,-0.23196,-0.18865,-0.09784,-0.03463,-0.05684,0.03515,-0.00071,0.08908,0.04982,-0.12793,-0.13374,-0.15992,-0.12920,-0.18160,-0.26351,-0.32619,-0.33557,-0.37215,-0.37663,-0.38504,-0.38322,-0.41368,-0.38980,-0.37274,-0.40435,-0.41882,-0.38232,-0.38778,-0.40840,-0.39241,-0.42478,-0.42451,-0.39468,-0.44371,-0.47390,-0.46824,-0.47973,-0.47578,-0.47688,-0.46148,-0.45834,-0.45159,-0.42786,-0.41575,-0.38963,-0.36855,-0.33278,-0.31205,-0.26850,-0.25422,-0.20676,-0.20511,-0.16199,-0.13157,-0.08792,-0.07802,-0.03852,-0.02744,-0.06912,-0.05379,-0.10112,-0.14518,-0.11058,-0.13547,-0.18911,-0.21181,-0.26024,-0.26911,-0.24960,-0.27097,-0.23838,-0.23024,-0.23609,-0.21042,-0.26394,-0.31014,-0.35499,-0.35188,-0.36118,-0.37916,-0.39196,-0.39812,-0.42458,-0.41223,-0.43701,-0.44862,-0.42728,-0.40626,-0.39067,-0.41757,-0.40528,-0.42447,-0.39941,-0.38554,-0.33906,-0.29818,-0.25108,-0.24968,-0.20211,-0.17490,-0.12793,-0.08204,-0.12406,-0.10167,-0.18329,-0.21751,-0.27668,-0.29272,-0.29851,-0.31622,-0.29272,-0.29870,-0.26316,-0.28979,-0.32852,-0.34364,-0.35218,-0.38395,-0.41299,-0.43669,-0.45701,-0.47310,-0.48037,-0.48483,-0.49316,-0.47752,-0.47239,-0.44116,-0.42023,-0.38555,-0.34484,-0.36157,-0.38311,-0.40221,-0.43016
-0.53907,-0.53173,-0.55968,-0.53969,-0.50385,-0.51717,-0.52786,-0.49006,-0.46036,-0.48219,-0.46466,-0.49791,-0.53132,-0.57013,-0.59182,-0.61718,-0.61770,-0.64109,-0.65278,-0.65208,-0.63024,-0.61193,-0.59358,-0.61439,-0.61257,-0.58415,-0.58222,-0.60198,-0.58312,-0.55440,-0.56650,-0.57247,-0.53453,-0.50472,-0.52005,-0.46658,-0.43693,-0.39369,-0.45540,-0.51447,-0.49462,-0.55467,-0.57993,-0.59544,-0.62433,-0.62860,-0.64826,-0.63858,-0.61609,-0.60214,-0.57536,-0.54276,-0.50325,-0.46881,-0.44286,-0.40784,-0.41302,-0.43055,-0.39281,-0.35501,-0.37811,-0.38126,-0.33568,-0.34727,-0.40126,-0.37194,-0.34514,-0.35978,-0.38021,-0.42252,-0.45081,-0.49035,-0.48168,-0.50053,-0.49013,-0.51306,-0.51121,-0.53988,-0.57124,-0.54150,-0.48787,-0.51516,-0.49829,-0.42866,-0.44265,-0.47569,-0.43355,-0.37646,-0.39807,-0.38175,-0.30173,-0.21922,-0.14846,-0.07088,0.05600,0.13476,0.09872,0.21258,0.15296,0.22437,0.19487,-0.04867,-0.07579,-0.09263,-0.02858,-0.09000,-0.21119,-0.31196,-0.34792,-0.41351,-0.43759,-0.46422,-0.48008,-0.52104,-0.50446,-0.46231,-0.49329,-0.53919,-0.50139,-0.48697,-0.53036,-0.52950,-0.58173,-0.58633,-0.59685,-0.64770,-0.64774,-0.64438,-0.64021,-0.61457,-0.59448,-0.56613,-0.54164,-0.53170,-0.48830,-0.46575,-0.41772,-0.38006,-0.33728,-0.30232,-0.24426,-0.23359,-0.16549,-0.18057,-0.12868,-0.12108,-0.05135,-0.01648,0.05742,0.10198,0.04716,0.08771,0.03158,-0.04402,-0.00478,-0.03101,-0.11164,-0.15000,-0.21567,-0.23587,-0.21570,-0.26341,-0.23384,-0.24760,-0.28444,-0.27935,-0.34652,-0.38915,-0.44391,-0.43807,-0.42932,-0.46892,-0.49361,-0.48585,-0.50828,-0.50046,-0.52841,-0.52113,-0.48328,-0.47926,-0.47232,-0.50947,-0.50490,-0.53530,-0.51493,-0.50273,-0.44617,-0.39748,-0.33600,-0.31668,-0.26062,-0.22027,-0.17577,-0.10562,-0.14384,-0.11840,-0.22181,-0.28845,-0.34076,-0.34328,-0.33014,-0.33176,-0.27786,-0.27018,-0.20044,-0.23746,-0.29641,-0.31909,-0.33961,-0.39764,-0.44510,-0.48897,-0.52890,-0.56069,-0.57668,-0.60180,-0.62614,-0.62637,-0.63890,-0.61137,-0.60709,-0.58054,-0.54938,-0.57430,-0.59356,-0.58810,-0.60855
-0.27053,-0.25976,-0.28275,-0.25587,-0.21660,-0.22678,-0.23095,-0.18689,-0.15276,-0.16783,-0.14501,-0.17954,-0.22089,-0.27026,-0.29972,-0.33896,-0.34273,-0.37983,-0.40448,-0.40771,-0.37238,-0.35221,-0.31979,-0.35232,-0.36311,-0.32207,-0.31526,-0.35511,-0.34160,-0.29588,-0.31475,-0.34691,-0.30470,-0.25766,-0.29150,-0.26445,-0.25144,-0.22868,-0.28635,-0.38549,-0.35203,-0.38524,-0.39531,-0.38385,-0.41072,-0.39133,-0.41195,-0.38096,-0.34320,-0.31522,-0.27619,-0.23115,-0.17967,-0.13797,-0.10945,-0.06559,-0.06761,-0.08723,-0.04395,0.00069,-0.02280,-0.02648,0.02717,0.01253,-0.05210,-0.02068,0.00800,-0.01938,-0.05303,-0.09246,-0.13446,-0.18169,-0.17326,-0.19901,-0.17628,-0.21018,-0.19985,-0.24019,-0.27979,-0.23751,-0.16275,-0.19588,-0.18070,-0.09300,-0.10376,-0.14694,-0.10135,-0.03260,-0.04978,-0.02521,0.06513,0.15831,0.22960,0.29622,0.40891,0.47330,0.45850,0.56076,0.50760,0.54568,0.51016,0.30174,0.24301,0.24732,0.33301,0.28720,0.16456,0.05286,-0.00226,-0.08779,-0.13981,-0.18540,-0.22176,-0.26015,-0.26789,-0.19994,-0.20936,-0.28492,-0.25437,-0.20587,-0.25832,-0.27996,-0.35410,-0.38969,-0.44392,-0.48876,-0.44623,-0.44166,-0.40987,-0.36228,-0.31730,-0.27890,-0.23506,-0.22543,-0.16528,-0.13714,-0.07736,-0.03262,0.00618,0.04454,0.09570,0.09792,0.15962,0.11649,0.15163,0.12319,0.19354,0.25877,0.35641,0.42426,0.38850,0.43710,0.38985,0.31445,0.33994,0.32093,0.24161,0.20190,0.14436,0.11828,0.12344,0.05139,0.05711,0.01636,-0.04338,-0.06919,-0.12516,-0.14072,-0.19211,-0.18900,-0.15580,-0.21710,-0.23577,-0.21064,-0.22333,-0.21051,-0.23810,-0.21829,-0.16669,-0.17283,-0.17858,-0.22465,-0.22952,-0.27334,-0.27096,-0.27800,-0.21937,-0.18753,-0.13391,-0.09244,-0.05647,-0.01353,-0.00186,0.07249,0.05683,0.07939,0.00622,-0.07393,-0.09258,-0.07194,-0.02998,-0.00422,0.07311,0.09623,0.17639,0.13694,0.07106,0.04606,0.02349,-0.04572,-0.10309,-0.15877,-0.21286,-0.25716,-0.27966,-0.32490,-0.36574,-0.38556,-0.42280,-0.40919,-0.43484,-0.43413,-0.43353,-0.47855,-0.45606,-0.49753,-0.50472
-0.38171,-0.37450,-0.37093,-0.34823,-0.32929,-0.32836,-0.31137,-0.28448,-0.26045,-0.24713,-0.22437,-0.23084,-0.25548,-0.28375,-0.29727,-0.31851,-0.29990,-0.32746,-0.33098,-0.32778,-0.29803,-0.26319,-0.23930,-0.26640,-0.25340,-0.20755,-0.20730,-0.23012,-0.19673,-0.15453,-0.16600,-0.17406,-0.11747,-0.07024,-0.09909,-0.04518,-0.02912,-0.00800,-0.07030,-0.14668,-0.12901,-0.18918,-0.21169,-0.22723,-0.27777,-0.28486,-0.32912,-0.32156,-0.28585,-0.28311,-0.24963,-0.22458,-0.19668,-0.17660,-0.16901,-0.12271,-0.10351,-0.10769,-0.08239,-0.03712,-0.03007,-0.03338,0.02937,0.03981,-0.01677,0.02446,0.07781,0.08627,0.07373,0.00985,-0.01718,-0.07641,-0.05673,-0.08490,-0.08591,-0.11791,-0.13869,-0.20231,-0.26771,-0.27009,-0.18870,-0.21250,-0.23670,-0.15837,-0.13440,-0.18347,-0.17254,-0.10659,-0.08868,-0.04114,0.03111,0.13566,0.19213,0.21309,0.31872,0.36941,0.39872,0.55843,0.55657,0.65564,0.64133,0.42808,0.42060,0.39330,0.42222,0.32565,0.21367,0.10863,0.10043,0.03199,0.01631,-0.01417,-0.03843,-0.09624,-0.07488,-0.01078,-0.06618,-0.13677,-0.08479,-0.07513,-0.15502,-0.16394,-0.23195,-0.23270,-0.28274,-0.38460,-0.38075,-0.33420,-0.32997,-0.28762,-0.25542,-0.19955,-0.17018,-0.15038,-0.10588,-0.06962,-0.00039,0.04739,0.11703,0.15650,0.23394,0.25572,0.33300,0.32616,0.38040,0.37831,0.44074,0.47654,0.53790,0.54803,0.49559,0.49142,0.44339,0.40537,0.45382,0.41862,0.34886,0.32286,0.24236,0.23521,0.27642,0.23532,0.27194,0.25774,0.20428,0.19541,0.12492,0.08247,0.01349,0.02162,0.02276,-0.03178,-0.07634,-0.07379,-0.10210,-0.10280,-0.14194,-0.13684,-0.08392,-0.08571,-0.07542,-0.10476,-0.09245,-0.12879,-0.10280,-0.07749,0.00292,0.05835,0.12865,0.16290,0.21285,0.25717,0.28312,0.35999,0.33349,0.34869,0.25848,0.18014,0.13834,0.14288,0.15516,0.14474,0.18772,0.16957,0.21333,0.14185,0.05725,0.03230,0.05026,-0.01701,-0.08469,-0.13681,-0.17557,-0.20968,-0.23490,-0.25599,-0.29994,-0.28993,-0.31196,-0.26584,-0.27169,-0.25085,-0.22978,-0.29159,-0.32828,-0.43338,-0.48354
-0.43645,-0.42663,-0.43311,-0.40800,-0.38010,-0.38307,-0.37339,-0.33567,-0.30515,-0.30267,-0.27789,-0.29615,-0.32879,-0.36694,-0.38757,-0.41776,-0.40420,-0.43389,-0.44323,-0.44096,-0.40938,-0.37689,-0.34924,-0.38009,-0.37304,-0.32547,-0.32449,-0.35270,-0.32183,-0.27708,-0.29076,-0.30486,-0.24745,-0.19514,-0.22941,-0.17727,-0.16886,-0.14524,-0.21058,-0.28055,-0.27015,-0.33072,-0.35134,-0.36182,-0.41023,-0.40965,-0.45034,-0.43438,-0.39489,-0.38197,-0.34391,-0.31178,-0.27123,-0.24011,-0.22208,-0.17053,-0.15904,-0.16892,-0.13387,-0.08419,-0.08918,-0.09204,-0.02474,-0.02276,-0.09026,-0.04740,0.00467,0.00167,-0.02056,-0.08476,-0.11999,-0.18211,-0.16215,-0.19254,-0.18501,-0.22314,-0.23697,-0.30065,-0.36482,-0.34870,-0.26117,-0.29140,-0.30176,-0.21172,-0.19863,-0.24904,-0.22188,-0.14765,-0.14098,-0.09773,-0.00991,0.10205,0.17469,0.22637,0.35360,0.41416,0.42357,0.58329,0.56179,0.64197,0.63832,0.38244,0.35940,0.33873,0.38836,0.29533,0.16299,0.04343,0.01772,-0.06297,-0.08995,-0.12943,-0.15948,-0.21808,-0.20211,-0.12859,-0.17856,-0.25984,-0.21336,-0.19447,-0.27701,-0.29375,-0.36161,-0.35251,-0.42280,-0.51378,-0.49477,-0.46242,-0.45235,-0.40472,-0.36422,-0.30771,-0.26846,-0.25042,-0.19740,-0.16027,-0.08528,-0.03225,0.03477,0.07980,0.15994,0.17801,0.26153,0.24568,0.30371,0.29362,0.36923,0.41742,0.49672,0.53532,0.47083,0.48695,0.43309,0.37169,0.42142,0.38875,0.30514,0.26801,0.18279,0.16770,0.20475,0.15087,0.18545,0.16201,0.09579,0.08320,0.00746,-0.03364,-0.10490,-0.09633,-0.08385,-0.14960,-0.19510,-0.18609,-0.20923,-0.20993,-0.24659,-0.23197,-0.17693,-0.18986,-0.18409,-0.21853,-0.21111,-0.24951,-0.22820,-0.20559,-0.12159,-0.06469,0.01074,0.04982,0.10365,0.15383,0.18361,0.26881,0.24196,0.26042,0.15811,0.06826,0.02705,0.03439,0.05730,0.05533,0.11355,0.10691,0.17134,0.10134,0.01251,-0.01510,-0.01001,-0.08797,-0.15989,-0.21916,-0.26709,-0.30711,-0.33428,-0.36588,-0.41296,-0.41313,-0.44125,-0.40067,-0.41287,-0.39440,-0.37311,-0.41090,-0.43445,-0.50150,-0.53950
-0.24217,-0.23155,-0.23319,-0.20591,-0.17957,-0.17963,-0.16598,-0.12856,-0.09797,-0.09013,-0.06449,-0.08011,-0.11392,-0.15484,-0.17817,-0.21391,-0.20222,-0.23756,-0.25320,-0.25319,-0.21603,-0.18426,-0.15054,-0.18580,-0.18607,-0.13414,-0.13046,-0.16791,-0.14195,-0.09065,-0.10825,-0.13655,-0.08021,-0.02142,-0.06318,-0.02878,-0.03061,-0.01703,-0.07691,-0.17118,-0.14950,-0.19036,-0.20193,-0.19598,-0.24049,-0.22694,-0.26643,-0.24097,-0.19470,-0.17511,-0.13230,-0.09584,-0.05255,-0.02000,-0.00259,0.05048,0.06395,0.05446,0.08952,0.13936,0.13524,0.13237,0.19918,0.20075,0.13255,0.17479,0.22385,0.21474,0.18684,0.12789,0.08767,0.02584,0.04444,0.01217,0.02610,-0.01588,-0.02467,-0.09095,-0.15785,-0.13691,-0.04272,-0.07508,-0.08664,0.00730,0.02266,-0.03019,-0.00405,0.07125,0.08107,0.12596,0.21155,0.32029,0.38734,0.42684,0.53714,0.58363,0.60715,0.74978,0.73583,0.79265,0.78328,0.57082,0.53179,0.52420,0.58016,0.50217,0.37891,0.26407,0.23143,0.14629,0.10598,0.05867,0.01967,-0.03427,-0.03386,0.04961,0.01596,-0.07618,-0.03887,-0.00186,-0.08199,-0.11136,-0.18618,-0.19419,-0.28464,-0.36765,-0.32587,-0.29555,-0.27123,-0.21448,-0.16306,-0.10381,-0.05699,-0.03940,0.01919,0.05738,0.13330,0.18588,0.24700,0.29098,0.36190,0.37286,0.44499,0.41470,0.45794,0.42854,0.49877,0.55957,0.64535,0.69401,0.64614,0.66341,0.61833,0.56384,0.60130,0.57553,0.50252,0.46707,0.39272,0.37491,0.40061,0.33755,0.35565,0.31787,0.24445,0.21690,0.15297,0.13002,0.06636,0.07179,0.09764,0.02499,-0.01307,0.00461,-0.01183,-0.00900,-0.04331,-0.02336,0.03565,0.01932,0.01806,-0.02067,-0.01972,-0.06304,-0.05202,-0.04314,0.03687,0.07975,0.14404,0.19111,0.22961,0.27847,0.28788,0.36836,0.35735,0.37375,0.29679,0.20612,0.18620,0.20577,0.24452,0.25720,0.32294,0.32404,0.38823,0.32183,0.23572,0.20843,0.21403,0.13538,0.06319,0.00131,-0.05074,-0.09511,-0.12444,-0.16483,-0.21810,-0.22832,-0.26796,-0.23700,-0.26563,-0.26178,-0.25863,-0.29854,-0.30163,-0.37910,-0.41334
-0.41836,-0.41130,-0.40132,-0.37871,-0.36432,-0.35977,-0.33772,-0.31206,-0.28889,-0.26827,-0.24440,-0.24537,-0.26772,-0.29387,-0.30584,-0.32617,-0.30122,-0.32533,-0.32480,-0.31972,-0.29064,-0.25192,-0.22861,-0.25648,-0.23888,-0.18966,-0.19169,-0.21191,-0.17264,-0.13039,-0.14163,-0.14600,-0.08368,-0.03227,-0.06370,-0.00299,0.00331,0.02543,-0.03969,-0.10433,-0.09916,-0.16604,-0.19024,-0.21014,-0.26812,-0.27790,-0.32936,-0.32425,-0.28547,-0.28502,-0.24975,-0.22829,-0.20210,-0.18375,-0.17830,-0.12757,-0.10420,-0.10458,-0.08072,-0.03336,-0.02129,-0.02351,0.04551,0.06119,0.00100,0.04774,0.10932,0.12426,0.11288,0.03949,0.01231,-0.05356,-0.02904,-0.06027,-0.06393,-0.10107,-0.13009,-0.20443,-0.27954,-0.28722,-0.19865,-0.22312,-0.25423,-0.17275,-0.14071,-0.19243,-0.18543,-0.11595,-0.09068,-0.03669,0.03629,0.14885,0.20748,0.22749,0.33897,0.38446,0.42315,0.60180,0.61233,0.71334,0.71836,0.48974,0.49304,0.45999,0.47698,0.36320,0.24609,0.13763,0.13749,0.06823,0.05841,0.02645,0.00175,-0.06374,-0.03718,0.03341,-0.03368,-0.11072,-0.05957,-0.05758,-0.14948,-0.16367,-0.22749,-0.20522,-0.27678,-0.39120,-0.38559,-0.33302,-0.33453,-0.28953,-0.25413,-0.18947,-0.15751,-0.13420,-0.09113,-0.05010,0.02681,0.07887,0.15829,0.20172,0.29073,0.31587,0.40054,0.40047,0.46152,0.46126,0.52900,0.56207,0.61972,0.62908,0.56218,0.54891,0.49985,0.46286,0.51875,0.48103,0.41069,0.38304,0.29175,0.28712,0.33886,0.30212,0.34645,0.33278,0.27162,0.26397,0.18698,0.13849,0.06362,0.07361,0.07267,0.01262,-0.04285,-0.04427,-0.07304,-0.08072,-0.12161,-0.11358,-0.05837,-0.06909,-0.05716,-0.08272,-0.06830,-0.10147,-0.07059,-0.03661,0.05304,0.11711,0.19407,0.22855,0.28436,0.33274,0.36184,0.44302,0.41822,0.43235,0.33228,0.24697,0.20055,0.20197,0.21279,0.19578,0.23439,0.20736,0.24897,0.16517,0.07065,0.04490,0.07235,-0.00094,-0.07493,-0.13059,-0.16903,-0.20309,-0.23149,-0.25125,-0.30006,-0.28673,-0.30862,-0.25483,-0.26094,-0.23606,-0.20870,-0.25544,-0.30853,-0.39979,-0.46016
-0.34912,-0.34423,-0.32009,-0.30166,-0.29932,-0.28846,-0.25608,-0.24408,-0.22832,-0.19237,-0.17144,-0.15606,-0.16758,-0.17960,-0.18191,-0.19163,-0.15871,-0.17874,-0.16829,-0.16233,-0.13722,-0.09528,-0.07652,-0.09923,-0.07305,-0.02539,-0.02855,-0.04042,0.00271,0.04192,0.03654,0.04041,0.10331,0.15090,0.12426,0.18301,0.19272,0.20020,0.14345,0.09206,0.09317,0.02670,0.00190,-0.02434,-0.08763,-0.10751,-0.16503,-0.16994,-0.13505,-0.14736,-0.11790,-0.10659,-0.09749,-0.09335,-0.10159,-0.05581,-0.02162,-0.01372,-0.00317,0.03948,0.06811,0.06668,0.13227,0.16011,0.11209,0.15788,0.22440,0.25622,0.25654,0.18109,0.16412,0.09952,0.12614,0.09743,0.08296,0.05149,0.01010,-0.06875,-0.14951,-0.18119,-0.09771,-0.11495,-0.16559,-0.09692,-0.04874,-0.10038,-0.11475,-0.05327,-0.01116,0.05260,0.10507,0.21097,0.25160,0.23364,0.32096,0.35341,0.41883,0.60369,0.64662,0.77047,0.77514,0.58194,0.60732,0.56459,0.55196,0.42732,0.33482,0.24306,0.26746,0.21439,0.21990,0.19852,0.18008,0.11481,0.14916,0.21311,0.13340,0.06475,0.12426,0.11151,0.01477,0.00734,-0.05328,-0.03070,-0.08947,-0.22228,-0.23412,-0.16133,-0.17096,-0.13127,-0.10354,-0.03665,-0.01453,0.01025,0.04087,0.08353,0.15613,0.20302,0.28834,0.32626,0.41568,0.44648,0.52510,0.53859,0.59819,0.60634,0.65804,0.67727,0.71107,0.68784,0.62753,0.58465,0.54354,0.53911,0.59791,0.55536,0.50018,0.48579,0.39664,0.40339,0.46463,0.44573,0.49519,0.49321,0.44301,0.43867,0.36912,0.31599,0.24202,0.25270,0.23538,0.18592,0.12763,0.11505,0.08120,0.06941,0.02664,0.02606,0.08016,0.07520,0.09089,0.07675,0.09902,0.07126,0.10639,0.14932,0.24076,0.30413,0.37737,0.40656,0.45800,0.49787,0.52318,0.59296,0.57151,0.58075,0.49341,0.42116,0.37454,0.37291,0.36934,0.33972,0.35749,0.31316,0.32710,0.23756,0.14441,0.12197,0.16960,0.10715,0.03593,-0.01173,-0.03858,-0.06473,-0.09145,-0.09836,-0.14502,-0.11935,-0.13404,-0.07239,-0.07227,-0.04710,-0.01991,-0.09053,-0.15556,-0.31705,-0.38319
-0.12416,-0.11973,-0.08801,-0.06917,-0.07160,-0.05693,-0.01901,-0.01054,0.00221,0.04590,0.06681,0.08758,0.07813,0.06705,0.06468,0.05285,0.08535,0.06191,0.06760,0.07178,0.10087,0.14205,0.16457,0.13910,0.15932,0.20876,0.20729,0.18812,0.22610,0.26941,0.26033,0.25175,0.31107,0.36173,0.32983,0.37158,0.37260,0.37251,0.32178,0.24447,0.25827,0.21401,0.19864,0.18758,0.13044,0.12175,0.06660,0.06888,0.10712,0.09852,0.12987,0.14170,0.14993,0.15147,0.13898,0.18272,0.22063,0.23096,0.23721,0.27692,0.30997,0.30854,0.36935,0.39878,0.35521,0.39773,0.45969,0.48736,0.48520,0.41822,0.39978,0.33903,0.36336,0.33527,0.32495,0.29222,0.25511,0.17692,0.09584,0.06352,0.14861,0.13217,0.07721,0.14258,0.19610,0.14502,0.12442,0.18188,0.23000,0.29412,0.33802,0.43457,0.46204,0.42304,0.48217,0.49288,0.57613,0.73528,0.79256,0.88935,0.88685,0.76324,0.77834,0.75009,0.73660,0.62970,0.55712,0.47820,0.50007,0.44868,0.44488,0.41820,0.39390,0.33544,0.35508,0.42341,0.36160,0.28729,0.33610,0.33876,0.24793,0.23120,0.16641,0.16827,0.09704,-0.02221,-0.01268,0.05675,0.05860,0.10429,0.13889,0.20610,0.23146,0.25576,0.28807,0.32859,0.39755,0.44075,0.51691,0.55048,0.62612,0.65076,0.71386,0.71608,0.75782,0.74897,0.79020,0.81784,0.85041,0.82960,0.79051,0.74294,0.71328,0.72204,0.76729,0.73255,0.69383,0.68506,0.61170,0.61842,0.66811,0.64531,0.67796,0.66419,0.61132,0.59515,0.54075,0.50808,0.44525,0.45287,0.44994,0.39737,0.34848,0.34441,0.31637,0.30668,0.26573,0.26655,0.32012,0.31633,0.32932,0.31231,0.32900,0.29793,0.32327,0.35088,0.43166,0.47804,0.53583,0.57169,0.60427,0.64182,0.64534,0.70459,0.69865,0.70441,0.65011,0.58250,0.55835,0.56754,0.57719,0.55991,0.57989,0.54061,0.54728,0.46413,0.37801,0.35796,0.40808,0.35105,0.28316,0.23705,0.21014,0.18286,0.15534,0.14374,0.09406,0.11178,0.08806,0.13962,0.12590,0.13697,0.14440,0.07169,0.02432,-0.14349,-0.21086
-0.05962,-0.05939,-0.01055,0.00089,-0.01911,0.00307,0.05158,0.04082,0.04189,0.10254,0.11765,0.15897,0.16540,0.17442,0.18520,0.19069,0.23258,0.21989,0.23866,0.24536,0.26601,0.30832,0.32060,0.30487,0.33640,0.37829,0.37369,0.36968,0.41192,0.44436,0.44182,0.44888,0.50367,0.54306,0.52196,0.56662,0.56943,0.56630,0.52604,0.46555,0.47633,0.43046,0.41172,0.38944,0.32942,0.30596,0.24633,0.23214,0.26120,0.23499,0.25495,0.25058,0.23579,0.21769,0.18754,0.22067,0.26997,0.29082,0.27835,0.30808,0.36085,0.35939,0.41067,0.45497,0.43094,0.46964,0.53379,0.58255,0.59776,0.53149,0.52953,0.47538,0.50129,0.47883,0.45488,0.43308,0.38335,0.30672,0.22370,0.16125,0.23151,0.22599,0.14947,0.18996,0.26091,0.21605,0.16853,0.20832,0.27507,0.34365,0.35870,0.43828,0.43988,0.35641,0.37931,0.37035,0.48205,0.63905,0.73017,0.84974,0.85346,0.79340,0.83954,0.79569,0.73943,0.62462,0.58784,0.53941,0.59400,0.56792,0.58887,0.57764,0.56692,0.51123,0.54255,0.59247,0.51864,0.46657,0.51860,0.49738,0.41048,0.40756,0.35561,0.36634,0.31447,0.18361,0.16755,0.25461,0.23990,0.27296,0.29166,0.35592,0.36416,0.38949,0.40037,0.43890,0.49645,0.52943,0.60912,0.63248,0.70442,0.73646,0.78945,0.81345,0.85180,0.85871,0.87936,0.88224,0.87811,0.81368,0.78336,0.70051,0.68205,0.72714,0.77241,0.73323,0.71905,0.72934,0.66311,0.68450,0.74538,0.75100,0.79193,0.79494,0.76248,0.75362,0.70782,0.67055,0.61341,0.61992,0.59516,0.56347,0.51347,0.49509,0.46262,0.44525,0.40555,0.39482,0.43884,0.44432,0.46383,0.46253,0.48675,0.46788,0.50076,0.54015,0.61250,0.65749,0.70666,0.73057,0.75776,0.78721,0.79031,0.83087,0.82934,0.83029,0.79144,0.74290,0.71580,0.71509,0.70443,0.66901,0.65837,0.59671,0.56764,0.48149,0.40441,0.38970,0.46200,0.42396,0.36535,0.33392,0.32545,0.31237,0.28993,0.29891,0.25747,0.29241,0.28289,0.34419,0.34252,0.36019,0.37032,0.27978,0.19673,0.00120,-0.07718
-0.04797,-0.04386,-0.01002,0.00668,0.00144,0.01725,0.05628,0.05943,0.06990,0.11634,0.13419,0.15923,0.15290,0.14609,0.14609,0.13786,0.16955,0.14796,0.15459,0.15794,0.18562,0.22422,0.24471,0.22201,0.24149,0.28763,0.28707,0.27004,0.30537,0.34632,0.33880,0.33064,0.38550,0.43287,0.40333,0.43779,0.43915,0.43483,0.39031,0.31181,0.33050,0.29304,0.27962,0.27173,0.21736,0.20853,0.15565,0.15617,0.19214,0.18155,0.20941,0.21925,0.22243,0.21935,0.20260,0.24181,0.28154,0.29308,0.29419,0.33008,0.36636,0.36430,0.41969,0.45115,0.41386,0.45308,0.51177,0.54158,0.54261,0.48034,0.46601,0.41007,0.43340,0.40813,0.39747,0.36943,0.33304,0.25858,0.17978,0.14383,0.22278,0.20888,0.15089,0.20832,0.26358,0.21496,0.18857,0.23946,0.29066,0.35360,0.38920,0.47594,0.49546,0.44255,0.48513,0.49048,0.58147,0.72836,0.78936,0.88778,0.88521,0.78799,0.80390,0.77356,0.75349,0.65520,0.59648,0.52934,0.55575,0.51123,0.50918,0.48551,0.46399,0.41075,0.42805,0.49101,0.43404,0.36666,0.41415,0.41525,0.33051,0.31792,0.25519,0.25167,0.18452,0.06992,0.07680,0.14778,0.14985,0.19267,0.22428,0.28712,0.30894,0.33089,0.35745,0.39620,0.45923,0.49752,0.56992,0.59863,0.66749,0.69172,0.74675,0.75008,0.78509,0.77506,0.80666,0.83110,0.85504,0.82579,0.79761,0.74358,0.72102,0.74051,0.77974,0.74671,0.71693,0.71508,0.65016,0.65967,0.70660,0.68890,0.71702,0.70464,0.65954,0.63922,0.59223,0.56406,0.50671,0.51211,0.50513,0.45954,0.41624,0.41057,0.38425,0.37354,0.33668,0.33620,0.38655,0.38570,0.39669,0.38347,0.39931,0.37129,0.39363,0.42007,0.49432,0.53467,0.58553,0.61932,0.64569,0.67880,0.67704,0.72709,0.72758,0.73245,0.68986,0.62988,0.61136,0.62108,0.62840,0.61219,0.62646,0.58612,0.58401,0.50553,0.42684,0.40824,0.46071,0.41106,0.34819,0.30727,0.28447,0.26077,0.23601,0.22781,0.18138,0.20004,0.17818,0.22685,0.21218,0.22058,0.22210,0.13711,0.08552,-0.09497,-0.15643
0.14943,0.15737,0.17671,0.20008,0.20944,0.21927,0.24766,0.26684,0.28593,0.31642,0.33761,0.34331,0.32259,0.29613,0.28145,0.25391,0.27001,0.23573,0.22181,0.21991,0.25757,0.28837,0.32147,0.28888,0.28656,0.33642,0.34202,0.30327,0.32307,0.37469,0.35801,0.32056,0.36859,0.42522,0.38200,0.38720,0.37738,0.36838,0.32619,0.21054,0.24720,0.24054,0.24272,0.26553,0.22789,0.24838,0.21009,0.23551,0.28120,0.29505,0.33298,0.36061,0.38629,0.40194,0.40134,0.44438,0.47077,0.47133,0.48729,0.52636,0.54175,0.53904,0.59256,0.60621,0.55756,0.59213,0.63544,0.63439,0.61435,0.56897,0.53759,0.48611,0.50259,0.47548,0.48668,0.44994,0.43788,0.37329,0.30504,0.30587,0.39204,0.36844,0.33609,0.40923,0.44397,0.39502,0.39377,0.45250,0.48363,0.53409,0.58637,0.66923,0.69973,0.67714,0.72222,0.72538,0.79513,0.89831,0.92871,0.96427,0.94709,0.86996,0.83773,0.84084,0.86857,0.81198,0.74287,0.66706,0.65259,0.58756,0.54820,0.50462,0.46469,0.42398,0.40953,0.48870,0.47264,0.38537,0.41241,0.45736,0.38702,0.35301,0.27820,0.24367,0.14799,0.07510,0.12987,0.17028,0.20259,0.26064,0.31264,0.37016,0.41108,0.42714,0.47402,0.50844,0.57153,0.61140,0.66095,0.69106,0.73937,0.74607,0.78742,0.75395,0.76847,0.72383,0.76191,0.81996,0.87860,0.90153,0.89158,0.87643,0.85759,0.85073,0.86810,0.85175,0.81863,0.80454,0.75886,0.75178,0.76728,0.71694,0.71423,0.67117,0.60869,0.56725,0.53436,0.53663,0.49280,0.49381,0.52367,0.45997,0.43572,0.45440,0.44358,0.44479,0.41519,0.43054,0.48449,0.47450,0.47137,0.44061,0.43920,0.39893,0.39892,0.39345,0.45558,0.47299,0.50917,0.55736,0.56517,0.59999,0.57503,0.62636,0.64248,0.64976,0.63246,0.56434,0.57690,0.60717,0.65051,0.67020,0.71844,0.71233,0.74091,0.68275,0.61323,0.59311,0.61777,0.56028,0.49921,0.44997,0.40980,0.37314,0.34605,0.31161,0.25912,0.24783,0.20364,0.22456,0.18296,0.16763,0.14363,0.08084,0.08946,-0.04668,-0.08734
0.31167,0.31482,0.35266,0.36917,0.36000,0.37764,0.41734,0.41745,0.42348,0.47163,0.48708,0.51339,0.50824,0.50063,0.49776,0.48448,0.50813,0.48251,0.47802,0.47807,0.50871,0.53914,0.56463,0.53995,0.54455,0.58741,0.59103,0.56274,0.58281,0.62541,0.61290,0.58356,0.62439,0.67102,0.63575,0.63558,0.62322,0.60936,0.57990,0.46916,0.50845,0.51101,0.51476,0.53448,0.49900,0.51176,0.47215,0.48615,0.52394,0.52422,0.55228,0.56480,0.56937,0.56623,0.54859,0.58016,0.61704,0.62817,0.62549,0.65311,0.68686,0.68436,0.72539,0.75185,0.72425,0.75282,0.79389,0.80866,0.80280,0.76407,0.74691,0.70505,0.72125,0.70046,0.70130,0.67387,0.65340,0.59300,0.52540,0.50003,0.57162,0.55837,0.50670,0.55406,0.60493,0.56393,0.53654,0.57575,0.62469,0.67727,0.69822,0.75904,0.75997,0.69002,0.68886,0.66303,0.76275,0.84703,0.91381,0.95225,0.93832,0.95381,0.94425,0.94270,0.93227,0.87981,0.85360,0.81290,0.82593,0.78584,0.76436,0.73285,0.70263,0.66919,0.65804,0.72038,0.70409,0.63589,0.65828,0.68923,0.62753,0.60113,0.53915,0.50398,0.42251,0.34906,0.39104,0.44229,0.46498,0.51348,0.55309,0.60654,0.63285,0.64912,0.67748,0.70741,0.75641,0.78430,0.83013,0.84821,0.88437,0.89395,0.91712,0.89797,0.90028,0.86246,0.87764,0.91686,0.94115,0.92720,0.93498,0.88772,0.88407,0.91520,0.92518,0.90926,0.90668,0.91233,0.88228,0.88813,0.90688,0.88067,0.87709,0.84402,0.79982,0.76161,0.74542,0.75417,0.72259,0.72105,0.73924,0.69280,0.67390,0.68436,0.67246,0.66798,0.64067,0.64499,0.68814,0.68765,0.69035,0.67238,0.67515,0.64446,0.64651,0.64326,0.69140,0.69768,0.71782,0.75718,0.75003,0.77469,0.73859,0.76670,0.79342,0.79486,0.80870,0.76204,0.78301,0.80882,0.84007,0.84943,0.87065,0.84803,0.84148,0.78597,0.73002,0.71649,0.76074,0.72444,0.67516,0.64112,0.61851,0.59473,0.57224,0.55408,0.50888,0.50900,0.47396,0.49754,0.46083,0.44458,0.41387,0.34291,0.33340,0.17763,0.12611
0.40497,0.40574,0.44986,0.46138,0.44387,0.46446,0.50671,0.49589,0.49527,0.54916,0.55963,0.59516,0.59847,0.60125,0.60485,0.60046,0.62514,0.60530,0.60586,0.60595,0.63069,0.65776,0.67762,0.65918,0.66608,0.70167,0.70460,0.68339,0.70078,0.73580,0.72685,0.70279,0.73544,0.77283,0.74489,0.73779,0.72606,0.70736,0.68886,0.58665,0.62847,0.63851,0.64375,0.66247,0.63180,0.64050,0.60409,0.61174,0.64260,0.63597,0.65624,0.66077,0.65326,0.63980,0.61354,0.63532,0.67534,0.69062,0.67767,0.69665,0.73761,0.73509,0.76491,0.79617,0.78310,0.80519,0.84092,0.86281,0.86546,0.83485,0.82701,0.79459,0.80873,0.79335,0.78987,0.77095,0.74865,0.69585,0.63435,0.59724,0.65509,0.64854,0.59004,0.61959,0.67481,0.64059,0.60063,0.62600,0.68054,0.73024,0.73160,0.77376,0.75763,0.66409,0.63433,0.59573,0.70695,0.77113,0.85018,0.89012,0.87394,0.94279,0.94389,0.93862,0.90976,0.86762,0.86932,0.85244,0.87844,0.85560,0.84383,0.82154,0.79838,0.77353,0.76320,0.81126,0.79901,0.74774,0.76664,0.78895,0.73831,0.71874,0.66618,0.62827,0.56142,0.49398,0.52588,0.58059,0.59856,0.63845,0.66903,0.71471,0.73170,0.74562,0.76124,0.78628,0.82262,0.84084,0.87994,0.88885,0.91387,0.92368,0.93240,0.92114,0.91438,0.88149,0.87956,0.90660,0.90989,0.87505,0.89819,0.83610,0.84322,0.89552,0.89845,0.88483,0.90064,0.91736,0.90068,0.91325,0.92995,0.91845,0.91216,0.88645,0.85742,0.81986,0.81657,0.82969,0.80869,0.80501,0.81421,0.78255,0.77045,0.77554,0.76490,0.75827,0.73581,0.73473,0.76956,0.77498,0.77804,0.76888,0.77312,0.74958,0.75077,0.74733,0.78300,0.78079,0.78872,0.82049,0.80373,0.81978,0.77823,0.78924,0.82222,0.82064,0.85400,0.82390,0.85032,0.87351,0.89596,0.90092,0.90626,0.87801,0.85181,0.80367,0.76139,0.75235,0.80359,0.78294,0.74495,0.72239,0.71090,0.69601,0.67849,0.67002,0.63255,0.63802,0.60962,0.63108,0.59837,0.58066,0.54544,0.46589,0.44821,0.28058,0.23227
0.52850,0.53581,0.55253,0.57279,0.58069,0.59025,0.61247,0.62783,0.64263,0.66764,0.68240,0.68567,0.66599,0.63905,0.62087,0.58934,0.59168,0.55539,0.52904,0.52270,0.55997,0.57638,0.61204,0.58029,0.55965,0.59980,0.61011,0.56196,0.56081,0.60882,0.58809,0.52974,0.55514,0.60440,0.56013,0.52560,0.50248,0.48432,0.46320,0.32175,0.38071,0.41946,0.44057,0.49386,0.48320,0.52709,0.51011,0.54998,0.59296,0.61949,0.65357,0.68438,0.71168,0.72829,0.72895,0.75811,0.77619,0.77340,0.78585,0.81175,0.81870,0.81539,0.84604,0.84962,0.81593,0.83367,0.85065,0.83021,0.80313,0.79070,0.75849,0.72934,0.73523,0.71636,0.74221,0.71170,0.72200,0.68204,0.63695,0.65451,0.72211,0.70080,0.68328,0.73918,0.76010,0.72410,0.72612,0.76622,0.78723,0.81817,0.85164,0.89722,0.90760,0.87253,0.86528,0.84207,0.90989,0.92933,0.95163,0.92057,0.88916,0.93426,0.86885,0.90219,0.94570,0.95262,0.92435,0.88386,0.85058,0.79525,0.73553,0.68701,0.64167,0.62962,0.58358,0.65321,0.68807,0.61041,0.60765,0.68231,0.64702,0.60344,0.53499,0.46384,0.36469,0.34931,0.43784,0.44929,0.50391,0.56142,0.61769,0.65540,0.69870,0.70477,0.74949,0.77018,0.80990,0.83378,0.84668,0.86150,0.86708,0.85554,0.85642,0.79866,0.77407,0.70066,0.71575,0.78606,0.84296,0.88388,0.92115,0.92130,0.92579,0.92891,0.91021,0.91473,0.91154,0.90635,0.90535,0.89294,0.87234,0.81505,0.77441,0.71193,0.65783,0.59554,0.60115,0.64614,0.63663,0.62843,0.68281,0.62621,0.63459,0.67093,0.67868,0.68762,0.67426,0.69509,0.73604,0.72760,0.71194,0.67825,0.66134,0.62195,0.59641,0.55711,0.58121,0.55794,0.55607,0.60716,0.57556,0.59692,0.53535,0.55740,0.60202,0.60611,0.65279,0.60556,0.66200,0.70931,0.77591,0.82507,0.87961,0.89939,0.92391,0.90057,0.86578,0.85245,0.86027,0.82327,0.78482,0.74818,0.71051,0.67668,0.65612,0.61224,0.56778,0.53529,0.48061,0.46842,0.40492,0.36233,0.30297,0.25396,0.31132,0.21221,0.19443
0.61429,0.62156,0.63685,0.65673,0.66479,0.67396,0.69389,0.70981,0.72406,0.74638,0.76046,0.76121,0.74115,0.71317,0.69371,0.66013,0.65870,0.62197,0.59150,0.58409,0.62172,0.63421,0.67030,0.63839,0.61245,0.64991,0.66126,0.61028,0.60355,0.65046,0.62831,0.56424,0.58383,0.63124,0.58565,0.54121,0.51343,0.49199,0.47600,0.33004,0.38996,0.44253,0.47037,0.53245,0.52949,0.58047,0.56947,0.61403,0.65613,0.68694,0.72066,0.75234,0.78191,0.79978,0.80242,0.82862,0.84329,0.83964,0.85208,0.87454,0.87817,0.87522,0.90082,0.90038,0.86962,0.88347,0.89303,0.86614,0.83559,0.83166,0.79826,0.77473,0.77718,0.75945,0.78916,0.75906,0.77537,0.74213,0.70426,0.72757,0.79009,0.76927,0.75779,0.80983,0.82659,0.79490,0.79981,0.83577,0.85253,0.87752,0.90669,0.94249,0.94864,0.91521,0.89597,0.86530,0.92782,0.92313,0.94335,0.88825,0.85392,0.92859,0.85567,0.90105,0.95024,0.97352,0.95562,0.92303,0.88320,0.83032,0.76459,0.71508,0.66727,0.66207,0.60731,0.67496,0.72242,0.64604,0.63397,0.71740,0.69141,0.64339,0.57799,0.49698,0.39671,0.39838,0.49790,0.50084,0.56188,0.61967,0.67738,0.71013,0.75480,0.75908,0.80463,0.82170,0.85570,0.87612,0.87833,0.89068,0.88492,0.86720,0.85813,0.79263,0.75759,0.67610,0.68574,0.75916,0.81781,0.86683,0.91413,0.92214,0.93302,0.93515,0.90866,0.92079,0.92469,0.91902,0.92895,0.91361,0.88314,0.82297,0.77142,0.70349,0.64912,0.58329,0.59852,0.65551,0.65525,0.64607,0.70914,0.65340,0.66859,0.71059,0.72379,0.73664,0.72751,0.75133,0.78756,0.77743,0.75829,0.72288,0.70105,0.66169,0.62887,0.58056,0.59434,0.56082,0.54869,0.60135,0.56017,0.57771,0.50709,0.52194,0.57273,0.57499,0.63748,0.59553,0.66365,0.71615,0.78877,0.84719,0.90436,0.93167,0.95774,0.94429,0.91818,0.90771,0.90960,0.87704,0.84435,0.81027,0.77279,0.73866,0.71902,0.67204,0.62953,0.58950,0.53149,0.50956,0.44024,0.38973,0.32102,0.27905,0.35305,0.27086,0.26196
0.70847,0.71119,0.74170,0.75324,0.74413,0.75961,0.78792,0.78450,0.78559,0.82208,0.82937,0.84945,0.84615,0.83822,0.83170,0.81497,0.82056,0.79500,0.77643,0.77111,0.79895,0.80996,0.83544,0.81403,0.79688,0.82427,0.83292,0.79631,0.79024,0.82492,0.80915,0.75849,0.76956,0.80327,0.76958,0.72262,0.69703,0.67088,0.66844,0.54150,0.59910,0.65604,0.68313,0.73675,0.73586,0.77431,0.76292,0.79236,0.82309,0.83830,0.85953,0.87402,0.88078,0.87880,0.86498,0.87788,0.90126,0.90776,0.90150,0.91105,0.93176,0.92926,0.94066,0.95244,0.94437,0.95118,0.95776,0.94872,0.93485,0.93751,0.92079,0.90849,0.91009,0.90006,0.91724,0.89930,0.90550,0.87853,0.84435,0.84104,0.88452,0.87566,0.84657,0.86949,0.90021,0.87875,0.85832,0.87216,0.90447,0.92972,0.92677,0.93713,0.91484,0.84011,0.77957,0.72535,0.81097,0.78940,0.84093,0.79683,0.76651,0.91695,0.87248,0.90846,0.91782,0.94295,0.96743,0.97125,0.96115,0.93809,0.89538,0.86275,0.82868,0.83103,0.78464,0.83054,0.87252,0.82109,0.80750,0.86963,0.85388,0.81798,0.77028,0.69429,0.61914,0.61846,0.69517,0.70982,0.75645,0.79977,0.84036,0.86605,0.89269,0.89649,0.92011,0.93167,0.94902,0.95605,0.95451,0.95432,0.93774,0.92422,0.89805,0.85238,0.80878,0.74186,0.72701,0.77525,0.79548,0.80304,0.86522,0.84045,0.86646,0.90594,0.87532,0.88700,0.91945,0.93281,0.95678,0.95494,0.92996,0.89806,0.85007,0.79944,0.76853,0.71150,0.74127,0.79836,0.80964,0.79927,0.84418,0.81032,0.82920,0.85858,0.87008,0.87759,0.87193,0.88281,0.90544,0.90534,0.89275,0.87295,0.85712,0.82987,0.80192,0.76054,0.76090,0.72065,0.69441,0.73371,0.68327,0.68844,0.61397,0.60564,0.66078,0.65640,0.74198,0.72545,0.79488,0.83844,0.89168,0.93497,0.96069,0.97005,0.96019,0.95129,0.94077,0.93746,0.95785,0.94855,0.93043,0.91405,0.89662,0.87784,0.86456,0.83741,0.80579,0.78025,0.73650,0.71902,0.66137,0.61396,0.54501,0.49404,0.54461,0.44026,0.42289
0.80217,0.80619,0.82447,0.83613,0.83477,0.84499,0.86311,0.86598,0.86993,0.89246,0.89831,0.90676,0.89755,0.88168,0.86811,0.84379,0.83763,0.80853,0.78018,0.77127,0.80003,0.80231,0.83137,0.80867,0.77906,0.80246,0.81464,0.77043,0.75276,0.78757,0.76938,0.70656,0.70784,0.73976,0.70446,0.64044,0.61111,0.58236,0.58695,0.45340,0.51891,0.59278,0.62700,0.69499,0.70811,0.76022,0.76277,0.80302,0.83316,0.86043,0.88207,0.90431,0.92050,0.92747,0.92280,0.93228,0.94491,0.94420,0.94455,0.95154,0.95779,0.95469,0.95792,0.95760,0.94898,0.94849,0.94121,0.91474,0.89169,0.90966,0.88762,0.88473,0.88062,0.87348,0.90229,0.88524,0.90736,0.89457,0.87526,0.89343,0.93000,0.91761,0.90721,0.93019,0.94369,0.92749,0.92167,0.93298,0.95009,0.96207,0.96420,0.96286,0.94440,0.88870,0.82466,0.77285,0.83874,0.78129,0.80993,0.73217,0.69588,0.85754,0.78575,0.83754,0.87240,0.93001,0.95526,0.96232,0.93048,0.90267,0.84267,0.80439,0.76574,0.78085,0.71828,0.76362,0.83123,0.78006,0.75417,0.83453,0.83464,0.79320,0.74770,0.65760,0.57945,0.61142,0.70672,0.69794,0.75806,0.80198,0.84731,0.86201,0.89419,0.89122,0.92054,0.92530,0.93493,0.93745,0.91747,0.91395,0.88031,0.85645,0.81784,0.75534,0.69926,0.61866,0.60240,0.66326,0.69678,0.73003,0.80444,0.80396,0.83299,0.85893,0.81293,0.83533,0.86878,0.87784,0.91830,0.90837,0.86390,0.81916,0.75406,0.69260,0.66085,0.59587,0.63738,0.71038,0.73409,0.72021,0.78055,0.74398,0.77852,0.81865,0.83957,0.85349,0.85614,0.87319,0.89177,0.88914,0.86863,0.84311,0.81852,0.78930,0.74790,0.68991,0.67749,0.62096,0.58283,0.62477,0.56214,0.56406,0.48034,0.46681,0.52848,0.52496,0.62655,0.61437,0.69900,0.75054,0.81805,0.87902,0.91831,0.94839,0.95259,0.96254,0.96604,0.96339,0.96407,0.95745,0.94772,0.93283,0.91007,0.88863,0.87836,0.84058,0.81270,0.77213,0.72180,0.68595,0.61790,0.55939,0.47750,0.44507,0.52964,0.45770,0.46461
0.80559,0.81318,0.81357,0.83095,0.84579,0.84814,0.85379,0.87363,0.88749,0.89112,0.90067,0.88832,0.86467,0.83030,0.80401,0.76390,0.74512,0.70726,0.66423,0.65219,0.68763,0.68420,0.72157,0.69136,0.64738,0.67353,0.68936,0.63100,0.60438,0.64627,0.62173,0.54214,0.54113,0.57961,0.53536,0.46058,0.42678,0.39981,0.40000,0.24952,0.32011,0.40495,0.44646,0.53076,0.55351,0.62389,0.63633,0.69448,0.73128,0.77701,0.80723,0.84512,0.88295,0.90854,0.92102,0.93631,0.93533,0.92355,0.94079,0.95348,0.93859,0.93533,0.94178,0.92465,0.90140,0.90026,0.88427,0.83394,0.79361,0.81858,0.78154,0.77816,0.76968,0.75920,0.80345,0.77881,0.81845,0.81172,0.80207,0.85186,0.89484,0.87378,0.88850,0.92875,0.92185,0.90468,0.92532,0.94784,0.94378,0.94510,0.97007,0.97492,0.97582,0.96049,0.91842,0.88078,0.91598,0.84034,0.83322,0.72052,0.67780,0.80539,0.69860,0.77065,0.84865,0.92781,0.92893,0.91651,0.85012,0.80154,0.71543,0.66319,0.61228,0.63184,0.55257,0.60999,0.69885,0.63215,0.59563,0.70242,0.70938,0.65446,0.60061,0.49579,0.40159,0.45856,0.58283,0.55115,0.63048,0.68410,0.74364,0.75485,0.80226,0.79575,0.84293,0.84657,0.86054,0.86864,0.83669,0.83912,0.79927,0.76420,0.72672,0.63941,0.57796,0.47811,0.47541,0.55975,0.62671,0.70486,0.78152,0.81965,0.84359,0.83573,0.78205,0.81325,0.82975,0.82265,0.86627,0.84103,0.77846,0.70667,0.62586,0.54583,0.49821,0.42233,0.46337,0.54933,0.57570,0.56093,0.64486,0.59348,0.63585,0.69253,0.72215,0.74491,0.75175,0.78184,0.80493,0.79319,0.76263,0.72300,0.68741,0.64906,0.59465,0.51987,0.50455,0.44097,0.40232,0.45470,0.38930,0.39614,0.30772,0.30402,0.36745,0.36740,0.46657,0.44166,0.53759,0.60133,0.69079,0.77506,0.84376,0.90038,0.93756,0.95929,0.96363,0.95808,0.93262,0.91355,0.90122,0.87625,0.83768,0.80453,0.79170,0.73425,0.70216,0.64076,0.57628,0.52351,0.44125,0.37206,0.28196,0.26596,0.39026,0.35969,0.38693
0.83308,0.83782,0.84996,0.86384,0.86766,0.87484,0.88840,0.89732,0.90409,0.91943,0.92682,0.92723,0.91319,0.89066,0.87265,0.84242,0.83078,0.79880,0.76381,0.75384,0.78499,0.78392,0.81552,0.79018,0.75411,0.77727,0.79079,0.74088,0.71824,0.75467,0.73345,0.66325,0.66154,0.69450,0.65535,0.58457,0.55197,0.52372,0.52754,0.38504,0.45261,0.53521,0.57496,0.65214,0.67183,0.73296,0.74064,0.78921,0.82128,0.85607,0.88085,0.90836,0.93282,0.94642,0.94825,0.95850,0.96513,0.96067,0.96675,0.97434,0.97229,0.96945,0.97213,0.96456,0.95205,0.95015,0.93707,0.90026,0.87016,0.89357,0.86564,0.86444,0.85726,0.84915,0.88385,0.86407,0.89400,0.88547,0.87270,0.90285,0.93935,0.92536,0.92559,0.95253,0.95838,0.94432,0.94799,0.96158,0.97010,0.97584,0.98346,0.98036,0.96603,0.92327,0.86162,0.81054,0.86395,0.79081,0.80688,0.70765,0.66809,0.83157,0.74629,0.81065,0.86200,0.93301,0.95473,0.95835,0.91252,0.87921,0.80884,0.76614,0.72190,0.74096,0.66979,0.71784,0.79669,0.74030,0.70630,0.79875,0.80521,0.75611,0.70948,0.60928,0.52728,0.57142,0.68038,0.66362,0.73346,0.78102,0.83176,0.84382,0.88177,0.87775,0.91352,0.91680,0.92558,0.92898,0.90081,0.89865,0.85892,0.82832,0.78592,0.71215,0.64943,0.55882,0.54487,0.61390,0.65898,0.70864,0.79109,0.80623,0.83751,0.85193,0.80081,0.82927,0.85989,0.86284,0.90813,0.89163,0.83715,0.78212,0.70713,0.63729,0.59968,0.52939,0.57467,0.65767,0.68621,0.67197,0.74393,0.70302,0.74237,0.79068,0.81665,0.83515,0.84103,0.86367,0.88218,0.87500,0.84981,0.81890,0.78861,0.75600,0.70735,0.63999,0.62168,0.55905,0.51643,0.56296,0.49622,0.49763,0.40910,0.39535,0.45946,0.45506,0.56224,0.54801,0.64193,0.70052,0.77709,0.84997,0.90004,0.94192,0.95760,0.97587,0.98280,0.98051,0.97039,0.96117,0.95282,0.93536,0.90770,0.88213,0.87074,0.82550,0.79672,0.74590,0.68922,0.64379,0.56912,0.50340,0.41489,0.38803,0.49221,0.44071,0.45647
0.89454,0.89700,0.91266,0.92113,0.91785,0.92634,0.94016,0.94001,0.94034,0.95780,0.96028,0.96724,0.96083,0.94746,0.93466,0.91206,0.90007,0.87414,0.84335,0.83335,0.85819,0.85292,0.87880,0.85994,0.82546,0.84057,0.85352,0.81077,0.78480,0.81304,0.79563,0.73092,0.72062,0.74397,0.71251,0.63706,0.60493,0.57442,0.58856,0.45842,0.52607,0.61438,0.65465,0.72999,0.75542,0.81232,0.82479,0.86717,0.89140,0.92068,0.93764,0.95749,0.97181,0.97717,0.97295,0.97401,0.98119,0.97981,0.97756,0.97663,0.97868,0.97593,0.96744,0.96246,0.96283,0.95426,0.93452,0.90239,0.87919,0.91131,0.89198,0.90107,0.89174,0.88951,0.92080,0.90923,0.93868,0.93935,0.93487,0.95736,0.97899,0.97055,0.96811,0.97735,0.98408,0.97800,0.97277,0.97252,0.98373,0.98432,0.97559,0.95381,0.92550,0.86771,0.78477,0.72323,0.78018,0.68730,0.71205,0.61040,0.57323,0.77581,0.69827,0.76040,0.79749,0.87988,0.92454,0.94977,0.91423,0.89662,0.83495,0.80102,0.76460,0.79210,0.72219,0.75616,0.83924,0.79915,0.76113,0.84500,0.86286,0.82066,0.78671,0.68834,0.62204,0.67616,0.77503,0.75574,0.81994,0.85759,0.89858,0.90181,0.93007,0.92309,0.94735,0.94461,0.94084,0.93482,0.89846,0.88796,0.83713,0.80629,0.75100,0.68441,0.61444,0.52974,0.50166,0.55904,0.58677,0.62100,0.71328,0.71962,0.75893,0.78860,0.73089,0.76206,0.80812,0.81996,0.87774,0.86653,0.80969,0.76761,0.69070,0.62896,0.60582,0.53967,0.59668,0.68270,0.72135,0.70528,0.77015,0.74144,0.78813,0.83210,0.85923,0.87634,0.88708,0.90397,0.91278,0.91029,0.88677,0.86361,0.83463,0.80952,0.76037,0.69298,0.66343,0.59232,0.53845,0.57641,0.50146,0.49473,0.40311,0.37526,0.44267,0.43609,0.55891,0.56139,0.65857,0.71242,0.78066,0.84942,0.88533,0.92338,0.92324,0.95057,0.97117,0.97319,0.96637,0.97163,0.97489,0.96882,0.95138,0.93449,0.92853,0.89206,0.87198,0.82559,0.77652,0.72862,0.65890,0.59321,0.50189,0.47983,0.58070,0.53122,0.55296
0.91364,0.91909,0.91829,0.92984,0.93998,0.94145,0.94290,0.95531,0.96290,0.96284,0.96645,0.95586,0.93844,0.91114,0.88807,0.85361,0.82942,0.79726,0.75467,0.74133,0.76974,0.75737,0.78920,0.76611,0.71863,0.73315,0.74975,0.69671,0.66096,0.69279,0.67154,0.59334,0.57749,0.60363,0.56741,0.47990,0.44489,0.41466,0.42943,0.29043,0.36348,0.46290,0.50900,0.59789,0.63405,0.70558,0.72953,0.78567,0.81286,0.85737,0.87880,0.91098,0.94129,0.96133,0.97112,0.97405,0.96847,0.95722,0.96785,0.96934,0.95265,0.94940,0.93921,0.91968,0.91127,0.89927,0.86905,0.81638,0.77985,0.82181,0.79220,0.80486,0.79093,0.78829,0.83299,0.81816,0.86386,0.87417,0.88203,0.93179,0.95344,0.93867,0.95898,0.97848,0.96530,0.96032,0.97724,0.98248,0.97430,0.96323,0.97035,0.94788,0.93329,0.90841,0.83903,0.78923,0.81900,0.70373,0.69630,0.56431,0.52149,0.70243,0.59418,0.67186,0.74436,0.85100,0.88059,0.89501,0.83090,0.79923,0.71629,0.67226,0.62804,0.66316,0.57816,0.61809,0.72290,0.67532,0.62733,0.73229,0.76028,0.70991,0.67251,0.56244,0.48719,0.56885,0.68949,0.64643,0.72582,0.76827,0.81825,0.81427,0.85295,0.84092,0.87724,0.87093,0.86643,0.86176,0.81163,0.80323,0.74281,0.70215,0.64375,0.55744,0.48129,0.38181,0.36185,0.43725,0.48941,0.56003,0.65606,0.69495,0.73092,0.73437,0.66705,0.70683,0.74182,0.74234,0.80768,0.78453,0.71025,0.64819,0.55703,0.48132,0.44967,0.37510,0.43534,0.53273,0.57697,0.55917,0.64203,0.60460,0.66143,0.71810,0.75363,0.77781,0.79437,0.82083,0.83077,0.82257,0.79024,0.75714,0.71878,0.68822,0.62715,0.54485,0.50930,0.42916,0.37161,0.41550,0.33565,0.33084,0.23498,0.21170,0.28147,0.27837,0.40279,0.39948,0.50669,0.56928,0.65505,0.74280,0.80075,0.86232,0.88739,0.92874,0.95540,0.95568,0.92521,0.92425,0.92944,0.91837,0.88964,0.86534,0.85973,0.80805,0.78785,0.72442,0.66594,0.60165,0.52119,0.44638,0.34711,0.34314,0.47783,0.46521,0.50801
0.89253,0.89925,0.89410,0.90853,0.92382,0.92336,0.92241,0.94104,0.95234,0.94790,0.95406,0.93745,0.91505,0.88147,0.85435,0.81447,0.78813,0.75267,0.70577,0.69201,0.72382,0.71185,0.74683,0.72014,0.66937,0.68692,0.70412,0.64607,0.60973,0.64508,0.62104,0.53809,0.52458,0.55451,0.51402,0.42633,0.38950,0.36068,0.37125,0.22547,0.29887,0.39900,0.44663,0.53925,0.57566,0.65212,0.67636,0.73803,0.76899,0.81875,0.84454,0.88181,0.91970,0.94584,0.96101,0.96808,0.95952,0.94548,0.96188,0.96686,0.94490,0.94198,0.93604,0.91204,0.89694,0.88702,0.85714,0.79831,0.75602,0.79661,0.76127,0.77043,0.75591,0.75056,0.79918,0.78009,0.82912,0.83765,0.84498,0.90328,0.93075,0.91303,0.93928,0.96727,0.95009,0.94273,0.96756,0.97877,0.96560,0.95365,0.97018,0.95456,0.94776,0.93523,0.87596,0.83171,0.85403,0.74081,0.72406,0.58484,0.54011,0.70356,0.58739,0.67072,0.75568,0.86303,0.88134,0.88534,0.81108,0.77100,0.68074,0.63140,0.58239,0.61546,0.52692,0.57345,0.68101,0.62509,0.57537,0.68772,0.71373,0.65828,0.61609,0.50298,0.41982,0.50320,0.63292,0.58633,0.67118,0.71827,0.77417,0.77252,0.81734,0.80567,0.84899,0.84478,0.84499,0.84451,0.79442,0.79004,0.73176,0.68870,0.63432,0.54095,0.46550,0.36042,0.34752,0.43050,0.49452,0.57841,0.67231,0.72225,0.75562,0.74752,0.68084,0.72187,0.74872,0.74290,0.80491,0.77661,0.69921,0.62801,0.53420,0.45243,0.41317,0.33522,0.39146,0.49095,0.53305,0.51588,0.60585,0.56194,0.61758,0.67890,0.71586,0.74226,0.75798,0.78897,0.80274,0.79117,0.75636,0.71791,0.67685,0.64231,0.57910,0.49320,0.46005,0.38148,0.32705,0.37564,0.29804,0.29648,0.20061,0.18381,0.25273,0.25048,0.36958,0.35871,0.46707,0.53377,0.62614,0.71974,0.78757,0.85589,0.89213,0.93299,0.95562,0.95447,0.91796,0.91008,0.91135,0.89467,0.85984,0.83044,0.82237,0.76425,0.74044,0.67141,0.60782,0.54089,0.45629,0.37930,0.27961,0.27803,0.42116,0.41924,0.46462
0.93189,0.93580,0.94043,0.94997,0.95458,0.95815,0.96297,0.97002,0.97364,0.97853,0.98103,0.97657,0.96402,0.94273,0.92376,0.89433,0.87325,0.84466,0.80575,0.79341,0.81932,0.80756,0.83607,0.81561,0.77148,0.78372,0.79906,0.75026,0.71567,0.74385,0.72392,0.65022,0.63308,0.65555,0.62208,0.53617,0.50036,0.46973,0.48720,0.35340,0.42406,0.52388,0.56970,0.65568,0.69136,0.75904,0.78151,0.83323,0.85778,0.89731,0.91594,0.94257,0.96654,0.98070,0.98570,0.98565,0.98304,0.97544,0.98058,0.97875,0.96776,0.96509,0.95229,0.93659,0.93418,0.92119,0.89130,0.84447,0.81260,0.85494,0.82983,0.84430,0.83031,0.82905,0.86972,0.85754,0.89905,0.90958,0.91711,0.95813,0.97556,0.96470,0.97900,0.99032,0.98279,0.98043,0.98953,0.98873,0.98594,0.97540,0.97325,0.94506,0.92226,0.88457,0.80368,0.74640,0.78348,0.66580,0.66949,0.54019,0.50057,0.70222,0.60497,0.68077,0.74030,0.84504,0.88633,0.91026,0.85526,0.83235,0.75720,0.71774,0.67733,0.71325,0.63171,0.66643,0.76791,0.72560,0.67662,0.77465,0.80439,0.75648,0.72419,0.61789,0.54801,0.62614,0.74030,0.70238,0.77700,0.81539,0.86134,0.85713,0.89119,0.87950,0.90982,0.90311,0.89512,0.88755,0.83780,0.82673,0.76453,0.72549,0.66316,0.58304,0.50462,0.40971,0.38334,0.45057,0.49171,0.54997,0.64955,0.67881,0.71992,0.73376,0.66720,0.70715,0.74913,0.75409,0.82159,0.80204,0.73022,0.67691,0.58770,0.51697,0.49082,0.41910,0.48190,0.57934,0.62617,0.60848,0.68620,0.65433,0.71020,0.76309,0.79755,0.81987,0.83688,0.86000,0.86662,0.86042,0.83020,0.80136,0.76489,0.73793,0.67902,0.59957,0.56118,0.48065,0.42016,0.46084,0.37946,0.37118,0.27461,0.24552,0.31621,0.31083,0.44056,0.44309,0.55006,0.61022,0.68989,0.77256,0.82119,0.87694,0.89104,0.93228,0.96157,0.96429,0.94052,0.94514,0.95340,0.94661,0.92383,0.90354,0.89878,0.85284,0.83493,0.77596,0.72137,0.65954,0.58263,0.50913,0.41137,0.40440,0.53032,0.51330,0.55081
0.95834,0.96215,0.96237,0.96997,0.97576,0.97743,0.97759,0.98415,0.98678,0.98640,0.98652,0.97905,0.96673,0.94575,0.92613,0.89709,0.87155,0.84453,0.80430,0.79095,0.81397,0.79720,0.82433,0.80632,0.75902,0.76622,0.78254,0.73481,0.69523,0.71978,0.70125,0.62700,0.60308,0.62122,0.59060,0.49822,0.46248,0.43002,0.45369,0.32716,0.39829,0.50351,0.55145,0.63985,0.68205,0.75164,0.78102,0.83358,0.85424,0.89570,0.91093,0.93763,0.96134,0.97603,0.98267,0.97787,0.97098,0.96124,0.96629,0.96081,0.94538,0.94249,0.92311,0.90372,0.90534,0.88730,0.85028,0.79940,0.76734,0.81774,0.79401,0.81525,0.79862,0.80066,0.84335,0.83465,0.88172,0.90147,0.91826,0.96401,0.97238,0.96241,0.98349,0.98907,0.97454,0.97710,0.98933,0.98327,0.97449,0.95737,0.95176,0.91380,0.88834,0.85515,0.76849,0.71094,0.73963,0.60494,0.60133,0.46209,0.42167,0.63457,0.53191,0.61020,0.67393,0.79219,0.83985,0.87103,0.81234,0.79278,0.71582,0.67818,0.63937,0.68246,0.59722,0.62559,0.73544,0.70086,0.64763,0.74748,0.78669,0.74059,0.71360,0.60470,0.54181,0.63356,0.74820,0.70196,0.77796,0.81258,0.85525,0.84303,0.87506,0.86018,0.88783,0.87647,0.86129,0.84894,0.79043,0.77540,0.70440,0.66235,0.59334,0.51126,0.42859,0.33313,0.30303,0.36989,0.40882,0.47146,0.57580,0.61166,0.65431,0.66634,0.59350,0.63697,0.68277,0.68867,0.76497,0.74469,0.66675,0.61433,0.52078,0.45007,0.42885,0.35728,0.42695,0.52851,0.58203,0.56304,0.64198,0.61451,0.67690,0.73111,0.76907,0.79293,0.81474,0.83835,0.83986,0.83361,0.80110,0.77384,0.73542,0.71087,0.64779,0.56444,0.51786,0.43100,0.36396,0.40154,0.31523,0.30312,0.20556,0.17025,0.24293,0.23794,0.37435,0.38362,0.49441,0.55449,0.63468,0.72071,0.76892,0.82987,0.84462,0.89530,0.93397,0.93798,0.90762,0.91804,0.93330,0.93124,0.91028,0.89260,0.89105,0.84530,0.83256,0.77055,0.71774,0.64937,0.57248,0.49643,0.39577,0.39483,0.53122,0.52508,0.57293
0.93529,0.94197,0.92984,0.94152,0.95889,0.95531,0.94702,0.96562,0.97556,0.96255,0.96564,0.94377,0.92138,0.88757,0.85942,0.81966,0.78626,0.75293,0.70325,0.68780,0.71577,0.69608,0.72915,0.70574,0.64959,0.65954,0.67805,0.62091,0.57663,0.60644,0.58372,0.49917,0.47529,0.49839,0.46179,0.36433,0.32686,0.29572,0.31552,0.17943,0.25264,0.36261,0.41424,0.51150,0.55836,0.63883,0.67364,0.73750,0.76319,0.81667,0.83808,0.87539,0.91388,0.94136,0.95983,0.96003,0.94427,0.92700,0.94397,0.94310,0.91367,0.91074,0.89465,0.86450,0.85535,0.83786,0.79654,0.73050,0.68684,0.74006,0.70625,0.72581,0.70682,0.70609,0.75842,0.74398,0.80148,0.82366,0.84561,0.91242,0.92669,0.91061,0.94806,0.96714,0.93922,0.93979,0.97015,0.97275,0.94984,0.92674,0.93777,0.90670,0.89603,0.89143,0.82269,0.77740,0.78556,0.64394,0.61570,0.45795,0.41287,0.59512,0.47104,0.56010,0.65214,0.78126,0.80968,0.82526,0.74394,0.70927,0.61560,0.56857,0.52176,0.56607,0.47148,0.50870,0.63004,0.58442,0.52629,0.64231,0.68379,0.62946,0.59570,0.47871,0.40528,0.51071,0.64246,0.58225,0.66991,0.71122,0.76364,0.75025,0.79278,0.77603,0.81616,0.80496,0.79411,0.78649,0.72216,0.71219,0.63956,0.59100,0.52555,0.42814,0.34472,0.23782,0.21911,0.30169,0.36368,0.45619,0.55804,0.61948,0.65675,0.64505,0.56908,0.61700,0.64896,0.64355,0.71922,0.68870,0.60043,0.52981,0.42806,0.34587,0.31390,0.23549,0.30208,0.40948,0.46253,0.44331,0.53610,0.49876,0.56433,0.62840,0.67092,0.70095,0.72451,0.75645,0.76235,0.75076,0.71170,0.67479,0.63015,0.59899,0.52875,0.43593,0.38979,0.30126,0.23641,0.28088,0.19547,0.18764,0.08868,0.06278,0.13502,0.13246,0.26271,0.26166,0.37701,0.44472,0.53850,0.63855,0.70644,0.78438,0.82217,0.87823,0.91527,0.91682,0.86968,0.87043,0.88257,0.87270,0.84059,0.81448,0.81087,0.75197,0.73560,0.66074,0.59900,0.52134,0.43625,0.35461,0.25110,0.26021,0.41978,0.44010,0.50022
0.94513,0.95034,0.94411,0.95497,0.96745,0.96607,0.96231,0.97636,0.98349,0.97652,0.97932,0.96370,0.94544,0.91628,0.89174,0.85600,0.82652,0.79515,0.74890,0.73455,0.76147,0.74388,0.77486,0.75283,0.70057,0.71055,0.72797,0.67400,0.63236,0.66083,0.63903,0.55830,0.53573,0.55751,0.52232,0.42795,0.39121,0.36023,0.37982,0.24386,0.31603,0.42435,0.47493,0.56911,0.61338,0.68958,0.72094,0.78077,0.80545,0.85404,0.87419,0.90733,0.94035,0.96268,0.97633,0.97556,0.96389,0.95008,0.96242,0.96018,0.93714,0.93449,0.91804,0.89280,0.88737,0.87061,0.83210,0.77247,0.73306,0.78385,0.75348,0.77256,0.75458,0.75406,0.80202,0.78862,0.84036,0.85920,0.87804,0.93567,0.94957,0.93671,0.96649,0.98153,0.96076,0.96130,0.98389,0.98391,0.96771,0.94783,0.95244,0.92039,0.90341,0.88526,0.80941,0.75821,0.77643,0.63978,0.62276,0.47348,0.42989,0.62472,0.51079,0.59614,0.67628,0.79950,0.83541,0.85612,0.78400,0.75480,0.66783,0.62422,0.57986,0.62231,0.53144,0.56661,0.68250,0.63879,0.58190,0.69191,0.73144,0.67870,0.64687,0.53215,0.46179,0.55896,0.68455,0.63254,0.71616,0.75550,0.80549,0.79434,0.83387,0.81883,0.85493,0.84455,0.83317,0.82465,0.76389,0.75287,0.68207,0.63612,0.56979,0.47818,0.39486,0.29149,0.26847,0.34497,0.39854,0.47805,0.58208,0.63247,0.67319,0.67183,0.59784,0.64373,0.68047,0.67914,0.75381,0.72702,0.64323,0.57944,0.48063,0.40252,0.37333,0.29692,0.36399,0.46953,0.52222,0.50335,0.59106,0.55664,0.61998,0.68020,0.72010,0.74781,0.76997,0.79857,0.80374,0.79475,0.75847,0.72480,0.68275,0.65364,0.58628,0.49729,0.45179,0.36475,0.29956,0.34243,0.25689,0.24755,0.14804,0.11913,0.19188,0.18743,0.32010,0.32217,0.43625,0.50224,0.59089,0.68571,0.74605,0.81700,0.84510,0.89762,0.93375,0.93643,0.89719,0.90080,0.91303,0.90517,0.87720,0.85343,0.84953,0.79537,0.77923,0.70948,0.65051,0.57722,0.49510,0.41527,0.31322,0.31598,0.46394,0.47239,0.52507
0.96976,0.97327,0.97208,0.97891,0.98456,0.98524,0.98390,0.99011,0.99158,0.98921,0.98874,0.98014,0.96847,0.94793,0.92845,0.89986,0.87274,0.84666,0.80570,0.79201,0.81393,0.79512,0.82139,0.80427,0.75580,0.76082,0.77722,0.73012,0.68855,0.71117,0.69277,0.61861,0.59199,0.60766,0.57794,0.48378,0.44728,0.41508,0.44051,0.31664,0.38700,0.49500,0.54439,0.63418,0.67930,0.74970,0.78182,0.83492,0.85394,0.89597,0.91008,0.93611,0.95974,0.97446,0.98183,0.97505,0.96625,0.95598,0.96092,0.95345,0.93644,0.93378,0.91129,0.89055,0.89421,0.87412,0.83413,0.78159,0.74930,0.80308,0.77992,0.80402,0.78605,0.78918,0.83211,0.82441,0.87278,0.89585,0.91715,0.96427,0.96864,0.96043,0.98417,0.98662,0.97012,0.97548,0.98859,0.97954,0.96858,0.94825,0.94023,0.89836,0.87077,0.83806,0.74805,0.68900,0.71420,0.57210,0.56598,0.42145,0.38262,0.60167,0.49851,0.57880,0.64322,0.76752,0.81878,0.85366,0.79365,0.77620,0.69901,0.66248,0.62439,0.67050,0.58384,0.60915,0.72246,0.69058,0.63392,0.73417,0.77742,0.73085,0.70782,0.59884,0.53860,0.63553,0.75059,0.70160,0.77804,0.81068,0.85241,0.83720,0.86873,0.85287,0.87936,0.86611,0.84776,0.83351,0.77116,0.75473,0.67989,0.63626,0.56394,0.48130,0.39620,0.29999,0.26804,0.33398,0.37174,0.43514,0.54263,0.58119,0.62603,0.63798,0.56234,0.60774,0.65548,0.66174,0.74172,0.72078,0.63995,0.58824,0.49269,0.42223,0.40276,0.33116,0.40376,0.50805,0.56496,0.54558,0.62517,0.59948,0.66431,0.71955,0.75825,0.78243,0.80653,0.82996,0.82917,0.82320,0.79004,0.76351,0.72415,0.70099,0.63589,0.55100,0.50043,0.41110,0.34099,0.37755,0.28861,0.27421,0.17497,0.13661,0.21049,0.20447,0.34476,0.35726,0.47075,0.53130,0.61149,0.69907,0.74654,0.80995,0.82411,0.87870,0.92146,0.92669,0.89396,0.90702,0.92543,0.92537,0.90566,0.88897,0.88834,0.84282,0.83213,0.76866,0.71651,0.64541,0.56876,0.49117,0.38939,0.39179,0.53100,0.53288,0.58325
0.96898,0.97388,0.96385,0.97140,0.98361,0.98050,0.97183,0.98368,0.98850,0.97626,0.97553,0.95798,0.94133,0.91499,0.89098,0.85752,0.82385,0.79575,0.74965,0.73426,0.75652,0.73323,0.76139,0.74351,0.68898,0.69211,0.71027,0.65959,0.61279,0.63564,0.61647,0.53740,0.50654,0.52201,0.49165,0.39145,0.35429,0.32136,0.34920,0.22572,0.29834,0.41101,0.46253,0.55764,0.60873,0.68512,0.72417,0.78275,0.80144,0.85023,0.86510,0.89628,0.92684,0.94810,0.96219,0.95480,0.93900,0.92361,0.93436,0.92710,0.90033,0.89731,0.87251,0.84443,0.84521,0.82234,0.77620,0.71409,0.67615,0.73598,0.70915,0.73660,0.71596,0.71988,0.76879,0.76111,0.81804,0.84812,0.87717,0.93729,0.93879,0.92784,0.96378,0.96926,0.94135,0.94858,0.97271,0.96482,0.94309,0.91587,0.91417,0.86980,0.84867,0.83313,0.74931,0.69713,0.70652,0.55194,0.52926,0.37073,0.32889,0.53728,0.41986,0.50608,0.58709,0.72454,0.76974,0.80111,0.72797,0.70532,0.61913,0.57939,0.53866,0.58987,0.49704,0.52252,0.64612,0.61433,0.55357,0.66193,0.71200,0.66328,0.64061,0.52768,0.46686,0.57810,0.70016,0.63912,0.72149,0.75465,0.79865,0.77773,0.81262,0.79370,0.82435,0.80833,0.78779,0.77281,0.70259,0.68626,0.60567,0.55726,0.48273,0.39194,0.30443,0.20325,0.17422,0.24718,0.29493,0.37518,0.48403,0.53911,0.58203,0.58089,0.50027,0.55013,0.59312,0.59388,0.67864,0.65234,0.56306,0.50345,0.40182,0.32623,0.30462,0.23046,0.30536,0.41418,0.47451,0.45406,0.54015,0.51246,0.58297,0.64355,0.68657,0.71468,0.74277,0.77045,0.76867,0.75974,0.72193,0.69196,0.64839,0.62358,0.55293,0.46172,0.40711,0.31329,0.24076,0.27814,0.18700,0.17268,0.07309,0.03580,0.11012,0.10630,0.24677,0.25836,0.37542,0.43881,0.52543,0.62144,0.67803,0.75260,0.77837,0.84112,0.88883,0.89346,0.84861,0.86035,0.88155,0.88074,0.85676,0.83779,0.83846,0.78707,0.77815,0.70696,0.65204,0.57284,0.49271,0.41177,0.30685,0.31914,0.47555,0.49552,0.55910
0.94714,0.95362,0.93764,0.94834,0.96715,0.96146,0.94925,0.96841,0.97784,0.95966,0.96147,0.93648,0.91390,0.87987,0.85104,0.81127,0.77426,0.74201,0.69092,0.67451,0.70042,0.67690,0.70887,0.68724,0.62853,0.63464,0.65386,0.59746,0.54933,0.57618,0.55415,0.46934,0.44040,0.46009,0.42544,0.32390,0.28562,0.25387,0.27789,0.14684,0.22018,0.33423,0.38746,0.48709,0.53910,0.62112,0.66143,0.72642,0.74907,0.80427,0.82377,0.86140,0.90047,0.92908,0.94982,0.94679,0.92685,0.90774,0.92541,0.92192,0.88825,0.88536,0.86431,0.83089,0.82441,0.80338,0.75676,0.68713,0.64249,0.70167,0.66848,0.69288,0.67144,0.67269,0.72656,0.71431,0.77553,0.80414,0.83363,0.90455,0.91225,0.89776,0.94133,0.95682,0.92306,0.92744,0.96140,0.96013,0.93181,0.90284,0.91144,0.87378,0.86159,0.86109,0.78973,0.74470,0.74479,0.59151,0.55624,0.39033,0.34490,0.53253,0.40425,0.49615,0.59254,0.73235,0.76491,0.78527,0.69998,0.66777,0.57259,0.52692,0.48087,0.53063,0.43318,0.46600,0.59378,0.55316,0.49060,0.60805,0.65717,0.60262,0.57423,0.45624,0.38814,0.50261,0.63389,0.56843,0.65775,0.69552,0.74638,0.72716,0.76904,0.75010,0.78860,0.77420,0.75830,0.74756,0.67648,0.66422,0.58529,0.53386,0.46310,0.36426,0.27728,0.16944,0.14780,0.22978,0.29141,0.38700,0.49399,0.56160,0.60155,0.58775,0.50727,0.55856,0.59196,0.58619,0.66808,0.63607,0.54245,0.47245,0.36711,0.28477,0.25521,0.17661,0.24767,0.35873,0.41708,0.39694,0.49028,0.45608,0.52629,0.59174,0.63691,0.66882,0.69691,0.72958,0.73148,0.71954,0.67803,0.64197,0.59511,0.56580,0.49207,0.39649,0.34425,0.25164,0.18211,0.22444,0.13551,0.12477,0.02484,-0.00544,0.06801,0.06514,0.20008,0.20362,0.32223,0.39070,0.48515,0.58824,0.65633,0.73938,0.77812,0.84148,0.88555,0.88842,0.83579,0.84027,0.85772,0.85083,0.81989,0.79520,0.79367,0.73443,0.72179,0.64407,0.58358,0.50077,0.41586,0.33217,0.22676,0.24146,0.40637,0.43685,0.50379
0.96429,0.96894,0.95968,0.96862,0.98125,0.97817,0.97077,0.98388,0.98938,0.97797,0.97876,0.96119,0.94386,0.91611,0.89167,0.85719,0.82436,0.79500,0.74825,0.73280,0.75676,0.73496,0.76409,0.74469,0.69030,0.69544,0.71342,0.66126,0.61559,0.64004,0.61953,0.53940,0.51081,0.52796,0.49561,0.39703,0.35913,0.32761,0.35270,0.22386,0.29610,0.40879,0.46089,0.55684,0.60663,0.68374,0.72110,0.78103,0.80162,0.85083,0.86776,0.89984,0.93178,0.95394,0.96884,0.96361,0.94815,0.93319,0.94490,0.93891,0.91252,0.90994,0.88735,0.85928,0.85818,0.83721,0.79292,0.73078,0.69154,0.74906,0.72049,0.74554,0.72499,0.72720,0.77605,0.76599,0.82129,0.84778,0.87483,0.93496,0.94031,0.92960,0.96475,0.97356,0.94741,0.95313,0.97779,0.97195,0.95113,0.92507,0.92511,0.88418,0.86398,0.84738,0.76551,0.71327,0.72458,0.57448,0.55232,0.39509,0.35247,0.55733,0.44051,0.52784,0.60968,0.74459,0.78748,0.81589,0.74174,0.71715,0.63001,0.58898,0.54678,0.59567,0.50243,0.53099,0.65350,0.61722,0.55531,0.66487,0.71323,0.66141,0.63685,0.52213,0.45882,0.56525,0.68910,0.63220,0.71648,0.75107,0.79792,0.77995,0.81732,0.79969,0.83234,0.81820,0.80030,0.78749,0.71940,0.70492,0.62676,0.57812,0.50491,0.41333,0.32572,0.22237,0.19469,0.26904,0.31962,0.39981,0.50964,0.56433,0.60837,0.60740,0.52816,0.57721,0.61793,0.61767,0.69996,0.67268,0.58364,0.52242,0.42029,0.34333,0.31870,0.24268,0.31551,0.42494,0.48393,0.46377,0.55074,0.52088,0.58951,0.65047,0.69322,0.72253,0.74980,0.77844,0.77825,0.76917,0.73070,0.69907,0.65513,0.62893,0.55842,0.46708,0.41441,0.32251,0.25140,0.29091,0.20120,0.18813,0.08760,0.05216,0.12618,0.12086,0.26023,0.26897,0.38660,0.45251,0.54049,0.63720,0.69557,0.77065,0.79725,0.85804,0.90278,0.90706,0.86322,0.87246,0.89132,0.88794,0.86260,0.84168,0.84073,0.78772,0.77634,0.70470,0.64803,0.56963,0.48851,0.40667,0.30230,0.31138,0.46399,0.48230,0.54262
0.97118,0.97559,0.96378,0.97060,0.98327,0.97896,0.96854,0.98064,0.98544,0.97050,0.96923,0.95016,0.93363,0.90711,0.88254,0.84910,0.81386,0.78643,0.73977,0.72392,0.74512,0.72027,0.74816,0.73090,0.67527,0.67691,0.69549,0.64536,0.59681,0.61844,0.59986,0.52076,0.48822,0.50271,0.47280,0.37184,0.33344,0.30209,0.33075,0.20866,0.28211,0.39555,0.44705,0.54322,0.59599,0.67301,0.71450,0.77344,0.79084,0.84024,0.85438,0.88543,0.91650,0.93838,0.95383,0.94533,0.92747,0.91135,0.92255,0.91442,0.88557,0.88234,0.85598,0.82649,0.82761,0.80383,0.75592,0.69235,0.65396,0.71548,0.68887,0.71813,0.69683,0.70160,0.75133,0.74456,0.80315,0.83543,0.86686,0.92870,0.92821,0.91760,0.95613,0.96034,0.93023,0.93925,0.96517,0.95560,0.93193,0.90159,0.89984,0.85352,0.83274,0.81908,0.73574,0.68412,0.69023,0.53309,0.50758,0.34686,0.31018,0.51309,0.39279,0.47873,0.56178,0.70382,0.74906,0.78195,0.70712,0.68485,0.59773,0.55811,0.51794,0.57166,0.47814,0.50236,0.62825,0.59798,0.53372,0.64232,0.69639,0.64714,0.62877,0.52037,0.45877,0.57107,0.69257,0.62937,0.71181,0.74301,0.78654,0.76334,0.79832,0.77805,0.80801,0.79083,0.76884,0.75288,0.68081,0.66392,0.58190,0.53246,0.45517,0.36404,0.27533,0.17371,0.14422,0.21723,0.26547,0.34706,0.45788,0.51613,0.56041,0.55819,0.47636,0.52708,0.56962,0.56957,0.65602,0.62907,0.53767,0.47813,0.37530,0.29970,0.27907,0.20452,0.28057,0.39091,0.45284,0.43165,0.51757,0.48955,0.56219,0.62306,0.66745,0.69593,0.72721,0.75561,0.75144,0.74097,0.70182,0.67242,0.62757,0.60422,0.53181,0.44087,0.38530,0.29019,0.21634,0.25263,0.16044,0.14560,0.04692,0.00688,0.08174,0.07831,0.22005,0.23304,0.35125,0.41418,0.50126,0.59812,0.65522,0.73188,0.75800,0.82352,0.87366,0.87828,0.83101,0.84337,0.86661,0.86668,0.84300,0.82490,0.82667,0.77499,0.76755,0.69509,0.64085,0.56043,0.48042,0.39904,0.29387,0.31207,0.46987,0.49491,0.56392
0.94279,0.94879,0.92552,0.93524,0.95728,0.94724,0.92940,0.95025,0.96029,0.93362,0.93406,0.90363,0.87973,0.84387,0.81314,0.77221,0.72984,0.69751,0.64435,0.62630,0.65002,0.62196,0.65408,0.63412,0.57205,0.57478,0.59593,0.53980,0.48699,0.51217,0.49205,0.40652,0.37344,0.39037,0.35774,0.25323,0.21672,0.18480,0.21107,0.08428,0.16100,0.27564,0.32868,0.43049,0.48673,0.57042,0.61720,0.68388,0.70370,0.76169,0.77925,0.81858,0.85950,0.89041,0.91472,0.90902,0.88399,0.86150,0.88152,0.87697,0.83667,0.83297,0.80808,0.77043,0.76453,0.74018,0.68837,0.61387,0.56789,0.63225,0.59898,0.62818,0.60488,0.60854,0.66518,0.65575,0.72245,0.75831,0.79495,0.87183,0.87399,0.85914,0.91065,0.92331,0.88178,0.89048,0.92972,0.92581,0.89148,0.85627,0.86795,0.82552,0.81653,0.82313,0.75469,0.71573,0.70430,0.54230,0.49678,0.32817,0.28811,0.45895,0.32082,0.41271,0.51792,0.66964,0.70036,0.72109,0.62993,0.59741,0.49819,0.45354,0.40839,0.46439,0.36468,0.39369,0.52756,0.49100,0.42555,0.54540,0.60194,0.54837,0.52643,0.41078,0.34848,0.46789,0.59661,0.52472,0.61554,0.65000,0.69907,0.67341,0.71488,0.69208,0.73089,0.71317,0.69305,0.67961,0.60279,0.58892,0.50557,0.45152,0.37617,0.27456,0.18639,0.07875,0.05645,0.14040,0.20567,0.30535,0.41664,0.49356,0.53304,0.51469,0.43038,0.48360,0.51489,0.50686,0.59313,0.55919,0.46033,0.38799,0.28002,0.19804,0.17141,0.09345,0.16758,0.27982,0.34142,0.31960,0.41255,0.37802,0.45618,0.52228,0.56903,0.60332,0.63701,0.67036,0.66907,0.65555,0.61170,0.57611,0.52769,0.49954,0.42114,0.32427,0.27072,0.17283,0.10130,0.14160,0.05119,0.03797,-0.05991,-0.09410,-0.02127,-0.02224,0.11383,0.12182,0.24159,0.30995,0.40469,0.51090,0.58154,0.67017,0.71288,0.78453,0.83462,0.83684,0.77624,0.78258,0.80407,0.79953,0.76840,0.74479,0.74613,0.68558,0.67693,0.59510,0.53595,0.44936,0.36480,0.27967,0.16988,0.19309,0.37138,0.40131,0.48888
0.94790,0.95285,0.93499,0.94608,0.96514,0.95734,0.94419,0.96278,0.97157,0.95103,0.95248,0.92705,0.90505,0.87131,0.84303,0.80404,0.76538,0.73254,0.68152,0.66404,0.68906,0.66411,0.69592,0.67545,0.61645,0.62146,0.64172,0.58592,0.53654,0.56291,0.54222,0.45821,0.42818,0.44586,0.41262,0.31062,0.27586,0.24192,0.26654,0.13630,0.21181,0.32492,0.37805,0.47806,0.53122,0.61245,0.65480,0.71979,0.74104,0.79573,0.81395,0.85194,0.88947,0.91705,0.93785,0.93335,0.91253,0.89283,0.91028,0.90623,0.87142,0.86852,0.84572,0.81168,0.80710,0.78502,0.73698,0.66756,0.62363,0.68423,0.65181,0.67831,0.65552,0.65754,0.71089,0.70012,0.76131,0.79203,0.82467,0.89424,0.89910,0.88628,0.93078,0.94375,0.90886,0.91562,0.94909,0.94600,0.91734,0.88739,0.89550,0.85588,0.84264,0.83786,0.76504,0.72270,0.72055,0.56557,0.52919,0.36954,0.32209,0.50481,0.37464,0.46580,0.56322,0.70721,0.74271,0.76348,0.67868,0.64824,0.55305,0.51026,0.46504,0.51686,0.41864,0.44861,0.57773,0.53946,0.47730,0.59391,0.64563,0.59196,0.56618,0.44326,0.38522,0.49614,0.62182,0.56007,0.65076,0.68656,0.73584,0.71451,0.75524,0.73539,0.77359,0.75849,0.74011,0.72813,0.65573,0.64244,0.56196,0.50974,0.43640,0.33785,0.24963,0.14274,0.11739,0.19850,0.26046,0.35098,0.46424,0.53184,0.57299,0.56275,0.48084,0.53200,0.56564,0.56019,0.64380,0.61203,0.51703,0.44797,0.34134,0.26124,0.23470,0.15624,0.22935,0.34003,0.40006,0.37926,0.46959,0.43639,0.51132,0.57520,0.61883,0.65310,0.68291,0.71413,0.71482,0.70508,0.66299,0.62797,0.58194,0.55274,0.47740,0.38163,0.32984,0.23413,0.16335,0.20499,0.11574,0.10244,0.00303,-0.03067,0.04175,0.03811,0.17520,0.18300,0.30174,0.37188,0.46376,0.56667,0.63314,0.71663,0.75312,0.82020,0.86664,0.86967,0.81641,0.82313,0.84217,0.83681,0.80725,0.78307,0.78281,0.72455,0.71324,0.63548,0.57622,0.49284,0.40942,0.32446,0.21449,0.22624,0.39567,0.40605,0.48223
0.94733,0.95083,0.93721,0.94869,0.96471,0.95840,0.94847,0.96374,0.97088,0.95486,0.95576,0.93474,0.91590,0.88539,0.86002,0.82338,0.78755,0.75598,0.70781,0.69112,0.71527,0.69190,0.72213,0.70295,0.64697,0.65215,0.67140,0.61814,0.57105,0.59627,0.57649,0.49583,0.46675,0.48305,0.45138,0.35192,0.31798,0.28237,0.30831,0.17870,0.25211,0.36447,0.41669,0.51381,0.56469,0.64274,0.68177,0.74402,0.76498,0.81589,0.83371,0.86899,0.90203,0.92541,0.94268,0.93732,0.91979,0.90232,0.91668,0.91188,0.88185,0.87912,0.85647,0.82610,0.82428,0.80327,0.75772,0.69316,0.65197,0.71007,0.68019,0.70610,0.68447,0.68630,0.73627,0.72632,0.78269,0.81038,0.84119,0.90373,0.90839,0.89769,0.93651,0.94688,0.91732,0.92382,0.95161,0.94673,0.92269,0.89488,0.89857,0.85950,0.84316,0.82823,0.74984,0.70562,0.71090,0.56067,0.53162,0.38068,0.33295,0.52322,0.40054,0.48778,0.57627,0.71545,0.75659,0.78008,0.70208,0.67554,0.58537,0.54566,0.50219,0.55244,0.45764,0.48625,0.61088,0.57355,0.51135,0.62263,0.67442,0.62110,0.59656,0.47763,0.41994,0.52285,0.64406,0.58880,0.67730,0.71049,0.75877,0.73958,0.77815,0.75987,0.79495,0.78073,0.76223,0.74960,0.68072,0.66699,0.58870,0.53856,0.46443,0.37062,0.28268,0.17919,0.15036,0.22698,0.28337,0.36492,0.47886,0.53996,0.58376,0.58134,0.50209,0.55144,0.58592,0.58272,0.66468,0.63524,0.54329,0.47968,0.37503,0.29842,0.27459,0.19771,0.27096,0.37872,0.43860,0.41789,0.50300,0.47265,0.54615,0.60655,0.64740,0.67864,0.70672,0.73431,0.73652,0.73005,0.68997,0.65743,0.61408,0.58727,0.51399,0.42071,0.37061,0.27695,0.20565,0.24655,0.15819,0.14428,0.04432,0.00927,0.08112,0.07585,0.21346,0.22327,0.34049,0.41004,0.49797,0.59600,0.65676,0.73520,0.76406,0.82761,0.87311,0.87737,0.83010,0.83844,0.85752,0.85353,0.82718,0.80451,0.80394,0.74918,0.73752,0.66436,0.60679,0.52687,0.44608,0.36311,0.25649,0.26421,0.42372,0.42195,0.49144
0.95151,0.95349,0.93989,0.95074,0.96516,0.95783,0.94800,0.96110,0.96603,0.94985,0.95022,0.93054,0.91404,0.88525,0.86145,0.82639,0.79033,0.76020,0.71281,0.69628,0.71887,0.69463,0.72346,0.70581,0.65050,0.65367,0.67257,0.62120,0.57353,0.59668,0.57773,0.49893,0.46811,0.48163,0.45240,0.35240,0.31937,0.28328,0.31151,0.18368,0.25642,0.37082,0.42336,0.51917,0.57118,0.64811,0.68796,0.74861,0.76763,0.81713,0.83330,0.86688,0.89751,0.91863,0.93486,0.92729,0.90993,0.89313,0.90586,0.89933,0.87013,0.86723,0.84221,0.81262,0.81343,0.79100,0.74440,0.68105,0.64136,0.70057,0.67243,0.70060,0.67871,0.68168,0.73017,0.72216,0.77840,0.80821,0.84126,0.90145,0.90307,0.89381,0.93202,0.93800,0.90901,0.91816,0.94382,0.93532,0.91209,0.88222,0.88303,0.84019,0.82110,0.80354,0.72115,0.67542,0.68019,0.52551,0.49839,0.34782,0.30163,0.49804,0.37845,0.46487,0.54961,0.69119,0.73644,0.76474,0.68919,0.66610,0.57791,0.54096,0.49942,0.55143,0.45801,0.48274,0.60702,0.57323,0.50818,0.61769,0.67461,0.62223,0.60144,0.48552,0.43167,0.53375,0.65218,0.59746,0.68425,0.71393,0.75988,0.73894,0.77546,0.75675,0.78866,0.77297,0.75171,0.73717,0.66700,0.65188,0.57176,0.52152,0.44409,0.35230,0.26335,0.16248,0.13174,0.20545,0.25795,0.33643,0.45148,0.51161,0.55713,0.55724,0.47689,0.52637,0.56366,0.56153,0.64537,0.61676,0.52449,0.46374,0.35909,0.28489,0.26517,0.19052,0.26555,0.37275,0.43497,0.41370,0.49608,0.46902,0.54439,0.60396,0.64408,0.67432,0.70317,0.72873,0.73019,0.72520,0.68599,0.65502,0.61215,0.58764,0.51372,0.42071,0.36888,0.27375,0.20038,0.23960,0.15016,0.13493,0.03502,-0.00312,0.06830,0.06174,0.20170,0.21536,0.33257,0.40100,0.48682,0.58312,0.64068,0.71777,0.74340,0.80890,0.85740,0.86276,0.81571,0.82674,0.84844,0.84700,0.82359,0.80302,0.80344,0.75082,0.74124,0.66909,0.61374,0.53392,0.45513,0.37293,0.26748,0.27632,0.43395,0.43333,0.50803
0.95565,0.95744,0.93950,0.94835,0.96379,0.95385,0.94080,0.95463,0.95819,0.93694,0.93602,0.91413,0.89715,0.86860,0.84414,0.80953,0.77031,0.74142,0.69372,0.67641,0.69665,0.66915,0.69758,0.68113,0.62393,0.62418,0.64382,0.59295,0.54229,0.56370,0.54588,0.46683,0.43244,0.44352,0.41560,0.31211,0.27960,0.24222,0.27303,0.15411,0.22763,0.34276,0.39564,0.49206,0.54789,0.62503,0.67006,0.73091,0.74679,0.79762,0.81129,0.84501,0.87616,0.89815,0.91591,0.90639,0.88547,0.86730,0.88102,0.87244,0.83935,0.83651,0.80770,0.77500,0.77736,0.75150,0.70098,0.63512,0.59550,0.65948,0.63195,0.66421,0.64066,0.64601,0.69599,0.68994,0.75003,0.78532,0.82374,0.88802,0.88442,0.87511,0.91822,0.92050,0.88626,0.89896,0.92715,0.91604,0.88915,0.85645,0.85710,0.80917,0.78992,0.77687,0.69449,0.64970,0.64734,0.48426,0.45167,0.29568,0.25279,0.44614,0.32121,0.40929,0.49838,0.64817,0.69402,0.72514,0.64634,0.62442,0.53465,0.49833,0.45857,0.51441,0.41861,0.43939,0.56853,0.53999,0.47467,0.58389,0.64327,0.59350,0.57794,0.46136,0.41359,0.52608,0.64227,0.58034,0.66697,0.69507,0.73858,0.71219,0.74710,0.72582,0.75721,0.73841,0.71316,0.69623,0.62071,0.60338,0.51884,0.46672,0.38704,0.29536,0.20547,0.10421,0.07234,0.14652,0.19853,0.28112,0.39742,0.46182,0.50637,0.50331,0.41910,0.47131,0.50965,0.50687,0.59493,0.56578,0.47119,0.41069,0.30505,0.23164,0.21478,0.14031,0.21853,0.32744,0.39186,0.37051,0.45435,0.42789,0.50771,0.56758,0.60940,0.64060,0.67215,0.69833,0.69462,0.68946,0.64967,0.61999,0.57636,0.55261,0.47759,0.38301,0.32770,0.22803,0.15280,0.18935,0.09750,0.07984,-0.01838,-0.06009,0.01132,0.00528,0.14855,0.16627,0.28452,0.35119,0.43617,0.53457,0.59232,0.67326,0.70078,0.77220,0.82525,0.83077,0.77903,0.79268,0.81771,0.81898,0.79632,0.77754,0.78038,0.72773,0.72163,0.64769,0.59430,0.51056,0.43279,0.35011,0.24321,0.26228,0.42722,0.43174,0.51067
0.96569,0.96625,0.94940,0.95751,0.97099,0.96137,0.94890,0.96053,0.96263,0.94267,0.94102,0.92093,0.90598,0.87963,0.85652,0.82378,0.78524,0.75754,0.71090,0.69405,0.71329,0.68542,0.71223,0.69701,0.64083,0.63965,0.65867,0.60957,0.55885,0.57843,0.56121,0.48387,0.44807,0.45701,0.43061,0.32702,0.29502,0.25696,0.28921,0.17257,0.24534,0.36156,0.41455,0.51011,0.56665,0.64256,0.68755,0.74700,0.76169,0.81071,0.82294,0.85462,0.88346,0.90332,0.91941,0.90810,0.88777,0.87057,0.88228,0.87205,0.84063,0.83794,0.80723,0.77548,0.78067,0.75391,0.70269,0.63846,0.60054,0.66552,0.63988,0.67363,0.64985,0.65612,0.70465,0.70017,0.75922,0.79576,0.83575,0.89722,0.89071,0.88304,0.92491,0.92354,0.89016,0.90446,0.93018,0.91588,0.88989,0.85616,0.85330,0.80259,0.78039,0.76350,0.67602,0.62836,0.62779,0.46163,0.43203,0.27669,0.23529,0.43705,0.31505,0.40241,0.48754,0.63779,0.68901,0.72454,0.64856,0.63004,0.54275,0.50879,0.47046,0.52732,0.43304,0.45118,0.57976,0.55394,0.48849,0.59523,0.65640,0.60791,0.59425,0.47827,0.43357,0.54711,0.66097,0.59954,0.68452,0.71075,0.75219,0.72455,0.75733,0.73608,0.76481,0.74512,0.71789,0.69928,0.62305,0.60449,0.51841,0.46656,0.38468,0.29472,0.20367,0.10376,0.06855,0.13915,0.18705,0.26590,0.38392,0.44630,0.49329,0.49408,0.40933,0.46194,0.50334,0.50223,0.59198,0.56403,0.46943,0.41199,0.30589,0.23462,0.22024,0.14720,0.22749,0.33686,0.40299,0.38161,0.46377,0.44049,0.52071,0.57922,0.62083,0.65116,0.68303,0.70740,0.70265,0.69845,0.65946,0.63153,0.58870,0.56649,0.49178,0.39800,0.33990,0.23956,0.16220,0.19795,0.10448,0.08536,-0.01323,-0.05730,0.01374,0.00659,0.15207,0.17290,0.29155,0.35757,0.44042,0.53756,0.59202,0.67156,0.69528,0.76727,0.82286,0.82941,0.77895,0.79520,0.82244,0.82586,0.80561,0.78866,0.79219,0.74175,0.73730,0.66475,0.61288,0.52919,0.45298,0.37048,0.26392,0.28258,0.44677,0.45127,0.53103
0.97660,0.97672,0.96019,0.96505,0.97581,0.96680,0.95400,0.96213,0.96149,0.94247,0.93864,0.92108,0.90900,0.88710,0.86586,0.83712,0.79910,0.77505,0.73102,0.71477,0.73077,0.70145,0.72534,0.71295,0.65830,0.65352,0.67205,0.62712,0.57567,0.59141,0.57641,0.50254,0.46387,0.46949,0.44595,0.34090,0.30958,0.27193,0.30744,0.20105,0.27316,0.38789,0.43958,0.53275,0.59035,0.66340,0.71012,0.76516,0.77630,0.82266,0.83078,0.85857,0.88334,0.90015,0.91356,0.89889,0.87897,0.86294,0.87106,0.85786,0.82842,0.82548,0.79102,0.76100,0.77062,0.74123,0.68795,0.62628,0.59217,0.66014,0.63849,0.67578,0.65220,0.66145,0.70826,0.70722,0.76564,0.80564,0.84666,0.90518,0.89322,0.88693,0.92714,0.91919,0.88611,0.90336,0.92557,0.90671,0.88198,0.84714,0.83898,0.78110,0.75446,0.73396,0.64131,0.58973,0.59112,0.42063,0.39378,0.23934,0.20265,0.41349,0.29586,0.37937,0.45798,0.60977,0.66719,0.71072,0.63981,0.62731,0.54502,0.51346,0.47927,0.53907,0.44672,0.45949,0.58776,0.56885,0.50414,0.60627,0.66901,0.62501,0.61657,0.50709,0.46626,0.58242,0.69123,0.62783,0.70802,0.73131,0.76731,0.73635,0.76494,0.74199,0.76504,0.74297,0.71162,0.68942,0.61095,0.58850,0.49946,0.44934,0.36474,0.27938,0.18855,0.09382,0.05524,0.11988,0.15819,0.23012,0.34853,0.40482,0.45314,0.45797,0.37195,0.42448,0.47215,0.47569,0.56929,0.54470,0.45161,0.40027,0.29732,0.22999,0.22096,0.15145,0.23381,0.34232,0.41031,0.38884,0.46774,0.44886,0.52944,0.58475,0.62759,0.65553,0.69045,0.71354,0.70318,0.69836,0.66028,0.63701,0.59493,0.57648,0.50334,0.41258,0.35089,0.24941,0.17048,0.20142,0.10614,0.08488,-0.01137,-0.06019,0.01107,0.00430,0.15193,0.17829,0.29535,0.35606,0.43558,0.52887,0.57706,0.65330,0.67214,0.74590,0.80595,0.81312,0.76438,0.78567,0.81695,0.82505,0.80856,0.79609,0.80225,0.75613,0.75565,0.68570,0.63797,0.55498,0.48176,0.40118,0.29640,0.31749,0.47766,0.48861,0.56858
0.98873,0.98769,0.97542,0.97980,0.98699,0.97990,0.96973,0.97542,0.97311,0.95793,0.95395,0.93933,0.92951,0.91030,0.89077,0.86438,0.82903,0.80677,0.76437,0.74938,0.76485,0.73669,0.75891,0.74709,0.69423,0.68906,0.70631,0.66292,0.61280,0.62723,0.61193,0.53975,0.50100,0.50530,0.48223,0.37879,0.34571,0.30963,0.34466,0.23835,0.30854,0.42426,0.47655,0.56868,0.62581,0.69764,0.74243,0.79559,0.80614,0.85012,0.85733,0.88183,0.90433,0.91863,0.92945,0.91383,0.89601,0.88257,0.88768,0.87271,0.84706,0.84458,0.80940,0.78154,0.79380,0.76452,0.71202,0.65341,0.62129,0.68880,0.66895,0.70607,0.68259,0.69168,0.73609,0.73560,0.79168,0.83090,0.87071,0.92455,0.91108,0.90665,0.94348,0.93264,0.90325,0.92120,0.93939,0.91847,0.89672,0.86236,0.84907,0.78876,0.75821,0.73341,0.63529,0.57838,0.58369,0.41189,0.39216,0.23579,0.20028,0.42478,0.31356,0.39740,0.46891,0.61751,0.68071,0.72927,0.66313,0.65496,0.57648,0.54718,0.51398,0.57286,0.48274,0.49343,0.61844,0.60188,0.53703,0.63668,0.69870,0.65535,0.64801,0.53916,0.49820,0.61411,0.72306,0.66175,0.73930,0.76244,0.79648,0.76624,0.79271,0.77122,0.79174,0.76982,0.73750,0.71479,0.63675,0.61377,0.52435,0.47458,0.38865,0.30591,0.21378,0.12012,0.07884,0.13916,0.17226,0.23890,0.35782,0.40844,0.45902,0.46830,0.38259,0.43561,0.48948,0.49526,0.58965,0.56663,0.47515,0.42725,0.32458,0.25943,0.25148,0.18410,0.26801,0.37753,0.44670,0.42584,0.50410,0.48763,0.56584,0.62035,0.66370,0.69194,0.72568,0.74788,0.73611,0.72993,0.69362,0.67120,0.62933,0.61219,0.54053,0.45069,0.38687,0.28596,0.20574,0.23597,0.13958,0.11706,0.02056,-0.03123,0.04002,0.03132,0.18168,0.20999,0.32789,0.38718,0.46391,0.55582,0.59977,0.67215,0.68660,0.75940,0.82019,0.82876,0.78367,0.80722,0.83961,0.84908,0.83485,0.82399,0.82979,0.78658,0.78645,0.71807,0.67132,0.58964,0.51747,0.43718,0.33301,0.35242,0.50800,0.52692,0.60522
0.99716,0.99558,0.98933,0.99256,0.99530,0.99141,0.98497,0.98661,0.98214,0.97276,0.96826,0.95907,0.95245,0.93720,0.92057,0.89716,0.86544,0.84485,0.80529,0.79126,0.80621,0.78012,0.80086,0.78987,0.74019,0.73538,0.75158,0.71060,0.66295,0.67654,0.66183,0.59239,0.55497,0.55894,0.53674,0.43618,0.40268,0.36738,0.40215,0.29523,0.36382,0.47857,0.53007,0.61971,0.67438,0.74314,0.78456,0.83432,0.84446,0.88443,0.89077,0.91168,0.92975,0.94014,0.94685,0.93050,0.91663,0.90611,0.90724,0.89139,0.87133,0.86883,0.83400,0.81050,0.82526,0.79687,0.74716,0.69379,0.66525,0.73016,0.71293,0.74922,0.72706,0.73606,0.77713,0.77725,0.82878,0.86530,0.90171,0.94796,0.93454,0.93217,0.96220,0.94863,0.92559,0.94295,0.95464,0.93216,0.91631,0.88514,0.86632,0.80561,0.77009,0.73531,0.63191,0.57021,0.58394,0.41659,0.40632,0.25573,0.21980,0.45700,0.35439,0.43570,0.49688,0.63948,0.70811,0.76053,0.70234,0.69828,0.62542,0.59854,0.56694,0.62384,0.53674,0.54589,0.66643,0.65159,0.58747,0.68222,0.74222,0.69998,0.69358,0.58693,0.54714,0.65664,0.76206,0.70677,0.78077,0.80301,0.83506,0.80704,0.83106,0.81144,0.82867,0.80755,0.77518,0.75191,0.67732,0.65370,0.56615,0.51885,0.43280,0.35436,0.26255,0.17207,0.12837,0.18434,0.21036,0.26698,0.38572,0.42693,0.47906,0.49648,0.41279,0.46341,0.52187,0.53157,0.62482,0.60498,0.51747,0.47439,0.37485,0.31209,0.30572,0.24067,0.32490,0.43309,0.50148,0.48067,0.55553,0.54090,0.61636,0.66914,0.71056,0.73600,0.76757,0.78731,0.77544,0.77125,0.73791,0.71762,0.67753,0.66181,0.59273,0.50609,0.44296,0.34388,0.26322,0.29203,0.19668,0.17332,0.07603,0.02226,0.09430,0.08446,0.23654,0.26662,0.38337,0.44072,0.51393,0.60097,0.63895,0.70500,0.71206,0.78128,0.84091,0.85012,0.81188,0.83769,0.86975,0.88046,0.86925,0.86020,0.86564,0.82638,0.82592,0.76197,0.71702,0.63914,0.56858,0.48970,0.38598,0.40086,0.54710,0.56000,0.62944
