# 788,789,790,791,792,793,794,795,796,797,798,799,800,801,802,803,804,805,806,807,808,809,810,811,812,813,814,815,816,817,818,819,820,821,822,823,824,825,826,827,828,829,830,831,832,833,834,835,836,837,838,839,840,841,842,843,844,845,846,847,848,849,850,851,852,853,854,855,856,857,858,859,860,861,862,863,864,865,866,867,868,869,870,871,872,873,874,875,876,877,878,879,880,881,882,883,884,885,886,887,888,889,890,891,892,893,894,895,896,897,898,899,900,901,902,903,904,905,906,907,908,909,910,911,912,913,914,915,916,917,918,919,920,921,922,923,924,925,926,927,928,929,930,931,932,933,934,935,936,937,938,939,940,941,942,943,944,945,946,947,948,949,950,951,952,953,954,955,956,957,958,959,960,961,962,963,964,965,966,967,968,969,970,971,972,973,974,975,976,977,978,979,980,981,982,983,984,985,986,987,988,989,990,991,992,993,994,995,996,997,998,999,1000,1001,1002,1003,1004,1005,1006,1007,1008,1009,1010,1011,1012,1013,1014
0.98948,0.98636,0.98610,0.96951,0.94972,0.94859,0.93285,0.89764,0.87199,0.86922,0.83619,0.85089,0.87579,0.90233,0.91213,0.92163,0.90418,0.91144,0.90605,0.89954,0.88543,0.86005,0.85271,0.87015,0.85405,0.82679,0.83522,0.84619,0.81720,0.79665,0.81431,0.81179,0.77384,0.74862,0.76679,0.73116,0.73644,0.71006,0.73802,0.73308,0.77853,0.81338,0.82218,0.84798,0.87398,0.88788,0.91279,0.91780,0.89849,0.89918,0.87115,0.85348,0.82029,0.79130,0.77288,0.71162,0.70113,0.70729,0.66967,0.62740,0.63878,0.63600,0.58148,0.58872,0.64079,0.60742,0.57754,0.58930,0.60774,0.65001,0.67864,0.72723,0.71709,0.74909,0.75144,0.79741,0.82091,0.87821,0.91890,0.91901,0.85301,0.85725,0.86712,0.78125,0.77550,0.81841,0.79270,0.70783,0.70756,0.65783,0.55837,0.48157,0.43413,0.35517,0.24431,0.16233,0.22800,0.15702,0.21203,0.18696,0.29023,0.36552,0.37120,0.37429,0.33194,0.38129,0.46653,0.55588,0.58738,0.65149,0.67018,0.69462,0.70965,0.76118,0.75235,0.70629,0.75034,0.80156,0.77519,0.77562,0.84806,0.86621,0.89742,0.88177,0.87132,0.87197,0.91239,0.90705,0.92376,0.91644,0.89694,0.85136,0.82113,0.78864,0.74327,0.71389,0.65107,0.60922,0.56935,0.53931,0.49151,0.48347,0.42418,0.43864,0.39805,0.39017,0.34106,0.31322,0.26054,0.24407,0.29688,0.25538,0.30305,0.35270,0.32846,0.34365,0.40291,0.42634,0.46987,0.48287,0.46044,0.50794,0.48888,0.50100,0.54423,0.54629,0.61901,0.63964,0.68476,0.67847,0.66058,0.68350,0.72123,0.72004,0.73735,0.72925,0.75344,0.73824,0.70784,0.71218,0.70507,0.73759,0.72139,0.75939,0.72708,0.72646,0.69975,0.65950,0.60200,0.56589,0.51353,0.46272,0.41798,0.36374,0.39698,0.39359,0.49690,0.56865,0.61700,0.59792,0.58485,0.57151,0.52391,0.51472,0.45762,0.49401,0.55405,0.57254,0.58094,0.65114,0.70938,0.76129,0.80067,0.84028,0.86864,0.88593,0.91253,0.89507,0.89655,0.87394,0.85407,0.83254,0.80226,0.78519,0.78318,0.78178,0.71017
0.98947,0.98924,0.99673,0.98819,0.97151,0.97399,0.96539,0.93630,0.91433,0.91538,0.88773,0.90189,0.92270,0.94338,0.94979,0.95429,0.94004,0.94204,0.93377,0.92866,0.92187,0.90240,0.89852,0.91034,0.89522,0.87531,0.88274,0.88786,0.86401,0.84951,0.86245,0.85639,0.82612,0.80689,0.81937,0.78588,0.78356,0.75868,0.78497,0.77210,0.81113,0.84324,0.85353,0.88210,0.90188,0.91777,0.93501,0.94415,0.93440,0.93834,0.91787,0.90454,0.87711,0.85178,0.83470,0.78040,0.77219,0.77823,0.74360,0.70485,0.71643,0.71395,0.66381,0.67110,0.71902,0.68854,0.66121,0.67223,0.68900,0.72751,0.75285,0.79565,0.78663,0.81419,0.81708,0.85574,0.87648,0.92281,0.95373,0.95463,0.90291,0.90718,0.91408,0.84066,0.83766,0.87462,0.85061,0.77521,0.77726,0.73309,0.64025,0.56818,0.52192,0.44269,0.33446,0.25139,0.31983,0.25249,0.30931,0.28619,0.38684,0.46043,0.46686,0.46981,0.42801,0.47441,0.55631,0.64069,0.67032,0.72862,0.74429,0.76512,0.77598,0.82051,0.81020,0.77343,0.81358,0.85417,0.83161,0.83607,0.89534,0.90774,0.92409,0.89639,0.87277,0.85606,0.90554,0.91512,0.94003,0.94377,0.93455,0.89951,0.87629,0.84896,0.81058,0.78476,0.72859,0.69052,0.65385,0.62598,0.58140,0.57389,0.51801,0.53144,0.49296,0.48440,0.43765,0.41096,0.35985,0.34313,0.39445,0.35262,0.39964,0.44868,0.42553,0.43992,0.49711,0.51965,0.56066,0.57318,0.55227,0.59671,0.57856,0.58899,0.62779,0.62715,0.69292,0.71305,0.75293,0.74674,0.73268,0.75210,0.78504,0.78621,0.80203,0.79570,0.81662,0.80359,0.77785,0.78229,0.77552,0.80313,0.78779,0.81821,0.78871,0.78548,0.76241,0.72663,0.67544,0.64552,0.59645,0.55064,0.50682,0.45710,0.48952,0.48585,0.58362,0.64771,0.69346,0.67792,0.66721,0.65572,0.61164,0.60264,0.54799,0.58182,0.63739,0.65482,0.66377,0.72834,0.78079,0.82654,0.86018,0.89251,0.91505,0.92550,0.94231,0.92477,0.91641,0.89665,0.87102,0.84811,0.81956,0.79723,0.78855,0.79575,0.71661
0.97800,0.97930,0.99349,0.98812,0.97076,0.97694,0.97410,0.94587,0.92492,0.93107,0.90585,0.92205,0.94221,0.96153,0.96773,0.97135,0.96008,0.96064,0.95247,0.94828,0.94432,0.92840,0.92564,0.93535,0.92211,0.90554,0.91204,0.91559,0.89512,0.88286,0.89383,0.88756,0.86152,0.84470,0.85534,0.82451,0.81992,0.79668,0.82133,0.80614,0.84040,0.86982,0.88038,0.90796,0.92369,0.93896,0.95136,0.96104,0.95530,0.95885,0.94139,0.92850,0.90253,0.87716,0.85910,0.80821,0.80272,0.80990,0.77540,0.73804,0.75157,0.74944,0.70160,0.71006,0.75680,0.72797,0.70242,0.71457,0.73165,0.76765,0.79248,0.83260,0.82432,0.85002,0.85163,0.88695,0.90399,0.94395,0.96975,0.96771,0.92247,0.92823,0.93066,0.86255,0.86342,0.89727,0.87140,0.80025,0.80626,0.76597,0.67491,0.60503,0.55799,0.47569,0.36844,0.28341,0.35574,0.29254,0.35274,0.33267,0.43171,0.50577,0.51524,0.51735,0.47330,0.51672,0.59792,0.68100,0.71202,0.76906,0.78555,0.80563,0.81610,0.85675,0.84718,0.81357,0.84986,0.88641,0.86609,0.86934,0.92192,0.93198,0.94256,0.91026,0.88217,0.85450,0.90670,0.92562,0.95275,0.96057,0.95526,0.92607,0.90525,0.88104,0.84470,0.82083,0.76751,0.73101,0.69690,0.66988,0.62743,0.62094,0.56667,0.58139,0.54435,0.53748,0.49037,0.46217,0.41004,0.39079,0.44093,0.39688,0.44429,0.49495,0.47294,0.48651,0.54324,0.56596,0.60516,0.61834,0.59926,0.64424,0.62773,0.63888,0.67690,0.67746,0.73951,0.75833,0.79543,0.78985,0.77653,0.79467,0.82476,0.82553,0.83985,0.83347,0.85252,0.83978,0.81555,0.82003,0.81445,0.84066,0.82693,0.85488,0.82812,0.82499,0.80399,0.77106,0.72336,0.69487,0.64835,0.60390,0.56122,0.51324,0.54414,0.54002,0.63464,0.69672,0.73950,0.72410,0.71259,0.70024,0.65583,0.64520,0.58979,0.62148,0.67412,0.69113,0.70242,0.76490,0.81445,0.85774,0.88987,0.91960,0.93925,0.94810,0.96050,0.94502,0.93336,0.91644,0.88985,0.86758,0.84158,0.81744,0.80553,0.81668,0.73479
0.96936,0.97176,0.99049,0.98758,0.96981,0.97874,0.97973,0.95228,0.93216,0.94170,0.91850,0.93633,0.95576,0.97396,0.97988,0.98284,0.97382,0.97314,0.96474,0.96139,0.95989,0.94656,0.94453,0.95247,0.94059,0.92673,0.93258,0.93473,0.91684,0.90644,0.91594,0.90942,0.88648,0.87152,0.88064,0.85152,0.84532,0.82324,0.84684,0.82993,0.86106,0.88824,0.89875,0.92572,0.93851,0.95329,0.96229,0.97246,0.96973,0.97308,0.95789,0.94543,0.92056,0.89535,0.87672,0.82847,0.82504,0.83304,0.79873,0.76250,0.77743,0.77546,0.72935,0.73861,0.78437,0.75670,0.73262,0.74555,0.76281,0.79684,0.82123,0.85930,0.85169,0.87594,0.87681,0.90980,0.92435,0.95963,0.98128,0.97744,0.93727,0.94354,0.94279,0.87907,0.88246,0.91373,0.88669,0.81894,0.82762,0.79062,0.70117,0.63320,0.58606,0.50204,0.39546,0.30942,0.38441,0.32376,0.38617,0.36830,0.46596,0.54000,0.55151,0.55292,0.50736,0.54840,0.62896,0.71080,0.74277,0.79868,0.81563,0.83504,0.84516,0.88277,0.87388,0.84272,0.87622,0.90962,0.89112,0.89381,0.94138,0.94963,0.95568,0.92038,0.88831,0.85320,0.90704,0.93252,0.96128,0.97237,0.96995,0.94513,0.92613,0.90414,0.86945,0.84697,0.79592,0.76058,0.72847,0.70216,0.66135,0.65566,0.60276,0.61846,0.58258,0.57698,0.53048,0.50116,0.44827,0.42710,0.47594,0.43027,0.47776,0.52914,0.50798,0.52102,0.57745,0.60020,0.63810,0.65167,0.63401,0.67909,0.66384,0.67573,0.71304,0.71402,0.77323,0.79090,0.82592,0.82063,0.80788,0.82498,0.85324,0.85385,0.86692,0.86050,0.87811,0.86583,0.84274,0.84729,0.84260,0.86756,0.85508,0.88102,0.85635,0.85313,0.83362,0.80279,0.75776,0.73065,0.68598,0.64305,0.60195,0.55470,0.58436,0.58020,0.67225,0.73242,0.77296,0.75769,0.74569,0.73283,0.68838,0.67666,0.62096,0.65100,0.70134,0.71796,0.73086,0.79172,0.83899,0.88036,0.91118,0.93888,0.95631,0.96391,0.97302,0.95883,0.94465,0.92991,0.90253,0.88077,0.85650,0.83114,0.81610,0.82934,0.74504
0.95833,0.96005,0.98209,0.97420,0.95010,0.96181,0.96426,0.92952,0.90581,0.92017,0.89407,0.91750,0.94147,0.96554,0.97573,0.98414,0.97661,0.98013,0.97586,0.97251,0.96675,0.95214,0.94726,0.95882,0.94938,0.93197,0.93736,0.94450,0.92620,0.91193,0.92417,0.92195,0.89655,0.87801,0.89130,0.86431,0.86400,0.84324,0.86606,0.85488,0.88649,0.91196,0.92055,0.94203,0.95566,0.96644,0.97652,0.98236,0.97429,0.97234,0.95247,0.93460,0.90406,0.87348,0.85079,0.79924,0.79822,0.80888,0.77015,0.73136,0.75025,0.74836,0.70014,0.71196,0.76169,0.73287,0.70879,0.72530,0.74583,0.78037,0.80862,0.84981,0.84222,0.86916,0.86683,0.90384,0.91504,0.95331,0.97805,0.96680,0.91956,0.92842,0.92303,0.85188,0.85938,0.89279,0.85927,0.78611,0.79957,0.76266,0.66641,0.59594,0.54563,0.45502,0.34543,0.25609,0.33588,0.27716,0.34457,0.32990,0.42943,0.50756,0.52435,0.52392,0.47247,0.51169,0.59654,0.68349,0.72153,0.78374,0.80680,0.83002,0.84542,0.88515,0.87994,0.84181,0.87321,0.91367,0.89437,0.88913,0.94192,0.95354,0.96859,0.94109,0.91747,0.88438,0.93102,0.95468,0.97677,0.98106,0.97206,0.94413,0.91985,0.89668,0.85600,0.83200,0.77698,0.73905,0.70733,0.67943,0.63817,0.63386,0.57896,0.59906,0.56295,0.56172,0.51156,0.47689,0.41877,0.39249,0.44106,0.39062,0.44047,0.49615,0.47555,0.48827,0.54761,0.57210,0.61020,0.62594,0.60989,0.66091,0.64774,0.66393,0.70633,0.71327,0.77520,0.79082,0.82779,0.82341,0.80653,0.82612,0.85594,0.85256,0.86443,0.85500,0.87362,0.85886,0.83205,0.83670,0.83403,0.86332,0.85280,0.88446,0.86155,0.86199,0.84141,0.80988,0.76277,0.72987,0.68542,0.63849,0.59900,0.54717,0.57483,0.57049,0.66464,0.73177,0.77026,0.75007,0.73284,0.71539,0.66471,0.64922,0.58804,0.61751,0.66853,0.68600,0.70310,0.76837,0.81834,0.86380,0.89992,0.93284,0.95276,0.96686,0.98078,0.97057,0.96330,0.95023,0.92873,0.90997,0.88804,0.86636,0.85299,0.86117,0.78010
0.95485,0.95483,0.97527,0.95966,0.92977,0.94149,0.94097,0.89813,0.87015,0.88533,0.85422,0.88142,0.91054,0.94152,0.95612,0.97074,0.96212,0.97106,0.97088,0.96662,0.95422,0.93551,0.92697,0.94394,0.93541,0.91178,0.91754,0.93091,0.90943,0.88949,0.90609,0.90838,0.87718,0.85319,0.87217,0.84546,0.85279,0.83224,0.85533,0.85160,0.88717,0.91325,0.91991,0.93666,0.95423,0.96153,0.97653,0.97756,0.96096,0.95404,0.92704,0.90345,0.86623,0.83022,0.80421,0.74658,0.74576,0.75809,0.71486,0.67249,0.69378,0.69184,0.63972,0.65313,0.70769,0.67640,0.65091,0.67007,0.69362,0.73071,0.76320,0.80958,0.80135,0.83249,0.82797,0.87154,0.88233,0.92866,0.96071,0.94463,0.88511,0.89551,0.88888,0.80611,0.81460,0.85266,0.81412,0.73232,0.74738,0.70727,0.60283,0.52796,0.47491,0.38005,0.26680,0.17564,0.25728,0.19760,0.26723,0.25333,0.35578,0.43767,0.45722,0.45577,0.40038,0.44029,0.52990,0.62299,0.66579,0.73523,0.76375,0.79134,0.81235,0.85733,0.85508,0.80756,0.83992,0.89074,0.86884,0.85648,0.91986,0.93681,0.96539,0.94917,0.93770,0.91502,0.95249,0.96725,0.98092,0.97506,0.95638,0.92061,0.88914,0.86233,0.81402,0.78698,0.72575,0.68405,0.65067,0.62051,0.57712,0.57333,0.51516,0.53844,0.50107,0.50283,0.44876,0.41017,0.34793,0.31872,0.36804,0.31491,0.36650,0.42521,0.40429,0.41735,0.47987,0.50590,0.54562,0.56303,0.54709,0.60358,0.59118,0.61082,0.65901,0.67111,0.73865,0.75338,0.79453,0.79059,0.76908,0.79221,0.82572,0.81883,0.83072,0.81853,0.83955,0.82200,0.79039,0.79487,0.79324,0.82789,0.81808,0.85740,0.83399,0.83812,0.81482,0.78033,0.72840,0.68850,0.64222,0.59005,0.55039,0.49356,0.52051,0.51628,0.61502,0.69080,0.72948,0.70420,0.68249,0.66120,0.60464,0.58668,0.52072,0.55136,0.60539,0.62401,0.64334,0.71460,0.76957,0.82106,0.86366,0.90392,0.92871,0.95067,0.97272,0.96497,0.96726,0.95361,0.93868,0.92238,0.90092,0.88433,0.87573,0.87598,0.80009
0.94369,0.94506,0.97097,0.95954,0.93046,0.94520,0.94968,0.90935,0.88326,0.90220,0.87441,0.90249,0.92975,0.95792,0.97121,0.98382,0.97793,0.98435,0.98319,0.98003,0.97170,0.95687,0.94986,0.96378,0.95665,0.93737,0.94226,0.95283,0.93497,0.91832,0.93232,0.93336,0.90702,0.88634,0.90240,0.87768,0.88160,0.86240,0.88406,0.87695,0.90783,0.93132,0.93833,0.95535,0.96869,0.97618,0.98610,0.98867,0.97731,0.97116,0.94830,0.92645,0.89197,0.85741,0.83145,0.77823,0.77972,0.79255,0.75059,0.71039,0.73266,0.73091,0.68174,0.69572,0.74800,0.71870,0.69520,0.71463,0.73770,0.77202,0.80302,0.84585,0.83849,0.86700,0.86204,0.90142,0.90951,0.94885,0.97466,0.95733,0.90629,0.91710,0.90718,0.83180,0.84305,0.87707,0.83831,0.76240,0.78022,0.74449,0.64382,0.57218,0.51972,0.42378,0.31229,0.22052,0.30473,0.24854,0.32005,0.30851,0.40868,0.48968,0.51089,0.50880,0.45277,0.48980,0.57738,0.66749,0.71022,0.77675,0.80456,0.83040,0.84981,0.89018,0.88803,0.84544,0.87425,0.91925,0.89998,0.88841,0.94369,0.95743,0.97800,0.95588,0.93760,0.90448,0.94568,0.96974,0.98699,0.98688,0.97360,0.94444,0.91656,0.89309,0.84838,0.82366,0.76651,0.72703,0.69627,0.66744,0.62649,0.62350,0.56768,0.59130,0.55565,0.55820,0.50534,0.46669,0.40482,0.37418,0.42175,0.36760,0.41872,0.47757,0.45777,0.47005,0.53128,0.55698,0.59468,0.61218,0.59783,0.65323,0.64219,0.66175,0.70785,0.71961,0.78244,0.79605,0.83380,0.83019,0.81039,0.83159,0.86193,0.85549,0.86611,0.85462,0.87354,0.85709,0.82780,0.83224,0.83136,0.86344,0.85488,0.89019,0.86924,0.87259,0.85165,0.82037,0.77269,0.73579,0.69226,0.64298,0.60488,0.55056,0.57623,0.57187,0.66625,0.73793,0.77379,0.74980,0.72854,0.70752,0.65225,0.63358,0.56847,0.59692,0.64763,0.66553,0.68612,0.75405,0.80520,0.85312,0.89281,0.92914,0.95038,0.96926,0.98583,0.97905,0.97649,0.96553,0.94840,0.93217,0.91267,0.89358,0.88075,0.88560,0.80620
0.95256,0.95564,0.98035,0.97668,0.95523,0.96832,0.97360,0.94287,0.92175,0.93721,0.91428,0.93659,0.95779,0.97810,0.98596,0.99135,0.98529,0.98577,0.97949,0.97685,0.97532,0.96378,0.96077,0.96912,0.95998,0.94675,0.95172,0.95536,0.93974,0.92903,0.93868,0.93430,0.91305,0.89798,0.90796,0.88174,0.87736,0.85709,0.87908,0.86387,0.89209,0.91620,0.92555,0.94895,0.95924,0.97131,0.97755,0.98581,0.98297,0.98309,0.96747,0.95252,0.92569,0.89781,0.87636,0.82897,0.82885,0.83898,0.80254,0.76614,0.78450,0.78269,0.73722,0.74866,0.79553,0.76843,0.74583,0.76143,0.78068,0.81308,0.83909,0.87681,0.86986,0.89412,0.89252,0.92542,0.93586,0.96847,0.98783,0.97822,0.93914,0.94727,0.94086,0.87741,0.88545,0.91509,0.88344,0.81622,0.83008,0.79628,0.70498,0.63761,0.58889,0.49963,0.39217,0.30363,0.38377,0.32696,0.39399,0.38002,0.47723,0.55332,0.56959,0.56918,0.51922,0.55691,0.63887,0.72205,0.75810,0.81624,0.83692,0.85767,0.87040,0.90624,0.89998,0.86749,0.89705,0.93133,0.91424,0.91193,0.95751,0.96584,0.97251,0.93871,0.90766,0.86692,0.91812,0.94873,0.97526,0.98564,0.98233,0.95992,0.93973,0.91915,0.88283,0.86089,0.81005,0.77448,0.74456,0.71808,0.67879,0.67465,0.62211,0.64112,0.60642,0.60453,0.55646,0.52341,0.46719,0.44151,0.48875,0.43911,0.48769,0.54203,0.52210,0.53439,0.59183,0.61549,0.65205,0.66719,0.65182,0.70023,0.68749,0.70228,0.74156,0.74642,0.80404,0.81946,0.85341,0.84893,0.83450,0.85199,0.87914,0.87745,0.88868,0.88073,0.89750,0.88437,0.86041,0.86487,0.86210,0.88817,0.87795,0.90502,0.88322,0.88207,0.86348,0.83447,0.79105,0.76213,0.71954,0.67605,0.63727,0.58867,0.61607,0.61181,0.70202,0.76398,0.80100,0.78314,0.76795,0.75204,0.70425,0.68941,0.63062,0.65866,0.70704,0.72370,0.74035,0.80192,0.84827,0.88996,0.92237,0.95094,0.96764,0.97769,0.98633,0.97560,0.96291,0.95131,0.92647,0.90690,0.88565,0.86119,0.84429,0.85695,0.77228
0.96861,0.96982,0.98748,0.97709,0.95367,0.96322,0.96164,0.92608,0.90187,0.91296,0.88487,0.90686,0.93133,0.95644,0.96674,0.97587,0.96629,0.97089,0.96655,0.96235,0.95464,0.93748,0.93190,0.94505,0.93430,0.91458,0.92074,0.92898,0.90825,0.89247,0.90625,0.90422,0.87583,0.85565,0.87042,0.84180,0.84302,0.82121,0.84500,0.83539,0.87023,0.89762,0.90609,0.92833,0.94448,0.95568,0.96916,0.97455,0.96360,0.96177,0.93963,0.92142,0.88975,0.85905,0.83685,0.78267,0.77984,0.78968,0.75066,0.71085,0.72852,0.72643,0.67644,0.68753,0.73826,0.70819,0.68286,0.69873,0.71924,0.75560,0.78437,0.82754,0.81941,0.84780,0.84634,0.88587,0.89972,0.94265,0.97106,0.96208,0.91012,0.91797,0.91537,0.84043,0.84514,0.88055,0.84807,0.77184,0.78266,0.74283,0.64507,0.57267,0.52272,0.43365,0.32299,0.23444,0.31209,0.25055,0.31586,0.29920,0.40012,0.47826,0.49305,0.49320,0.44313,0.48457,0.57020,0.65840,0.69563,0.75891,0.78153,0.80530,0.82119,0.86385,0.85810,0.81768,0.85181,0.89538,0.87461,0.86999,0.92769,0.94106,0.96005,0.93576,0.91500,0.88926,0.93414,0.95158,0.97217,0.97362,0.96173,0.92952,0.90337,0.87788,0.83555,0.81012,0.75298,0.71381,0.68031,0.65165,0.60881,0.60383,0.54763,0.56693,0.52981,0.52751,0.47710,0.44337,0.38572,0.36101,0.41059,0.36147,0.41110,0.46606,0.44463,0.45796,0.51772,0.54222,0.58172,0.59716,0.57984,0.63078,0.61654,0.63226,0.67542,0.68173,0.74629,0.76290,0.80189,0.79702,0.77956,0.80014,0.83197,0.82906,0.84184,0.83243,0.85242,0.83733,0.80936,0.81389,0.81040,0.84079,0.82916,0.86265,0.83770,0.83829,0.81630,0.78270,0.73310,0.69901,0.65268,0.60463,0.56400,0.51104,0.53998,0.53587,0.63247,0.70132,0.74174,0.72112,0.70451,0.68751,0.63686,0.62236,0.56143,0.59244,0.64566,0.66337,0.67893,0.74592,0.79800,0.84533,0.88266,0.91761,0.93970,0.95504,0.97214,0.96060,0.95566,0.94075,0.91974,0.90051,0.87681,0.85622,0.84541,0.85126,0.77160
0.95672,0.95703,0.97685,0.96126,0.93217,0.94379,0.94255,0.90010,0.87269,0.88731,0.85612,0.88275,0.91140,0.94199,0.95620,0.97050,0.96166,0.97031,0.96980,0.96536,0.95328,0.93443,0.92604,0.94288,0.93407,0.91068,0.91662,0.92965,0.90803,0.88842,0.90506,0.90702,0.87581,0.85206,0.87093,0.84402,0.85101,0.83054,0.85359,0.84952,0.88543,0.91157,0.91822,0.93544,0.95288,0.96051,0.97568,0.97697,0.96050,0.95395,0.92706,0.90392,0.86701,0.83150,0.80577,0.74814,0.74711,0.75912,0.71621,0.67405,0.69495,0.69294,0.64081,0.65400,0.70835,0.67707,0.65158,0.67049,0.69385,0.73099,0.76325,0.80952,0.80131,0.83241,0.82826,0.87186,0.88324,0.92984,0.96178,0.94664,0.88743,0.89733,0.89123,0.80890,0.81657,0.85433,0.81635,0.73487,0.74930,0.70902,0.60505,0.53026,0.47772,0.38343,0.27024,0.17928,0.26055,0.20047,0.26944,0.25526,0.35781,0.43938,0.45834,0.45699,0.40217,0.44231,0.53162,0.62432,0.66664,0.73565,0.76371,0.79097,0.81172,0.85680,0.85437,0.80724,0.83984,0.89044,0.86872,0.85695,0.92026,0.93700,0.96503,0.94869,0.93644,0.91446,0.95215,0.96652,0.98056,0.97508,0.95660,0.92067,0.88937,0.86234,0.81435,0.78731,0.72632,0.68470,0.65120,0.62107,0.57764,0.57380,0.51572,0.53864,0.50130,0.50271,0.44910,0.41100,0.34906,0.32022,0.36946,0.31666,0.36804,0.42641,0.40539,0.41848,0.48074,0.50672,0.54657,0.56387,0.54783,0.60386,0.59133,0.61071,0.65859,0.67023,0.73758,0.75246,0.79354,0.78940,0.76813,0.79109,0.82461,0.81814,0.83012,0.81811,0.83922,0.82180,0.79033,0.79483,0.79298,0.82740,0.81741,0.85633,0.83266,0.83665,0.81343,0.77888,0.72705,0.68753,0.64119,0.58940,0.54972,0.49300,0.52028,0.51616,0.61477,0.69006,0.72881,0.70373,0.68251,0.66158,0.60551,0.58784,0.52232,0.55306,0.60722,0.62569,0.64456,0.71559,0.77038,0.82168,0.86394,0.90403,0.92886,0.95043,0.97247,0.96421,0.96616,0.95245,0.93708,0.92055,0.89869,0.88165,0.87316,0.87368,0.79744
0.95133,0.95442,0.97927,0.97385,0.95124,0.96486,0.96959,0.93703,0.91542,0.93151,0.90745,0.93072,0.95289,0.97466,0.98346,0.99028,0.98415,0.98564,0.98025,0.97739,0.97470,0.96252,0.95873,0.96820,0.95942,0.94514,0.95022,0.95511,0.93908,0.92736,0.93796,0.93456,0.91235,0.89634,0.90751,0.88166,0.87883,0.85893,0.88079,0.86706,0.89599,0.91976,0.92857,0.95080,0.96149,0.97270,0.97966,0.98682,0.98233,0.98126,0.96416,0.94797,0.91971,0.89065,0.86835,0.81980,0.82004,0.83059,0.79310,0.75607,0.77518,0.77331,0.72711,0.73904,0.78694,0.75939,0.73667,0.75301,0.77305,0.80580,0.83279,0.87146,0.86447,0.88959,0.88747,0.92171,0.93196,0.96607,0.98648,0.97573,0.93442,0.94279,0.93568,0.87019,0.87852,0.90873,0.87574,0.80699,0.82151,0.78735,0.69439,0.62620,0.57695,0.48645,0.37810,0.28901,0.37004,0.31325,0.38086,0.36739,0.46526,0.54237,0.55948,0.55867,0.50767,0.54521,0.62817,0.71254,0.74983,0.80949,0.83153,0.85311,0.86723,0.90393,0.89853,0.86413,0.89352,0.93000,0.91276,0.90866,0.95608,0.96539,0.97455,0.94301,0.91414,0.87518,0.92423,0.95356,0.97836,0.98689,0.98155,0.95774,0.93600,0.91473,0.87684,0.85433,0.80236,0.76602,0.73598,0.70904,0.66951,0.66565,0.61251,0.63235,0.59752,0.59643,0.54759,0.51353,0.45615,0.42954,0.47677,0.42628,0.47535,0.53050,0.51063,0.52292,0.58098,0.60505,0.64183,0.65746,0.64237,0.69208,0.67967,0.69530,0.73584,0.74200,0.80045,0.81549,0.85012,0.84573,0.83031,0.84844,0.87617,0.87369,0.88478,0.87621,0.89332,0.87957,0.85474,0.85916,0.85677,0.88390,0.87401,0.90252,0.88088,0.88067,0.86166,0.83222,0.78806,0.75764,0.71483,0.67040,0.63181,0.58220,0.60943,0.60534,0.69618,0.75981,0.79650,0.77744,0.76122,0.74431,0.69516,0.67958,0.61965,0.64771,0.69660,0.71336,0.73068,0.79345,0.84061,0.88348,0.91718,0.94727,0.96494,0.97666,0.98691,0.97688,0.96609,0.95469,0.93128,0.91235,0.89139,0.86765,0.85163,0.86295,0.77859
0.96744,0.97100,0.98995,0.98765,0.97137,0.98103,0.98195,0.95574,0.93697,0.94659,0.92403,0.94121,0.95951,0.97658,0.98163,0.98379,0.97517,0.97351,0.96434,0.96089,0.96078,0.94815,0.94669,0.95385,0.94197,0.92940,0.93536,0.93646,0.91924,0.91006,0.91908,0.91186,0.88999,0.87613,0.88442,0.85563,0.84830,0.82657,0.84978,0.83160,0.86226,0.88882,0.89934,0.92706,0.93868,0.95384,0.96200,0.97286,0.97139,0.97521,0.96100,0.94951,0.92565,0.90144,0.88320,0.83605,0.83291,0.84057,0.80693,0.77148,0.78620,0.78409,0.73872,0.74783,0.79273,0.76550,0.74191,0.75460,0.77157,0.80500,0.82877,0.86590,0.85853,0.88212,0.88343,0.91560,0.93045,0.96468,0.98472,0.98217,0.94408,0.94959,0.94858,0.88747,0.89028,0.92002,0.89364,0.82765,0.83618,0.80004,0.71238,0.64521,0.59895,0.51542,0.40931,0.32385,0.39890,0.33857,0.40043,0.38269,0.47965,0.55311,0.56422,0.56539,0.52053,0.56119,0.64075,0.72136,0.75268,0.80722,0.82335,0.84186,0.85133,0.88803,0.87892,0.84937,0.88246,0.91437,0.89691,0.90050,0.94630,0.95371,0.95729,0.92065,0.88604,0.84971,0.90436,0.93115,0.96101,0.97388,0.97270,0.94911,0.93108,0.90948,0.87601,0.85405,0.80434,0.76961,0.73805,0.71208,0.67189,0.66632,0.61414,0.62955,0.59419,0.58822,0.54280,0.51404,0.46155,0.44071,0.48898,0.44358,0.49065,0.54155,0.52059,0.53351,0.58914,0.61166,0.64915,0.66257,0.64516,0.68941,0.67430,0.68578,0.72203,0.72231,0.78005,0.79764,0.83178,0.82629,0.81429,0.83071,0.85835,0.85972,0.87241,0.86641,0.88365,0.87193,0.84969,0.85417,0.84938,0.87333,0.86091,0.88544,0.86092,0.85735,0.83842,0.80831,0.76440,0.73846,0.69426,0.65262,0.61228,0.56555,0.59550,0.59176,0.68231,0.74067,0.78065,0.76595,0.75486,0.74240,0.69894,0.68748,0.63265,0.66220,0.71185,0.72797,0.74060,0.80047,0.84651,0.88681,0.91647,0.94304,0.95977,0.96624,0.97424,0.95972,0.94415,0.92997,0.90153,0.87959,0.85526,0.82897,0.81316,0.82783,0.74205
0.97307,0.97373,0.98741,0.97392,0.95046,0.95821,0.95252,0.91523,0.89027,0.89847,0.86791,0.88898,0.91446,0.94142,0.95247,0.96312,0.95157,0.95787,0.95422,0.94892,0.93843,0.91843,0.91184,0.92731,0.91549,0.89281,0.89981,0.91011,0.88676,0.86884,0.88484,0.88362,0.85175,0.82945,0.84646,0.81678,0.82021,0.79819,0.82263,0.81509,0.85364,0.88257,0.89043,0.91231,0.93118,0.94231,0.95942,0.96356,0.94870,0.94629,0.92112,0.90182,0.86825,0.83680,0.81464,0.75739,0.75300,0.76227,0.72247,0.68130,0.69827,0.69593,0.64396,0.65465,0.70675,0.67535,0.64878,0.66443,0.68522,0.72344,0.75322,0.79884,0.79027,0.82063,0.81968,0.86258,0.87848,0.92664,0.95940,0.95160,0.89389,0.90101,0.90084,0.82117,0.82306,0.86078,0.82876,0.74871,0.75733,0.71457,0.61457,0.54000,0.49001,0.40192,0.29018,0.20254,0.27814,0.21417,0.27773,0.25939,0.36164,0.44036,0.45368,0.45404,0.40484,0.44823,0.53492,0.62482,0.66194,0.72708,0.75013,0.77490,0.79209,0.83807,0.83250,0.78881,0.82538,0.87307,0.85082,0.84561,0.90900,0.92462,0.94930,0.93036,0.91378,0.89611,0.93781,0.94798,0.96560,0.96273,0.94692,0.90992,0.88114,0.85301,0.80814,0.78115,0.72141,0.68077,0.64544,0.61585,0.57136,0.56589,0.50828,0.52728,0.48921,0.48645,0.43559,0.40203,0.34433,0.32070,0.37109,0.32294,0.37270,0.42742,0.40511,0.41870,0.47905,0.50390,0.54475,0.56013,0.54188,0.59330,0.57828,0.59397,0.63854,0.64529,0.71279,0.73001,0.77125,0.76595,0.74728,0.76894,0.80304,0.79979,0.81339,0.80352,0.82516,0.80928,0.77955,0.78428,0.78023,0.81239,0.79996,0.83612,0.80948,0.81087,0.78733,0.75155,0.69919,0.66302,0.61495,0.56502,0.52346,0.46910,0.49910,0.49554,0.59449,0.66600,0.70793,0.68619,0.66953,0.65235,0.60096,0.58705,0.52577,0.55819,0.61372,0.63169,0.64620,0.71533,0.76986,0.81958,0.85878,0.89657,0.92131,0.93872,0.96003,0.94780,0.94654,0.93004,0.91055,0.89154,0.86617,0.84724,0.84026,0.84352,0.76693
0.95895,0.96073,0.98132,0.97044,0.94547,0.95722,0.95736,0.92010,0.89602,0.90986,0.88172,0.90566,0.93069,0.95663,0.96773,0.97810,0.96984,0.97484,0.97145,0.96735,0.95981,0.94349,0.93741,0.95099,0.94161,0.92235,0.92827,0.93731,0.91768,0.90188,0.91613,0.91514,0.88756,0.86760,0.88293,0.85609,0.85796,0.83770,0.86063,0.85162,0.88524,0.91081,0.91838,0.93868,0.95317,0.96305,0.97519,0.97936,0.96818,0.96474,0.94238,0.92312,0.89065,0.85890,0.83530,0.78157,0.78043,0.79110,0.75124,0.71152,0.73084,0.72878,0.67919,0.69136,0.74240,0.71264,0.68818,0.70531,0.72672,0.76223,0.79178,0.83468,0.82708,0.85564,0.85318,0.89304,0.90510,0.94703,0.97427,0.96283,0.91161,0.91988,0.91425,0.84014,0.84637,0.88036,0.84579,0.77024,0.78331,0.74521,0.64697,0.57487,0.52439,0.43296,0.32188,0.23247,0.31248,0.25285,0.32002,0.30527,0.40591,0.48513,0.50201,0.50109,0.44914,0.48884,0.57490,0.66337,0.70245,0.76663,0.79119,0.81537,0.83274,0.87449,0.87027,0.82938,0.86152,0.90567,0.88591,0.87878,0.93550,0.94875,0.96808,0.94561,0.92460,0.89636,0.93967,0.95923,0.97832,0.97903,0.96667,0.93559,0.90886,0.88382,0.84074,0.81557,0.75880,0.71965,0.68723,0.65852,0.61657,0.61244,0.55654,0.57737,0.54110,0.54085,0.48971,0.45436,0.39511,0.36839,0.41692,0.36613,0.41612,0.47241,0.45149,0.46414,0.52412,0.54919,0.58792,0.60416,0.58815,0.64051,0.62765,0.64456,0.68869,0.69713,0.76060,0.77592,0.81417,0.80955,0.79133,0.81175,0.84286,0.83885,0.85077,0.84066,0.86009,0.84457,0.81621,0.82082,0.81836,0.84926,0.83891,0.87273,0.84921,0.85113,0.82976,0.79714,0.74858,0.71360,0.66831,0.61994,0.58010,0.52740,0.55538,0.55163,0.64696,0.71649,0.75482,0.73265,0.71468,0.69615,0.64399,0.62803,0.56582,0.59580,0.64804,0.66552,0.68278,0.74991,0.80126,0.84862,0.88646,0.92183,0.94362,0.96016,0.97725,0.96750,0.96351,0.95050,0.93075,0.91287,0.89049,0.87010,0.85941,0.86558,0.78616
0.95656,0.96151,0.98307,0.98520,0.97164,0.98251,0.98634,0.96433,0.94848,0.95934,0.94003,0.95606,0.97139,0.98462,0.98737,0.98663,0.97960,0.97484,0.96385,0.96107,0.96521,0.95574,0.95623,0.96028,0.94881,0.94045,0.94601,0.94385,0.92937,0.92371,0.93040,0.92109,0.90343,0.89321,0.89839,0.87084,0.85917,0.83823,0.86082,0.83881,0.86592,0.89067,0.90161,0.93079,0.93869,0.95500,0.95923,0.97221,0.97582,0.98162,0.97176,0.96319,0.94308,0.92175,0.90477,0.86201,0.85981,0.86687,0.83568,0.80279,0.81699,0.81492,0.77256,0.78133,0.82317,0.79783,0.77590,0.78767,0.80328,0.83429,0.85582,0.88932,0.88285,0.90383,0.90587,0.93408,0.94808,0.97653,0.99114,0.99019,0.96038,0.96500,0.96273,0.90964,0.91270,0.93824,0.91383,0.85410,0.86305,0.83029,0.74795,0.68421,0.63969,0.55787,0.45437,0.37006,0.44497,0.38678,0.44796,0.43116,0.52566,0.59693,0.60763,0.60872,0.56542,0.60419,0.68050,0.75696,0.78633,0.83663,0.85055,0.86647,0.87355,0.90610,0.89624,0.87246,0.90342,0.92910,0.91418,0.92040,0.95869,0.96283,0.95824,0.91642,0.87408,0.82996,0.88897,0.92227,0.95603,0.97439,0.97898,0.96109,0.94730,0.92829,0.89918,0.87940,0.83412,0.80189,0.77231,0.74788,0.70991,0.70466,0.65510,0.66937,0.63580,0.62966,0.58636,0.55907,0.50850,0.48808,0.53477,0.49011,0.53598,0.58555,0.56536,0.57755,0.63100,0.65277,0.68845,0.70131,0.68489,0.72629,0.71188,0.72190,0.75496,0.75350,0.80672,0.82382,0.85458,0.84895,0.83949,0.85343,0.87814,0.88099,0.89290,0.88815,0.90345,0.89317,0.87385,0.87848,0.87380,0.89464,0.88269,0.90259,0.87942,0.87455,0.85789,0.83050,0.79056,0.76858,0.72648,0.68821,0.64852,0.60570,0.63508,0.63148,0.71780,0.77102,0.80912,0.79641,0.78729,0.77628,0.73572,0.72490,0.67260,0.70047,0.74732,0.76247,0.77476,0.83065,0.87286,0.90917,0.93493,0.95709,0.97051,0.97295,0.97578,0.96109,0.94037,0.92796,0.89643,0.87406,0.85051,0.82143,0.80307,0.82248,0.73452
0.97979,0.98336,0.99396,0.99282,0.98251,0.98717,0.98197,0.96065,0.94433,0.94680,0.92431,0.93535,0.95054,0.96443,0.96661,0.96567,0.95368,0.95029,0.93829,0.93396,0.93445,0.91974,0.91939,0.92596,0.91069,0.89765,0.90491,0.90412,0.88406,0.87570,0.88502,0.87479,0.85092,0.83778,0.84504,0.81281,0.80277,0.77872,0.80417,0.78378,0.81844,0.84821,0.85941,0.89177,0.90571,0.92426,0.93579,0.94900,0.94776,0.95567,0.94231,0.93454,0.91344,0.89335,0.87887,0.83128,0.82412,0.82878,0.79828,0.76355,0.77371,0.77114,0.72543,0.73178,0.77466,0.74693,0.72187,0.73104,0.74536,0.78043,0.80187,0.83905,0.83133,0.85476,0.85963,0.89215,0.91253,0.95023,0.97243,0.97721,0.93946,0.94127,0.94782,0.88739,0.88310,0.91353,0.89381,0.82812,0.82985,0.79048,0.70640,0.63925,0.59616,0.52040,0.41560,0.33455,0.40221,0.33696,0.39220,0.36973,0.46699,0.53710,0.54168,0.54468,0.50622,0.55057,0.62722,0.70502,0.73077,0.78182,0.79290,0.80919,0.81551,0.85404,0.84187,0.81485,0.85263,0.88294,0.86460,0.87459,0.92215,0.92929,0.93171,0.89568,0.85758,0.82925,0.88708,0.90574,0.93778,0.95136,0.95158,0.92532,0.90926,0.88544,0.85434,0.83198,0.78282,0.74865,0.71471,0.68909,0.64752,0.64034,0.58850,0.59960,0.56357,0.55340,0.51077,0.48712,0.43928,0.42415,0.47329,0.43321,0.47839,0.52506,0.50275,0.51618,0.56960,0.59095,0.62968,0.64119,0.62137,0.66070,0.64307,0.65072,0.68379,0.67905,0.73793,0.75784,0.79254,0.78579,0.77618,0.79150,0.82019,0.82463,0.83930,0.83524,0.85335,0.84292,0.82217,0.82710,0.81999,0.84215,0.82693,0.84947,0.82138,0.81564,0.79590,0.76417,0.71893,0.69595,0.64954,0.60945,0.56716,0.52266,0.55516,0.55186,0.64345,0.69876,0.74238,0.73057,0.72400,0.71551,0.67679,0.66944,0.61912,0.65078,0.70239,0.71824,0.72585,0.78413,0.83063,0.86990,0.89704,0.92208,0.93936,0.94238,0.95111,0.93220,0.91490,0.89753,0.86552,0.84131,0.81270,0.78554,0.77285,0.78871,0.70602
0.97880,0.97941,0.98586,0.97349,0.95551,0.95919,0.94841,0.91559,0.89270,0.89513,0.86563,0.88120,0.90373,0.92746,0.93595,0.94366,0.92964,0.93442,0.92770,0.92213,0.91325,0.89166,0.88573,0.90016,0.88546,0.86275,0.87080,0.87930,0.85387,0.83689,0.85315,0.84948,0.81594,0.79455,0.81048,0.77717,0.77894,0.75443,0.78157,0.77342,0.81512,0.84596,0.85369,0.87960,0.89980,0.91370,0.93340,0.93938,0.92472,0.92577,0.90170,0.88586,0.85519,0.82756,0.80879,0.75147,0.74392,0.75057,0.71375,0.67331,0.68629,0.68343,0.63146,0.63966,0.68977,0.65803,0.63032,0.64285,0.66137,0.70078,0.72827,0.77374,0.76518,0.79527,0.79767,0.84071,0.86151,0.91283,0.94711,0.94559,0.88946,0.89216,0.89695,0.82000,0.81619,0.85284,0.82654,0.74806,0.75093,0.70599,0.60976,0.53495,0.48851,0.40742,0.29632,0.21387,0.28301,0.21486,0.27243,0.25016,0.35253,0.42771,0.43510,0.43666,0.39323,0.43959,0.52311,0.61007,0.64227,0.70411,0.72277,0.74545,0.75969,0.80696,0.79916,0.75762,0.79816,0.84442,0.82129,0.82187,0.88734,0.90182,0.92563,0.90905,0.88785,0.87691,0.92190,0.92401,0.94278,0.94014,0.92574,0.88706,0.86046,0.83011,0.78753,0.76034,0.70147,0.66144,0.62435,0.59507,0.54978,0.54335,0.48667,0.50208,0.46386,0.45754,0.40921,0.38052,0.32699,0.30829,0.35901,0.31559,0.36333,0.41419,0.39083,0.40449,0.46198,0.48600,0.52757,0.54154,0.52154,0.56829,0.55151,0.56375,0.60535,0.60792,0.67581,0.69462,0.73595,0.72956,0.71316,0.73358,0.76790,0.76776,0.78269,0.77453,0.79708,0.78243,0.75381,0.75910,0.75313,0.78347,0.76874,0.80310,0.77337,0.77310,0.74883,0.71213,0.65915,0.62587,0.57644,0.52833,0.48566,0.43354,0.46563,0.46228,0.56136,0.62975,0.67434,0.65495,0.64231,0.62852,0.58156,0.57117,0.51407,0.54792,0.60439,0.62243,0.63261,0.70018,0.75450,0.80305,0.83990,0.87591,0.90057,0.91482,0.93671,0.92084,0.91837,0.89984,0.87732,0.85690,0.82791,0.80902,0.80480,0.80902,0.73908
0.98415,0.98418,0.97749,0.96538,0.95557,0.95156,0.93103,0.90462,0.88498,0.87588,0.84615,0.85253,0.87111,0.89096,0.89570,0.89932,0.87982,0.88241,0.87165,0.86478,0.85589,0.83069,0.82638,0.84009,0.82040,0.79656,0.80639,0.81213,0.78248,0.76633,0.78247,0.77494,0.73809,0.71699,0.73125,0.69188,0.69003,0.66304,0.69353,0.68384,0.73154,0.76759,0.77672,0.80934,0.83427,0.85278,0.87825,0.88739,0.87197,0.87866,0.85493,0.84404,0.81708,0.79510,0.78221,0.72394,0.71026,0.71258,0.68033,0.64099,0.64706,0.64356,0.59124,0.59522,0.64224,0.60977,0.57972,0.58689,0.60139,0.64340,0.66747,0.71310,0.70369,0.73353,0.74095,0.78430,0.81362,0.87073,0.90873,0.91880,0.86010,0.85802,0.87364,0.79751,0.78432,0.82313,0.80604,0.72769,0.72029,0.67011,0.57990,0.50544,0.46445,0.39604,0.28895,0.21445,0.27132,0.19639,0.24286,0.21319,0.31445,0.38398,0.38141,0.38565,0.35217,0.40389,0.48243,0.56484,0.58866,0.64501,0.65606,0.67600,0.68472,0.73509,0.72284,0.68428,0.73201,0.77661,0.75171,0.76166,0.83095,0.84608,0.86924,0.85267,0.83029,0.83372,0.88095,0.87029,0.89165,0.88949,0.87559,0.83186,0.80725,0.77379,0.73450,0.70658,0.64847,0.60928,0.56869,0.54013,0.49286,0.48394,0.42800,0.43715,0.39770,0.38473,0.34047,0.32007,0.27423,0.26453,0.31639,0.28142,0.32560,0.36935,0.34421,0.35883,0.41289,0.43469,0.47800,0.48887,0.46513,0.50450,0.48378,0.49031,0.52725,0.52235,0.59167,0.61413,0.65679,0.64887,0.63558,0.65511,0.69132,0.69572,0.71345,0.70766,0.73178,0.71882,0.69218,0.69807,0.68870,0.71676,0.69800,0.72981,0.69485,0.69113,0.66526,0.62587,0.57075,0.54143,0.48925,0.44348,0.39826,0.34951,0.38548,0.38284,0.48237,0.54556,0.59573,0.58152,0.57533,0.56730,0.52784,0.52356,0.47381,0.51059,0.56952,0.58729,0.58974,0.65500,0.71000,0.75733,0.79059,0.82491,0.85120,0.86141,0.88491,0.86248,0.85841,0.83424,0.80762,0.78372,0.74905,0.72956,0.72939,0.73461,0.66726
0.95363,0.94963,0.94313,0.91389,0.88867,0.88705,0.86275,0.81644,0.78670,0.78280,0.74248,0.75986,0.79106,0.82724,0.84316,0.86183,0.84211,0.85769,0.85751,0.84927,0.82576,0.79267,0.77953,0.80540,0.78955,0.75234,0.76228,0.78295,0.74795,0.71892,0.74474,0.74887,0.70051,0.66734,0.69484,0.65846,0.67531,0.65047,0.68010,0.68828,0.74265,0.77752,0.78127,0.80037,0.83242,0.84105,0.87561,0.87249,0.83782,0.83119,0.79174,0.76647,0.72377,0.68826,0.66655,0.59572,0.58458,0.59186,0.54866,0.50167,0.51508,0.51153,0.45147,0.46029,0.51825,0.48101,0.44886,0.46348,0.48573,0.53199,0.56631,0.62293,0.61260,0.65158,0.65243,0.71016,0.73555,0.80842,0.86102,0.85661,0.77208,0.77434,0.78333,0.68217,0.67432,0.72206,0.69110,0.59470,0.59408,0.53923,0.43041,0.34721,0.29960,0.21932,0.10438,0.02577,0.08919,0.01540,0.06900,0.04366,0.15021,0.22856,0.23506,0.23593,0.19111,0.24171,0.33080,0.42686,0.46365,0.53700,0.56262,0.59304,0.61589,0.67647,0.67282,0.61237,0.65934,0.72741,0.69745,0.68844,0.77961,0.80658,0.86060,0.87137,0.87722,0.90059,0.92469,0.89677,0.89724,0.87154,0.83552,0.77620,0.73495,0.69468,0.63784,0.60369,0.53237,0.48504,0.44243,0.40895,0.35832,0.35183,0.28945,0.30799,0.26673,0.26280,0.20971,0.17844,0.12161,0.10241,0.15468,0.11155,0.15964,0.21159,0.18662,0.20133,0.26228,0.28805,0.33369,0.34918,0.32746,0.38085,0.36370,0.37974,0.43044,0.43960,0.51976,0.53853,0.58942,0.58315,0.55871,0.58599,0.62918,0.62401,0.64045,0.62776,0.65669,0.63700,0.59870,0.60447,0.59857,0.63927,0.62381,0.67315,0.63946,0.64542,0.61424,0.56964,0.50536,0.45957,0.40517,0.34759,0.30441,0.24394,0.27649,0.27399,0.38160,0.46472,0.51260,0.48578,0.46746,0.44876,0.39443,0.38269,0.32082,0.35881,0.42238,0.44264,0.45242,0.53089,0.59575,0.65631,0.70473,0.75563,0.79204,0.82121,0.86264,0.84835,0.86687,0.84369,0.83405,0.81737,0.78611,0.77891,0.78874,0.77546,0.72092
0.96378,0.96370,0.97449,0.95595,0.93047,0.93788,0.92866,0.88707,0.86050,0.86820,0.83497,0.85701,0.88477,0.91513,0.92842,0.94254,0.93014,0.93956,0.93754,0.93163,0.91809,0.89527,0.88613,0.90478,0.89303,0.86666,0.87441,0.88843,0.86279,0.84172,0.86117,0.86243,0.82662,0.80132,0.82208,0.79178,0.79965,0.77848,0.80388,0.80133,0.84397,0.87240,0.87774,0.89710,0.91771,0.92667,0.94738,0.94828,0.92759,0.92231,0.89300,0.87102,0.83399,0.80034,0.77691,0.71606,0.71147,0.72092,0.67899,0.63607,0.65384,0.65095,0.59683,0.60824,0.66262,0.62961,0.60221,0.61880,0.64114,0.68100,0.71300,0.76172,0.75339,0.78649,0.78526,0.83298,0.85016,0.90511,0.94191,0.93273,0.86892,0.87366,0.87285,0.78795,0.78835,0.82706,0.79322,0.70941,0.71779,0.67328,0.56980,0.49269,0.44304,0.35433,0.23973,0.15424,0.22906,0.16351,0.22636,0.20800,0.31254,0.39215,0.40537,0.40443,0.35447,0.39829,0.48639,0.57872,0.61779,0.68652,0.71234,0.73942,0.75976,0.80919,0.80595,0.75668,0.79440,0.84873,0.82522,0.81661,0.88725,0.90570,0.93918,0.93212,0.91981,0.91167,0.94768,0.94806,0.95879,0.94854,0.92656,0.88428,0.85151,0.82003,0.77082,0.74188,0.67894,0.63602,0.59966,0.56864,0.52327,0.51869,0.46003,0.48069,0.44266,0.44179,0.38950,0.35462,0.29513,0.27015,0.32013,0.27146,0.32095,0.37665,0.35410,0.36739,0.42804,0.45394,0.49549,0.51204,0.49435,0.54796,0.53407,0.55108,0.59843,0.60805,0.67838,0.69460,0.73784,0.73241,0.71136,0.73437,0.77033,0.76560,0.77889,0.76743,0.79076,0.77310,0.74032,0.74579,0.74225,0.77748,0.76551,0.80585,0.77861,0.78278,0.75746,0.72035,0.66551,0.62577,0.57684,0.52436,0.48355,0.42682,0.45680,0.45372,0.55424,0.63008,0.67161,0.64650,0.62799,0.60854,0.55459,0.53968,0.47654,0.50962,0.56647,0.58520,0.60010,0.67251,0.72937,0.78245,0.82499,0.86687,0.89444,0.91649,0.94349,0.93260,0.93801,0.92188,0.90615,0.88931,0.86328,0.84814,0.84589,0.84435,0.77578
0.97823,0.98221,0.98779,0.98728,0.98111,0.98327,0.97433,0.95628,0.94207,0.93996,0.91796,0.92493,0.93773,0.94931,0.94937,0.94631,0.93240,0.92744,0.91319,0.90827,0.91001,0.89434,0.89503,0.90066,0.88346,0.87089,0.87897,0.87638,0.85526,0.84822,0.85728,0.84502,0.82068,0.80844,0.81458,0.77966,0.76682,0.74305,0.76998,0.74809,0.78560,0.81650,0.82768,0.86317,0.87770,0.89815,0.91130,0.92595,0.92532,0.93582,0.92342,0.91838,0.89955,0.88264,0.87089,0.82390,0.81458,0.81715,0.78884,0.75521,0.76260,0.75948,0.71432,0.71906,0.75989,0.73214,0.70661,0.71325,0.72572,0.76138,0.78100,0.81743,0.81000,0.83304,0.84056,0.87284,0.89719,0.93724,0.95908,0.96930,0.93231,0.93037,0.94072,0.88315,0.87453,0.90410,0.88861,0.82519,0.82261,0.78211,0.70209,0.63595,0.59653,0.52666,0.42348,0.34734,0.40959,0.34165,0.39144,0.36627,0.46297,0.52989,0.52958,0.53288,0.49937,0.54527,0.61865,0.69338,0.71540,0.76310,0.77059,0.78527,0.78861,0.82768,0.81413,0.78952,0.82997,0.85863,0.84057,0.85513,0.90280,0.90953,0.90955,0.87416,0.83261,0.80987,0.86912,0.88274,0.91576,0.93024,0.93165,0.90437,0.88990,0.86489,0.83592,0.81356,0.76587,0.73249,0.69769,0.67262,0.63100,0.62329,0.57278,0.58130,0.54552,0.53306,0.49246,0.47275,0.42829,0.41657,0.46560,0.42930,0.47223,0.51558,0.49272,0.50607,0.55709,0.57758,0.61653,0.62689,0.60630,0.64189,0.62337,0.62827,0.65872,0.65086,0.70910,0.72984,0.76407,0.75635,0.74832,0.76253,0.79135,0.79805,0.81328,0.80995,0.82829,0.81853,0.79918,0.80508,0.79681,0.81753,0.80108,0.82148,0.79187,0.78481,0.76503,0.73300,0.68795,0.66741,0.62065,0.58244,0.53992,0.49789,0.53196,0.52931,0.61936,0.67104,0.71614,0.70655,0.70311,0.69685,0.66198,0.65717,0.61060,0.64288,0.69468,0.71014,0.71430,0.77078,0.81642,0.85443,0.87914,0.90258,0.91990,0.92052,0.92908,0.90771,0.88906,0.87027,0.83580,0.81059,0.77946,0.75155,0.74010,0.75727,0.67638
0.97044,0.96962,0.95741,0.94135,0.93174,0.92527,0.89964,0.87130,0.85107,0.83807,0.80574,0.81087,0.83043,0.85233,0.85783,0.86317,0.84159,0.84630,0.83650,0.82871,0.81647,0.78795,0.78250,0.79869,0.77793,0.75074,0.76132,0.76937,0.73696,0.71838,0.73681,0.73031,0.68986,0.66627,0.68289,0.64212,0.64228,0.61551,0.64721,0.64078,0.69301,0.73042,0.73839,0.77071,0.79862,0.81636,0.84642,0.85371,0.83345,0.83932,0.81227,0.80025,0.77131,0.74909,0.73687,0.67585,0.66032,0.66184,0.62907,0.58902,0.59383,0.58983,0.53603,0.53949,0.58715,0.55348,0.52238,0.52890,0.54336,0.58707,0.61194,0.65971,0.65019,0.68188,0.69020,0.73727,0.76969,0.83322,0.87486,0.88626,0.82130,0.81718,0.83631,0.75502,0.73847,0.77981,0.76376,0.68216,0.67186,0.61932,0.52839,0.45327,0.41445,0.34968,0.24271,0.17226,0.22477,0.14766,0.18983,0.15830,0.25976,0.32823,0.32297,0.32695,0.29585,0.34894,0.42669,0.50932,0.53240,0.58955,0.60067,0.62159,0.63131,0.68502,0.67324,0.63132,0.68170,0.73079,0.70496,0.71467,0.78940,0.80846,0.83755,0.82825,0.81139,0.82737,0.86942,0.84778,0.86459,0.85672,0.83775,0.78843,0.76085,0.72443,0.68284,0.65325,0.59309,0.55277,0.51072,0.48152,0.43326,0.42425,0.36798,0.37693,0.33716,0.32400,0.28003,0.26072,0.21563,0.20726,0.25892,0.22602,0.26882,0.31079,0.28529,0.30019,0.35369,0.37528,0.41940,0.43007,0.40592,0.44524,0.42424,0.43070,0.46846,0.46366,0.53546,0.55778,0.60217,0.59383,0.57916,0.59975,0.63803,0.64192,0.66004,0.65332,0.67879,0.66487,0.63673,0.64347,0.63369,0.66361,0.64425,0.67863,0.64250,0.64006,0.61277,0.57158,0.51407,0.48295,0.42939,0.38232,0.33781,0.28850,0.32462,0.32245,0.42283,0.48781,0.53918,0.52432,0.51789,0.50936,0.46998,0.46653,0.41767,0.45555,0.51587,0.53387,0.53458,0.60122,0.65803,0.70746,0.74235,0.77949,0.80877,0.82154,0.85012,0.82723,0.82804,0.80236,0.77781,0.75442,0.71774,0.70036,0.70455,0.70565,0.64182
0.94952,0.94764,0.95223,0.92611,0.89770,0.90271,0.88716,0.83958,0.81021,0.81489,0.77707,0.79977,0.83113,0.86688,0.88325,0.90228,0.88756,0.90184,0.90269,0.89596,0.87594,0.84797,0.83552,0.85919,0.84694,0.81414,0.82259,0.84188,0.81205,0.78571,0.80937,0.81399,0.77163,0.74114,0.76682,0.73488,0.74939,0.72764,0.75467,0.75948,0.80809,0.83821,0.84163,0.85852,0.88430,0.89068,0.91808,0.91496,0.88519,0.87652,0.84039,0.81439,0.77208,0.73521,0.71058,0.64394,0.63776,0.64755,0.60285,0.55729,0.57507,0.57176,0.51419,0.52573,0.58328,0.54791,0.51870,0.53617,0.56010,0.60290,0.63792,0.69143,0.68259,0.71950,0.71775,0.77205,0.79196,0.85684,0.90100,0.89018,0.81380,0.81787,0.81931,0.72359,0.72242,0.76606,0.73033,0.63859,0.64538,0.59683,0.48809,0.40804,0.35891,0.27142,0.15484,0.07196,0.14414,0.07597,0.13614,0.11639,0.22265,0.30335,0.31554,0.31397,0.26378,0.30926,0.39924,0.49522,0.53618,0.60963,0.63827,0.66860,0.69246,0.74777,0.74637,0.68897,0.72974,0.79375,0.76766,0.75523,0.83679,0.86201,0.90823,0.91315,0.91303,0.92136,0.94770,0.93353,0.93585,0.91535,0.88343,0.83200,0.79254,0.75649,0.70125,0.66911,0.60082,0.55485,0.51625,0.48344,0.43587,0.43146,0.37073,0.39283,0.35376,0.35409,0.29984,0.26406,0.20349,0.17831,0.22836,0.18004,0.22923,0.28488,0.26168,0.27548,0.33746,0.36397,0.40721,0.42450,0.40623,0.46270,0.44884,0.46753,0.51860,0.53093,0.60644,0.62223,0.66943,0.66402,0.63951,0.66555,0.70534,0.69853,0.71224,0.69861,0.72473,0.70503,0.66798,0.67381,0.67031,0.71008,0.69771,0.74449,0.71557,0.72266,0.69423,0.65379,0.59418,0.54909,0.49806,0.44177,0.40220,0.34145,0.37123,0.36847,0.47237,0.55423,0.59723,0.56931,0.54833,0.52628,0.46934,0.45390,0.38899,0.42368,0.48339,0.50298,0.51760,0.59459,0.65584,0.71405,0.76159,0.80991,0.84274,0.87151,0.90737,0.89693,0.91175,0.89380,0.88349,0.86827,0.84069,0.83041,0.83404,0.82429,0.75998
0.95011,0.95537,0.97428,0.97406,0.96071,0.97104,0.97223,0.94881,0.93298,0.94270,0.92204,0.93747,0.95307,0.96750,0.97071,0.97135,0.96362,0.96025,0.94977,0.94657,0.94939,0.93853,0.93755,0.94330,0.93158,0.92131,0.92749,0.92704,0.91119,0.90451,0.91307,0.90434,0.88477,0.87357,0.88021,0.85110,0.84005,0.82023,0.84407,0.82365,0.85455,0.87888,0.88801,0.91688,0.92512,0.94051,0.94654,0.95812,0.95959,0.96470,0.95328,0.94428,0.92271,0.90130,0.88420,0.84031,0.83779,0.84454,0.81266,0.77950,0.79364,0.79110,0.74813,0.75697,0.79910,0.77307,0.75097,0.76261,0.77856,0.81028,0.83250,0.86705,0.86119,0.88342,0.88628,0.91694,0.93256,0.96541,0.98021,0.97825,0.94719,0.94886,0.94868,0.89319,0.89403,0.91971,0.89580,0.83493,0.84323,0.81003,0.72725,0.66372,0.62130,0.54124,0.43647,0.35524,0.42820,0.36860,0.42759,0.41040,0.50606,0.57696,0.58577,0.58535,0.54330,0.58206,0.65764,0.73400,0.76342,0.81445,0.82868,0.84529,0.85313,0.88730,0.87853,0.85337,0.88525,0.91360,0.89896,0.90465,0.94488,0.95100,0.94907,0.91405,0.87204,0.83511,0.89156,0.91770,0.94784,0.96295,0.96485,0.94443,0.92914,0.90801,0.87742,0.85673,0.81064,0.77769,0.74784,0.72288,0.68484,0.68026,0.63115,0.64573,0.61262,0.60711,0.56327,0.53611,0.48598,0.46571,0.51169,0.46789,0.51235,0.56151,0.54132,0.55319,0.60589,0.62793,0.66371,0.67703,0.66118,0.70267,0.68921,0.69906,0.73242,0.73182,0.78589,0.80215,0.83310,0.82703,0.81684,0.83092,0.85656,0.85901,0.87066,0.86487,0.88079,0.86981,0.84954,0.85526,0.85068,0.87265,0.86102,0.88196,0.85845,0.85483,0.83743,0.80985,0.76915,0.74619,0.70395,0.66523,0.62745,0.58374,0.61300,0.61027,0.69644,0.75026,0.78812,0.77413,0.76512,0.75300,0.71229,0.70151,0.64926,0.67727,0.72434,0.73958,0.75126,0.80777,0.85055,0.88784,0.91458,0.93824,0.95300,0.95690,0.96225,0.94783,0.93004,0.91820,0.88750,0.86626,0.84120,0.81324,0.79699,0.81478,0.72845
0.93883,0.94451,0.94690,0.95709,0.96285,0.96170,0.95339,0.95000,0.94426,0.93701,0.92312,0.92028,0.92310,0.92292,0.91493,0.90194,0.88799,0.87520,0.85449,0.85108,0.86234,0.85210,0.85694,0.85456,0.83543,0.83136,0.83873,0.82681,0.80987,0.81153,0.81429,0.79447,0.77822,0.77496,0.77170,0.73490,0.70993,0.68549,0.71308,0.68046,0.71432,0.74469,0.75765,0.80141,0.81084,0.83699,0.84457,0.86631,0.87801,0.89774,0.89643,0.90170,0.89445,0.88909,0.88495,0.84888,0.83768,0.83618,0.81715,0.79127,0.79224,0.78885,0.75149,0.75209,0.78259,0.75919,0.73644,0.73666,0.74275,0.77398,0.78535,0.81246,0.80653,0.82244,0.83536,0.85764,0.88482,0.91483,0.92456,0.94337,0.92670,0.91936,0.93773,0.89899,0.88490,0.90633,0.90326,0.85511,0.84749,0.81242,0.75034,0.69542,0.66649,0.61269,0.52077,0.45593,0.50714,0.44098,0.47920,0.45160,0.53919,0.59420,0.58512,0.58950,0.56781,0.61198,0.67210,0.73169,0.74238,0.77481,0.77087,0.77697,0.77025,0.80085,0.78231,0.77476,0.81454,0.82625,0.81323,0.84097,0.87054,0.86887,0.84870,0.79885,0.74194,0.71449,0.78457,0.80270,0.84650,0.87479,0.89035,0.87374,0.87130,0.85068,0.83558,0.81827,0.78256,0.75665,0.72498,0.70468,0.66818,0.65952,0.61704,0.61825,0.58633,0.56770,0.53578,0.52673,0.49435,0.49108,0.53617,0.50928,0.54498,0.57800,0.55652,0.56888,0.61099,0.62741,0.66225,0.66862,0.64805,0.67099,0.65154,0.64862,0.66704,0.64944,0.69699,0.71841,0.74448,0.73573,0.73601,0.74369,0.76618,0.77943,0.79496,0.79661,0.81115,0.80657,0.79609,0.80250,0.79181,0.80287,0.78485,0.79179,0.76232,0.74921,0.73420,0.70767,0.67130,0.66343,0.62061,0.59364,0.55477,0.52380,0.55743,0.55633,0.63436,0.66831,0.71245,0.71241,0.71836,0.71935,0.69794,0.69927,0.66512,0.69482,0.74010,0.75290,0.75041,0.79424,0.83005,0.85675,0.86938,0.88051,0.89075,0.87819,0.87503,0.84884,0.81688,0.79849,0.75416,0.72546,0.69192,0.65643,0.63869,0.66572,0.57840
0.92913,0.92659,0.91984,0.89522,0.87502,0.87326,0.85023,0.81010,0.78477,0.78025,0.74401,0.75781,0.78422,0.81523,0.82739,0.84218,0.82365,0.83555,0.83263,0.82564,0.80762,0.77824,0.76620,0.78786,0.77230,0.73991,0.74872,0.76458,0.73312,0.70876,0.73158,0.73234,0.68899,0.66064,0.68387,0.64833,0.65878,0.63510,0.66465,0.66654,0.71887,0.75170,0.75513,0.77783,0.80595,0.81632,0.84681,0.84659,0.81811,0.81504,0.78125,0.76059,0.72308,0.69312,0.67413,0.60940,0.59878,0.60482,0.56525,0.52227,0.53366,0.52962,0.47378,0.48151,0.53436,0.49960,0.46968,0.48192,0.50164,0.54507,0.57588,0.62754,0.61866,0.65406,0.65718,0.71061,0.73707,0.80480,0.84897,0.84702,0.77322,0.77141,0.78298,0.69214,0.68275,0.72494,0.69882,0.61114,0.61006,0.55945,0.45931,0.38342,0.34260,0.26962,0.15908,0.08648,0.14633,0.07408,0.12220,0.09777,0.20051,0.27231,0.27510,0.27493,0.23487,0.28266,0.36487,0.45305,0.48555,0.55138,0.57231,0.59881,0.61721,0.67280,0.66832,0.61681,0.66157,0.72143,0.69569,0.69216,0.77243,0.79545,0.83831,0.84336,0.83953,0.86077,0.88993,0.86427,0.86841,0.85007,0.82037,0.76721,0.73127,0.69358,0.64340,0.61183,0.54702,0.50333,0.46346,0.43248,0.38577,0.37982,0.32208,0.33830,0.30082,0.29637,0.24747,0.22090,0.16887,0.15141,0.19954,0.15954,0.20323,0.25041,0.22697,0.24073,0.29725,0.32123,0.36386,0.37816,0.35833,0.40645,0.39060,0.40395,0.44886,0.45424,0.52777,0.54525,0.59067,0.58401,0.56325,0.58707,0.62625,0.62395,0.63936,0.62835,0.65484,0.63739,0.60372,0.60992,0.60372,0.63987,0.62435,0.66641,0.63451,0.63900,0.61100,0.57020,0.51147,0.47190,0.42034,0.36901,0.33155,0.27521,0.30639,0.30484,0.40453,0.47842,0.52411,0.50091,0.48595,0.46932,0.42096,0.41110,0.35474,0.39061,0.44979,0.46809,0.47568,0.54769,0.60678,0.66166,0.70424,0.74891,0.78148,0.80535,0.84061,0.82502,0.83711,0.81606,0.80151,0.78391,0.75161,0.74008,0.74434,0.73491,0.66949
0.91595,0.91816,0.93944,0.92528,0.89830,0.91236,0.91260,0.87163,0.84727,0.86423,0.83587,0.86214,0.88832,0.91682,0.92974,0.94368,0.93793,0.94549,0.94417,0.94108,0.93297,0.91698,0.90828,0.92297,0.91580,0.89563,0.90098,0.91246,0.89403,0.87716,0.89343,0.89491,0.86716,0.84633,0.86384,0.83813,0.84258,0.82466,0.84857,0.84498,0.87866,0.90004,0.90385,0.92051,0.93319,0.93924,0.95077,0.95149,0.93703,0.92990,0.90583,0.88419,0.84944,0.81627,0.79060,0.73711,0.73854,0.75061,0.70887,0.66943,0.69088,0.68818,0.63924,0.65304,0.70441,0.67494,0.65219,0.67127,0.69434,0.72845,0.75973,0.80297,0.79699,0.82632,0.82290,0.86534,0.87644,0.92052,0.94539,0.92929,0.87752,0.88264,0.87297,0.79938,0.80791,0.83902,0.80125,0.72715,0.74371,0.70806,0.60962,0.54037,0.49362,0.40192,0.29011,0.20492,0.28652,0.22933,0.29574,0.28444,0.38437,0.46202,0.48003,0.47518,0.42180,0.45733,0.54166,0.62937,0.67139,0.73679,0.76440,0.79003,0.80997,0.85128,0.85133,0.80836,0.83725,0.88465,0.86724,0.85583,0.91281,0.92851,0.95141,0.93944,0.91924,0.89725,0.93575,0.94788,0.95897,0.95499,0.93832,0.90675,0.87737,0.85119,0.80579,0.78052,0.72410,0.68448,0.65450,0.62575,0.58651,0.58488,0.53092,0.55502,0.52179,0.52628,0.47473,0.43723,0.37661,0.34594,0.39056,0.33772,0.38520,0.44234,0.42297,0.43419,0.49306,0.51877,0.55519,0.57318,0.56074,0.61505,0.60627,0.62538,0.67086,0.68306,0.74444,0.75590,0.79228,0.78807,0.76805,0.78869,0.81912,0.81341,0.82248,0.80993,0.82972,0.81281,0.78251,0.78822,0.78752,0.82040,0.81225,0.84774,0.82674,0.83250,0.81132,0.78020,0.73359,0.69683,0.65419,0.60630,0.57394,0.51913,0.54400,0.54118,0.63248,0.70257,0.73660,0.71124,0.69045,0.66777,0.61374,0.59520,0.53185,0.55988,0.60915,0.62606,0.64551,0.71294,0.76288,0.81088,0.85046,0.88756,0.90986,0.93064,0.95029,0.94394,0.94489,0.93598,0.91950,0.90529,0.88385,0.86600,0.85497,0.85644,0.77322
0.86473,0.87428,0.89802,0.91594,0.91742,0.92980,0.93963,0.93680,0.93412,0.94323,0.93765,0.94367,0.94484,0.94126,0.93320,0.91952,0.91728,0.90042,0.88024,0.88015,0.90166,0.90326,0.91130,0.90167,0.89025,0.89828,0.90236,0.88570,0.88139,0.89048,0.88732,0.86898,0.86709,0.87143,0.86314,0.83680,0.80823,0.78957,0.81143,0.77667,0.79307,0.81079,0.82257,0.85971,0.85515,0.87650,0.86808,0.88959,0.91180,0.92700,0.93448,0.93994,0.93660,0.93058,0.92200,0.89807,0.89736,0.90018,0.88164,0.86042,0.86883,0.86628,0.83728,0.84239,0.86865,0.85123,0.83638,0.84178,0.84996,0.87118,0.88163,0.89979,0.89719,0.90668,0.91423,0.92656,0.94149,0.95066,0.94308,0.95343,0.95577,0.95161,0.94926,0.93224,0.93275,0.94063,0.92868,0.89765,0.90408,0.88373,0.82985,0.78416,0.75490,0.69104,0.60385,0.53563,0.60117,0.55078,0.59874,0.58362,0.66321,0.71746,0.71980,0.71892,0.68874,0.72033,0.77654,0.83039,0.84704,0.87506,0.87601,0.88006,0.87396,0.89048,0.87716,0.87816,0.90235,0.90263,0.89831,0.91975,0.92896,0.92074,0.88393,0.82457,0.75357,0.69590,0.77017,0.81485,0.86031,0.89966,0.92499,0.92691,0.93028,0.92019,0.91123,0.90018,0.87504,0.85441,0.83326,0.81627,0.78899,0.78487,0.74906,0.75701,0.73215,0.72233,0.69213,0.67574,0.63921,0.62546,0.66317,0.62795,0.66274,0.70043,0.68333,0.69270,0.73273,0.74929,0.77627,0.78542,0.77290,0.79838,0.78684,0.78842,0.80525,0.79311,0.82553,0.84012,0.85617,0.84971,0.85144,0.85534,0.86861,0.87947,0.88782,0.88887,0.89765,0.89400,0.88689,0.89271,0.88681,0.89379,0.88277,0.88325,0.86414,0.85309,0.84510,0.82863,0.80586,0.80217,0.76998,0.74919,0.71887,0.69086,0.71867,0.71697,0.78038,0.80676,0.83799,0.83668,0.83832,0.83427,0.81118,0.80576,0.76950,0.79041,0.82381,0.83372,0.84044,0.87743,0.90194,0.92072,0.92855,0.93186,0.93289,0.91878,0.90258,0.88512,0.84545,0.83881,0.79465,0.77070,0.74711,0.70793,0.67857,0.71307,0.61400
0.87663,0.87917,0.87716,0.86889,0.86285,0.86382,0.84778,0.82635,0.81424,0.80783,0.78375,0.78894,0.80180,0.81630,0.81775,0.81967,0.80520,0.80391,0.79121,0.78512,0.78490,0.76662,0.76348,0.77189,0.75593,0.74039,0.74879,0.74994,0.72803,0.71855,0.73152,0.72317,0.69545,0.68149,0.69113,0.65803,0.65213,0.63157,0.65768,0.64327,0.68492,0.71154,0.71775,0.74875,0.76455,0.78099,0.79851,0.80796,0.79879,0.80546,0.78842,0.78170,0.76030,0.74436,0.73295,0.68543,0.67619,0.67754,0.65005,0.61741,0.62394,0.61964,0.57592,0.58054,0.61916,0.59151,0.56797,0.57461,0.58753,0.62228,0.64295,0.68044,0.67482,0.69953,0.70743,0.74468,0.77138,0.81906,0.84308,0.85398,0.81077,0.80256,0.81284,0.75757,0.74436,0.76977,0.75530,0.69476,0.69039,0.65095,0.57672,0.51550,0.48510,0.42538,0.32852,0.26639,0.31976,0.25433,0.29268,0.26960,0.35985,0.41896,0.41571,0.41460,0.38506,0.42783,0.49421,0.56320,0.58428,0.62958,0.63840,0.65334,0.65968,0.69994,0.69107,0.66305,0.70177,0.73659,0.72101,0.73156,0.78448,0.79305,0.80350,0.78667,0.75321,0.75503,0.80057,0.79368,0.81295,0.81650,0.80926,0.77564,0.75694,0.72860,0.69784,0.67446,0.62821,0.59474,0.56212,0.53774,0.49968,0.49400,0.44740,0.45741,0.42688,0.41765,0.38162,0.36430,0.32240,0.31160,0.35325,0.32055,0.35587,0.39425,0.37279,0.38487,0.43064,0.45009,0.48605,0.49660,0.47934,0.51305,0.49869,0.50400,0.53428,0.52918,0.58376,0.60065,0.63312,0.62541,0.61550,0.63028,0.65936,0.66495,0.67730,0.67220,0.69182,0.68049,0.65937,0.66625,0.65865,0.68137,0.66640,0.69001,0.66134,0.65851,0.63888,0.60772,0.56469,0.54251,0.49920,0.46363,0.43105,0.38778,0.41982,0.42055,0.50047,0.55002,0.59048,0.57782,0.57403,0.56467,0.53179,0.52704,0.48459,0.51427,0.56254,0.57580,0.57879,0.63413,0.67725,0.71571,0.74125,0.76764,0.78816,0.79465,0.81067,0.79186,0.78362,0.76687,0.73885,0.71871,0.68637,0.66303,0.65760,0.66360,0.59439
0.80597,0.81109,0.78213,0.79714,0.82767,0.80917,0.77982,0.80015,0.80856,0.77172,0.76417,0.73478,0.72173,0.70509,0.68462,0.65764,0.63335,0.61149,0.57879,0.57185,0.59037,0.57637,0.58796,0.57872,0.54932,0.55006,0.56106,0.53774,0.51649,0.52601,0.52502,0.49551,0.47884,0.48271,0.47134,0.42823,0.39436,0.36792,0.39590,0.35529,0.39661,0.43235,0.44768,0.50527,0.51984,0.55643,0.57286,0.60327,0.61774,0.65204,0.65803,0.68020,0.68967,0.70550,0.71936,0.69211,0.66759,0.65321,0.65309,0.63685,0.61840,0.61363,0.58486,0.57342,0.58670,0.56695,0.54394,0.52841,0.52134,0.55174,0.54912,0.56808,0.56229,0.57175,0.59762,0.61283,0.65870,0.69285,0.70397,0.75595,0.74601,0.72392,0.76433,0.74991,0.71094,0.72525,0.75069,0.72166,0.68783,0.64892,0.62147,0.57884,0.57187,0.56290,0.49758,0.46728,0.47837,0.40662,0.40653,0.36528,0.43310,0.45983,0.42415,0.43383,0.44457,0.49466,0.52760,0.56035,0.54387,0.54967,0.52326,0.51649,0.49369,0.52236,0.49406,0.50326,0.55328,0.55062,0.53846,0.59226,0.61877,0.61044,0.58078,0.53112,0.46662,0.47374,0.54487,0.53479,0.58315,0.61582,0.63893,0.61855,0.62777,0.60527,0.60818,0.59375,0.57218,0.55558,0.52227,0.50878,0.47586,0.46226,0.43159,0.41558,0.38873,0.35527,0.34434,0.36135,0.35488,0.37605,0.41417,0.41452,0.43280,0.43998,0.41740,0.43012,0.45322,0.46046,0.49233,0.48872,0.46304,0.45864,0.43326,0.41413,0.41256,0.37467,0.41128,0.43825,0.45939,0.44700,0.45917,0.45968,0.47969,0.50618,0.52434,0.53543,0.54899,0.55156,0.55210,0.55952,0.54094,0.53933,0.51406,0.50730,0.46967,0.44762,0.43429,0.40822,0.37786,0.38798,0.34638,0.33596,0.29840,0.28395,0.32462,0.32703,0.38607,0.39335,0.44315,0.45874,0.48443,0.50232,0.50870,0.52740,0.52214,0.55278,0.59385,0.60161,0.57841,0.60465,0.63066,0.64464,0.63981,0.63831,0.64669,0.61949,0.61431,0.57455,0.53593,0.50838,0.45461,0.42078,0.37661,0.33950,0.33176,0.35983,0.29436
0.56753,0.56150,0.48965,0.46904,0.49248,0.45313,0.38742,0.38851,0.38487,0.32310,0.29630,0.26105,0.26136,0.26640,0.25864,0.25157,0.21242,0.21505,0.19651,0.18306,0.16725,0.12663,0.12467,0.13910,0.10500,0.07362,0.08925,0.09199,0.04813,0.03178,0.05116,0.03776,-0.01132,-0.03170,-0.01876,-0.06652,-0.06698,-0.09454,-0.06324,-0.06419,0.00229,0.04733,0.05343,0.09448,0.13722,0.16364,0.21666,0.22637,0.19566,0.21706,0.19151,0.19849,0.18868,0.19515,0.21030,0.16049,0.12323,0.10597,0.10182,0.07728,0.05132,0.04576,0.00640,-0.00919,0.01168,-0.01547,-0.04631,-0.06347,-0.06874,-0.02774,-0.02274,0.01496,0.00515,0.02981,0.05532,0.09714,0.15483,0.23407,0.28912,0.34157,0.27475,0.25005,0.30914,0.25090,0.19471,0.23105,0.25869,0.20038,0.14852,0.08905,0.05319,0.00368,0.00396,0.02106,-0.02828,-0.03127,-0.05763,-0.13581,-0.16236,-0.21222,-0.15509,-0.13963,-0.18641,-0.17414,-0.15075,-0.09349,-0.06502,-0.02954,-0.04860,-0.03024,-0.04968,-0.04473,-0.05302,0.00192,-0.01997,-0.04645,0.01794,0.05659,0.02852,0.06690,0.14703,0.16514,0.20491,0.22688,0.22693,0.32544,0.34604,0.25238,0.25644,0.23291,0.20875,0.14291,0.12528,0.08232,0.06161,0.03580,-0.00564,-0.03098,-0.07377,-0.09122,-0.13089,-0.14683,-0.18064,-0.19871,-0.22785,-0.26104,-0.27101,-0.24984,-0.24768,-0.21561,-0.18027,-0.16394,-0.15375,-0.15756,-0.18217,-0.16903,-0.15083,-0.14551,-0.11005,-0.11564,-0.14560,-0.14957,-0.17783,-0.19460,-0.18569,-0.21371,-0.15705,-0.12988,-0.09166,-0.10388,-0.10564,-0.09321,-0.05639,-0.03745,-0.01550,-0.01172,0.01440,0.00874,-0.00715,0.00047,-0.01989,-0.00431,-0.03293,-0.01083,-0.05752,-0.06762,-0.09466,-0.13577,-0.18625,-0.19700,-0.24452,-0.26812,-0.30254,-0.32652,-0.28801,-0.28450,-0.21876,-0.19057,-0.13571,-0.13101,-0.11158,-0.09625,-0.09314,-0.06962,-0.07071,-0.03337,0.01729,0.02755,-0.00465,0.03278,0.07615,0.10840,0.12252,0.14802,0.17978,0.18017,0.22056,0.18177,0.19312,0.15308,0.13024,0.10665,0.05676,0.05217,0.08526,0.07207,0.06970
0.76517,0.76046,0.70404,0.68034,0.69103,0.66057,0.60322,0.59033,0.57774,0.52890,0.49577,0.47464,0.48460,0.49917,0.49756,0.49680,0.46028,0.46629,0.45102,0.43787,0.41898,0.37750,0.37311,0.39155,0.35977,0.32460,0.33982,0.34714,0.30238,0.28125,0.30324,0.29308,0.24049,0.21456,0.23248,0.18393,0.18776,0.15732,0.19083,0.19130,0.25855,0.30508,0.31247,0.35162,0.39506,0.41928,0.47054,0.47873,0.44570,0.46131,0.42992,0.42790,0.40740,0.40111,0.40553,0.34444,0.31220,0.30142,0.28443,0.25012,0.23432,0.22911,0.17895,0.16949,0.20456,0.17160,0.13726,0.12870,0.13174,0.17829,0.19285,0.23983,0.22840,0.25935,0.27923,0.32871,0.38160,0.46403,0.52318,0.56365,0.48570,0.46863,0.51761,0.44018,0.39442,0.43904,0.45039,0.37451,0.33391,0.26925,0.20567,0.14034,0.12383,0.10971,0.03407,0.00381,0.00514,-0.07967,-0.08112,-0.12811,-0.04841,-0.01060,-0.04426,-0.03381,-0.03069,0.03070,0.08297,0.14203,0.13891,0.17663,0.16929,0.18248,0.18264,0.24403,0.22447,0.18546,0.25071,0.30081,0.26895,0.29715,0.38748,0.40911,0.45435,0.46970,0.46942,0.54752,0.57496,0.49873,0.50559,0.48222,0.45397,0.38538,0.35962,0.31455,0.28105,0.25039,0.19526,0.16052,0.11340,0.08911,0.04151,0.02654,-0.02077,-0.02943,-0.06667,-0.09580,-0.12090,-0.11526,-0.13253,-0.11284,-0.06653,-0.06810,-0.04310,-0.02828,-0.05574,-0.04024,-0.00542,0.00698,0.04962,0.05014,0.01899,0.03339,0.00481,-0.00356,0.01944,-0.00051,0.06955,0.09785,0.14440,0.13291,0.12451,0.14298,0.18572,0.19943,0.22187,0.22138,0.25115,0.24117,0.21706,0.22364,0.20538,0.22976,0.20222,0.23410,0.18700,0.17982,0.14868,0.10208,0.04182,0.01952,-0.03516,-0.07161,-0.11316,-0.15306,-0.11200,-0.11101,-0.02319,0.02555,0.08459,0.08069,0.09046,0.09713,0.08210,0.09659,0.07544,0.11723,0.17783,0.19197,0.17022,0.22459,0.27938,0.32345,0.34926,0.38448,0.42008,0.42820,0.47089,0.43541,0.44741,0.40811,0.38541,0.36078,0.31206,0.30439,0.33140,0.31785,0.29155
0.54142,0.53259,0.45739,0.42185,0.43327,0.39347,0.32330,0.30720,0.29221,0.23302,0.19616,0.17066,0.18281,0.20213,0.20398,0.20944,0.16920,0.18435,0.17529,0.15988,0.12834,0.07903,0.07067,0.09655,0.06454,0.01936,0.03558,0.05204,0.00097,-0.02815,0.00072,-0.00283,-0.06450,-0.09685,-0.07109,-0.11713,-0.10141,-0.12907,-0.09730,-0.07900,-0.00865,0.03771,0.04073,0.06976,0.12146,0.13992,0.20390,0.20325,0.15421,0.16506,0.12468,0.11924,0.09538,0.08930,0.09682,0.03450,-0.00240,-0.01523,-0.02850,-0.06120,-0.08203,-0.08666,-0.13435,-0.14732,-0.11594,-0.14723,-0.18109,-0.19193,-0.19102,-0.14574,-0.13217,-0.08391,-0.09593,-0.06288,-0.04355,0.01087,0.06549,0.15845,0.23220,0.27455,0.18133,0.16303,0.21941,0.13441,0.08159,0.13056,0.14699,0.06988,0.02095,-0.04682,-0.10096,-0.15955,-0.16775,-0.16046,-0.21539,-0.22591,-0.24837,-0.32659,-0.34510,-0.39326,-0.33208,-0.30852,-0.34745,-0.33584,-0.32131,-0.26252,-0.22327,-0.17469,-0.18384,-0.14923,-0.15644,-0.14176,-0.13873,-0.07214,-0.08823,-0.13569,-0.07004,-0.01004,-0.04524,-0.02253,0.08062,0.11260,0.18209,0.22842,0.25518,0.36973,0.37257,0.26222,0.24941,0.20430,0.15912,0.07735,0.04508,-0.00422,-0.04146,-0.07273,-0.12844,-0.16106,-0.20739,-0.22946,-0.27412,-0.28971,-0.33105,-0.34328,-0.37617,-0.40452,-0.42336,-0.41271,-0.41807,-0.38976,-0.35175,-0.34033,-0.32501,-0.32102,-0.34657,-0.33270,-0.30776,-0.29944,-0.26089,-0.26313,-0.29395,-0.28583,-0.31396,-0.32382,-0.30252,-0.31930,-0.24953,-0.22312,-0.17508,-0.18596,-0.19673,-0.17629,-0.13080,-0.11936,-0.09713,-0.09991,-0.06754,-0.07847,-0.10587,-0.10012,-0.11868,-0.09135,-0.11887,-0.08041,-0.12825,-0.13048,-0.16384,-0.21256,-0.27412,-0.30016,-0.35174,-0.38693,-0.42103,-0.45859,-0.42257,-0.42241,-0.34235,-0.29438,-0.23877,-0.24496,-0.23458,-0.22623,-0.23612,-0.21758,-0.22972,-0.18896,-0.13132,-0.11926,-0.14615,-0.09635,-0.04118,0.00337,0.03214,0.07297,0.11438,0.13107,0.18906,0.15510,0.18716,0.14575,0.13769,0.11962,0.07229,0.08114,0.12678,0.10127,0.11182
0.35781,0.35307,0.26586,0.25643,0.30001,0.25048,0.17918,0.20392,0.21189,0.13521,0.11956,0.06728,0.05277,0.04006,0.02097,0.00124,-0.04075,-0.04752,-0.07396,-0.08700,-0.09429,-0.13025,-0.12520,-0.12015,-0.15762,-0.17878,-0.16334,-0.17288,-0.21297,-0.21852,-0.20786,-0.22971,-0.26922,-0.27949,-0.27785,-0.32397,-0.33519,-0.36335,-0.33545,-0.34356,-0.28656,-0.24172,-0.23224,-0.18391,-0.14264,-0.11151,-0.06076,-0.04211,-0.06101,-0.02773,-0.04016,-0.01775,-0.00888,0.01603,0.04540,0.01356,-0.02973,-0.05501,-0.04038,-0.05144,-0.09114,-0.09586,-0.12012,-0.14532,-0.14416,-0.16207,-0.18789,-0.21665,-0.23385,-0.20157,-0.21125,-0.18950,-0.19874,-0.18635,-0.15422,-0.13033,-0.06623,-0.00147,0.04448,0.11887,0.07416,0.04231,0.11424,0.08558,0.01854,0.04603,0.09555,0.06419,-0.00315,-0.05706,-0.05670,-0.08438,-0.06607,-0.01228,-0.02798,-0.00398,-0.06034,-0.12923,-0.18272,-0.23662,-0.20825,-0.22073,-0.28277,-0.26491,-0.21605,-0.16329,-0.16378,-0.15944,-0.20125,-0.21047,-0.24876,-0.25737,-0.28138,-0.23871,-0.26829,-0.27268,-0.21027,-0.19488,-0.21784,-0.16128,-0.10184,-0.08992,-0.07219,-0.06556,-0.07115,0.03246,0.05520,-0.03920,-0.02422,-0.03361,-0.04375,-0.09882,-0.10106,-0.13597,-0.13496,-0.15257,-0.17392,-0.18498,-0.22222,-0.22963,-0.25938,-0.27822,-0.29593,-0.32955,-0.35111,-0.39472,-0.38472,-0.34318,-0.31570,-0.26397,-0.23867,-0.19816,-0.20447,-0.23194,-0.25351,-0.24164,-0.24313,-0.24786,-0.22129,-0.23597,-0.26756,-0.29572,-0.32730,-0.35711,-0.36887,-0.41430,-0.37638,-0.34706,-0.31928,-0.33167,-0.31958,-0.31555,-0.28772,-0.25841,-0.23605,-0.22375,-0.20345,-0.19891,-0.20038,-0.19666,-0.22140,-0.22215,-0.25399,-0.25091,-0.29755,-0.31637,-0.33813,-0.37239,-0.40939,-0.40002,-0.43856,-0.44176,-0.46874,-0.47445,-0.43818,-0.43504,-0.39313,-0.39563,-0.34305,-0.32114,-0.28600,-0.25586,-0.22733,-0.19138,-0.16535,-0.13232,-0.09360,-0.09069,-0.13675,-0.12336,-0.09625,-0.08252,-0.08720,-0.07966,-0.05670,-0.07225,-0.04435,-0.09162,-0.09283,-0.13535,-0.16406,-0.19066,-0.23949,-0.24436,-0.21435,-0.22212,-0.21889
0.62237,0.62588,0.56284,0.58048,0.63294,0.59388,0.54378,0.58465,0.60045,0.53508,0.53192,0.47942,0.45465,0.42569,0.39530,0.35737,0.32307,0.29802,0.25852,0.24897,0.26566,0.24522,0.26297,0.25013,0.21108,0.21092,0.22479,0.19502,0.16644,0.17878,0.17538,0.13846,0.11803,0.12394,0.10784,0.05786,0.01903,-0.01222,0.01811,-0.02174,0.02398,0.06857,0.08690,0.15427,0.17957,0.22318,0.25216,0.28785,0.30084,0.34783,0.35701,0.39258,0.41537,0.44830,0.47945,0.45837,0.41987,0.39519,0.41243,0.40415,0.36668,0.36189,0.34007,0.31621,0.31452,0.29887,0.27479,0.24511,0.22543,0.25449,0.23892,0.25117,0.24349,0.24708,0.28294,0.29081,0.35236,0.39089,0.41059,0.49051,0.48168,0.45074,0.51610,0.51291,0.45270,0.46961,0.52104,0.50368,0.44372,0.39723,0.39839,0.36926,0.38114,0.41685,0.38341,0.38403,0.35277,0.27830,0.24356,0.18884,0.23302,0.23204,0.17218,0.19049,0.23202,0.28750,0.29557,0.30326,0.26111,0.24446,0.19764,0.18081,0.14324,0.17288,0.13414,0.15455,0.21500,0.20191,0.18662,0.26103,0.28901,0.28415,0.25248,0.20474,0.14766,0.19052,0.26026,0.21780,0.26938,0.30098,0.32502,0.29764,0.31475,0.29051,0.30701,0.29566,0.28349,0.27618,0.24032,0.23381,0.20342,0.18348,0.16331,0.12906,0.10406,0.05388,0.06257,0.10239,0.12319,0.17048,0.20524,0.23432,0.23787,0.22016,0.19598,0.20880,0.21419,0.21198,0.24062,0.22661,0.19391,0.16504,0.13102,0.09716,0.07801,0.02175,0.05264,0.08585,0.10552,0.09115,0.11325,0.10990,0.13012,0.16769,0.19019,0.20803,0.22285,0.23177,0.24035,0.24631,0.22009,0.20880,0.17565,0.15977,0.11370,0.08346,0.06894,0.04043,0.01179,0.03569,-0.00458,-0.00144,-0.03720,-0.03925,0.00389,0.00538,0.05327,0.03933,0.09597,0.12788,0.17002,0.20463,0.23594,0.27139,0.29300,0.32596,0.36427,0.36797,0.32463,0.33416,0.35455,0.35795,0.34038,0.33003,0.33839,0.29985,0.29833,0.24483,0.20568,0.16648,0.10877,0.07067,0.01845,-0.01245,-0.00905,0.01524,-0.02849
0.80752,0.80807,0.75559,0.75746,0.78818,0.75619,0.70770,0.72149,0.72186,0.66934,0.65150,0.61749,0.61071,0.60287,0.58627,0.56493,0.53064,0.51836,0.48950,0.47917,0.48083,0.45182,0.46045,0.46135,0.42519,0.40965,0.42397,0.40987,0.37401,0.37133,0.37810,0.35184,0.31740,0.30813,0.30675,0.25454,0.23177,0.19889,0.23319,0.20787,0.26362,0.31120,0.32688,0.38465,0.41796,0.45430,0.49080,0.51657,0.51197,0.54515,0.53625,0.55353,0.55440,0.56597,0.58201,0.53918,0.50496,0.48880,0.48608,0.46264,0.43823,0.43333,0.39441,0.37910,0.39910,0.37336,0.34270,0.32509,0.31799,0.35753,0.35844,0.38919,0.37900,0.39640,0.42388,0.45145,0.50813,0.56544,0.60120,0.65935,0.61956,0.59763,0.65343,0.60957,0.56091,0.59439,0.62278,0.57203,0.52497,0.46824,0.42846,0.37678,0.36858,0.36876,0.30279,0.27568,0.27210,0.18778,0.17971,0.12746,0.19983,0.22735,0.18360,0.19825,0.21455,0.27577,0.31408,0.35527,0.33629,0.35087,0.32420,0.32323,0.30303,0.34859,0.31750,0.30960,0.37376,0.38991,0.36662,0.41963,0.47592,0.48485,0.48245,0.45136,0.41457,0.45896,0.51827,0.47310,0.51167,0.52490,0.52811,0.48366,0.48044,0.44688,0.43773,0.41621,0.37976,0.35686,0.31327,0.29601,0.25347,0.23562,0.19746,0.17732,0.14253,0.10168,0.08884,0.10808,0.10366,0.13402,0.18009,0.18764,0.20817,0.21294,0.18561,0.20072,0.22684,0.23446,0.27346,0.26805,0.23450,0.23196,0.19872,0.17871,0.18292,0.14339,0.19784,0.23071,0.26496,0.25175,0.25907,0.26717,0.29950,0.32602,0.35001,0.35816,0.38052,0.37983,0.37199,0.37848,0.35634,0.36322,0.33154,0.33800,0.29083,0.27007,0.24680,0.20829,0.16173,0.16206,0.11168,0.09243,0.04973,0.02485,0.06904,0.06881,0.14518,0.16598,0.22743,0.24270,0.26762,0.28758,0.29173,0.31481,0.30889,0.34852,0.40174,0.41209,0.38203,0.41795,0.45859,0.48402,0.48908,0.50079,0.52176,0.50401,0.51961,0.47309,0.45188,0.41175,0.36548,0.33012,0.27866,0.25385,0.26117,0.27282,0.22050
0.89986,0.90566,0.87963,0.89596,0.92357,0.90556,0.87881,0.89540,0.89788,0.86416,0.85452,0.82971,0.82085,0.80731,0.78840,0.76180,0.73829,0.71840,0.68693,0.68096,0.69562,0.67956,0.69296,0.68479,0.65399,0.65178,0.66310,0.64121,0.61703,0.62369,0.62319,0.59322,0.57384,0.57407,0.56429,0.51717,0.48103,0.45168,0.48426,0.44613,0.48674,0.52771,0.54562,0.60498,0.62275,0.65987,0.67759,0.70835,0.72191,0.75586,0.75946,0.77915,0.78492,0.79538,0.80659,0.77322,0.74854,0.73690,0.73217,0.71101,0.69471,0.69085,0.65618,0.64570,0.66537,0.64327,0.61707,0.60430,0.59927,0.63259,0.63289,0.65633,0.64857,0.66024,0.68437,0.70196,0.74671,0.78139,0.79742,0.84597,0.83040,0.81383,0.85361,0.82600,0.79233,0.81571,0.83551,0.79537,0.76363,0.71911,0.67786,0.62802,0.61237,0.59194,0.51661,0.47102,0.49182,0.41467,0.42697,0.38282,0.46029,0.49797,0.46600,0.47809,0.48156,0.53590,0.58013,0.62419,0.61266,0.62726,0.60352,0.60052,0.57821,0.61173,0.58133,0.58537,0.63888,0.64006,0.62429,0.67638,0.70873,0.70758,0.67949,0.62550,0.56002,0.55631,0.63697,0.63143,0.68450,0.71787,0.73911,0.71677,0.72302,0.69921,0.69651,0.68051,0.65085,0.63068,0.59338,0.57692,0.53825,0.52334,0.48580,0.47156,0.43853,0.40320,0.38585,0.39628,0.38351,0.40258,0.44918,0.44315,0.47015,0.48585,0.46018,0.47387,0.50483,0.51473,0.55082,0.54883,0.52013,0.52291,0.49402,0.47710,0.48097,0.44376,0.48991,0.51961,0.54594,0.53374,0.54371,0.54751,0.57208,0.59797,0.61848,0.62655,0.64308,0.64360,0.64010,0.64749,0.62891,0.63164,0.60444,0.60199,0.56185,0.53942,0.52265,0.49182,0.45483,0.46007,0.41359,0.39629,0.35421,0.33173,0.37380,0.37201,0.44664,0.46345,0.51853,0.53350,0.55588,0.57267,0.57205,0.58873,0.57481,0.60976,0.65707,0.66771,0.64720,0.68068,0.71437,0.73344,0.73421,0.73673,0.74670,0.72088,0.71808,0.67626,0.63733,0.60692,0.55105,0.51458,0.46916,0.43337,0.42328,0.45518,0.37737
0.82373,0.83073,0.79471,0.81913,0.86057,0.83566,0.80427,0.83679,0.84758,0.80273,0.79967,0.76256,0.74361,0.71783,0.69066,0.65471,0.62823,0.60079,0.56209,0.55605,0.57764,0.56433,0.58237,0.56775,0.53323,0.53788,0.54971,0.51873,0.49604,0.51024,0.50395,0.46720,0.45328,0.46045,0.44268,0.39487,0.34921,0.32012,0.35107,0.30250,0.34176,0.38400,0.40464,0.47224,0.48888,0.53164,0.54826,0.58677,0.60911,0.65238,0.66481,0.69534,0.71357,0.73625,0.75699,0.73350,0.70388,0.68619,0.69312,0.67953,0.65373,0.65004,0.62322,0.60661,0.61491,0.59721,0.57274,0.55198,0.53930,0.56923,0.56021,0.57478,0.56729,0.57190,0.60194,0.60920,0.66038,0.68797,0.69773,0.76195,0.76035,0.73805,0.78789,0.77801,0.73594,0.75407,0.78872,0.76340,0.72119,0.67882,0.65860,0.61933,0.61473,0.61622,0.55759,0.52701,0.52985,0.45390,0.44961,0.39983,0.46421,0.48666,0.44317,0.45940,0.47909,0.53359,0.56188,0.58885,0.56242,0.56022,0.52315,0.51149,0.47827,0.50551,0.46872,0.48766,0.54276,0.52908,0.51586,0.58276,0.60318,0.59627,0.55213,0.48675,0.41170,0.41057,0.49727,0.49093,0.55374,0.59830,0.63040,0.61411,0.63078,0.61067,0.62207,0.61014,0.59191,0.57963,0.54403,0.53295,0.49855,0.48108,0.45184,0.42745,0.39825,0.35548,0.34975,0.37351,0.37498,0.40665,0.44870,0.45668,0.47430,0.47638,0.45178,0.46583,0.48615,0.49011,0.52261,0.51482,0.48404,0.47158,0.43990,0.41387,0.40459,0.35522,0.39101,0.42339,0.44379,0.43087,0.44998,0.44861,0.46810,0.50281,0.52427,0.53885,0.55172,0.55877,0.56472,0.56998,0.54788,0.53994,0.50957,0.49431,0.45213,0.42288,0.40913,0.38177,0.35226,0.37065,0.32749,0.32242,0.28337,0.27068,0.31443,0.31384,0.37541,0.37348,0.42909,0.45480,0.48857,0.51535,0.53093,0.55615,0.55841,0.59235,0.63445,0.64107,0.61102,0.63118,0.65604,0.66436,0.65290,0.64392,0.64860,0.61123,0.59949,0.55021,0.50081,0.46765,0.40441,0.36424,0.31679,0.27804,0.26442,0.30283,0.22350
0.62597,0.63506,0.58814,0.62930,0.69301,0.65990,0.62682,0.68769,0.71494,0.65678,0.66898,0.61261,0.57524,0.52778,0.48664,0.43347,0.40605,0.36448,0.31539,0.31108,0.34763,0.34315,0.37023,0.34172,0.30420,0.32487,0.33545,0.28763,0.27297,0.30259,0.28336,0.23534,0.23674,0.25912,0.22512,0.17835,0.11778,0.08794,0.11501,0.05312,0.08095,0.12001,0.14434,0.22270,0.23294,0.28343,0.29179,0.34220,0.38364,0.44141,0.47245,0.52211,0.56329,0.60793,0.64449,0.64419,0.61001,0.58304,0.61093,0.61446,0.57461,0.57078,0.56243,0.53690,0.52197,0.51488,0.49703,0.46323,0.43739,0.45671,0.43044,0.42547,0.42002,0.40961,0.44831,0.43324,0.49020,0.49737,0.48879,0.57536,0.60638,0.57510,0.63631,0.66684,0.61462,0.61728,0.67619,0.68484,0.62920,0.59795,0.61997,0.60579,0.62295,0.66277,0.63877,0.63832,0.61195,0.54652,0.51340,0.46047,0.49551,0.48826,0.42818,0.44805,0.49417,0.54271,0.53834,0.52990,0.47935,0.44362,0.38476,0.35646,0.30429,0.31362,0.26837,0.31730,0.36875,0.32425,0.31946,0.40864,0.39835,0.37786,0.30077,0.21097,0.12113,0.11764,0.21186,0.21214,0.29081,0.35772,0.41197,0.41382,0.45120,0.44196,0.48086,0.47901,0.48664,0.49086,0.46331,0.46358,0.44146,0.42217,0.41242,0.37238,0.35264,0.29821,0.31556,0.36263,0.39055,0.44033,0.47085,0.50189,0.50150,0.47851,0.45836,0.47031,0.46872,0.46235,0.48436,0.46733,0.43672,0.39674,0.36329,0.32273,0.28855,0.22045,0.23188,0.26567,0.27055,0.25669,0.29162,0.27845,0.28500,0.33130,0.35244,0.37803,0.38262,0.40086,0.42420,0.42764,0.40097,0.37318,0.34053,0.30047,0.26055,0.22027,0.21592,0.20006,0.18883,0.23187,0.20032,0.21924,0.18619,0.19827,0.24040,0.24163,0.27232,0.23320,0.28490,0.33063,0.38186,0.42411,0.46880,0.50660,0.53829,0.56512,0.59149,0.59107,0.54701,0.53893,0.54239,0.52782,0.49200,0.45975,0.45204,0.39355,0.36173,0.30451,0.23478,0.20059,0.12610,0.08183,0.03473,-0.01176,-0.03190,0.01712,-0.05985
0.66481,0.67727,0.65147,0.70196,0.76159,0.74015,0.72413,0.78554,0.81417,0.77170,0.78995,0.74189,0.70349,0.65316,0.61156,0.55604,0.53740,0.49117,0.44177,0.44074,0.48648,0.49230,0.52180,0.48718,0.45506,0.48543,0.49327,0.44076,0.43574,0.47192,0.44715,0.39758,0.41079,0.44003,0.40016,0.35730,0.28964,0.26269,0.28820,0.22031,0.23540,0.26716,0.29219,0.36909,0.36757,0.41698,0.41053,0.46322,0.51746,0.57419,0.61388,0.66390,0.70770,0.75097,0.78311,0.79060,0.76495,0.74220,0.76797,0.77374,0.74130,0.73802,0.73373,0.71274,0.69723,0.69315,0.67971,0.65024,0.62657,0.64006,0.61389,0.60310,0.59997,0.58531,0.62046,0.59762,0.64400,0.63423,0.60996,0.68666,0.73568,0.70861,0.75613,0.79952,0.75948,0.75358,0.80492,0.82277,0.78000,0.75946,0.78097,0.76994,0.78226,0.80688,0.77760,0.76593,0.75805,0.70094,0.68276,0.63820,0.67508,0.67358,0.62358,0.63988,0.67574,0.71696,0.71586,0.70843,0.66489,0.62906,0.57394,0.54458,0.49193,0.49101,0.44796,0.50498,0.54661,0.49146,0.49280,0.57868,0.54999,0.52173,0.42668,0.32036,0.21383,0.17624,0.28182,0.31204,0.39911,0.47975,0.54647,0.56512,0.60872,0.60742,0.65037,0.65296,0.66645,0.67304,0.65168,0.65291,0.63513,0.61891,0.61088,0.57632,0.55886,0.50929,0.52372,0.56331,0.58518,0.62529,0.65483,0.67545,0.67918,0.66382,0.64614,0.65637,0.65734,0.65286,0.67152,0.65750,0.63173,0.59620,0.56727,0.52995,0.49555,0.43156,0.43537,0.46554,0.46369,0.45084,0.48704,0.47067,0.47071,0.51482,0.53239,0.55714,0.55740,0.57597,0.60188,0.60635,0.58308,0.55290,0.52504,0.47881,0.44594,0.40529,0.40636,0.39746,0.39437,0.44024,0.41348,0.43456,0.40316,0.41772,0.45617,0.45671,0.48348,0.44156,0.48639,0.53130,0.57953,0.61797,0.65829,0.69000,0.71591,0.73767,0.75806,0.75753,0.72165,0.71101,0.70821,0.68866,0.65002,0.61142,0.59578,0.53271,0.48747,0.43613,0.35468,0.32870,0.24944,0.20581,0.16501,0.11120,0.07845,0.13913,0.04685
0.54920,0.56512,0.54906,0.61333,0.68024,0.66262,0.65839,0.73365,0.77044,0.73323,0.76302,0.71182,0.66434,0.60180,0.55402,0.49007,0.47763,0.42313,0.37020,0.37174,0.42906,0.44637,0.48168,0.43709,0.40810,0.45196,0.45739,0.39534,0.40086,0.44801,0.41450,0.35997,0.38858,0.42929,0.37914,0.34411,0.26512,0.24268,0.26164,0.18124,0.18255,0.20706,0.23369,0.31146,0.29811,0.34920,0.32906,0.38715,0.45799,0.51978,0.57384,0.63256,0.68912,0.74146,0.77803,0.80295,0.78122,0.75728,0.79250,0.80849,0.77448,0.77217,0.78076,0.75852,0.73061,0.73488,0.72871,0.69625,0.66757,0.67071,0.63608,0.61094,0.61029,0.58529,0.62098,0.58216,0.62159,0.58910,0.54621,0.62391,0.70216,0.67519,0.71881,0.78952,0.75295,0.73420,0.79235,0.83390,0.79380,0.78689,0.83053,0.83548,0.85464,0.88909,0.87752,0.87420,0.86134,0.81786,0.79521,0.75605,0.77578,0.76255,0.71300,0.72900,0.77141,0.80303,0.78674,0.76098,0.71012,0.65808,0.59588,0.55807,0.49763,0.48069,0.43610,0.51235,0.54348,0.46658,0.47632,0.56802,0.51120,0.47216,0.35202,0.22889,0.10554,0.04378,0.15779,0.21012,0.30756,0.40512,0.48921,0.52835,0.58621,0.59618,0.65501,0.66658,0.69704,0.71422,0.70201,0.71016,0.70251,0.68731,0.69115,0.65239,0.64232,0.59215,0.61575,0.66087,0.69251,0.73522,0.75674,0.78299,0.78006,0.75735,0.74398,0.75149,0.74215,0.73337,0.74350,0.72650,0.70508,0.65867,0.63274,0.59091,0.54456,0.47631,0.46185,0.48930,0.47468,0.46259,0.50655,0.48230,0.47124,0.51866,0.53291,0.56205,0.55411,0.57802,0.61552,0.61893,0.59667,0.55472,0.52971,0.46797,0.44246,0.39777,0.40745,0.40935,0.42180,0.48097,0.46477,0.49879,0.47281,0.50148,0.53495,0.53537,0.54257,0.48091,0.51662,0.56910,0.62308,0.66653,0.71821,0.75214,0.78872,0.80262,0.81010,0.80570,0.76896,0.74132,0.72352,0.68874,0.63695,0.58273,0.55516,0.47948,0.41696,0.36715,0.27126,0.25166,0.16655,0.12325,0.08788,0.02740,-0.01374,0.06111,-0.03223
0.49250,0.51110,0.51002,0.58147,0.64628,0.63688,0.64618,0.72411,0.76319,0.73727,0.77348,0.72747,0.67799,0.61202,0.56346,0.49771,0.49288,0.43504,0.38280,0.38668,0.45087,0.47714,0.51518,0.46519,0.44142,0.49382,0.49679,0.43104,0.44559,0.49841,0.46003,0.40546,0.44506,0.49199,0.43755,0.41102,0.32724,0.30933,0.32335,0.23864,0.22707,0.24345,0.26985,0.34331,0.31975,0.36853,0.33647,0.39506,0.47572,0.53609,0.59790,0.65773,0.71814,0.77107,0.80575,0.84075,0.82576,0.80461,0.84134,0.86176,0.83203,0.83070,0.84619,0.82651,0.79446,0.80357,0.80288,0.77298,0.74461,0.74040,0.70385,0.67094,0.67235,0.64197,0.67424,0.62676,0.65654,0.60735,0.55117,0.62163,0.71679,0.69350,0.72638,0.81149,0.78420,0.75695,0.81115,0.86520,0.83444,0.83870,0.88952,0.90250,0.92104,0.95035,0.94468,0.93923,0.93359,0.90197,0.88549,0.85469,0.86743,0.85266,0.81057,0.82441,0.86253,0.88498,0.86488,0.83330,0.78504,0.72844,0.66796,0.62769,0.56727,0.53947,0.49746,0.58192,0.60193,0.51407,0.52970,0.61808,0.54360,0.49884,0.36509,0.23243,0.09900,0.01274,0.13092,0.20531,0.30656,0.41323,0.50634,0.56032,0.62426,0.64284,0.70755,0.72442,0.76347,0.78559,0.78070,0.79197,0.79101,0.77844,0.78784,0.75202,0.74657,0.70137,0.72643,0.76770,0.79824,0.83495,0.85163,0.87383,0.87045,0.84982,0.84004,0.84531,0.83348,0.82415,0.82863,0.81268,0.79640,0.74998,0.72864,0.68903,0.64017,0.57458,0.54928,0.57254,0.55009,0.53961,0.58535,0.55762,0.53926,0.58493,0.59516,0.62464,0.61139,0.63678,0.67862,0.68145,0.66233,0.61595,0.59547,0.52728,0.50969,0.46525,0.48071,0.49038,0.51286,0.57634,0.56776,0.60659,0.58557,0.61884,0.64712,0.64663,0.64368,0.57538,0.60213,0.65474,0.70653,0.74849,0.80049,0.83097,0.86737,0.87500,0.87390,0.86774,0.83653,0.80187,0.77554,0.73352,0.67720,0.61585,0.58077,0.50137,0.42818,0.38413,0.28113,0.26930,0.18352,0.14268,0.11462,0.05048,0.00139,0.08414,-0.01409
0.31879,0.33690,0.32628,0.40429,0.48091,0.46491,0.47076,0.56367,0.61114,0.57601,0.62005,0.56249,0.50342,0.42675,0.37164,0.29835,0.29237,0.22947,0.17361,0.17804,0.24711,0.27673,0.31844,0.26276,0.23756,0.29620,0.29870,0.22640,0.24404,0.30322,0.25952,0.20064,0.24680,0.30049,0.23902,0.21441,0.12475,0.10832,0.11959,0.03151,0.01481,0.02892,0.05587,0.13199,0.10653,0.15789,0.12408,0.18637,0.27343,0.34033,0.41032,0.47939,0.55168,0.61662,0.66074,0.70854,0.69021,0.66370,0.71283,0.74333,0.70488,0.70355,0.73023,0.70513,0.65928,0.67491,0.67821,0.64065,0.60444,0.59374,0.54746,0.50376,0.50635,0.46816,0.50487,0.44640,0.47869,0.42052,0.35747,0.43864,0.54862,0.52069,0.56171,0.66674,0.63260,0.59786,0.66655,0.73909,0.69962,0.70984,0.78675,0.81583,0.84820,0.90401,0.92355,0.93996,0.91155,0.88809,0.85161,0.81903,0.81043,0.77561,0.72373,0.73996,0.79539,0.81316,0.77159,0.71762,0.65485,0.57926,0.50689,0.45813,0.38868,0.35168,0.30630,0.40532,0.42271,0.31999,0.33970,0.43827,0.34936,0.29914,0.15432,0.01817,-0.11713,-0.19564,-0.08015,-0.01088,0.09329,0.20586,0.30689,0.36814,0.44194,0.46554,0.54441,0.56720,0.62067,0.65254,0.65264,0.67105,0.67797,0.66437,0.68611,0.64113,0.64244,0.59188,0.63087,0.68597,0.73422,0.78237,0.79034,0.82852,0.81289,0.77551,0.76866,0.77196,0.74558,0.72953,0.72690,0.70509,0.68944,0.62632,0.60462,0.55699,0.49442,0.41999,0.38060,0.40349,0.37242,0.36181,0.41520,0.38125,0.35582,0.40665,0.41651,0.45128,0.43365,0.46483,0.51604,0.51785,0.49663,0.43998,0.41869,0.33862,0.32277,0.27396,0.29405,0.31013,0.34303,0.41904,0.41820,0.47021,0.45463,0.50306,0.52863,0.52972,0.50618,0.41737,0.44010,0.50263,0.56362,0.61430,0.68340,0.72158,0.77641,0.77944,0.76835,0.75811,0.71816,0.66649,0.62813,0.57335,0.50437,0.43151,0.39058,0.30178,0.22156,0.17442,0.06591,0.05342,-0.03441,-0.07524,-0.10244,-0.16569,-0.21374,-0.12845,-0.21193
0.29180,0.30961,0.29645,0.37453,0.45296,0.43573,0.43979,0.53425,0.58315,0.54582,0.59067,0.53093,0.47069,0.39280,0.33687,0.26296,0.25638,0.19293,0.13639,0.14074,0.21039,0.23983,0.28171,0.22552,0.19992,0.25900,0.26161,0.18863,0.20627,0.26598,0.22193,0.16266,0.20899,0.26322,0.20115,0.17611,0.08664,0.07031,0.08135,-0.00695,-0.02285,-0.00900,0.01768,0.09436,0.06926,0.12099,0.08776,0.15047,0.23717,0.30471,0.37506,0.44536,0.51896,0.58557,0.63108,0.67999,0.66096,0.63343,0.68423,0.71601,0.67609,0.67456,0.70262,0.67661,0.62891,0.64511,0.64870,0.60995,0.57271,0.56142,0.51398,0.46930,0.47210,0.43328,0.47089,0.41162,0.44524,0.38732,0.32419,0.40760,0.51820,0.48878,0.53086,0.63873,0.60288,0.56692,0.63767,0.71256,0.67128,0.68184,0.76236,0.79342,0.82848,0.88885,0.91176,0.93272,0.90036,0.87743,0.83689,0.80363,0.79236,0.75399,0.69993,0.71635,0.77456,0.79198,0.74730,0.69023,0.62523,0.54708,0.47320,0.42334,0.35249,0.31492,0.26934,0.36965,0.38734,0.28358,0.30344,0.40359,0.31424,0.26349,0.11856,-0.01594,-0.15067,-0.22500,-0.11160,-0.04559,0.05774,0.17001,0.27133,0.33238,0.40696,0.43048,0.51092,0.53411,0.58922,0.62211,0.62273,0.64190,0.64977,0.63614,0.65960,0.61336,0.61580,0.56504,0.60632,0.66378,0.71417,0.76395,0.77024,0.81083,0.79277,0.75282,0.74633,0.74925,0.72072,0.70391,0.70044,0.67795,0.66243,0.59684,0.57527,0.52633,0.46175,0.38642,0.34527,0.36809,0.33624,0.32546,0.37968,0.34504,0.31896,0.37061,0.38041,0.41581,0.39803,0.42990,0.48166,0.48356,0.46193,0.40432,0.38300,0.30177,0.28581,0.23663,0.25705,0.27350,0.30747,0.38486,0.38491,0.43885,0.42405,0.47449,0.50007,0.50194,0.47507,0.38357,0.40600,0.46983,0.53215,0.58368,0.65529,0.69457,0.75223,0.75485,0.74244,0.73171,0.69016,0.63656,0.59673,0.54066,0.47013,0.39628,0.35523,0.26580,0.18557,0.13778,0.02941,0.01659,-0.07120,-0.11175,-0.13939,-0.20191,-0.24920,-0.16483,-0.24706
0.40057,0.42031,0.42441,0.50141,0.56831,0.56163,0.57698,0.66002,0.70324,0.68098,0.72312,0.67642,0.62311,0.55237,0.50178,0.43324,0.43245,0.37149,0.31879,0.32441,0.39378,0.42583,0.46604,0.41152,0.39042,0.44929,0.45067,0.38129,0.40173,0.45930,0.41683,0.36137,0.40876,0.46095,0.40207,0.38022,0.29332,0.27857,0.28909,0.20153,0.18218,0.19279,0.21876,0.29057,0.26085,0.30870,0.26971,0.32938,0.41627,0.47728,0.54523,0.60822,0.67394,0.73069,0.76697,0.81113,0.79922,0.77804,0.81896,0.84512,0.81539,0.81421,0.83713,0.81751,0.77897,0.79269,0.79628,0.76563,0.73528,0.72491,0.68460,0.64434,0.64744,0.61205,0.64379,0.58840,0.61409,0.55386,0.48833,0.55753,0.66570,0.64243,0.67078,0.77045,0.74646,0.71170,0.76760,0.83439,0.80632,0.81889,0.88166,0.90424,0.92756,0.96265,0.96811,0.96958,0.96082,0.93831,0.91844,0.89171,0.89394,0.87194,0.83072,0.84342,0.88418,0.89982,0.87072,0.82894,0.77812,0.71323,0.65061,0.60667,0.54326,0.50673,0.46571,0.55859,0.57171,0.47418,0.49457,0.58381,0.49575,0.44640,0.30278,0.16571,0.02744,-0.06810,0.04927,0.13274,0.23563,0.34826,0.44799,0.51181,0.58150,0.60584,0.67787,0.69921,0.74736,0.77500,0.77609,0.79116,0.79657,0.78550,0.80195,0.76556,0.76522,0.72215,0.75244,0.79630,0.83087,0.86694,0.87766,0.90191,0.89398,0.86930,0.86266,0.86582,0.84797,0.83655,0.83550,0.81866,0.80584,0.75451,0.73624,0.69550,0.64081,0.57511,0.53923,0.55954,0.53011,0.52042,0.56907,0.53763,0.51291,0.55913,0.56680,0.59774,0.58054,0.60840,0.65441,0.65704,0.63914,0.58786,0.57006,0.49504,0.48249,0.43734,0.45728,0.47329,0.50463,0.57382,0.57201,0.61774,0.60159,0.64220,0.66672,0.66697,0.65090,0.57275,0.59305,0.64870,0.70166,0.74449,0.80171,0.83205,0.87406,0.87655,0.86700,0.85888,0.82819,0.78473,0.74978,0.70021,0.63766,0.56937,0.52872,0.44527,0.36483,0.32328,0.21547,0.20805,0.12174,0.08289,0.05914,-0.00619,-0.05945,0.02677,-0.06957
0.29748,0.31817,0.32404,0.40533,0.47549,0.46963,0.48863,0.57797,0.62524,0.60399,0.65132,0.60253,0.54508,0.46923,0.41626,0.34490,0.34656,0.28288,0.22964,0.23632,0.30966,0.34648,0.38829,0.33013,0.31102,0.37523,0.37537,0.30270,0.32794,0.38980,0.34367,0.28712,0.34116,0.39809,0.33508,0.31759,0.22768,0.21588,0.22273,0.13282,0.10626,0.11271,0.13862,0.20873,0.17448,0.22175,0.17755,0.23842,0.33099,0.39330,0.46695,0.53354,0.60505,0.66644,0.70540,0.75856,0.74817,0.72597,0.77231,0.80436,0.77312,0.77236,0.80267,0.78208,0.73636,0.75468,0.76229,0.72977,0.69666,0.68067,0.63599,0.58839,0.59282,0.55237,0.58413,0.52105,0.54344,0.47343,0.40033,0.47042,0.59065,0.56682,0.59386,0.70689,0.68404,0.64290,0.70270,0.78175,0.75413,0.77375,0.84983,0.88213,0.91071,0.95434,0.97273,0.98275,0.96769,0.95428,0.92874,0.90517,0.89500,0.86410,0.82245,0.83511,0.88095,0.89050,0.85088,0.79772,0.74236,0.66833,0.60224,0.55428,0.48781,0.44330,0.40233,0.50355,0.51085,0.40397,0.42830,0.51926,0.41884,0.36515,0.21286,0.07213,-0.06913,-0.17047,-0.05413,0.03553,0.14009,0.25755,0.36327,0.43549,0.51090,0.54060,0.62017,0.64587,0.70317,0.73665,0.74298,0.76213,0.77370,0.76346,0.78735,0.74854,0.75307,0.70998,0.74659,0.79426,0.83559,0.87404,0.87881,0.90805,0.89463,0.86387,0.86022,0.86175,0.83677,0.82218,0.81567,0.79693,0.78664,0.72882,0.71243,0.66957,0.60851,0.54105,0.49503,0.51327,0.47742,0.46851,0.52075,0.48556,0.45515,0.50222,0.50798,0.54081,0.51968,0.55011,0.60159,0.60344,0.58624,0.52940,0.51346,0.43144,0.42301,0.37684,0.40071,0.42244,0.46191,0.53737,0.54207,0.59504,0.58346,0.63192,0.65288,0.65366,0.62459,0.53574,0.55038,0.60970,0.66534,0.71062,0.77448,0.80625,0.85571,0.85358,0.83635,0.82568,0.79388,0.74077,0.69751,0.64022,0.57126,0.49603,0.45040,0.36256,0.27554,0.23557,0.12387,0.11935,0.03329,-0.00410,-0.02378,-0.08917,-0.14479,-0.05599,-0.14688
0.13510,0.15511,0.15210,0.23653,0.31521,0.30388,0.31910,0.41888,0.47239,0.44334,0.49614,0.43853,0.37432,0.29110,0.23378,0.15793,0.15854,0.09206,0.03694,0.04379,0.11964,0.15838,0.20217,0.14055,0.12080,0.18879,0.18853,0.11204,0.13941,0.20527,0.15587,0.09715,0.15542,0.21683,0.14956,0.13439,0.04193,0.03185,0.03590,-0.05445,-0.08482,-0.08054,-0.05494,0.01540,-0.01966,0.02853,-0.01598,0.04647,0.14190,0.20800,0.28670,0.35962,0.43952,0.50983,0.55591,0.61890,0.60590,0.57955,0.63550,0.67551,0.63750,0.63678,0.67615,0.65126,0.59459,0.61813,0.62911,0.59081,0.55179,0.53048,0.47855,0.42282,0.42822,0.38205,0.41684,0.34598,0.37013,0.29445,0.21740,0.29554,0.42516,0.39771,0.43059,0.55865,0.53030,0.48330,0.55391,0.64748,0.61298,0.63732,0.73449,0.77996,0.82010,0.88568,0.92567,0.95531,0.92077,0.91512,0.87233,0.84801,0.81929,0.77114,0.72189,0.73607,0.79594,0.80095,0.74333,0.67196,0.60530,0.51656,0.44202,0.38782,0.31526,0.26398,0.22131,0.33245,0.33722,0.22042,0.24754,0.34489,0.23486,0.17780,0.02011,-0.11902,-0.25822,-0.34961,-0.23917,-0.15684,-0.05305,0.06615,0.17583,0.25223,0.33416,0.36742,0.45722,0.48733,0.55583,0.59700,0.60764,0.63245,0.65082,0.64005,0.67427,0.62863,0.63929,0.59316,0.64125,0.69960,0.75502,0.80245,0.79896,0.84133,0.81718,0.77275,0.77191,0.77156,0.73424,0.71418,0.70149,0.67822,0.66899,0.59805,0.58200,0.53320,0.46165,0.38848,0.33112,0.34840,0.30599,0.29711,0.35463,0.31484,0.27912,0.32955,0.33460,0.37112,0.34676,0.38126,0.43938,0.44045,0.42192,0.35773,0.34166,0.25141,0.24480,0.19617,0.22368,0.25030,0.29798,0.38233,0.39384,0.45726,0.45096,0.51151,0.52948,0.53162,0.48489,0.38029,0.39086,0.45710,0.51934,0.57091,0.64800,0.68568,0.75007,0.74394,0.71833,0.70417,0.66552,0.59891,0.54615,0.47923,0.40108,0.31792,0.26853,0.17496,0.08430,0.04283,-0.07046,-0.07524,-0.16063,-0.19690,-0.21532,-0.27827,-0.33111,-0.24263,-0.31999
0.17529,0.19599,0.20016,0.28461,0.35895,0.35187,0.37183,0.46759,0.51924,0.49632,0.54855,0.49579,0.43396,0.35318,0.29778,0.22390,0.22691,0.16108,0.10735,0.11492,0.19113,0.23128,0.27457,0.21315,0.19524,0.26367,0.26280,0.18730,0.21618,0.28158,0.23240,0.17498,0.23424,0.29516,0.22879,0.21481,0.12322,0.11353,0.11741,0.02672,-0.00500,-0.00227,0.02303,0.09172,0.05445,0.10124,0.05399,0.11555,0.21149,0.27510,0.35328,0.42364,0.50090,0.56766,0.61019,0.67190,0.66185,0.63795,0.69024,0.72837,0.69433,0.69367,0.73150,0.70911,0.65567,0.67834,0.68951,0.65427,0.61778,0.59663,0.54731,0.49291,0.49861,0.45351,0.48611,0.41635,0.43739,0.36028,0.28160,0.35432,0.48359,0.45832,0.48559,0.61156,0.58790,0.54069,0.60571,0.69698,0.66769,0.69324,0.78406,0.82677,0.86300,0.91915,0.95278,0.97527,0.94988,0.94452,0.90938,0.88803,0.86444,0.82195,0.77751,0.79018,0.84346,0.84750,0.79552,0.72946,0.66817,0.58401,0.51362,0.46149,0.39152,0.34008,0.29930,0.40824,0.41086,0.29594,0.32357,0.41687,0.30650,0.24935,0.09143,-0.04935,-0.19037,-0.29029,-0.17842,-0.08870,0.01516,0.13506,0.24470,0.32280,0.40322,0.43703,0.52410,0.55368,0.62008,0.65938,0.67046,0.69382,0.71154,0.70189,0.73374,0.69189,0.70177,0.65901,0.70307,0.75658,0.80600,0.84779,0.84552,0.88143,0.86099,0.82227,0.82156,0.82115,0.78774,0.76971,0.75776,0.73671,0.72875,0.66308,0.64851,0.60277,0.53471,0.46536,0.40947,0.42561,0.38364,0.37516,0.43059,0.39179,0.35621,0.40469,0.40873,0.44372,0.41936,0.45254,0.50869,0.50998,0.49297,0.43090,0.41637,0.32816,0.32310,0.27593,0.30359,0.33043,0.37757,0.45908,0.47021,0.53086,0.52408,0.58160,0.59904,0.60084,0.55734,0.45723,0.46667,0.52989,0.58858,0.63672,0.70868,0.74290,0.80147,0.79497,0.77003,0.75682,0.72239,0.65931,0.60791,0.54309,0.46755,0.38609,0.33651,0.24506,0.15371,0.11475,0.00110,-0.00133,-0.08650,-0.12209,-0.13890,-0.20328,-0.25892,-0.16945,-0.25262
0.23577,0.25755,0.27391,0.35736,0.42359,0.42385,0.45173,0.53978,0.58760,0.57533,0.62599,0.58226,0.52521,0.44928,0.39771,0.32784,0.33495,0.27104,0.22033,0.22872,0.30458,0.34677,0.38847,0.32853,0.31410,0.38243,0.38061,0.30789,0.33901,0.40292,0.35481,0.30029,0.36060,0.42021,0.35601,0.34489,0.25545,0.24749,0.25030,0.16018,0.12574,0.12572,0.15030,0.21490,0.17429,0.21801,0.16653,0.22570,0.32182,0.38065,0.45730,0.52255,0.59458,0.65454,0.69070,0.74979,0.74490,0.72526,0.77115,0.80591,0.77890,0.77852,0.81349,0.79559,0.74788,0.76925,0.78084,0.75116,0.71937,0.69835,0.65373,0.60189,0.60788,0.56487,0.59327,0.52575,0.54063,0.46123,0.38066,0.44285,0.57121,0.55024,0.56829,0.68890,0.67351,0.62675,0.68181,0.76810,0.74815,0.77575,0.85529,0.89307,0.92153,0.96103,0.98382,0.99400,0.98411,0.98032,0.95907,0.94280,0.92704,0.89499,0.85970,0.86981,0.91141,0.91357,0.87121,0.81466,0.76297,0.68752,0.62490,0.57681,0.51221,0.46080,0.42347,0.52754,0.52620,0.41526,0.44348,0.52869,0.41847,0.36197,0.20529,0.06370,-0.07914,-0.19337,-0.07990,0.02177,0.12468,0.24454,0.35309,0.43364,0.51086,0.54553,0.62697,0.65579,0.71803,0.75408,0.76601,0.78687,0.80350,0.79584,0.82352,0.78826,0.79678,0.75932,0.79616,0.84043,0.87996,0.91255,0.91252,0.93792,0.92379,0.89487,0.89437,0.89391,0.86727,0.85266,0.84180,0.82451,0.81876,0.76249,0.75050,0.71048,0.64907,0.58649,0.53336,0.54749,0.50668,0.49920,0.55088,0.51404,0.47894,0.52299,0.52550,0.55750,0.53323,0.56380,0.61646,0.61800,0.60377,0.54575,0.53398,0.44976,0.44773,0.40358,0.43106,0.45824,0.50420,0.58029,0.59106,0.64638,0.63887,0.69050,0.70670,0.70745,0.66987,0.57837,0.58558,0.64311,0.69541,0.73762,0.79997,0.82798,0.87627,0.86915,0.84545,0.83382,0.80699,0.75003,0.70141,0.64059,0.57034,0.49245,0.44288,0.35563,0.26388,0.22970,0.11689,0.11849,0.03514,0.00114,-0.01237,-0.07790,-0.13728,-0.04662,-0.13746
0.09844,0.11997,0.13018,0.21666,0.28964,0.28608,0.31190,0.40868,0.46154,0.44382,0.49928,0.44901,0.38628,0.30416,0.24903,0.17533,0.18220,0.11585,0.06372,0.07239,0.15057,0.19492,0.23847,0.17544,0.16088,0.23284,0.23052,0.15449,0.18795,0.25543,0.20421,0.14801,0.21254,0.27610,0.20803,0.19936,0.10750,0.10136,0.10140,0.01040,-0.02808,-0.03020,-0.00568,0.05879,0.01703,0.06119,0.00866,0.06917,0.16840,0.23023,0.31150,0.38189,0.46100,0.52823,0.57015,0.63791,0.63135,0.60863,0.66249,0.70399,0.67181,0.67170,0.71444,0.69322,0.63628,0.66229,0.67703,0.64282,0.60627,0.58035,0.52963,0.47058,0.47743,0.42929,0.45979,0.38504,0.40042,0.31490,0.23038,0.29873,0.43599,0.41249,0.43451,0.56824,0.54916,0.49730,0.56094,0.65976,0.63498,0.66720,0.76432,0.81335,0.85079,0.90763,0.94860,0.97396,0.94900,0.95287,0.91843,0.90210,0.87015,0.82413,0.78343,0.79487,0.84751,0.84532,0.78817,0.71644,0.65570,0.56795,0.49859,0.44525,0.37560,0.31794,0.27922,0.39172,0.38763,0.26787,0.29866,0.38885,0.26949,0.20997,0.04772,-0.09387,-0.23539,-0.34359,-0.23429,-0.13666,-0.03371,0.08830,0.20067,0.28578,0.36878,0.40713,0.49734,0.53009,0.60192,0.64468,0.66064,0.68636,0.70895,0.70092,0.73745,0.69671,0.71035,0.67021,0.71681,0.76922,0.82021,0.86014,0.85324,0.88921,0.86645,0.82658,0.82859,0.82666,0.78977,0.77052,0.75418,0.73319,0.72847,0.66158,0.64997,0.60534,0.53504,0.46790,0.40484,0.41804,0.37150,0.36424,0.42052,0.37984,0.33997,0.38675,0.38841,0.42337,0.39603,0.42997,0.48850,0.48920,0.47410,0.40970,0.39812,0.30665,0.30664,0.26043,0.29108,0.32268,0.37592,0.45968,0.47650,0.54080,0.53812,0.59935,0.61276,0.61431,0.56184,0.45710,0.46031,0.52375,0.58144,0.62878,0.70192,0.73450,0.79497,0.78416,0.75306,0.73844,0.70642,0.63794,0.58109,0.51189,0.43395,0.34900,0.29582,0.20358,0.10802,0.07297,-0.04161,-0.03995,-0.12262,-0.15568,-0.16753,-0.23114,-0.28901,-0.19793,-0.27737
-0.01497,0.00601,0.01347,0.10091,0.17663,0.17144,0.19701,0.29791,0.35348,0.33393,0.39258,0.33936,0.27379,0.18885,0.13246,0.05779,0.06539,-0.00154,-0.05320,-0.04409,0.03489,0.08110,0.12519,0.06057,0.04710,0.12124,0.11815,0.04105,0.07677,0.14601,0.09305,0.03708,0.10475,0.17045,0.10064,0.09489,0.00327,-0.00090,-0.00340,-0.09300,-0.13520,-0.14018,-0.11652,-0.05445,-0.09750,-0.05454,-0.10836,-0.04835,0.05185,0.11400,0.19758,0.27012,0.35280,0.42380,0.46847,0.54237,0.53585,0.51179,0.57023,0.61640,0.58196,0.58196,0.63052,0.60786,0.54499,0.57439,0.59188,0.55557,0.51651,0.48656,0.43252,0.36860,0.37641,0.32506,0.35578,0.27650,0.29074,0.20078,0.11328,0.18324,0.32563,0.30116,0.32382,0.46624,0.44632,0.39052,0.45817,0.56580,0.53940,0.57583,0.68445,0.74199,0.78554,0.85336,0.90752,0.94388,0.90938,0.92045,0.87754,0.86315,0.81930,0.76340,0.72067,0.73216,0.79092,0.78410,0.71679,0.63460,0.56930,0.47395,0.40175,0.34562,0.27406,0.21154,0.17335,0.29046,0.28269,0.15807,0.19114,0.28200,0.15631,0.09499,-0.06900,-0.20840,-0.34622,-0.45025,-0.34701,-0.25167,-0.15110,-0.02931,0.08421,0.17257,0.25843,0.29968,0.39480,0.43025,0.50870,0.55593,0.57563,0.60470,0.63216,0.62471,0.66786,0.62474,0.64262,0.60278,0.65555,0.71227,0.77000,0.81290,0.80029,0.84215,0.81328,0.76655,0.77110,0.76770,0.72382,0.70165,0.68084,0.65792,0.65512,0.58215,0.57205,0.52561,0.45016,0.38207,0.31156,0.32294,0.27199,0.26526,0.32354,0.28057,0.23717,0.28413,0.28453,0.32073,0.29121,0.32681,0.38852,0.38874,0.37389,0.30604,0.29575,0.20052,0.20326,0.15674,0.18996,0.22533,0.28408,0.37183,0.39406,0.46417,0.46617,0.53371,0.54375,0.54599,0.48199,0.36901,0.36778,0.43388,0.49356,0.54289,0.62221,0.65659,0.72448,0.71010,0.67297,0.65632,0.62213,0.54590,0.48302,0.40847,0.32612,0.23727,0.18181,0.08800,-0.00941,-0.04316,-0.15722,-0.15430,-0.23448,-0.26541,-0.27447,-0.33569,-0.39252,-0.30318,-0.37342
0.08065,0.10278,0.12371,0.21025,0.27711,0.27998,0.31395,0.40601,0.45713,0.44894,0.50539,0.46218,0.40200,0.32253,0.27019,0.19964,0.21130,0.14615,0.09724,0.10726,0.18611,0.23416,0.27679,0.21359,0.20335,0.27719,0.27327,0.19884,0.23645,0.30408,0.25239,0.19906,0.26729,0.33133,0.26389,0.25980,0.16992,0.16659,0.16410,0.07454,0.03052,0.02346,0.04674,0.10562,0.05930,0.09965,0.04154,0.09948,0.19995,0.25742,0.33907,0.40600,0.48265,0.54593,0.58332,0.65316,0.65192,0.63258,0.68327,0.72484,0.69819,0.69840,0.74267,0.72493,0.66942,0.69656,0.71372,0.68353,0.64983,0.62111,0.57274,0.51261,0.52062,0.47213,0.49862,0.42274,0.43116,0.33990,0.25078,0.31003,0.45037,0.43029,0.44301,0.57843,0.56717,0.51245,0.56892,0.66959,0.65317,0.69059,0.78478,0.83524,0.86943,0.91718,0.95644,0.97712,0.96167,0.97268,0.94592,0.93641,0.90402,0.86101,0.82792,0.83661,0.88179,0.87422,0.81945,0.74972,0.69542,0.61072,0.54706,0.49565,0.42974,0.36838,0.33357,0.44491,0.43411,0.31449,0.34767,0.43041,0.30613,0.24552,0.08239,-0.05963,-0.20049,-0.32058,-0.21385,-0.10508,-0.00429,0.11806,0.23066,0.32093,0.40301,0.44451,0.53286,0.56677,0.63948,0.68220,0.70181,0.72743,0.75252,0.74699,0.78420,0.74853,0.76394,0.72967,0.77380,0.82017,0.86574,0.89801,0.88913,0.91825,0.89746,0.86259,0.86662,0.86346,0.82843,0.81066,0.79219,0.77370,0.77270,0.71089,0.70309,0.66284,0.59539,0.53454,0.46863,0.47841,0.42958,0.42357,0.47761,0.43706,0.39505,0.43761,0.43667,0.46951,0.44076,0.47318,0.53041,0.53126,0.51913,0.45628,0.44860,0.35828,0.36330,0.31973,0.35234,0.38701,0.44328,0.52457,0.54492,0.60823,0.60848,0.66869,0.67832,0.67963,0.62448,0.52215,0.51981,0.57950,0.63219,0.67485,0.74289,0.77040,0.82590,0.81177,0.77753,0.76299,0.73709,0.66918,0.61047,0.54124,0.46515,0.38080,0.32580,0.23648,0.13869,0.10947,-0.00455,0.00209,-0.07735,-0.10739,-0.11392,-0.17746,-0.23909,-0.14815,-0.22998
0.07310,0.09528,0.11762,0.20449,0.27080,0.27440,0.30955,0.40148,0.45249,0.44550,0.50221,0.45973,0.39971,0.32035,0.26826,0.19791,0.21025,0.14524,0.09675,0.10696,0.18591,0.23458,0.27702,0.21382,0.20420,0.27835,0.27418,0.19997,0.23822,0.30596,0.25415,0.20114,0.27005,0.33434,0.26681,0.26372,0.17379,0.17099,0.16794,0.07852,0.03335,0.02556,0.04871,0.10676,0.05961,0.09949,0.04063,0.09821,0.19918,0.25618,0.33824,0.40488,0.48150,0.54440,0.58141,0.65190,0.65130,0.63232,0.68296,0.72481,0.69872,0.69905,0.74385,0.72648,0.67082,0.69836,0.71602,0.68623,0.65275,0.62340,0.57505,0.51442,0.52252,0.47373,0.49970,0.42332,0.43039,0.33784,0.24802,0.30593,0.44737,0.42794,0.43993,0.57570,0.56538,0.51030,0.56619,0.66730,0.65186,0.69031,0.78473,0.83577,0.86953,0.91666,0.95653,0.97668,0.96169,0.97388,0.94813,0.93948,0.90628,0.86348,0.83148,0.84012,0.88465,0.87620,0.82132,0.75128,0.69750,0.61290,0.54976,0.49836,0.43287,0.37074,0.33628,0.44783,0.43596,0.31587,0.34941,0.43126,0.30581,0.24493,0.08158,-0.06020,-0.20138,-0.32332,-0.21670,-0.10648,-0.00588,0.11651,0.22944,0.32080,0.40314,0.44527,0.53373,0.56810,0.64128,0.68429,0.70455,0.73038,0.75597,0.75071,0.78823,0.75294,0.76868,0.73501,0.77895,0.82459,0.87010,0.90197,0.89255,0.92150,0.90074,0.86612,0.87045,0.86707,0.83186,0.81411,0.79517,0.77683,0.77627,0.71476,0.70737,0.66748,0.60026,0.53996,0.47332,0.48267,0.43335,0.42759,0.48146,0.44078,0.39818,0.44026,0.43902,0.47177,0.44253,0.47508,0.53258,0.53323,0.52154,0.45849,0.45125,0.36073,0.36654,0.32334,0.35632,0.39163,0.44859,0.52983,0.55083,0.61417,0.61503,0.67530,0.68430,0.68549,0.62965,0.52725,0.52397,0.58328,0.63548,0.67792,0.74559,0.77270,0.82786,0.81318,0.77826,0.76362,0.73843,0.67011,0.61091,0.54130,0.46524,0.38063,0.32505,0.23574,0.13742,0.10889,-0.00505,0.00235,-0.07657,-0.10608,-0.11175,-0.17490,-0.23674,-0.14535,-0.22621
-0.07593,-0.05447,-0.03929,0.04895,0.12107,0.12049,0.15276,0.25188,0.30705,0.29456,0.35526,0.30666,0.24194,0.15786,0.10323,0.03046,0.04240,-0.02361,-0.07247,-0.06212,0.01751,0.06746,0.11102,0.04583,0.03630,0.11267,0.10806,0.03205,0.07191,0.14190,0.08804,0.03442,0.10626,0.17333,0.10329,0.10272,0.01239,0.01162,0.00573,-0.08239,-0.13098,-0.14096,-0.11853,-0.06204,-0.10956,-0.07005,-0.12881,-0.07117,0.03080,0.08966,0.17475,0.24546,0.32779,0.39701,0.43919,0.51739,0.51513,0.49327,0.55125,0.59936,0.56838,0.56887,0.62105,0.60056,0.53636,0.56818,0.58885,0.55499,0.51721,0.48324,0.42953,0.36258,0.37150,0.31843,0.34604,0.26379,0.27137,0.17442,0.08218,0.14483,0.29274,0.27107,0.28710,0.43380,0.41981,0.36036,0.42408,0.53632,0.51607,0.55869,0.66959,0.73163,0.77451,0.83948,0.89782,0.93389,0.90285,0.92241,0.88314,0.87476,0.82551,0.76870,0.73145,0.74114,0.79641,0.78349,0.71407,0.62932,0.56721,0.47141,0.40258,0.34686,0.27742,0.21005,0.17504,0.29319,0.27851,0.15173,0.18752,0.27266,0.14021,0.07745,-0.08787,-0.22555,-0.36278,-0.47578,-0.37589,-0.27266,-0.17467,-0.05285,0.06160,0.15583,0.24247,0.28747,0.38313,0.42096,0.50276,0.55192,0.57606,0.60647,0.63785,0.63239,0.67856,0.63833,0.65931,0.62399,0.67704,0.73026,0.78692,0.82548,0.80886,0.84812,0.81866,0.77337,0.78046,0.77551,0.73003,0.70782,0.68342,0.66165,0.66243,0.59099,0.58433,0.54041,0.46521,0.40171,0.32602,0.33408,0.27956,0.27412,0.33150,0.28772,0.24104,0.28497,0.28290,0.31783,0.28611,0.32143,0.38365,0.38353,0.37120,0.30295,0.29611,0.20008,0.20794,0.16360,0.19929,0.23865,0.30212,0.38946,0.41658,0.48814,0.49457,0.56340,0.56904,0.57104,0.50067,0.38642,0.37892,0.44296,0.49962,0.54642,0.62407,0.65535,0.72209,0.70374,0.66164,0.64428,0.61425,0.53514,0.46845,0.39149,0.30895,0.21878,0.16063,0.06804,-0.03195,-0.06071,-0.17392,-0.16639,-0.24297,-0.27063,-0.27443,-0.33415,-0.39293,-0.30301,-0.37026
-0.08497,-0.06321,-0.04140,0.04635,0.11420,0.11781,0.15487,0.25055,0.30459,0.29809,0.35899,0.31505,0.25225,0.17020,0.11757,0.04718,0.06195,-0.00306,-0.04974,-0.03865,0.04110,0.09315,0.13577,0.07089,0.06407,0.14123,0.13573,0.06105,0.10331,0.17308,0.11923,0.06759,0.14142,0.20852,0.13920,0.14127,0.05270,0.05365,0.04649,-0.04028,-0.09202,-0.10511,-0.08357,-0.03089,-0.08106,-0.04409,-0.10616,-0.05029,0.05198,0.10771,0.19264,0.26078,0.34131,0.40771,0.44690,0.52601,0.52704,0.50735,0.56300,0.61091,0.58356,0.58427,0.63707,0.61881,0.55586,0.58820,0.61025,0.57907,0.54327,0.50780,0.45583,0.38859,0.39820,0.34520,0.37022,0.28764,0.29088,0.19088,0.09631,0.15327,0.30234,0.28268,0.29248,0.43987,0.43079,0.36966,0.42856,0.54157,0.52648,0.57219,0.68076,0.74314,0.78371,0.84225,0.89905,0.93209,0.90739,0.93128,0.89714,0.89308,0.84373,0.78917,0.75691,0.76476,0.81507,0.79894,0.73143,0.64844,0.59071,0.49736,0.43249,0.37819,0.31158,0.24227,0.20990,0.32664,0.30783,0.18187,0.21896,0.29902,0.16430,0.10103,-0.06414,-0.20161,-0.33796,-0.45798,-0.35992,-0.25007,-0.15393,-0.03237,0.08170,0.17869,0.26425,0.31101,0.40508,0.44333,0.52522,0.57407,0.60034,0.63051,0.66330,0.65946,0.70578,0.66881,0.69081,0.65935,0.71061,0.75977,0.81264,0.84628,0.82849,0.86339,0.83531,0.79332,0.80168,0.79601,0.75188,0.73076,0.70521,0.68506,0.68812,0.62015,0.61589,0.57494,0.50196,0.44262,0.36559,0.37151,0.31594,0.31125,0.36700,0.32344,0.27564,0.31686,0.31309,0.34669,0.31413,0.34844,0.40968,0.40951,0.39909,0.33206,0.32779,0.23287,0.24376,0.20124,0.23795,0.27893,0.34391,0.42931,0.45844,0.52887,0.53644,0.60467,0.60820,0.61018,0.53859,0.42649,0.41563,0.47696,0.53027,0.57399,0.64795,0.67591,0.73926,0.71901,0.67520,0.65792,0.63182,0.55353,0.48603,0.40951,0.32849,0.23911,0.18016,0.08990,-0.01100,-0.03601,-0.14839,-0.13778,-0.21189,-0.23759,-0.23801,-0.29748,-0.35822,-0.26889,-0.33771
0.01188,0.03439,0.06554,0.15191,0.21292,0.22210,0.26431,0.35264,0.40271,0.40403,0.46206,0.42553,0.36743,0.29029,0.24087,0.17376,0.19065,0.12728,0.08248,0.09386,0.17278,0.22510,0.26629,0.20331,0.19823,0.27407,0.26830,0.19607,0.23855,0.30633,0.25408,0.20434,0.27719,0.34213,0.27522,0.27752,0.19055,0.19119,0.18479,0.09831,0.04683,0.03336,0.05482,0.10594,0.05449,0.08996,0.02595,0.08051,0.18215,0.23447,0.31696,0.38052,0.45560,0.51554,0.54909,0.62318,0.62748,0.61126,0.66024,0.70360,0.68206,0.68286,0.73079,0.71620,0.66015,0.68981,0.71060,0.68411,0.65272,0.61950,0.57245,0.50948,0.51883,0.46894,0.49101,0.41237,0.41216,0.31322,0.21917,0.26865,0.41377,0.39750,0.40099,0.54031,0.53697,0.47830,0.52847,0.63359,0.62537,0.67008,0.76533,0.82020,0.85247,0.89447,0.93774,0.95710,0.94748,0.96885,0.94789,0.94653,0.90819,0.86496,0.83991,0.84617,0.88566,0.87058,0.81466,0.74322,0.69418,0.61051,0.55228,0.50212,0.44014,0.37340,0.34311,0.45409,0.43460,0.31404,0.35022,0.42438,0.29321,0.23120,0.06810,-0.07144,-0.20969,-0.34049,-0.23914,-0.12031,-0.02361,0.09778,0.21035,0.30698,0.38882,0.43462,0.52235,0.55849,0.63425,0.67858,0.70343,0.73020,0.75971,0.75698,0.79724,0.76583,0.78465,0.75671,0.80027,0.84127,0.88402,0.91008,0.89655,0.92157,0.90059,0.86826,0.87553,0.87060,0.83463,0.81721,0.79475,0.77807,0.78155,0.72297,0.71959,0.68338,0.61756,0.56317,0.49186,0.49739,0.44494,0.44064,0.49280,0.45185,0.40616,0.44428,0.44023,0.47127,0.43982,0.47144,0.52873,0.52893,0.52026,0.45772,0.45459,0.36444,0.37588,0.33554,0.37084,0.41003,0.47127,0.55100,0.57704,0.64088,0.64532,0.70660,0.71109,0.71220,0.65045,0.54824,0.53821,0.59438,0.64233,0.68108,0.74556,0.76851,0.82137,0.80254,0.76276,0.74751,0.72739,0.65725,0.59471,0.52371,0.44851,0.36372,0.30609,0.21972,0.11954,0.09701,-0.01491,-0.00241,-0.07635,-0.10196,-0.10138,-0.16264,-0.22649,-0.13627,-0.21445
-0.08014,-0.05798,-0.03261,0.05510,0.12094,0.12660,0.16612,0.26007,0.31326,0.30977,0.37042,0.32890,0.26723,0.18636,0.13469,0.06523,0.08130,0.01688,-0.02873,-0.01743,0.06202,0.11484,0.15713,0.09268,0.08711,0.16440,0.15854,0.08466,0.12781,0.19726,0.14351,0.09286,0.16729,0.23414,0.16520,0.16857,0.08054,0.08222,0.07434,-0.01177,-0.06503,-0.07929,-0.05800,-0.00686,-0.05820,-0.02230,-0.08569,-0.03059,0.07205,0.12653,0.21129,0.27824,0.35754,0.42222,0.45983,0.53884,0.54137,0.52286,0.57717,0.62459,0.59911,0.60003,0.65253,0.63552,0.57368,0.60602,0.62846,0.59873,0.56406,0.52813,0.47714,0.41005,0.41972,0.36690,0.39059,0.30805,0.30908,0.20758,0.11216,0.16600,0.31564,0.29757,0.30518,0.45142,0.44468,0.38363,0.43999,0.55202,0.53960,0.58648,0.69293,0.75478,0.79336,0.84816,0.90377,0.93370,0.91233,0.93726,0.90664,0.90449,0.85610,0.80363,0.77406,0.78144,0.82898,0.81177,0.74610,0.66479,0.60937,0.51783,0.45493,0.40155,0.33630,0.26643,0.23504,0.35089,0.33046,0.20501,0.24235,0.32010,0.18452,0.12137,-0.04366,-0.18107,-0.31750,-0.44181,-0.34386,-0.23047,-0.13463,-0.01314,0.10090,0.19909,0.28420,0.33160,0.42456,0.46298,0.54434,0.59282,0.61971,0.64950,0.68242,0.67923,0.72504,0.68954,0.71142,0.68145,0.73115,0.77791,0.82867,0.86025,0.84246,0.87509,0.84834,0.80856,0.81721,0.81138,0.76864,0.74812,0.72244,0.70321,0.70697,0.64109,0.63756,0.59804,0.52651,0.46893,0.39205,0.39732,0.34164,0.33740,0.39227,0.34920,0.30107,0.34116,0.33690,0.36966,0.33673,0.37045,0.43108,0.43087,0.42141,0.35509,0.35162,0.25739,0.26944,0.22786,0.26479,0.30628,0.37148,0.45576,0.48517,0.55466,0.56243,0.62927,0.63210,0.63367,0.56297,0.45253,0.44057,0.50051,0.55212,0.59460,0.66637,0.69280,0.75384,0.73311,0.68902,0.67198,0.64793,0.57054,0.50335,0.42729,0.34746,0.25869,0.19937,0.11003,0.00858,-0.01501,-0.12697,-0.11499,-0.18822,-0.21315,-0.21217,-0.27141,-0.33305,-0.24325,-0.31277
-0.19259,-0.17118,-0.14920,-0.06198,0.00565,0.00953,0.04802,0.14470,0.19979,0.19430,0.25708,0.21324,0.14968,0.06726,0.01514,-0.05414,-0.03765,-0.10158,-0.14599,-0.13450,-0.05566,-0.00192,0.04023,-0.02462,-0.02901,0.04902,0.04258,-0.03098,0.01361,0.08358,0.02911,-0.02057,0.05571,0.12369,0.05419,0.06053,-0.02602,-0.02207,-0.03235,-0.11606,-0.17205,-0.18886,-0.16883,-0.12092,-0.17281,-0.13859,-0.20214,-0.14850,-0.04658,0.00734,0.09304,0.16106,0.24283,0.31027,0.35007,0.43400,0.43646,0.41686,0.47497,0.52625,0.49875,0.49982,0.55725,0.53900,0.47215,0.50740,0.53228,0.50092,0.46423,0.42488,0.37132,0.30040,0.31084,0.25570,0.27940,0.19378,0.19359,0.08942,-0.00744,0.04709,0.19964,0.18082,0.18915,0.34156,0.33388,0.26991,0.32955,0.44857,0.43459,0.48494,0.60131,0.67063,0.71469,0.77970,0.84761,0.88803,0.85720,0.88878,0.85024,0.84963,0.79016,0.72899,0.69763,0.70489,0.75800,0.73661,0.66176,0.57135,0.51210,0.41441,0.34961,0.29432,0.22813,0.15475,0.12435,0.24299,0.21931,0.09102,0.13006,0.20734,0.06767,0.00388,-0.16013,-0.29260,-0.42361,-0.54187,-0.45105,-0.34215,-0.25045,-0.13130,-0.01803,0.08178,0.16832,0.21780,0.31417,0.35475,0.44138,0.49356,0.52373,0.55642,0.59371,0.59101,0.64266,0.60523,0.63108,0.60174,0.65646,0.70676,0.76383,0.79818,0.77500,0.81329,0.78086,0.73488,0.74590,0.73867,0.68944,0.66631,0.63653,0.61563,0.62125,0.55021,0.54823,0.50724,0.43169,0.37424,0.29122,0.29460,0.23544,0.23174,0.28781,0.24304,0.19220,0.23192,0.22639,0.25984,0.22529,0.26025,0.32313,0.32238,0.31328,0.24457,0.24243,0.14593,0.16053,0.11935,0.15822,0.20270,0.27233,0.35905,0.39344,0.46753,0.47963,0.55192,0.55142,0.55370,0.47259,0.35584,0.33972,0.40129,0.45427,0.49807,0.57490,0.60283,0.67037,0.64651,0.59710,0.57822,0.55236,0.46842,0.39630,0.31611,0.23312,0.14183,0.08124,-0.00840,-0.10981,-0.13179,-0.24124,-0.22822,-0.29782,-0.32024,-0.31676,-0.37274,-0.43168,-0.34466,-0.40392
-0.13049,-0.10817,-0.07531,0.01063,0.07082,0.08130,0.12654,0.21595,0.26756,0.27123,0.33226,0.29657,0.23742,0.15955,0.11098,0.04549,0.06517,0.00278,-0.03900,-0.02691,0.05166,0.10710,0.14769,0.08425,0.08277,0.16053,0.15341,0.08231,0.12860,0.19721,0.14385,0.09668,0.17369,0.24029,0.17289,0.18110,0.09658,0.10180,0.09103,0.00774,-0.04967,-0.06869,-0.04920,-0.00489,-0.05953,-0.02781,-0.09494,-0.04334,0.05841,0.10797,0.19200,0.25521,0.33218,0.39339,0.42736,0.50844,0.51527,0.49945,0.55144,0.59946,0.57837,0.57961,0.63406,0.61975,0.55845,0.59216,0.61709,0.59071,0.55835,0.51956,0.47055,0.40241,0.41314,0.36022,0.38026,0.29714,0.29182,0.18643,0.08828,0.13407,0.28488,0.26949,0.26923,0.41678,0.41613,0.35267,0.40318,0.51763,0.51157,0.56322,0.66893,0.73316,0.76997,0.81922,0.87669,0.90584,0.88964,0.92236,0.89617,0.90016,0.84833,0.79629,0.77315,0.77808,0.82038,0.79769,0.73216,0.65098,0.60056,0.51118,0.45357,0.40197,0.34083,0.26788,0.24063,0.35440,0.32766,0.20355,0.24281,0.31283,0.17409,0.11090,-0.05178,-0.18550,-0.31772,-0.44848,-0.35647,-0.23669,-0.14585,-0.02688,0.08532,0.18677,0.27005,0.32003,0.41104,0.45045,0.53289,0.58177,0.61235,0.64250,0.67843,0.67754,0.72512,0.69371,0.71800,0.69367,0.74204,0.78393,0.83133,0.85724,0.83633,0.86499,0.83836,0.80120,0.81222,0.80513,0.76233,0.74252,0.71414,0.69671,0.70414,0.64190,0.64209,0.60616,0.53698,0.48565,0.40571,0.40747,0.34983,0.34672,0.39935,0.35631,0.30623,0.34214,0.33522,0.36612,0.33178,0.36438,0.42401,0.42337,0.41667,0.35174,0.35229,0.25955,0.27655,0.23807,0.27655,0.32086,0.38892,0.47047,0.50402,0.57279,0.58331,0.65055,0.64966,0.65146,0.57616,0.46756,0.44973,0.50604,0.55330,0.59163,0.65948,0.68181,0.73994,0.71581,0.66816,0.65069,0.63151,0.55375,0.48447,0.40841,0.33030,0.24260,0.18239,0.09684,-0.00480,-0.02262,-0.13125,-0.11488,-0.18280,-0.20396,-0.19777,-0.25488,-0.31722,-0.23003,-0.29769
-0.08274,-0.06027,-0.02438,0.06138,0.11946,0.13155,0.17837,0.26545,0.31550,0.32148,0.38113,0.34784,0.29033,0.21413,0.16654,0.10188,0.12193,0.05998,0.01861,0.03051,0.10863,0.16387,0.20407,0.14138,0.14004,0.21709,0.21011,0.13977,0.18563,0.25341,0.20067,0.15386,0.23003,0.29562,0.22899,0.23619,0.15214,0.15671,0.14661,0.06298,0.00630,-0.01206,0.00783,0.05229,-0.00226,0.02941,-0.03795,0.01361,0.11546,0.16436,0.24741,0.30920,0.38403,0.44291,0.47508,0.55367,0.56122,0.54652,0.59610,0.64201,0.62275,0.62417,0.67621,0.66300,0.60462,0.63696,0.66101,0.63610,0.60529,0.56788,0.52064,0.45448,0.46489,0.41328,0.43255,0.35096,0.34493,0.24039,0.14296,0.18642,0.33555,0.32152,0.32021,0.46374,0.46445,0.40278,0.45062,0.56090,0.55678,0.60731,0.70730,0.76799,0.80134,0.84443,0.89611,0.91953,0.90881,0.93925,0.91820,0.92242,0.87596,0.82857,0.80765,0.81234,0.85086,0.82935,0.76871,0.69255,0.64511,0.55958,0.50401,0.45395,0.39446,0.32297,0.29580,0.40745,0.38119,0.25903,0.29754,0.36618,0.22933,0.16677,0.00471,-0.13043,-0.26418,-0.39876,-0.30469,-0.18174,-0.08958,0.02982,0.14170,0.24257,0.32465,0.37384,0.46240,0.50074,0.58041,0.62738,0.65677,0.68534,0.71930,0.71849,0.76330,0.73343,0.75580,0.73190,0.77710,0.81589,0.85981,0.88328,0.86503,0.89014,0.86673,0.83337,0.84354,0.83700,0.79779,0.77941,0.75284,0.73664,0.74356,0.68469,0.68444,0.65008,0.58371,0.53346,0.45658,0.45882,0.40294,0.39984,0.45120,0.40937,0.36073,0.39594,0.38929,0.41919,0.38542,0.41706,0.47530,0.47489,0.46852,0.40525,0.40580,0.31506,0.33139,0.29317,0.33076,0.37387,0.43975,0.51926,0.55086,0.61697,0.62543,0.68935,0.68939,0.69076,0.62067,0.51612,0.49968,0.55420,0.59981,0.63691,0.70132,0.72213,0.77611,0.75313,0.70784,0.69123,0.67395,0.59957,0.53294,0.45918,0.38336,0.29753,0.23805,0.15350,0.05209,0.03452,-0.07449,-0.05813,-0.12677,-0.14841,-0.14259,-0.20069,-0.26421,-0.17653,-0.24825
-0.19354,-0.17218,-0.14385,-0.05718,0.00610,0.01366,0.05670,0.14987,0.20314,0.20330,0.26567,0.22661,0.16531,0.08530,0.03543,-0.03135,-0.01252,-0.07507,-0.11707,-0.10515,-0.02701,0.02831,0.06930,0.00533,0.00346,0.08146,0.07429,0.00266,0.04894,0.11806,0.06407,0.01650,0.09390,0.16140,0.09304,0.10135,0.01687,0.02225,0.01079,-0.07141,-0.12964,-0.14885,-0.12971,-0.08562,-0.13961,-0.10772,-0.17375,-0.12202,-0.01992,0.03108,0.11613,0.18141,0.26070,0.32493,0.36173,0.44566,0.45103,0.43369,0.48922,0.53969,0.51574,0.51721,0.57452,0.55844,0.49344,0.52878,0.55464,0.52597,0.49143,0.45109,0.39953,0.32891,0.33972,0.28506,0.30625,0.22093,0.21645,0.10991,0.01165,0.05980,0.21285,0.19656,0.20027,0.35107,0.34775,0.28345,0.33845,0.45632,0.44735,0.50011,0.61285,0.68171,0.72257,0.78075,0.84645,0.88282,0.85817,0.89280,0.86007,0.86313,0.80512,0.74690,0.72073,0.72658,0.77457,0.75041,0.67830,0.59070,0.53598,0.44150,0.38074,0.32718,0.26421,0.18965,0.16162,0.27831,0.25115,0.12420,0.16388,0.23607,0.09512,0.03153,-0.13123,-0.26267,-0.39299,-0.51761,-0.42857,-0.31391,-0.22381,-0.10548,0.00709,0.10895,0.19412,0.24474,0.33878,0.37960,0.46544,0.51697,0.54865,0.58068,0.61867,0.61735,0.66846,0.63406,0.66012,0.63411,0.68638,0.73219,0.78578,0.81545,0.79183,0.82588,0.79538,0.75313,0.76502,0.75734,0.71017,0.68818,0.65784,0.63867,0.64599,0.57871,0.57850,0.54044,0.46780,0.41426,0.33117,0.33290,0.27336,0.27032,0.32440,0.28034,0.22903,0.26606,0.25928,0.29119,0.25597,0.28992,0.35175,0.35081,0.34351,0.27625,0.27626,0.18162,0.19855,0.15915,0.19867,0.24421,0.31445,0.39866,0.43409,0.50637,0.51909,0.58976,0.58745,0.58969,0.50901,0.39527,0.37658,0.43505,0.48470,0.52582,0.59859,0.62336,0.68685,0.66166,0.61145,0.59288,0.57089,0.48826,0.41643,0.33726,0.25648,0.16665,0.10574,0.01837,-0.08355,-0.10222,-0.21031,-0.19465,-0.26184,-0.28233,-0.27600,-0.33135,-0.39179,-0.30520,-0.36553
-0.25973,-0.23869,-0.21003,-0.12473,-0.06253,-0.05437,-0.01066,0.08181,0.13531,0.13646,0.19957,0.16123,0.10013,0.02071,-0.02817,-0.09327,-0.07337,-0.13474,-0.17487,-0.16274,-0.08556,-0.02939,0.01082,-0.05274,-0.05288,0.02523,0.01746,-0.05295,-0.00526,0.06351,0.00964,-0.03612,0.04237,0.10987,0.04218,0.05364,-0.02882,-0.02109,-0.03456,-0.11426,-0.17480,-0.19647,-0.17862,-0.13819,-0.19310,-0.16341,-0.23013,-0.18048,-0.07978,-0.03089,0.05380,0.11817,0.19757,0.26171,0.29820,0.38449,0.39101,0.37394,0.43024,0.48234,0.45889,0.46043,0.52022,0.50449,0.43771,0.47457,0.50213,0.47385,0.43925,0.39677,0.34491,0.27268,0.28406,0.22868,0.24873,0.16248,0.15569,0.04745,-0.05145,-0.00541,0.14828,0.13235,0.13387,0.28726,0.28527,0.21909,0.27358,0.39496,0.38709,0.44240,0.55894,0.63130,0.67388,0.73509,0.80681,0.84781,0.82039,0.86013,0.82500,0.83049,0.76617,0.70450,0.67945,0.68461,0.73347,0.70591,0.62996,0.53868,0.48393,0.38779,0.32801,0.27440,0.21248,0.13591,0.10987,0.22644,0.19621,0.06922,0.10995,0.17921,0.03639,-0.02715,-0.18767,-0.31448,-0.44044,-0.56271,-0.47926,-0.36595,-0.28006,-0.16448,-0.05352,0.04923,0.13388,0.18587,0.28050,0.32225,0.41032,0.46341,0.49741,0.53076,0.57150,0.57097,0.62492,0.59110,0.61961,0.59577,0.64965,0.69559,0.75073,0.77982,0.75292,0.78821,0.75525,0.71113,0.72474,0.71612,0.66612,0.64329,0.61044,0.59106,0.60031,0.53211,0.53389,0.49629,0.42288,0.37172,0.28532,0.28504,0.22366,0.22128,0.27495,0.23039,0.17748,0.21288,0.20485,0.23649,0.20043,0.23439,0.29637,0.29503,0.28877,0.22122,0.22291,0.12815,0.14771,0.10967,0.15024,0.19777,0.27054,0.35454,0.39327,0.46712,0.48306,0.55570,0.55088,0.55367,0.46701,0.35154,0.32916,0.38690,0.43561,0.47577,0.54929,0.57346,0.63879,0.61133,0.55795,0.53851,0.51717,0.43194,0.35759,0.27702,0.19575,0.10565,0.04433,-0.04140,-0.14268,-0.15875,-0.26399,-0.24661,-0.31011,-0.32818,-0.31929,-0.37225,-0.43137,-0.34744,-0.40217
-0.34026,-0.32054,-0.30258,-0.21787,-0.15005,-0.14810,-0.11110,-0.01346,0.04246,0.03526,0.09944,0.05427,-0.00998,-0.09230,-0.14339,-0.21059,-0.19370,-0.25517,-0.29645,-0.28495,-0.20895,-0.15503,-0.11401,-0.17791,-0.18026,-0.10302,-0.11018,-0.18146,-0.13569,-0.06674,-0.12075,-0.16756,-0.09051,-0.02270,-0.09110,-0.08051,-0.16297,-0.15540,-0.16910,-0.24741,-0.30629,-0.32640,-0.30864,-0.26680,-0.31863,-0.28784,-0.35041,-0.30036,-0.20167,-0.15013,-0.06518,0.00243,0.08517,0.15421,0.19563,0.28415,0.28696,0.26680,0.32821,0.38331,0.35437,0.35572,0.41840,0.39928,0.32753,0.36584,0.39356,0.36107,0.32280,0.27957,0.22405,0.14965,0.16081,0.10388,0.12667,0.03888,0.03639,-0.06963,-0.16604,-0.11294,0.04015,0.02126,0.02996,0.18675,0.17852,0.11218,0.17418,0.29955,0.28461,0.33893,0.46528,0.54289,0.59247,0.66858,0.75152,0.80444,0.76247,0.80263,0.75531,0.75748,0.68434,0.61337,0.58116,0.58827,0.64683,0.61968,0.53461,0.43454,0.37226,0.26900,0.20377,0.14737,0.08196,0.00539,-0.02254,0.09672,0.06866,-0.06038,-0.02004,0.05406,-0.08809,-0.15090,-0.30955,-0.43169,-0.55296,-0.66096,-0.58185,-0.48087,-0.39704,-0.28420,-0.17454,-0.07459,0.01173,0.06302,0.16141,0.20411,0.29567,0.35174,0.38574,0.42147,0.46390,0.46207,0.52014,0.48140,0.51186,0.48450,0.54474,0.59802,0.66176,0.69809,0.66797,0.71233,0.67353,0.62087,0.63484,0.62585,0.56948,0.54353,0.50885,0.48645,0.49456,0.41865,0.41914,0.37759,0.29901,0.24356,0.15424,0.15473,0.09226,0.08950,0.14541,0.09964,0.04631,0.08406,0.07687,0.11015,0.07411,0.10968,0.17386,0.17261,0.16456,0.09440,0.09435,-0.00254,0.01544,-0.02400,0.01671,0.06427,0.13842,0.22606,0.26627,0.34446,0.36260,0.44003,0.43479,0.43792,0.34493,0.22280,0.20092,0.26266,0.31558,0.36008,0.44135,0.47026,0.54431,0.51653,0.46106,0.44040,0.41324,0.32252,0.24560,0.16182,0.07688,-0.01540,-0.07641,-0.16413,-0.26330,-0.28216,-0.38543,-0.37086,-0.43359,-0.45169,-0.44451,-0.49470,-0.54936,-0.46797,-0.51158
-0.45506,-0.43694,-0.42509,-0.34439,-0.27628,-0.27731,-0.24413,-0.14655,-0.09039,-0.10084,-0.03684,-0.08385,-0.14812,-0.22938,-0.27937,-0.34425,-0.32829,-0.38689,-0.42553,-0.41457,-0.34236,-0.29002,-0.25067,-0.31242,-0.31391,-0.23901,-0.24639,-0.31475,-0.26964,-0.20277,-0.25538,-0.29951,-0.22391,-0.15754,-0.22394,-0.21076,-0.28834,-0.27882,-0.29459,-0.36716,-0.42615,-0.44785,-0.43212,-0.39506,-0.44494,-0.41682,-0.47632,-0.42951,-0.33574,-0.28620,-0.20359,-0.13685,-0.05433,0.01577,0.05880,0.14919,0.15101,0.13005,0.19386,0.25115,0.22033,0.22183,0.28749,0.26721,0.19242,0.23242,0.26146,0.22779,0.18836,0.14324,0.08658,0.01080,0.02213,-0.03517,-0.01281,-0.10064,-0.10343,-0.20756,-0.30100,-0.24770,-0.09770,-0.11721,-0.10664,0.05072,0.04037,-0.02636,0.03806,0.16627,0.14900,0.20439,0.33753,0.42043,0.47462,0.56084,0.65525,0.71892,0.66636,0.71170,0.65584,0.65914,0.57604,0.49707,0.46313,0.47030,0.53403,0.50369,0.41119,0.30434,0.23917,0.13246,0.06685,0.01005,-0.05417,-0.13129,-0.15753,-0.03961,-0.06938,-0.19674,-0.15636,-0.08481,-0.22538,-0.28635,-0.43744,-0.54860,-0.65908,-0.75384,-0.68581,-0.59591,-0.51981,-0.41434,-0.30982,-0.21270,-0.12789,-0.07673,0.02203,0.06545,0.15941,0.21762,0.25348,0.29129,0.33677,0.33510,0.39735,0.35714,0.39067,0.36403,0.42823,0.48444,0.55351,0.59270,0.55791,0.60791,0.56396,0.50559,0.52153,0.51154,0.44985,0.42161,0.38382,0.35994,0.36921,0.28967,0.29136,0.24936,0.16888,0.11470,0.02209,0.02093,-0.04269,-0.04482,0.01057,-0.03526,-0.08939,-0.05283,-0.06081,-0.02762,-0.06399,-0.02811,0.03637,0.03439,0.02660,-0.04394,-0.04307,-0.13888,-0.11945,-0.15717,-0.11618,-0.06748,0.00854,0.09618,0.13984,0.22037,0.24222,0.32312,0.31466,0.31834,0.21763,0.09271,0.06755,0.12932,0.18234,0.22740,0.31200,0.34224,0.42162,0.39174,0.33293,0.31088,0.28182,0.18692,0.10766,0.02239,-0.06315,-0.15478,-0.21456,-0.29948,-0.39462,-0.41172,-0.50802,-0.49338,-0.54974,-0.56456,-0.55543,-0.59991,-0.64882,-0.57432,-0.60350
-0.50195,-0.48477,-0.47497,-0.39675,-0.32943,-0.33142,-0.29973,-0.20326,-0.14734,-0.15862,-0.09531,-0.14252,-0.20619,-0.28613,-0.33506,-0.39816,-0.38267,-0.43956,-0.47644,-0.46572,-0.39585,-0.34431,-0.30641,-0.36652,-0.36733,-0.29398,-0.30151,-0.36785,-0.32317,-0.25774,-0.30931,-0.35184,-0.27716,-0.21196,-0.27689,-0.26244,-0.33705,-0.32658,-0.34331,-0.41306,-0.47193,-0.49450,-0.47966,-0.44535,-0.49417,-0.46763,-0.52568,-0.48079,-0.38970,-0.34153,-0.26060,-0.19495,-0.11339,-0.04358,-0.00047,0.09016,0.09186,0.07086,0.13502,0.19291,0.16182,0.16333,0.22995,0.20957,0.13407,0.17447,0.20409,0.17031,0.13083,0.08519,0.02861,-0.04725,-0.03575,-0.09273,-0.07080,-0.15809,-0.16155,-0.26428,-0.35605,-0.30411,-0.15627,-0.17561,-0.16430,-0.00793,-0.01898,-0.08544,-0.02061,0.10795,0.09007,0.14581,0.28063,0.36556,0.42141,0.51098,0.60941,0.67718,0.62074,0.66849,0.60965,0.61410,0.52745,0.44529,0.41113,0.41822,0.48347,0.45162,0.35676,0.24760,0.18189,0.07462,0.00970,-0.04664,-0.10966,-0.18678,-0.21176,-0.09513,-0.12590,-0.25154,-0.21135,-0.14170,-0.28110,-0.34136,-0.48830,-0.59443,-0.69881,-0.78774,-0.72530,-0.64000,-0.56801,-0.46608,-0.36445,-0.26897,-0.18554,-0.13465,-0.03656,0.00669,0.10118,0.15983,0.19649,0.23480,0.28136,0.27984,0.34369,0.30328,0.33810,0.31239,0.37755,0.43445,0.50512,0.54504,0.50839,0.56012,0.51424,0.45392,0.47073,0.46029,0.39682,0.36777,0.32888,0.30468,0.31464,0.23431,0.23679,0.19502,0.11451,0.06183,-0.03157,-0.03367,-0.09752,-0.09942,-0.04477,-0.09044,-0.14468,-0.10903,-0.11764,-0.08495,-0.12145,-0.08591,-0.02153,-0.02375,-0.03106,-0.10117,-0.09949,-0.19420,-0.17396,-0.21044,-0.16947,-0.12035,-0.04388,0.04293,0.08810,0.16891,0.19218,0.27425,0.26412,0.26819,0.16454,0.03946,0.01276,0.07355,0.12588,0.17074,0.25590,0.28623,0.36716,0.33632,0.27631,0.25370,0.22437,0.12832,0.04849,-0.03672,-0.12180,-0.21238,-0.27124,-0.35416,-0.44701,-0.46284,-0.55538,-0.54072,-0.59388,-0.60710,-0.59698,-0.63883,-0.68498,-0.61445,-0.63771
-0.55015,-0.53455,-0.53588,-0.46090,-0.38988,-0.39798,-0.37458,-0.27624,-0.21983,-0.23960,-0.17768,-0.23033,-0.29507,-0.37531,-0.42507,-0.48832,-0.47657,-0.53198,-0.56928,-0.55992,-0.49353,-0.44632,-0.40857,-0.46689,-0.47047,-0.40060,-0.40692,-0.47203,-0.43128,-0.36777,-0.41755,-0.46010,-0.38978,-0.32659,-0.39004,-0.37777,-0.45055,-0.44099,-0.45677,-0.52295,-0.57687,-0.59679,-0.58251,-0.54724,-0.59109,-0.56371,-0.61523,-0.57108,-0.48508,-0.43560,-0.35731,-0.29054,-0.20839,-0.13607,-0.08940,-0.00025,-0.00293,-0.02659,0.04038,0.09881,0.06314,0.06433,0.13083,0.10760,0.03017,0.07025,0.09861,0.06178,0.02012,-0.02418,-0.08234,-0.15725,-0.14641,-0.20274,-0.17842,-0.26360,-0.26202,-0.35848,-0.44411,-0.38572,-0.24434,-0.26622,-0.24799,-0.09398,-0.11136,-0.17538,-0.10508,0.02242,-0.00251,0.04935,0.18860,0.27463,0.33510,0.43603,0.54090,0.61730,0.54892,0.59417,0.52548,0.52564,0.43431,0.34649,0.30641,0.31512,0.38771,0.35822,0.25842,0.14529,0.07440,-0.03576,-0.10421,-0.16134,-0.22575,-0.29958,-0.32601,-0.21082,-0.23749,-0.36067,-0.32246,-0.24985,-0.38296,-0.44023,-0.58035,-0.67891,-0.77580,-0.84691,-0.79009,-0.72063,-0.65262,-0.55671,-0.45969,-0.37067,-0.28853,-0.24060,-0.14237,-0.09999,-0.00588,0.05320,0.08795,0.12699,0.17297,0.17000,0.23516,0.19110,0.22612,0.19723,0.26593,0.32772,0.40428,0.45048,0.41298,0.47199,0.42226,0.35588,0.37184,0.36161,0.29460,0.26374,0.22505,0.19872,0.20680,0.12180,0.12231,0.07779,-0.00486,-0.06054,-0.15277,-0.15347,-0.21563,-0.21812,-0.16303,-0.20834,-0.26058,-0.22324,-0.23052,-0.19700,-0.23195,-0.19586,-0.13144,-0.13385,-0.14307,-0.21331,-0.21381,-0.30732,-0.29005,-0.32692,-0.28749,-0.24059,-0.16621,-0.07892,-0.03459,0.04731,0.07099,0.15433,0.14519,0.14965,0.04462,-0.08232,-0.10674,-0.04403,0.01134,0.05893,0.14861,0.18278,0.26923,0.23987,0.18081,0.15767,0.12332,0.02579,-0.05309,-0.13807,-0.22382,-0.31321,-0.36932,-0.45158,-0.53912,-0.55793,-0.64563,-0.63461,-0.68581,-0.69921,-0.69200,-0.72982,-0.76964,-0.70363,-0.71599
-0.42634,-0.40877,-0.40606,-0.32487,-0.25096,-0.25756,-0.23141,-0.12952,-0.07166,-0.09060,-0.02717,-0.08071,-0.14756,-0.23163,-0.28460,-0.35282,-0.34101,-0.40132,-0.44346,-0.43355,-0.36117,-0.31196,-0.27132,-0.33349,-0.33930,-0.26549,-0.27140,-0.34194,-0.30046,-0.23305,-0.28565,-0.33302,-0.26030,-0.19412,-0.26151,-0.25318,-0.33367,-0.32736,-0.34032,-0.41463,-0.46831,-0.48541,-0.46818,-0.42507,-0.47094,-0.43887,-0.49382,-0.44409,-0.35084,-0.29681,-0.21418,-0.14388,-0.05895,0.01496,0.06209,0.15059,0.14755,0.12351,0.19004,0.24716,0.21145,0.21245,0.27660,0.25326,0.17727,0.21604,0.24282,0.20542,0.16341,0.12104,0.06216,-0.01262,-0.00208,-0.05922,-0.03288,-0.11977,-0.11571,-0.21479,-0.30475,-0.24239,-0.09497,-0.11792,-0.09938,0.05733,0.04003,-0.02448,0.04645,0.17338,0.14845,0.19872,0.33411,0.41559,0.47313,0.56732,0.66180,0.72899,0.66882,0.70724,0.64448,0.64167,0.56003,0.47841,0.43735,0.44677,0.51689,0.49182,0.39772,0.28937,0.21843,0.10881,0.03772,-0.02088,-0.08908,-0.16302,-0.19304,-0.07348,-0.09694,-0.22484,-0.18632,-0.10721,-0.24375,-0.30439,-0.45623,-0.56964,-0.68121,-0.76584,-0.69456,-0.61367,-0.53444,-0.42796,-0.32291,-0.23007,-0.14412,-0.09576,0.00482,0.04711,0.14046,0.19845,0.23090,0.26853,0.31151,0.30764,0.36923,0.32454,0.35626,0.32407,0.39083,0.45252,0.52572,0.57156,0.53921,0.59465,0.54919,0.48655,0.50023,0.49127,0.42845,0.39921,0.36365,0.33769,0.34365,0.25960,0.25771,0.21178,0.12868,0.06832,-0.02174,-0.01961,-0.08127,-0.08482,-0.02722,-0.07339,-0.12546,-0.08465,-0.09036,-0.05519,-0.09017,-0.05311,0.01269,0.01088,0.00021,-0.07174,-0.07450,-0.17164,-0.15705,-0.19744,-0.15799,-0.11213,-0.03888,0.05133,0.09171,0.17321,0.19244,0.27408,0.26922,0.27314,0.17511,0.04775,0.02807,0.09358,0.15127,0.20041,0.28970,0.32444,0.40819,0.38137,0.32565,0.30353,0.26896,0.17379,0.09616,0.01097,-0.07663,-0.16902,-0.22730,-0.31528,-0.40901,-0.43168,-0.52969,-0.51979,-0.58023,-0.59851,-0.59466,-0.64011,-0.68696,-0.61270,-0.64183
-0.37023,-0.35155,-0.34180,-0.25859,-0.18704,-0.18989,-0.15889,-0.05852,-0.00127,-0.01486,0.04899,-0.00101,-0.06703,-0.15064,-0.20315,-0.27126,-0.25749,-0.31911,-0.36140,-0.35060,-0.27587,-0.22426,-0.18364,-0.24691,-0.25141,-0.17563,-0.18212,-0.25359,-0.21005,-0.14153,-0.19509,-0.24282,-0.16792,-0.10072,-0.16887,-0.16027,-0.24204,-0.23603,-0.24881,-0.32623,-0.38170,-0.39978,-0.38213,-0.33855,-0.38713,-0.35504,-0.41385,-0.36320,-0.26668,-0.21310,-0.12900,-0.05954,0.02462,0.09669,0.14132,0.22978,0.22922,0.20684,0.27091,0.32699,0.29425,0.29522,0.35836,0.33695,0.26319,0.30140,0.32837,0.29304,0.25271,0.21043,0.15302,0.07850,0.08939,0.03241,0.05762,-0.02982,-0.02834,-0.13029,-0.22396,-0.16550,-0.01455,-0.03619,-0.02149,0.13520,0.12163,0.05612,0.12336,0.24951,0.22900,0.28068,0.41131,0.49062,0.54478,0.63035,0.71781,0.77793,0.72676,0.76489,0.70931,0.70863,0.63277,0.55629,0.51884,0.52721,0.59193,0.56649,0.47725,0.37302,0.30590,0.19913,0.13033,0.07253,0.00532,-0.06989,-0.09942,0.02085,-0.00417,-0.13312,-0.09359,-0.01592,-0.15562,-0.21822,-0.37446,-0.49373,-0.61121,-0.70730,-0.63095,-0.53994,-0.45732,-0.34649,-0.23831,-0.14192,-0.05545,-0.00598,0.09389,0.13609,0.22862,0.28546,0.31826,0.35481,0.39714,0.39404,0.45375,0.41155,0.44240,0.41194,0.47519,0.53358,0.60213,0.64370,0.61312,0.66320,0.62103,0.56304,0.57678,0.56797,0.50852,0.48093,0.44617,0.42184,0.42856,0.34835,0.34728,0.30315,0.22203,0.16326,0.07393,0.07560,0.01350,0.01010,0.06727,0.02107,-0.03165,0.00826,0.00221,0.03697,0.00149,0.03824,0.10368,0.10187,0.09213,0.02060,0.01871,-0.07876,-0.06300,-0.10332,-0.06328,-0.01670,0.05679,0.14625,0.18613,0.26602,0.28382,0.36422,0.35941,0.36316,0.26800,0.14299,0.12310,0.18720,0.24288,0.29007,0.37575,0.40787,0.48703,0.45999,0.40489,0.38343,0.35211,0.25922,0.18202,0.09761,0.01092,-0.08164,-0.14125,-0.22966,-0.32676,-0.34807,-0.44979,-0.43807,-0.50070,-0.51956,-0.51493,-0.56372,-0.61510,-0.53787,-0.57629
-0.49691,-0.48077,-0.48292,-0.40561,-0.33207,-0.34121,-0.31844,-0.21786,-0.16056,-0.18192,-0.11968,-0.17420,-0.24028,-0.32227,-0.37381,-0.43947,-0.42869,-0.48623,-0.52600,-0.51655,-0.44811,-0.40093,-0.36202,-0.42175,-0.42714,-0.35620,-0.36196,-0.42942,-0.38936,-0.32441,-0.37505,-0.42011,-0.34981,-0.28563,-0.35057,-0.34121,-0.41688,-0.40934,-0.42342,-0.49343,-0.54554,-0.56335,-0.54778,-0.50824,-0.55176,-0.52182,-0.57351,-0.52682,-0.43837,-0.38622,-0.30641,-0.23764,-0.15410,-0.08028,-0.03265,0.05569,0.05191,0.02738,0.09469,0.15260,0.11579,0.11669,0.18190,0.15797,0.08098,0.12022,0.14740,0.10953,0.06717,0.02435,-0.03448,-0.10886,-0.09824,-0.15463,-0.12861,-0.21416,-0.21021,-0.30618,-0.39264,-0.33139,-0.18828,-0.21149,-0.19096,-0.03659,-0.05556,-0.11914,-0.04720,0.07959,0.05299,0.10307,0.24108,0.32520,0.38572,0.48609,0.58679,0.66095,0.59401,0.63523,0.56706,0.56490,0.47774,0.39133,0.34911,0.35839,0.43140,0.40486,0.30674,0.19507,0.12298,0.01245,-0.05811,-0.11609,-0.18276,-0.25585,-0.28448,-0.16716,-0.19117,-0.31615,-0.27815,-0.20161,-0.33514,-0.39353,-0.53790,-0.64221,-0.74444,-0.81781,-0.75529,-0.68393,-0.61121,-0.51121,-0.41118,-0.32182,-0.23816,-0.19094,-0.09154,-0.04964,0.04382,0.10236,0.13546,0.17379,0.21800,0.21428,0.27797,0.23279,0.26623,0.23510,0.30350,0.36667,0.44283,0.49000,0.45508,0.51358,0.46517,0.39930,0.41406,0.40449,0.33874,0.30827,0.27130,0.24471,0.25130,0.16588,0.16478,0.11881,0.03535,-0.02321,-0.11366,-0.11268,-0.17448,-0.17777,-0.12136,-0.16702,-0.21865,-0.17934,-0.18530,-0.15078,-0.18523,-0.14857,-0.08361,-0.08564,-0.09604,-0.16711,-0.16934,-0.26434,-0.24910,-0.28784,-0.24869,-0.20280,-0.12958,-0.04075,0.00129,0.08320,0.10445,0.18763,0.18071,0.18502,0.08338,-0.04401,-0.06533,-0.00087,0.05627,0.10516,0.19567,0.23093,0.31716,0.28938,0.23229,0.20960,0.17400,0.07742,-0.00050,-0.08545,-0.17218,-0.26265,-0.31919,-0.40423,-0.49349,-0.51486,-0.60670,-0.59727,-0.65297,-0.66891,-0.66452,-0.70561,-0.74737,-0.67802,-0.69690
-0.45477,-0.43867,-0.44770,-0.36977,-0.29174,-0.30494,-0.28764,-0.18386,-0.12551,-0.15347,-0.09197,-0.15132,-0.21919,-0.30340,-0.35729,-0.42589,-0.41842,-0.47742,-0.52040,-0.51200,-0.44300,-0.39851,-0.35810,-0.41837,-0.42742,-0.35732,-0.36177,-0.43122,-0.39427,-0.32896,-0.37954,-0.42727,-0.35965,-0.29556,-0.36134,-0.35620,-0.43457,-0.42982,-0.44130,-0.51333,-0.56091,-0.57447,-0.55752,-0.51249,-0.55296,-0.51953,-0.56746,-0.51807,-0.42991,-0.37413,-0.29438,-0.22287,-0.13760,-0.06118,-0.01049,0.07549,0.06776,0.04090,0.10989,0.16701,0.12655,0.12714,0.19031,0.16403,0.08680,0.12466,0.14959,0.10902,0.06487,0.02466,-0.03553,-0.10853,-0.09881,-0.15474,-0.12568,-0.21002,-0.20029,-0.29187,-0.37509,-0.30614,-0.16557,-0.19146,-0.16511,-0.01177,-0.03621,-0.09770,-0.02116,0.10356,0.07099,0.11656,0.25499,0.33634,0.39797,0.50255,0.60151,0.67650,0.60533,0.64001,0.56788,0.56023,0.47574,0.38904,0.34140,0.35265,0.42999,0.40857,0.31068,0.19947,0.12331,0.01153,-0.06313,-0.12241,-0.19223,-0.26208,-0.29394,-0.17608,-0.19434,-0.31931,-0.28327,-0.20054,-0.32979,-0.38746,-0.53254,-0.63891,-0.74397,-0.81105,-0.74414,-0.67905,-0.60302,-0.50197,-0.40138,-0.31575,-0.23126,-0.18655,-0.08608,-0.04535,0.04663,0.10449,0.13427,0.17211,0.21353,0.20794,0.26988,0.22147,0.25269,0.21692,0.28667,0.35353,0.43206,0.48410,0.45188,0.51383,0.46533,0.39725,0.40980,0.40137,0.33572,0.30489,0.27041,0.24235,0.24582,0.15760,0.15321,0.10429,0.01920,-0.04438,-0.13188,-0.12782,-0.18723,-0.19166,-0.13363,-0.17919,-0.22870,-0.18597,-0.18975,-0.15369,-0.18659,-0.14914,-0.08383,-0.08559,-0.09843,-0.17019,-0.17554,-0.27127,-0.26044,-0.30156,-0.26420,-0.22123,-0.15093,-0.06036,-0.02201,0.05995,0.07813,0.16079,0.15786,0.16205,0.06464,-0.06376,-0.08004,-0.01270,0.04821,0.10033,0.19381,0.23254,0.32113,0.29650,0.24285,0.22047,0.18064,0.08500,0.00922,-0.07509,-0.16294,-0.25374,-0.30901,-0.39652,-0.48470,-0.51093,-0.60461,-0.59895,-0.65855,-0.67749,-0.67749,-0.71969,-0.75985,-0.68903,-0.70875
-0.29276,-0.27423,-0.27409,-0.18967,-0.11157,-0.12033,-0.09713,0.00773,0.06631,0.04327,0.10587,0.04885,-0.01968,-0.10629,-0.16228,-0.23478,-0.22588,-0.28980,-0.33702,-0.32762,-0.25200,-0.20436,-0.16163,-0.22567,-0.23578,-0.16127,-0.16575,-0.24027,-0.20155,-0.13246,-0.18586,-0.23789,-0.16709,-0.10017,-0.16972,-0.16808,-0.25378,-0.25229,-0.26072,-0.34177,-0.39011,-0.40160,-0.38166,-0.32940,-0.37330,-0.33584,-0.38924,-0.33439,-0.23804,-0.17887,-0.09488,-0.02147,0.06498,0.14081,0.18964,0.27400,0.26775,0.24198,0.30811,0.36259,0.32466,0.32506,0.38467,0.35995,0.28648,0.32229,0.34556,0.30635,0.26355,0.22564,0.16652,0.09457,0.10413,0.04816,0.07799,-0.00743,0.00276,-0.09244,-0.18135,-0.11198,0.03498,0.00942,0.03289,0.18721,0.16569,0.10370,0.17748,0.29973,0.27062,0.31518,0.44510,0.51966,0.57519,0.66601,0.74916,0.80957,0.75344,0.78128,0.72074,0.71170,0.64116,0.56500,0.51959,0.53067,0.60111,0.58369,0.49586,0.39339,0.32074,0.21276,0.13804,0.07857,0.00669,-0.06345,-0.09798,0.02321,0.00708,-0.12174,-0.08508,0.00180,-0.13152,-0.19315,-0.35086,-0.47464,-0.59640,-0.68363,-0.60007,-0.51779,-0.42966,-0.31655,-0.20725,-0.11640,-0.02879,0.01659,0.11769,0.15785,0.24757,0.30296,0.33043,0.36589,0.40357,0.39764,0.45408,0.40746,0.43459,0.39724,0.46171,0.52525,0.59653,0.64484,0.61908,0.67316,0.63162,0.57120,0.58145,0.57451,0.51605,0.48814,0.45760,0.43131,0.43325,0.34964,0.34364,0.29521,0.21203,0.14591,0.06186,0.06821,0.00983,0.00459,0.06407,0.01813,-0.03115,0.01383,0.01112,0.04800,0.01498,0.05267,0.11840,0.11723,0.10386,0.03164,0.02498,-0.07335,-0.06432,-0.10835,-0.07097,-0.02896,0.03969,0.13148,0.16532,0.24486,0.25742,0.33666,0.33796,0.34141,0.25376,0.12808,0.11627,0.18453,0.24560,0.29713,0.38662,0.42356,0.50537,0.48325,0.43387,0.41316,0.37585,0.28518,0.21170,0.12869,0.04061,-0.05218,-0.10975,-0.20198,-0.29754,-0.32625,-0.43128,-0.42538,-0.49455,-0.51832,-0.52071,-0.57199,-0.62159,-0.54177,-0.58308
-0.31588,-0.29743,-0.29780,-0.21443,-0.13682,-0.14577,-0.12286,-0.01864,0.03991,0.01700,0.07931,0.02246,-0.04575,-0.13157,-0.18699,-0.25847,-0.24950,-0.31262,-0.35879,-0.34936,-0.27489,-0.22737,-0.18516,-0.24859,-0.25819,-0.18423,-0.18883,-0.26237,-0.22362,-0.15514,-0.20813,-0.25933,-0.18878,-0.12234,-0.19125,-0.18899,-0.27331,-0.27109,-0.28006,-0.36044,-0.40834,-0.42055,-0.40122,-0.35030,-0.39390,-0.35729,-0.41040,-0.35655,-0.26138,-0.20306,-0.11980,-0.04705,0.03893,0.11463,0.16336,0.24798,0.24189,0.21625,0.28241,0.33722,0.29936,0.29966,0.35981,0.33526,0.26156,0.29764,0.32126,0.28219,0.23942,0.20113,0.14219,0.07021,0.07996,0.02416,0.05365,-0.03158,-0.02197,-0.11676,-0.20535,-0.13745,0.00863,-0.01668,0.00683,0.16069,0.13929,0.07732,0.15087,0.27350,0.24465,0.28960,0.42031,0.49615,0.55262,0.64479,0.72986,0.79219,0.73474,0.76410,0.70233,0.69437,0.62192,0.54423,0.49889,0.50962,0.58045,0.56202,0.47297,0.36953,0.29697,0.18874,0.11451,0.05534,-0.01578,-0.08616,-0.12001,0.00090,-0.01606,-0.14433,-0.10737,-0.02176,-0.15517,-0.21653,-0.37249,-0.49408,-0.61311,-0.69794,-0.61710,-0.53645,-0.45022,-0.33886,-0.23070,-0.14028,-0.05343,-0.00798,0.09280,0.13294,0.22299,0.27852,0.30652,0.34229,0.38065,0.37495,0.43223,0.38578,0.41361,0.37721,0.44180,0.50554,0.57752,0.62530,0.59873,0.65320,0.61084,0.54975,0.56057,0.55335,0.49406,0.46591,0.43470,0.40834,0.41086,0.32712,0.32179,0.27361,0.19048,0.12543,0.04098,0.04654,-0.01222,-0.01733,0.04164,-0.00432,-0.05374,-0.00952,-0.01270,0.02363,-0.00964,0.02770,0.09343,0.09253,0.07959,0.00773,0.00166,-0.09623,-0.08639,-0.12979,-0.09216,-0.04968,0.01936,0.11052,0.14527,0.22483,0.23806,0.31817,0.31848,0.32217,0.23305,0.10749,0.09471,0.16226,0.22283,0.27386,0.36345,0.40013,0.48243,0.45960,0.40945,0.38842,0.35132,0.26010,0.18622,0.10318,0.01532,-0.07700,-0.13417,-0.22549,-0.31998,-0.34778,-0.45125,-0.44514,-0.51296,-0.53588,-0.53803,-0.58855,-0.63721,-0.55889,-0.59868
-0.44099,-0.42619,-0.44589,-0.37117,-0.28969,-0.30905,-0.30052,-0.19576,-0.13734,-0.17381,-0.11515,-0.17960,-0.24791,-0.33155,-0.38621,-0.45510,-0.45228,-0.51017,-0.55429,-0.54743,-0.48172,-0.44210,-0.40218,-0.46044,-0.47313,-0.40709,-0.40995,-0.47839,-0.44655,-0.38358,-0.43193,-0.48052,-0.41861,-0.35713,-0.42116,-0.42036,-0.49724,-0.49500,-0.50400,-0.57520,-0.61531,-0.62425,-0.60705,-0.55873,-0.59337,-0.55792,-0.59885,-0.54910,-0.46574,-0.40785,-0.33144,-0.25913,-0.17440,-0.09623,-0.04280,0.03893,0.02643,-0.00292,0.06713,0.12281,0.07819,0.07817,0.13864,0.10989,0.03323,0.06904,0.09118,0.04794,0.00228,-0.03430,-0.09476,-0.16451,-0.15592,-0.20970,-0.17782,-0.25826,-0.24216,-0.32496,-0.40127,-0.32626,-0.19360,-0.22229,-0.18776,-0.04040,-0.07196,-0.12922,-0.04807,0.07190,0.03228,0.07164,0.20940,0.28820,0.35221,0.46381,0.56257,0.64172,0.56277,0.59104,0.51200,0.49895,0.41602,0.32740,0.27358,0.28675,0.36930,0.35295,0.25458,0.14375,0.06370,-0.04812,-0.12577,-0.18503,-0.25593,-0.32039,-0.35452,-0.23912,-0.25088,-0.37188,-0.33867,-0.25209,-0.37301,-0.42792,-0.56670,-0.66832,-0.76825,-0.81935,-0.75426,-0.70361,-0.62927,-0.53265,-0.43615,-0.35846,-0.27607,-0.23580,-0.13675,-0.09840,-0.00967,0.04659,0.07242,0.10944,0.14782,0.14025,0.20050,0.14895,0.17815,0.13862,0.20942,0.28050,0.36223,0.41928,0.38927,0.45583,0.40602,0.33465,0.34538,0.33816,0.27197,0.24039,0.20841,0.17880,0.17918,0.08860,0.08121,0.02980,-0.05573,-0.12267,-0.20524,-0.19868,-0.25457,-0.26009,-0.20191,-0.24644,-0.29246,-0.24751,-0.24908,-0.21260,-0.24307,-0.20588,-0.14149,-0.14273,-0.15778,-0.22844,-0.23684,-0.33045,-0.32426,-0.36633,-0.33165,-0.29259,-0.22687,-0.13693,-0.10259,-0.02186,-0.00616,0.07581,0.07579,0.08037,-0.01294,-0.14002,-0.15115,-0.08262,-0.01909,0.03542,0.13132,0.17353,0.26468,0.24330,0.19369,0.17174,0.12728,0.03353,-0.03865,-0.12056,-0.20761,-0.29588,-0.34742,-0.43445,-0.51704,-0.54745,-0.63797,-0.63714,-0.69738,-0.71812,-0.72319,-0.76390,-0.79885,-0.73145,-0.74672
-0.29649,-0.28014,-0.29777,-0.21756,-0.13290,-0.15191,-0.14258,-0.03469,0.02462,-0.01272,0.04633,-0.01973,-0.08984,-0.17690,-0.23472,-0.30854,-0.30685,-0.36931,-0.41867,-0.41164,-0.34081,-0.30072,-0.25805,-0.31943,-0.33536,-0.26666,-0.26868,-0.34219,-0.31114,-0.24510,-0.29550,-0.34915,-0.28665,-0.22311,-0.29058,-0.29512,-0.37911,-0.38096,-0.38616,-0.46494,-0.50301,-0.50782,-0.48754,-0.43021,-0.46533,-0.42460,-0.46705,-0.41152,-0.32212,-0.25913,-0.17947,-0.10383,-0.01701,0.06253,0.11678,0.19578,0.18185,0.15173,0.22090,0.27434,0.22905,0.22877,0.28540,0.25614,0.18189,0.21540,0.23485,0.19075,0.14480,0.11157,0.05076,-0.01746,-0.00969,-0.06331,-0.02883,-0.10953,-0.08934,-0.17227,-0.25060,-0.17017,-0.03433,-0.06425,-0.02765,0.11952,0.08668,0.03063,0.11296,0.22972,0.18872,0.22440,0.35629,0.42865,0.48914,0.59382,0.68030,0.74936,0.67821,0.69707,0.62381,0.60597,0.53490,0.45359,0.39781,0.41228,0.49275,0.48269,0.39155,0.28712,0.20679,0.09670,0.01612,-0.04420,-0.11894,-0.18147,-0.21992,-0.10140,-0.10787,-0.23203,-0.19970,-0.10583,-0.22706,-0.28417,-0.43293,-0.54873,-0.66301,-0.72464,-0.64419,-0.58519,-0.49959,-0.39320,-0.28992,-0.21070,-0.12538,-0.08619,0.01420,0.05150,0.13775,0.19191,0.21387,0.24890,0.28268,0.27366,0.32886,0.27629,0.30109,0.25709,0.32524,0.39632,0.47446,0.53208,0.50860,0.57188,0.52706,0.45975,0.46721,0.46169,0.40079,0.37113,0.34368,0.31435,0.31146,0.22220,0.21147,0.15839,0.07306,0.00071,-0.07757,-0.06718,-0.12099,-0.12778,-0.06739,-0.11206,-0.15655,-0.10764,-0.10686,-0.06848,-0.09791,-0.05980,0.00501,0.00420,-0.01303,-0.08469,-0.09629,-0.19239,-0.19045,-0.23636,-0.20281,-0.16629,-0.10362,-0.01145,0.01728,0.09667,0.10660,0.18564,0.19117,0.19513,0.11153,-0.01452,-0.01913,0.05211,0.11829,0.17472,0.26984,0.31312,0.40104,0.38356,0.33920,0.31884,0.27332,0.18360,0.11440,0.03366,-0.05437,-0.14452,-0.19705,-0.28941,-0.37675,-0.41229,-0.51246,-0.51401,-0.58395,-0.61029,-0.61999,-0.66807,-0.70900,-0.63371,-0.66570
-0.11016,-0.09140,-0.09825,-0.01331,0.06888,0.05539,0.07106,0.17693,0.23497,0.20434,0.26273,0.20120,0.13244,0.04548,-0.01290,-0.08870,-0.08547,-0.15151,-0.20384,-0.19591,-0.12007,-0.07761,-0.03345,-0.09717,-0.11369,-0.04213,-0.04415,-0.12100,-0.08880,-0.02053,-0.07252,-0.12929,-0.06501,-0.00021,-0.06973,-0.07769,-0.16744,-0.17198,-0.17410,-0.26108,-0.29862,-0.30149,-0.27865,-0.21515,-0.25302,-0.20916,-0.25660,-0.19678,-0.10094,-0.03616,0.04584,0.12128,0.20669,0.28311,0.33353,0.40847,0.39681,0.36889,0.43273,0.48175,0.44072,0.44018,0.49128,0.46474,0.39687,0.42720,0.44431,0.40308,0.36005,0.33027,0.27258,0.20753,0.21495,0.16287,0.19712,0.11773,0.13761,0.05303,-0.02941,0.04860,0.18722,0.15881,0.19107,0.33486,0.30652,0.25162,0.32824,0.43898,0.40318,0.43692,0.55547,0.61853,0.67063,0.75690,0.82374,0.87488,0.82242,0.83336,0.77513,0.75678,0.70309,0.63553,0.58389,0.59743,0.66774,0.66231,0.58475,0.49297,0.41914,0.31642,0.23821,0.17953,0.10477,0.04370,0.00349,0.12233,0.11815,-0.00675,0.02564,0.12115,-0.00130,-0.06107,-0.21974,-0.35144,-0.48067,-0.56303,-0.46685,-0.39005,-0.29366,-0.17703,-0.06709,0.01571,0.10182,0.14081,0.23889,0.27440,0.35564,0.40546,0.42433,0.45568,0.48441,0.47540,0.52299,0.47402,0.49385,0.44982,0.50998,0.57522,0.64277,0.69412,0.67835,0.73083,0.69511,0.63839,0.64314,0.63942,0.58829,0.56276,0.54041,0.51396,0.50964,0.42823,0.41629,0.36537,0.28481,0.21212,0.13987,0.15225,0.10086,0.09329,0.15337,0.10961,0.06673,0.11650,0.11815,0.15607,0.12733,0.16447,0.22794,0.22800,0.21086,0.14089,0.12837,0.03210,0.03227,-0.01547,0.01749,0.05199,0.11106,0.20157,0.22481,0.29903,0.30300,0.37574,0.38568,0.38905,0.31854,0.19920,0.19925,0.26914,0.33343,0.38728,0.47513,0.51498,0.59282,0.57849,0.54012,0.52188,0.48071,0.39905,0.33441,0.25752,0.17190,0.08228,0.02873,-0.06614,-0.15900,-0.19609,-0.30582,-0.30712,-0.38555,-0.41638,-0.42858,-0.48568,-0.53601,-0.45280,-0.50905
-0.17508,-0.15891,-0.18003,-0.10040,-0.01457,-0.03605,-0.03103,0.07616,0.13450,0.09331,0.14914,0.08105,0.01163,-0.07421,-0.13288,-0.20765,-0.20948,-0.27271,-0.32437,-0.31825,-0.24785,-0.21099,-0.16813,-0.22877,-0.24835,-0.18209,-0.18270,-0.25677,-0.22974,-0.16489,-0.21389,-0.27002,-0.21189,-0.15031,-0.21706,-0.22772,-0.31365,-0.31921,-0.31998,-0.40186,-0.43254,-0.43211,-0.41034,-0.34690,-0.37807,-0.33385,-0.37265,-0.31479,-0.22652,-0.16091,-0.08337,-0.00748,0.07742,0.15644,0.21060,0.28321,0.26636,0.23543,0.30181,0.35122,0.30495,0.30381,0.35447,0.32486,0.25521,0.28477,0.30025,0.25546,0.21004,0.18214,0.12327,0.06022,0.06702,0.01668,0.05350,-0.02217,0.00364,-0.07153,-0.14558,-0.06159,0.06729,0.03586,0.07746,0.21660,0.17979,0.12839,0.21134,0.31988,0.27543,0.30422,0.42720,0.49174,0.54949,0.64942,0.72408,0.78703,0.71994,0.72841,0.65732,0.63484,0.57592,0.50071,0.44147,0.45680,0.53589,0.53304,0.44951,0.35311,0.27349,0.16796,0.08640,0.02740,-0.04799,-0.10452,-0.14576,-0.02964,-0.02881,-0.14927,-0.11921,-0.02146,-0.13546,-0.19160,-0.33954,-0.46012,-0.57743,-0.63511,-0.54766,-0.49217,-0.40282,-0.29545,-0.19248,-0.11887,-0.03535,-0.00059,0.09646,0.13033,0.21047,0.26036,0.27690,0.30889,0.33694,0.32634,0.37545,0.32258,0.34266,0.29585,0.35970,0.43087,0.50539,0.56325,0.54656,0.60748,0.56681,0.50273,0.50696,0.50341,0.44796,0.42028,0.39813,0.36918,0.36296,0.27636,0.26255,0.20881,0.12638,0.05147,-0.01869,-0.00529,-0.05437,-0.06279,-0.00306,-0.04625,-0.08621,-0.03571,-0.03264,0.00574,-0.02062,0.01599,0.07882,0.07952,0.06042,-0.00866,-0.02323,-0.11657,-0.11973,-0.16735,-0.13637,-0.10489,-0.04880,0.04116,0.06347,0.13817,0.14217,0.21769,0.22800,0.23222,0.15974,0.03930,0.04184,0.11303,0.17989,0.23669,0.32946,0.37359,0.45769,0.44484,0.40778,0.38910,0.34204,0.25910,0.19606,0.12022,0.03458,-0.05235,-0.10164,-0.19464,-0.27957,-0.31913,-0.42143,-0.42737,-0.50224,-0.53263,-0.54854,-0.60113,-0.64192,-0.56542,-0.60690
-0.26125,-0.24864,-0.28648,-0.21514,-0.12683,-0.15712,-0.16494,-0.05888,-0.00180,-0.05460,-0.00301,-0.07682,-0.14536,-0.22839,-0.28583,-0.35792,-0.36535,-0.42342,-0.47338,-0.46966,-0.40760,-0.37866,-0.33813,-0.39345,-0.41605,-0.35782,-0.35664,-0.42566,-0.40561,-0.34634,-0.39058,-0.44416,-0.39496,-0.33867,-0.40045,-0.41340,-0.49220,-0.49843,-0.49852,-0.57200,-0.59470,-0.59037,-0.57027,-0.50869,-0.53114,-0.48784,-0.51508,-0.46098,-0.38398,-0.31898,-0.24838,-0.17368,-0.09099,-0.01096,0.04676,0.11497,0.09228,0.05843,0.12712,0.17596,0.12417,0.12295,0.17225,0.13912,0.06847,0.09692,0.11031,0.06247,0.01522,-0.01008,-0.06948,-0.12918,-0.12369,-0.17137,-0.13267,-0.20287,-0.17100,-0.23407,-0.29601,-0.20635,-0.09079,-0.12499,-0.07360,0.05668,0.01124,-0.03465,0.05411,0.15743,0.10398,0.12649,0.25255,0.31770,0.38081,0.49562,0.57913,0.65394,0.56989,0.57561,0.49135,0.46359,0.39809,0.31550,0.24949,0.26701,0.35490,0.35501,0.26591,0.16565,0.08050,-0.02591,-0.10966,-0.16775,-0.24247,-0.29220,-0.33374,-0.22427,-0.21778,-0.32996,-0.30415,-0.20591,-0.30648,-0.35579,-0.48729,-0.58973,-0.69052,-0.71814,-0.64334,-0.61530,-0.53622,-0.44261,-0.35095,-0.28995,-0.21147,-0.18228,-0.08817,-0.05664,0.02026,0.06961,0.08323,0.11556,0.14246,0.12997,0.17978,0.12303,0.14320,0.09309,0.16108,0.23772,0.31957,0.38526,0.36667,0.43689,0.39106,0.31955,0.32287,0.31977,0.26006,0.23009,0.20834,0.17696,0.16819,0.07719,0.06108,0.00500,-0.07822,-0.15459,-0.22099,-0.20607,-0.25135,-0.26003,-0.20147,-0.24245,-0.27851,-0.22727,-0.22216,-0.18419,-0.20704,-0.17095,-0.11072,-0.11049,-0.13166,-0.19858,-0.21573,-0.30398,-0.31136,-0.35769,-0.33016,-0.30286,-0.25127,-0.16361,-0.14323,-0.06854,-0.06230,0.01169,0.02233,0.02680,-0.04632,-0.16563,-0.16037,-0.08896,-0.02002,0.03925,0.13595,0.18458,0.27463,0.26412,0.22890,0.21008,0.15701,0.07402,0.01421,-0.05910,-0.14257,-0.22465,-0.26822,-0.35654,-0.42999,-0.47247,-0.56274,-0.57363,-0.64203,-0.67076,-0.69012,-0.73320,-0.76248,-0.69641,-0.71799
-0.05069,-0.03563,-0.06495,0.01286,0.10120,0.07501,0.07176,0.17785,0.23465,0.18596,0.23734,0.16581,0.09728,0.01254,-0.04698,-0.12311,-0.12992,-0.19273,-0.24785,-0.24314,-0.17489,-0.14444,-0.10143,-0.15999,-0.18493,-0.12348,-0.12182,-0.19589,-0.17571,-0.11332,-0.15949,-0.21806,-0.16763,-0.10945,-0.17427,-0.19302,-0.28003,-0.29088,-0.28604,-0.36837,-0.38954,-0.38152,-0.35806,-0.28701,-0.31177,-0.26350,-0.29456,-0.23445,-0.15001,-0.08097,-0.00709,0.06929,0.15193,0.23043,0.28599,0.34963,0.32761,0.29479,0.35929,0.40373,0.35445,0.35284,0.39586,0.36422,0.29956,0.32445,0.33461,0.28835,0.24311,0.22222,0.16486,0.10843,0.11314,0.06671,0.10682,0.03786,0.07207,0.00811,-0.05790,0.03304,0.15243,0.11809,0.16790,0.29514,0.25209,0.20780,0.29309,0.38976,0.33933,0.35836,0.47163,0.52676,0.58230,0.68067,0.74292,0.79972,0.73285,0.72729,0.65654,0.62513,0.57875,0.51072,0.44652,0.46387,0.54340,0.55018,0.47469,0.38721,0.30654,0.20647,0.12279,0.06531,-0.01160,-0.05877,-0.10378,0.00704,0.01843,-0.09555,-0.07062,0.03316,-0.06777,-0.11912,-0.26279,-0.38236,-0.50238,-0.54963,-0.45555,-0.41183,-0.31946,-0.21351,-0.11412,-0.05004,0.03033,0.05832,0.15140,0.18114,0.25288,0.29781,0.30705,0.33552,0.35611,0.34292,0.38445,0.32977,0.34405,0.29118,0.35279,0.42519,0.49761,0.55930,0.54921,0.61000,0.57340,0.51151,0.51083,0.51006,0.46020,0.43424,0.41875,0.38970,0.37807,0.29339,0.27454,0.21910,0.13931,0.05975,0.00037,0.01891,-0.02347,-0.03331,0.02600,-0.01415,-0.04789,0.00605,0.01311,0.05169,0.03023,0.06631,0.12533,0.12633,0.10394,0.03786,0.01787,-0.07151,-0.08248,-0.13199,-0.10582,-0.08144,-0.03429,0.05333,0.06634,0.13654,0.13667,0.20274,0.21948,0.22277,0.16488,0.05126,0.06365,0.13587,0.20485,0.26334,0.35428,0.40112,0.48219,0.47627,0.44817,0.43201,0.38129,0.30651,0.25172,0.18178,0.09973,0.01711,-0.02760,-0.12030,-0.19984,-0.24669,-0.34841,-0.36014,-0.43992,-0.47474,-0.49879,-0.55215,-0.59098,-0.51581,-0.56565
0.14586,0.16117,0.13329,0.20647,0.28999,0.26541,0.25869,0.35712,0.40965,0.36176,0.40617,0.33831,0.27501,0.19593,0.13895,0.06643,0.05592,-0.00577,-0.06196,-0.05837,0.00758,0.03334,0.07324,0.01901,-0.00837,0.04777,0.05120,-0.02079,-0.00576,0.05291,0.01056,-0.04800,-0.00474,0.04844,-0.01228,-0.03735,-0.12293,-0.13736,-0.12796,-0.21186,-0.22378,-0.20982,-0.18513,-0.10965,-0.13021,-0.07977,-0.10677,-0.04542,0.03524,0.10337,0.17142,0.24364,0.31953,0.39162,0.44229,0.49365,0.47055,0.43922,0.49572,0.53199,0.48578,0.48354,0.51598,0.48634,0.43228,0.45026,0.45490,0.41142,0.37052,0.35788,0.30705,0.26026,0.26335,0.22346,0.26374,0.20438,0.24305,0.19102,0.13164,0.22186,0.32880,0.29401,0.34459,0.45562,0.41194,0.37500,0.45410,0.53479,0.48465,0.49466,0.58835,0.62847,0.67488,0.75602,0.79448,0.83557,0.78334,0.76364,0.70444,0.66919,0.64463,0.59275,0.52970,0.54661,0.61712,0.63246,0.57376,0.50421,0.43067,0.34389,0.26463,0.21248,0.13951,0.10195,0.05635,0.15752,0.17666,0.07393,0.09372,0.19653,0.11000,0.06157,-0.07649,-0.19723,-0.32204,-0.37088,-0.26958,-0.22439,-0.12889,-0.02354,0.07173,0.12703,0.20044,0.22189,0.30544,0.32914,0.38877,0.42511,0.42717,0.44919,0.46075,0.44684,0.47714,0.42588,0.43313,0.38026,0.43122,0.49845,0.55950,0.61746,0.61515,0.66691,0.63909,0.58722,0.58239,0.58466,0.54643,0.52554,0.51854,0.49273,0.47767,0.40263,0.38139,0.32870,0.25813,0.18001,0.13454,0.15637,0.12198,0.11112,0.16679,0.13126,0.10471,0.15889,0.16842,0.20424,0.18655,0.22009,0.27350,0.27481,0.25199,0.19238,0.16970,0.08731,0.07094,0.02211,0.04314,0.06041,0.09697,0.17675,0.18033,0.24047,0.23521,0.28815,0.31124,0.31564,0.27643,0.17662,0.19735,0.26419,0.33014,0.38506,0.46590,0.51003,0.57951,0.58043,0.56408,0.55082,0.50232,0.44148,0.39789,0.33865,0.26492,0.19039,0.15146,0.06366,-0.01156,-0.06179,-0.16301,-0.17797,-0.26084,-0.29934,-0.32839,-0.38441,-0.42629,-0.35368,-0.42337
0.07198,0.08016,0.01974,0.07091,0.15370,0.11276,0.07848,0.16674,0.21309,0.14419,0.17456,0.09916,0.04286,-0.02383,-0.07468,-0.13701,-0.15987,-0.20792,-0.25850,-0.26039,-0.21433,-0.20764,-0.17580,-0.21553,-0.24928,-0.21429,-0.20668,-0.26428,-0.26637,-0.22354,-0.25218,-0.30349,-0.28364,-0.24560,-0.29190,-0.32483,-0.39243,-0.40998,-0.39488,-0.45697,-0.44815,-0.42408,-0.40433,-0.33314,-0.33355,-0.28606,-0.28678,-0.23547,-0.18348,-0.11986,-0.07191,-0.00713,0.05697,0.12535,0.17848,0.21222,0.17796,0.14303,0.19652,0.22587,0.17251,0.16867,0.19184,0.15816,0.10971,0.12119,0.11810,0.07154,0.03102,0.02874,-0.01740,-0.05005,-0.05005,-0.07877,-0.03583,-0.07576,-0.02349,-0.04175,-0.07048,0.02617,0.09452,0.05420,0.12203,0.20324,0.14301,0.12126,0.20529,0.26420,0.19864,0.19099,0.27661,0.30802,0.35924,0.45790,0.49994,0.55620,0.47990,0.44791,0.36988,0.32436,0.29986,0.24310,0.16893,0.18853,0.26923,0.29429,0.23535,0.17090,0.09356,0.01501,-0.06304,-0.10867,-0.17450,-0.19178,-0.23598,-0.15670,-0.12294,-0.19896,-0.19034,-0.09158,-0.14033,-0.17212,-0.26704,-0.34466,-0.43481,-0.42021,-0.34515,-0.35832,-0.28764,-0.21584,-0.14927,-0.12654,-0.06980,-0.06470,0.00372,0.01894,0.06340,0.09222,0.08434,0.10266,0.10659,0.09006,0.11482,0.06038,0.06445,0.00942,0.05980,0.13232,0.19953,0.26776,0.26591,0.32946,0.29614,0.23653,0.22770,0.23130,0.19197,0.17045,0.16920,0.14175,0.12148,0.04581,0.02014,-0.03300,-0.09708,-0.17404,-0.20325,-0.17889,-0.20008,-0.21228,-0.16415,-0.19211,-0.20576,-0.15363,-0.13944,-0.10765,-0.11561,-0.08693,-0.04387,-0.04096,-0.06686,-0.11565,-0.14369,-0.20856,-0.23488,-0.27732,-0.26691,-0.26218,-0.24169,-0.17378,-0.17849,-0.12658,-0.13387,-0.08775,-0.06165,-0.05518,-0.08594,-0.17222,-0.14253,-0.08068,-0.01573,0.03871,0.11871,0.16826,0.24040,0.24915,0.24339,0.23215,0.17492,0.12387,0.09415,0.04842,-0.01372,-0.07072,-0.09319,-0.16531,-0.21133,-0.26602,-0.33814,-0.36390,-0.43230,-0.46747,-0.50515,-0.54269,-0.55900,-0.51253,-0.54584
0.30447,0.31369,0.26709,0.30525,0.36986,0.33931,0.30773,0.37219,0.40823,0.35222,0.36878,0.31131,0.26945,0.21989,0.17973,0.13189,0.10968,0.06837,0.02483,0.01999,0.05885,0.06130,0.08417,0.05570,0.02543,0.05045,0.05945,0.01340,0.00686,0.04021,0.02146,-0.02225,-0.01240,0.01555,-0.01890,-0.05146,-0.10545,-0.12350,-0.10705,-0.16627,-0.14588,-0.12171,-0.10528,-0.04094,-0.03907,0.00210,0.00393,0.04886,0.08972,0.14217,0.17654,0.22669,0.27204,0.32214,0.35981,0.37523,0.34681,0.31883,0.35341,0.36901,0.32960,0.32469,0.33284,0.30811,0.27911,0.28103,0.27325,0.23862,0.21031,0.21749,0.18724,0.17064,0.16972,0.15350,0.19013,0.16800,0.21632,0.21415,0.19422,0.27343,0.32175,0.28391,0.33996,0.39279,0.33881,0.32531,0.38786,0.42171,0.36985,0.35444,0.40285,0.41306,0.44590,0.50724,0.51241,0.54136,0.49785,0.45586,0.40404,0.36364,0.36998,0.34039,0.28053,0.29446,0.35037,0.38010,0.35062,0.31767,0.26226,0.21187,0.15314,0.11923,0.07104,0.06632,0.02942,0.08635,0.12190,0.07015,0.07481,0.15517,0.12695,0.10135,0.02605,-0.03958,-0.12536,-0.11577,-0.04428,-0.05277,0.00886,0.06975,0.12274,0.13344,0.17342,0.17031,0.21716,0.22299,0.24716,0.26082,0.24663,0.25468,0.24873,0.23519,0.24312,0.20245,0.19964,0.15597,0.18681,0.23919,0.27970,0.32980,0.33792,0.37753,0.35960,0.32294,0.31114,0.31686,0.29786,0.28630,0.29470,0.27615,0.25710,0.20622,0.18362,0.14309,0.09962,0.03714,0.02692,0.05045,0.04027,0.02822,0.06460,0.04539,0.04146,0.08591,0.09974,0.12224,0.11928,0.13886,0.16952,0.17354,0.15215,0.11834,0.09328,0.04522,0.01818,-0.01584,-0.01208,-0.01562,-0.00902,0.03993,0.02545,0.05900,0.04497,0.07066,0.10015,0.10809,0.10273,0.04598,0.07885,0.12402,0.17508,0.21390,0.26843,0.30574,0.35125,0.36553,0.37353,0.36640,0.32280,0.29613,0.28232,0.25607,0.21328,0.17432,0.16144,0.10614,0.07112,0.02224,-0.03854,-0.06152,-0.12421,-0.15702,-0.19590,-0.23356,-0.24882,-0.21358,-0.26820
0.24981,0.24167,0.17453,0.15755,0.18143,0.14453,0.08591,0.09160,0.09582,0.03826,0.01970,-0.01582,-0.02042,-0.01965,-0.02766,-0.03383,-0.06564,-0.06381,-0.07699,-0.08795,-0.10116,-0.13361,-0.13530,-0.12456,-0.15120,-0.17499,-0.16338,-0.16086,-0.19358,-0.20502,-0.18881,-0.19860,-0.23590,-0.24941,-0.23967,-0.27508,-0.27321,-0.29182,-0.26860,-0.26430,-0.21127,-0.18040,-0.17938,-0.14922,-0.11675,-0.09870,-0.05430,-0.05002,-0.07808,-0.06139,-0.08063,-0.07178,-0.07535,-0.06324,-0.04614,-0.07752,-0.10848,-0.12627,-0.12246,-0.13337,-0.15955,-0.16531,-0.18821,-0.20329,-0.19667,-0.21389,-0.23376,-0.25169,-0.26027,-0.23261,-0.23268,-0.20887,-0.21416,-0.19824,-0.17568,-0.14376,-0.09537,-0.03166,0.00935,0.05749,0.00470,-0.02110,0.02794,-0.00618,-0.05596,-0.03459,-0.00487,-0.03761,-0.08370,-0.12497,-0.13232,-0.15632,-0.14039,-0.10182,-0.11935,-0.09651,-0.13942,-0.19256,-0.23494,-0.27388,-0.24901,-0.25404,-0.29751,-0.29009,-0.25840,-0.22037,-0.21722,-0.20781,-0.23115,-0.22961,-0.25041,-0.25116,-0.25980,-0.22145,-0.23651,-0.25081,-0.20375,-0.17696,-0.19310,-0.16096,-0.10360,-0.08992,-0.05608,-0.02559,-0.01392,0.09133,0.08890,-0.00580,-0.01605,-0.04104,-0.06278,-0.11586,-0.12807,-0.16141,-0.17102,-0.18838,-0.21131,-0.22571,-0.25467,-0.26342,-0.28645,-0.29744,-0.31335,-0.33100,-0.34414,-0.36687,-0.36440,-0.33829,-0.32419,-0.29311,-0.27620,-0.25221,-0.25813,-0.27681,-0.29422,-0.28720,-0.28417,-0.28452,-0.26321,-0.27047,-0.29012,-0.30409,-0.32114,-0.33921,-0.33950,-0.36336,-0.32972,-0.31279,-0.29067,-0.30124,-0.30137,-0.29571,-0.27103,-0.25519,-0.23934,-0.23642,-0.21754,-0.21998,-0.22818,-0.22090,-0.23646,-0.22770,-0.24828,-0.23550,-0.26972,-0.27603,-0.29220,-0.32030,-0.35187,-0.35586,-0.38560,-0.39624,-0.41415,-0.41933,-0.39266,-0.38534,-0.35544,-0.34664,-0.31088,-0.30358,-0.28388,-0.27169,-0.25758,-0.23528,-0.22231,-0.19847,-0.16792,-0.16404,-0.19481,-0.17598,-0.15178,-0.13346,-0.12884,-0.11290,-0.08835,-0.08767,-0.05436,-0.08408,-0.06769,-0.09681,-0.10982,-0.12348,-0.16344,-0.16254,-0.12900,-0.14382,-0.12792
-0.23385,-0.24210,-0.29141,-0.29956,-0.27787,-0.30581,-0.34357,-0.32801,-0.31449,-0.35546,-0.35614,-0.38855,-0.40037,-0.40764,-0.41540,-0.42141,-0.43891,-0.43833,-0.44325,-0.44853,-0.45406,-0.46793,-0.46919,-0.46728,-0.47956,-0.48756,-0.48301,-0.48248,-0.49412,-0.49708,-0.49024,-0.49298,-0.50663,-0.50737,-0.50587,-0.52016,-0.51546,-0.51897,-0.51101,-0.50208,-0.47854,-0.47036,-0.47531,-0.46688,-0.45342,-0.44771,-0.42452,-0.42683,-0.44335,-0.43521,-0.43980,-0.42811,-0.42014,-0.40101,-0.38219,-0.38166,-0.40006,-0.41547,-0.39919,-0.39021,-0.41315,-0.41755,-0.41210,-0.42450,-0.43994,-0.44006,-0.44249,-0.46027,-0.47354,-0.46962,-0.47945,-0.47966,-0.47855,-0.47837,-0.46335,-0.45490,-0.42915,-0.40044,-0.38386,-0.35198,-0.37034,-0.39046,-0.36097,-0.35207,-0.38631,-0.39054,-0.36012,-0.35030,-0.38243,-0.39238,-0.35743,-0.34807,-0.31720,-0.25814,-0.22440,-0.16838,-0.22692,-0.23437,-0.28989,-0.30555,-0.33050,-0.36656,-0.40112,-0.39872,-0.35840,-0.35071,-0.38532,-0.41323,-0.44139,-0.46450,-0.48446,-0.49362,-0.50180,-0.49351,-0.49916,-0.49333,-0.47781,-0.47487,-0.47690,-0.45731,-0.44098,-0.44072,-0.41994,-0.37718,-0.36080,-0.27963,-0.30937,-0.37866,-0.39969,-0.42282,-0.43267,-0.45646,-0.45587,-0.46796,-0.45891,-0.46107,-0.45331,-0.44838,-0.45311,-0.44823,-0.44611,-0.44955,-0.43682,-0.45354,-0.44492,-0.45103,-0.43320,-0.40370,-0.37247,-0.34808,-0.35840,-0.32533,-0.34942,-0.38319,-0.38566,-0.38845,-0.40968,-0.41868,-0.42022,-0.42997,-0.43401,-0.46217,-0.46500,-0.48153,-0.49674,-0.51034,-0.51520,-0.51421,-0.51527,-0.52133,-0.51713,-0.52318,-0.52036,-0.51480,-0.50859,-0.50305,-0.49914,-0.49676,-0.49194,-0.48587,-0.49338,-0.49749,-0.50265,-0.50603,-0.51700,-0.51885,-0.51995,-0.52295,-0.52294,-0.51491,-0.51456,-0.50580,-0.50782,-0.47731,-0.47068,-0.46100,-0.48639,-0.50653,-0.50296,-0.49406,-0.47630,-0.46446,-0.43636,-0.41769,-0.38620,-0.38408,-0.38621,-0.38972,-0.41485,-0.42788,-0.43354,-0.43912,-0.45068,-0.45230,-0.44373,-0.44673,-0.43039,-0.43912,-0.42320,-0.43483,-0.43208,-0.43118,-0.44665,-0.43959,-0.40526,-0.41472,-0.36370
-0.29133,-0.30900,-0.36443,-0.41244,-0.42386,-0.45134,-0.50004,-0.52878,-0.54359,-0.57634,-0.60277,-0.61077,-0.59296,-0.56264,-0.54470,-0.51709,-0.53735,-0.50412,-0.48399,-0.49395,-0.53900,-0.57438,-0.59415,-0.56210,-0.56771,-0.61061,-0.60457,-0.56804,-0.59655,-0.63165,-0.60024,-0.57677,-0.62176,-0.65302,-0.61872,-0.62502,-0.57991,-0.57959,-0.57452,-0.52364,-0.48397,-0.47315,-0.48854,-0.51155,-0.47769,-0.49170,-0.44282,-0.47343,-0.53666,-0.55631,-0.59901,-0.62025,-0.64820,-0.66087,-0.66087,-0.69234,-0.70849,-0.71293,-0.72101,-0.73201,-0.74032,-0.74304,-0.75797,-0.76157,-0.75042,-0.76249,-0.77209,-0.77378,-0.76996,-0.75433,-0.74174,-0.71499,-0.71788,-0.69536,-0.69554,-0.65302,-0.63687,-0.57097,-0.51241,-0.51294,-0.59460,-0.60042,-0.57821,-0.63442,-0.66069,-0.63682,-0.63457,-0.67186,-0.69456,-0.72043,-0.73126,-0.74388,-0.73343,-0.70091,-0.68349,-0.64390,-0.69331,-0.70214,-0.73964,-0.74949,-0.76084,-0.77518,-0.78941,-0.78922,-0.77300,-0.76396,-0.77052,-0.76523,-0.76617,-0.74760,-0.73556,-0.71936,-0.69609,-0.66045,-0.64850,-0.69570,-0.67791,-0.62016,-0.63846,-0.66096,-0.58901,-0.55863,-0.46192,-0.35583,-0.27080,-0.14029,-0.21659,-0.33247,-0.39997,-0.48076,-0.54360,-0.60705,-0.64408,-0.67334,-0.70652,-0.72341,-0.74984,-0.76359,-0.77612,-0.78302,-0.79184,-0.79326,-0.79773,-0.79660,-0.79632,-0.78623,-0.78944,-0.78446,-0.77588,-0.76731,-0.77263,-0.75450,-0.76762,-0.78272,-0.78661,-0.78776,-0.79189,-0.79305,-0.78702,-0.78818,-0.79104,-0.78891,-0.78814,-0.78443,-0.76687,-0.74951,-0.72333,-0.72708,-0.70534,-0.70746,-0.72928,-0.71589,-0.69340,-0.70924,-0.70379,-0.71415,-0.69764,-0.71044,-0.73216,-0.72805,-0.72900,-0.70357,-0.70455,-0.66411,-0.67574,-0.65685,-0.67245,-0.69172,-0.71779,-0.74867,-0.75738,-0.77953,-0.78048,-0.78225,-0.78229,-0.77594,-0.77173,-0.74183,-0.73852,-0.75966,-0.76846,-0.77571,-0.78157,-0.77697,-0.77310,-0.76542,-0.75231,-0.74867,-0.75958,-0.74178,-0.71912,-0.69303,-0.66747,-0.62976,-0.59721,-0.55856,-0.49606,-0.48994,-0.42029,-0.43354,-0.39170,-0.37519,-0.38495,-0.34663,-0.28405,-0.33265,-0.23827
-0.59795,-0.61223,-0.66448,-0.69562,-0.69315,-0.72064,-0.75817,-0.76446,-0.76735,-0.79936,-0.80761,-0.82388,-0.82064,-0.80772,-0.79904,-0.78242,-0.79496,-0.77237,-0.75591,-0.76293,-0.79396,-0.81509,-0.82674,-0.80785,-0.80920,-0.83476,-0.83214,-0.80862,-0.82361,-0.84391,-0.82581,-0.80861,-0.83240,-0.84833,-0.82849,-0.82355,-0.79140,-0.78290,-0.78747,-0.74733,-0.72942,-0.73047,-0.74429,-0.76827,-0.74733,-0.76058,-0.72777,-0.75208,-0.79575,-0.80815,-0.83176,-0.83967,-0.84765,-0.84364,-0.83322,-0.83622,-0.84932,-0.85730,-0.84711,-0.84050,-0.85520,-0.85623,-0.84828,-0.85669,-0.86889,-0.86628,-0.86475,-0.87341,-0.87923,-0.88106,-0.88366,-0.87998,-0.87927,-0.87335,-0.87203,-0.85589,-0.84769,-0.81379,-0.77849,-0.77359,-0.81549,-0.82320,-0.80231,-0.81608,-0.84021,-0.83470,-0.81820,-0.81660,-0.83991,-0.84610,-0.81561,-0.79642,-0.76814,-0.70642,-0.64883,-0.58406,-0.65360,-0.63718,-0.69239,-0.69456,-0.74312,-0.78852,-0.80690,-0.80589,-0.77216,-0.77979,-0.81896,-0.84955,-0.86691,-0.87872,-0.87998,-0.87717,-0.86808,-0.85651,-0.84638,-0.86533,-0.86369,-0.83787,-0.84441,-0.85776,-0.82497,-0.80741,-0.74038,-0.65274,-0.57974,-0.47126,-0.54201,-0.63927,-0.69711,-0.75797,-0.80041,-0.83714,-0.85400,-0.86669,-0.87478,-0.87729,-0.87586,-0.87081,-0.86836,-0.86248,-0.85322,-0.85305,-0.83418,-0.84260,-0.82822,-0.82163,-0.80330,-0.78537,-0.75430,-0.73589,-0.75889,-0.72415,-0.75403,-0.78772,-0.78286,-0.78882,-0.81642,-0.82673,-0.83718,-0.84467,-0.84118,-0.86144,-0.85659,-0.86130,-0.86609,-0.85686,-0.86051,-0.86845,-0.86674,-0.86709,-0.87581,-0.87420,-0.86884,-0.87797,-0.87835,-0.88215,-0.87619,-0.88006,-0.88644,-0.88437,-0.88502,-0.87733,-0.87470,-0.85733,-0.85856,-0.84527,-0.84775,-0.85128,-0.85303,-0.86235,-0.85276,-0.85073,-0.83689,-0.81722,-0.82828,-0.82361,-0.85501,-0.85866,-0.86953,-0.87733,-0.87573,-0.87275,-0.85591,-0.84536,-0.81745,-0.82235,-0.83189,-0.83590,-0.85217,-0.86539,-0.86740,-0.86654,-0.86206,-0.84770,-0.83128,-0.80906,-0.76818,-0.76082,-0.70729,-0.71337,-0.67589,-0.65727,-0.65769,-0.61971,-0.56641,-0.60370,-0.50198
-0.75640,-0.76243,-0.79177,-0.80003,-0.78821,-0.80352,-0.81617,-0.80103,-0.78847,-0.80608,-0.79398,-0.81264,-0.82485,-0.83118,-0.83289,-0.82943,-0.83011,-0.82378,-0.81244,-0.81441,-0.82286,-0.82051,-0.82178,-0.82170,-0.81518,-0.81455,-0.81694,-0.81107,-0.80454,-0.80406,-0.80335,-0.79503,-0.78871,-0.78366,-0.78314,-0.76702,-0.75457,-0.73910,-0.75241,-0.73293,-0.74287,-0.75806,-0.76854,-0.79275,-0.79502,-0.80581,-0.80195,-0.81557,-0.82745,-0.83269,-0.83074,-0.82473,-0.81180,-0.79295,-0.77867,-0.74932,-0.75199,-0.76055,-0.73693,-0.71270,-0.72701,-0.72717,-0.69699,-0.70518,-0.73702,-0.72063,-0.70537,-0.71708,-0.72994,-0.75022,-0.76549,-0.78681,-0.78033,-0.79193,-0.79063,-0.80371,-0.80930,-0.81756,-0.82023,-0.81544,-0.80658,-0.81362,-0.80518,-0.76812,-0.78222,-0.80167,-0.77876,-0.73412,-0.74808,-0.72883,-0.66331,-0.61655,-0.57802,-0.50666,-0.42351,-0.34674,-0.41499,-0.37293,-0.43090,-0.41951,-0.49368,-0.55717,-0.57292,-0.57487,-0.53491,-0.56131,-0.62303,-0.68238,-0.70760,-0.74662,-0.75779,-0.76912,-0.77154,-0.79070,-0.78214,-0.76671,-0.78629,-0.79939,-0.78801,-0.79336,-0.81376,-0.81908,-0.80113,-0.75473,-0.70999,-0.65107,-0.70497,-0.75326,-0.79122,-0.81871,-0.82772,-0.82461,-0.81752,-0.80831,-0.78915,-0.77767,-0.74553,-0.72306,-0.70323,-0.68598,-0.65820,-0.65477,-0.61639,-0.62892,-0.60203,-0.59401,-0.56361,-0.54085,-0.49755,-0.48055,-0.51410,-0.47516,-0.51473,-0.55727,-0.54316,-0.55375,-0.59587,-0.61265,-0.63810,-0.64875,-0.63591,-0.67158,-0.65991,-0.67094,-0.69463,-0.68978,-0.72650,-0.73991,-0.76128,-0.76007,-0.75571,-0.76765,-0.78287,-0.78769,-0.79667,-0.79452,-0.80332,-0.79964,-0.78653,-0.78465,-0.78189,-0.79333,-0.78313,-0.79270,-0.77874,-0.77291,-0.75960,-0.74265,-0.71662,-0.70368,-0.67389,-0.64975,-0.62836,-0.58377,-0.60438,-0.59831,-0.66356,-0.70051,-0.72795,-0.72344,-0.71434,-0.70609,-0.67288,-0.66232,-0.61909,-0.63910,-0.67094,-0.68315,-0.69727,-0.73857,-0.76805,-0.79247,-0.81187,-0.82428,-0.82871,-0.82722,-0.82040,-0.80761,-0.78287,-0.77651,-0.75076,-0.73249,-0.72068,-0.69988,-0.66901,-0.68657,-0.60252
-0.76061,-0.75532,-0.77644,-0.73946,-0.69111,-0.70631,-0.70238,-0.63666,-0.59639,-0.62032,-0.57916,-0.62153,-0.66603,-0.71482,-0.74482,-0.77924,-0.77347,-0.80229,-0.81768,-0.81406,-0.78191,-0.75422,-0.73185,-0.76566,-0.76488,-0.72434,-0.72953,-0.76429,-0.73751,-0.70089,-0.73044,-0.75031,-0.70711,-0.66856,-0.70539,-0.69060,-0.72299,-0.71099,-0.72709,-0.75283,-0.78842,-0.80810,-0.80512,-0.79692,-0.81997,-0.81083,-0.83680,-0.81779,-0.77674,-0.75118,-0.70680,-0.66498,-0.61068,-0.55694,-0.52074,-0.45279,-0.45707,-0.47612,-0.42345,-0.37593,-0.40622,-0.40595,-0.35085,-0.36987,-0.43288,-0.40061,-0.37579,-0.40437,-0.43606,-0.47268,-0.51518,-0.56986,-0.56038,-0.59942,-0.58430,-0.64218,-0.64119,-0.70031,-0.74946,-0.70857,-0.62823,-0.64462,-0.62948,-0.51965,-0.53747,-0.58330,-0.52996,-0.43107,-0.45448,-0.41603,-0.29799,-0.22127,-0.16243,-0.06063,0.04933,0.13997,0.06063,0.11127,0.03509,0.04124,-0.05596,-0.14490,-0.17847,-0.17468,-0.10902,-0.14000,-0.23391,-0.33374,-0.38974,-0.47741,-0.52434,-0.56398,-0.60468,-0.65732,-0.66914,-0.59390,-0.61918,-0.69666,-0.66794,-0.62845,-0.71510,-0.74865,-0.81962,-0.85762,-0.87900,-0.88127,-0.88142,-0.87102,-0.85213,-0.81145,-0.76260,-0.71179,-0.66207,-0.62895,-0.56123,-0.53135,-0.45896,-0.41219,-0.38143,-0.34861,-0.30664,-0.30728,-0.24787,-0.28071,-0.24566,-0.26022,-0.20093,-0.15103,-0.08125,-0.04367,-0.08300,-0.02531,-0.07780,-0.14224,-0.12470,-0.13573,-0.19848,-0.22713,-0.26383,-0.28607,-0.27547,-0.34484,-0.33929,-0.37112,-0.43312,-0.46474,-0.53859,-0.54580,-0.59254,-0.59319,-0.55859,-0.59028,-0.62821,-0.60837,-0.61777,-0.59667,-0.62044,-0.59810,-0.55458,-0.55490,-0.55966,-0.60599,-0.60118,-0.66010,-0.64351,-0.66295,-0.63307,-0.59740,-0.54093,-0.48283,-0.44052,-0.37757,-0.35204,-0.28027,-0.29649,-0.29064,-0.38893,-0.48438,-0.51171,-0.46937,-0.43193,-0.40027,-0.32811,-0.30200,-0.22594,-0.25385,-0.30534,-0.32657,-0.35559,-0.43532,-0.49751,-0.55980,-0.62085,-0.67884,-0.71213,-0.75715,-0.80290,-0.80807,-0.84444,-0.83742,-0.85212,-0.85070,-0.84046,-0.85112,-0.85901,-0.83621,-0.79985
-0.50128,-0.48685,-0.49042,-0.42150,-0.35482,-0.36359,-0.34327,-0.25191,-0.19830,-0.21824,-0.16103,-0.21175,-0.27256,-0.34581,-0.39253,-0.45142,-0.44081,-0.49325,-0.52813,-0.51992,-0.45820,-0.41451,-0.37775,-0.43306,-0.43708,-0.37183,-0.37778,-0.43880,-0.40085,-0.34178,-0.38848,-0.42863,-0.36392,-0.30513,-0.36502,-0.35769,-0.42413,-0.41729,-0.42948,-0.49074,-0.53784,-0.55575,-0.54220,-0.50746,-0.54676,-0.52098,-0.56843,-0.52714,-0.44857,-0.40267,-0.33113,-0.26916,-0.19340,-0.12440,-0.08059,0.00187,-0.00128,-0.02373,0.03798,0.09227,0.05827,0.05842,0.11949,0.09756,0.02589,0.06236,0.08850,0.05384,0.01497,-0.02544,-0.07903,-0.14743,-0.13655,-0.18808,-0.16456,-0.24308,-0.23875,-0.32555,-0.40436,-0.34674,-0.22230,-0.24341,-0.22842,-0.08333,-0.09975,-0.15949,-0.09522,0.02424,0.00072,0.04714,0.17673,0.25606,0.31486,0.40973,0.50722,0.58141,0.51857,0.56031,0.49390,0.49437,0.40921,0.32502,0.28584,0.29221,0.35981,0.33363,0.24062,0.13587,0.07030,-0.03337,-0.09745,-0.15047,-0.21208,-0.27980,-0.30495,-0.19693,-0.22063,-0.33442,-0.29744,-0.22912,-0.35174,-0.40496,-0.53563,-0.63291,-0.71621,-0.77647,-0.72537,-0.66421,-0.60168,-0.51285,-0.42319,-0.34250,-0.26717,-0.22329,-0.13212,-0.09410,-0.00699,0.04713,0.07901,0.11495,0.15720,0.15427,0.21464,0.17482,0.20743,0.18103,0.24515,0.30260,0.37338,0.41528,0.38241,0.43645,0.38928,0.32713,0.34207,0.33253,0.27100,0.24185,0.20648,0.18193,0.18933,0.11047,0.11121,0.06936,-0.00759,-0.05916,-0.14419,-0.14506,-0.20242,-0.20576,-0.15477,-0.19720,-0.24544,-0.21076,-0.21804,-0.18720,-0.21821,-0.18679,-0.12836,-0.12787,-0.13681,-0.20003,-0.19998,-0.28590,-0.27135,-0.30622,-0.26877,-0.22615,-0.15810,-0.07714,-0.03679,0.03865,0.05653,0.13751,0.13056,0.13499,0.03802,-0.07990,-0.10065,-0.04122,0.01067,0.05297,0.13707,0.16862,0.24921,0.22178,0.16792,0.14598,0.11348,0.02399,-0.04931,-0.12740,-0.20794,-0.29044,-0.34103,-0.41649,-0.49676,-0.51429,-0.59577,-0.58747,-0.63678,-0.65049,-0.64636,-0.68541,-0.72253,-0.66099,-0.67606
-0.32617,-0.30730,-0.28200,-0.20267,-0.14408,-0.13716,-0.09585,-0.00824,0.04367,0.04469,0.10596,0.06873,0.01012,-0.06416,-0.10990,-0.17004,-0.15016,-0.20771,-0.24373,-0.23128,-0.15897,-0.10507,-0.06664,-0.12753,-0.12650,-0.05183,-0.06025,-0.12607,-0.07905,-0.01403,-0.06571,-0.10778,-0.03208,0.03213,-0.03230,-0.02092,-0.09566,-0.08721,-0.10051,-0.17343,-0.23097,-0.25421,-0.23874,-0.20312,-0.25504,-0.22901,-0.29335,-0.24838,-0.15530,-0.11082,-0.03140,0.02884,0.10434,0.16680,0.20233,0.28699,0.29362,0.27745,0.33203,0.38388,0.36117,0.36186,0.42166,0.40676,0.34087,0.37736,0.40563,0.37860,0.34508,0.30253,0.25261,0.18264,0.19488,0.14162,0.16037,0.07743,0.07052,-0.03205,-0.12677,-0.08326,0.05915,0.04374,0.04141,0.19202,0.19183,0.12616,0.17711,0.29750,0.29105,0.34555,0.46148,0.53539,0.58143,0.64583,0.72162,0.76952,0.73898,0.78244,0.74325,0.75129,0.68236,0.61705,0.59230,0.59506,0.64348,0.61394,0.53627,0.44420,0.39167,0.29655,0.24009,0.18896,0.12966,0.05477,0.03185,0.14421,0.11253,-0.00842,0.03305,0.09633,-0.04130,-0.10177,-0.25226,-0.37056,-0.47975,-0.58873,-0.51814,-0.41520,-0.33909,-0.23272,-0.12960,-0.03191,0.04771,0.09810,0.18874,0.22905,0.31590,0.36779,0.40276,0.43610,0.47792,0.47819,0.53341,0.50221,0.53260,0.51251,0.56630,0.61123,0.66593,0.69196,0.66392,0.69866,0.66365,0.61858,0.63343,0.62383,0.57300,0.54987,0.51559,0.49673,0.50796,0.44105,0.44552,0.40980,0.33852,0.29260,0.20678,0.20352,0.14298,0.14057,0.19063,0.14721,0.09532,0.12737,0.11757,0.14707,0.11264,0.14350,0.20219,0.20275,0.19766,0.13433,0.13808,0.04874,0.06945,0.03444,0.07499,0.12206,0.19385,0.27386,0.31473,0.38611,0.40213,0.47800,0.47016,0.47316,0.38360,0.27150,0.24723,0.30254,0.34790,0.38405,0.45636,0.47853,0.54392,0.51441,0.45989,0.44031,0.42005,0.33588,0.26188,0.18388,0.10505,0.01920,-0.03860,-0.11795,-0.21255,-0.22455,-0.32129,-0.30441,-0.36185,-0.37696,-0.36781,-0.41812,-0.47277,-0.39720,-0.44291
-0.33305,-0.31355,-0.29217,-0.20904,-0.14459,-0.14045,-0.10128,-0.00734,0.04756,0.04403,0.10745,0.06521,0.00284,-0.07666,-0.12605,-0.19073,-0.17218,-0.23244,-0.27198,-0.25987,-0.18461,-0.13038,-0.09009,-0.15326,-0.15439,-0.07757,-0.08523,-0.15476,-0.10818,-0.04028,-0.09372,-0.13891,-0.06189,0.00490,-0.06219,-0.05161,-0.13165,-0.12396,-0.13710,-0.21394,-0.27220,-0.29353,-0.27671,-0.23695,-0.28924,-0.26012,-0.32390,-0.27565,-0.17891,-0.13018,-0.04695,0.01811,0.09828,0.16517,0.20430,0.29152,0.29608,0.27756,0.33634,0.39034,0.36391,0.36489,0.42654,0.40918,0.33953,0.37713,0.40534,0.37500,0.33864,0.29547,0.24199,0.16918,0.18105,0.12546,0.14682,0.06074,0.05675,-0.04820,-0.14491,-0.09560,0.05414,0.03611,0.03974,0.19508,0.19039,0.12353,0.18109,0.30535,0.29392,0.34852,0.47109,0.54754,0.59649,0.66776,0.74723,0.79848,0.76173,0.80349,0.75907,0.76384,0.69268,0.62373,0.59451,0.59948,0.65388,0.62557,0.54341,0.44615,0.38773,0.28743,0.22544,0.17088,0.10772,0.03126,0.00535,0.12251,0.09292,-0.03346,0.00785,0.07813,-0.06314,-0.12534,-0.28205,-0.40349,-0.52082,-0.62958,-0.55380,-0.45137,-0.37030,-0.25938,-0.15172,-0.05200,0.03199,0.08307,0.17864,0.22061,0.31076,0.36520,0.39982,0.43470,0.47706,0.47617,0.53339,0.49795,0.52851,0.50417,0.56186,0.61196,0.67202,0.70365,0.67461,0.71431,0.67706,0.62751,0.64185,0.63259,0.57847,0.55371,0.51905,0.49812,0.50780,0.43557,0.43783,0.39846,0.32260,0.27075,0.18235,0.18106,0.11894,0.11610,0.16983,0.12450,0.07160,0.10711,0.09886,0.13065,0.09531,0.12901,0.19123,0.19093,0.18401,0.11643,0.11796,0.02381,0.04287,0.00512,0.04617,0.09395,0.16753,0.25242,0.29325,0.36895,0.38569,0.46362,0.45732,0.46054,0.36836,0.24985,0.22697,0.28651,0.33662,0.37737,0.45529,0.48129,0.55197,0.52316,0.46784,0.44748,0.42319,0.33482,0.25863,0.17687,0.09386,0.00363,-0.05641,-0.14103,-0.23864,-0.25459,-0.35604,-0.34035,-0.40165,-0.41868,-0.41094,-0.46191,-0.51686,-0.43734,-0.48219
-0.13973,-0.11777,-0.08928,-0.00305,0.05969,0.06743,0.10997,0.20153,0.25429,0.25465,0.31573,0.27688,0.21627,0.13752,0.08774,0.02124,0.03951,-0.02322,-0.06574,-0.05402,0.02422,0.07867,0.12007,0.05615,0.05320,0.13065,0.12388,0.05209,0.09734,0.16613,0.11250,0.06435,0.14057,0.20728,0.13944,0.14611,0.06133,0.06546,0.05542,-0.02845,-0.08392,-0.10170,-0.08210,-0.03596,-0.08892,-0.05593,-0.12158,-0.06915,0.03202,0.08305,0.16699,0.23169,0.30951,0.37296,0.40883,0.48974,0.49489,0.47774,0.53118,0.57984,0.55658,0.55747,0.61225,0.59676,0.53416,0.56780,0.59240,0.56434,0.53068,0.49241,0.44228,0.37407,0.38476,0.33175,0.35331,0.27031,0.26753,0.16374,0.06682,0.11561,0.26517,0.24865,0.25162,0.39964,0.39617,0.33309,0.38648,0.50146,0.49265,0.54268,0.65073,0.71607,0.75554,0.80980,0.86941,0.90240,0.88170,0.91296,0.88230,0.88488,0.83189,0.77702,0.75051,0.75590,0.80159,0.77994,0.71223,0.62896,0.57593,0.48419,0.42425,0.37158,0.30894,0.23652,0.20796,0.32338,0.29842,0.17345,0.21270,0.28536,0.14705,0.08371,-0.07911,-0.21298,-0.34436,-0.46909,-0.37718,-0.26232,-0.17121,-0.05241,0.05981,0.15977,0.24354,0.29267,0.38477,0.42409,0.50728,0.55658,0.58638,0.61697,0.65273,0.65113,0.69938,0.66621,0.69061,0.66437,0.71397,0.75866,0.80911,0.83702,0.81661,0.84735,0.81949,0.77993,0.79054,0.78353,0.73947,0.71888,0.69066,0.67226,0.67899,0.61421,0.61368,0.57599,0.50545,0.45223,0.37236,0.37445,0.31683,0.31309,0.36647,0.32295,0.27325,0.31021,0.30381,0.33525,0.30130,0.33387,0.39417,0.39453,0.38694,0.32153,0.32089,0.22786,0.24346,0.20401,0.24277,0.28669,0.35432,0.43684,0.47019,0.53981,0.54980,0.61899,0.61841,0.62072,0.54458,0.43438,0.41794,0.47582,0.52480,0.56442,0.63513,0.65907,0.71973,0.69582,0.64853,0.63066,0.60922,0.53014,0.46069,0.38413,0.30468,0.21648,0.15699,0.07029,-0.03048,-0.04961,-0.15866,-0.14426,-0.21351,-0.23541,-0.23146,-0.28959,-0.35032,-0.26349,-0.32807
-0.19221,-0.17047,-0.13587,-0.05123,0.00650,0.01817,0.06572,0.15327,0.20445,0.21128,0.27281,0.23914,0.18083,0.10484,0.05791,-0.00518,0.01653,-0.04389,-0.08281,-0.07029,0.00673,0.06326,0.10298,0.04020,0.04106,0.11858,0.11053,0.04151,0.08954,0.15724,0.10400,0.05923,0.13742,0.20378,0.13746,0.14858,0.06732,0.07431,0.06171,-0.01815,-0.07832,-0.10029,-0.08247,-0.04282,-0.09854,-0.06955,-0.13821,-0.08924,0.01105,0.05766,0.14080,0.20227,0.27778,0.33810,0.37089,0.45379,0.46278,0.44803,0.49973,0.54892,0.52937,0.53072,0.58732,0.57411,0.51195,0.54699,0.57379,0.54861,0.51690,0.47599,0.42741,0.35818,0.36968,0.31643,0.33460,0.25093,0.24229,0.13472,0.03581,0.07685,0.22776,0.21400,0.21082,0.35904,0.36109,0.29625,0.34469,0.46104,0.45811,0.51271,0.62028,0.68801,0.72605,0.77630,0.83836,0.87062,0.85356,0.89170,0.86492,0.87285,0.81665,0.76217,0.74123,0.74464,0.78604,0.75929,0.69134,0.60766,0.55882,0.46893,0.41350,0.36252,0.30359,0.22839,0.20362,0.31699,0.28622,0.16250,0.20312,0.26877,0.12778,0.06466,-0.09521,-0.22462,-0.35173,-0.48158,-0.39550,-0.27595,-0.18943,-0.07347,0.03667,0.13948,0.22179,0.27315,0.36359,0.40389,0.48811,0.53797,0.57110,0.60209,0.64056,0.64089,0.69094,0.66134,0.68802,0.66669,0.71522,0.75563,0.80352,0.82690,0.80344,0.83115,0.80325,0.76588,0.77852,0.77020,0.72580,0.70565,0.67485,0.65798,0.66781,0.60603,0.60882,0.57428,0.50571,0.45807,0.37533,0.37438,0.31483,0.31237,0.36372,0.32053,0.26896,0.30218,0.29373,0.32355,0.28853,0.32042,0.37932,0.37909,0.37387,0.30973,0.31233,0.22080,0.24065,0.20407,0.24415,0.29072,0.36105,0.44132,0.47859,0.54778,0.56066,0.62969,0.62532,0.62715,0.54705,0.43832,0.41671,0.47142,0.51623,0.55265,0.62015,0.64068,0.69891,0.67195,0.62116,0.60303,0.58584,0.50607,0.43486,0.35810,0.28030,0.19308,0.13266,0.04951,-0.05120,-0.06517,-0.17083,-0.15250,-0.21673,-0.23487,-0.22592,-0.28131,-0.34229,-0.25744,-0.31851
-0.03312,-0.00997,0.03634,0.11792,0.16608,0.18515,0.23808,0.31460,0.35951,0.37538,0.43164,0.40820,0.35721,0.28859,0.24642,0.18837,0.21185,0.15369,0.11715,0.12916,0.20435,0.26004,0.29757,0.23838,0.24079,0.31535,0.30771,0.24251,0.28941,0.35363,0.30339,0.26133,0.33655,0.39895,0.33671,0.34692,0.26855,0.27452,0.26330,0.18309,0.12576,0.10486,0.12309,0.16143,0.10535,0.13259,0.06287,0.11004,0.20831,0.25021,0.32874,0.38335,0.45045,0.50114,0.52593,0.59983,0.61235,0.60224,0.64382,0.68550,0.67384,0.67522,0.72344,0.71523,0.66399,0.69420,0.71825,0.69958,0.67433,0.63809,0.59709,0.53527,0.54608,0.49815,0.51259,0.43591,0.42410,0.32090,0.22454,0.25633,0.39909,0.38939,0.37819,0.51290,0.52156,0.46149,0.49752,0.60057,0.60608,0.65756,0.74428,0.79913,0.82459,0.85033,0.89102,0.90340,0.90825,0.94059,0.93262,0.94329,0.90509,0.86718,0.85549,0.85677,0.88285,0.85943,0.80953,0.74429,0.70785,0.63303,0.58725,0.54233,0.49057,0.42087,0.39846,0.50209,0.47216,0.35793,0.39609,0.45372,0.32099,0.26062,0.10520,-0.02696,-0.15629,-0.29906,-0.20775,-0.07719,0.00995,0.12489,0.23175,0.33159,0.40748,0.45645,0.53680,0.57298,0.64669,0.68904,0.71877,0.74415,0.77644,0.77798,0.81790,0.79600,0.81701,0.80001,0.83688,0.86532,0.89818,0.91121,0.89527,0.90914,0.89200,0.86869,0.87909,0.87237,0.84080,0.82630,0.80129,0.78933,0.79871,0.75081,0.75395,0.72641,0.66891,0.62753,0.55502,0.55437,0.50106,0.49890,0.54476,0.50587,0.45886,0.48808,0.47967,0.50603,0.47304,0.50088,0.55370,0.55394,0.55066,0.49352,0.49732,0.41352,0.43285,0.39910,0.43600,0.47847,0.54158,0.61310,0.64417,0.70293,0.70947,0.76769,0.76603,0.76683,0.70346,0.61031,0.59168,0.63873,0.67630,0.70571,0.75901,0.77280,0.81544,0.79171,0.74863,0.73364,0.72444,0.65803,0.59541,0.52793,0.45928,0.37983,0.32255,0.24552,0.14731,0.13620,0.03173,0.05146,-0.01273,-0.03189,-0.02280,-0.08136,-0.14529,-0.05982,-0.13751
0.11739,0.14018,0.18882,0.26834,0.31250,0.33274,0.38488,0.45535,0.49618,0.51372,0.56538,0.54552,0.49875,0.43438,0.39415,0.33790,0.35975,0.30292,0.26586,0.27736,0.35089,0.40329,0.43956,0.38283,0.38344,0.45432,0.44762,0.38422,0.42742,0.48864,0.44090,0.39885,0.46896,0.52761,0.46808,0.47392,0.39669,0.39929,0.39173,0.31059,0.25909,0.24249,0.26173,0.30359,0.25056,0.27928,0.21237,0.26015,0.35574,0.39708,0.47157,0.52295,0.58473,0.63016,0.65148,0.71635,0.72821,0.71984,0.75515,0.79014,0.78117,0.78224,0.82222,0.81577,0.77282,0.79814,0.81804,0.80202,0.78019,0.74990,0.71358,0.65896,0.66839,0.62523,0.63937,0.56956,0.56012,0.46464,0.37332,0.40334,0.53734,0.52851,0.51679,0.63879,0.64860,0.59440,0.62516,0.71541,0.72247,0.76733,0.83811,0.88135,0.89922,0.91123,0.93366,0.93231,0.94899,0.97094,0.97320,0.98031,0.95867,0.93406,0.92462,0.92599,0.94420,0.92739,0.89099,0.83986,0.80946,0.74512,0.70305,0.66222,0.61301,0.55057,0.52742,0.62388,0.59973,0.49329,0.52782,0.58456,0.46229,0.40514,0.25378,0.11955,-0.01224,-0.15760,-0.06042,0.07115,0.16084,0.27505,0.37916,0.47306,0.54428,0.58860,0.66179,0.69370,0.75786,0.79383,0.81813,0.83889,0.86431,0.86489,0.89575,0.87714,0.89241,0.87513,0.90404,0.92752,0.95109,0.96023,0.95163,0.95772,0.94826,0.93364,0.94071,0.93617,0.91402,0.90339,0.88463,0.87516,0.88173,0.84214,0.84311,0.81832,0.76790,0.72756,0.66560,0.66755,0.62067,0.61797,0.66082,0.62563,0.58374,0.61255,0.60614,0.63080,0.60122,0.62677,0.67466,0.67548,0.67171,0.61973,0.62131,0.54340,0.55865,0.52534,0.55824,0.59533,0.65040,0.71624,0.73972,0.79082,0.79230,0.84072,0.84348,0.84373,0.79556,0.71379,0.70152,0.74514,0.77973,0.80618,0.85118,0.86266,0.89552,0.87685,0.84222,0.83024,0.82351,0.76805,0.71407,0.65452,0.59237,0.51891,0.46548,0.39149,0.29680,0.28353,0.17924,0.19665,0.12967,0.10774,0.11312,0.05249,-0.01336,0.07172,-0.01748
0.22350,0.24558,0.30204,0.37429,0.40696,0.43254,0.48729,0.54424,0.57793,0.60371,0.64855,0.63877,0.60056,0.54645,0.51280,0.46450,0.48716,0.43599,0.40370,0.41480,0.48268,0.53226,0.56383,0.51316,0.51590,0.58066,0.57400,0.51759,0.55848,0.61356,0.57085,0.53372,0.59832,0.65053,0.59787,0.60346,0.53288,0.53537,0.52942,0.45360,0.40613,0.39003,0.40785,0.44477,0.39368,0.41878,0.35363,0.39656,0.48513,0.51978,0.58648,0.62893,0.68005,0.71495,0.72801,0.78286,0.79825,0.79455,0.81948,0.84688,0.84547,0.84636,0.87811,0.87663,0.84464,0.86512,0.88243,0.87286,0.85760,0.83187,0.80399,0.75797,0.76673,0.73018,0.73999,0.67962,0.66684,0.57933,0.49399,0.51253,0.63359,0.62881,0.61078,0.71499,0.73061,0.68263,0.70128,0.77665,0.79140,0.83228,0.88271,0.91455,0.92191,0.91357,0.91798,0.90170,0.93490,0.95245,0.96940,0.97985,0.97377,0.96416,0.96350,0.96234,0.96673,0.95195,0.93135,0.89679,0.87876,0.82998,0.79849,0.76517,0.72528,0.66959,0.65071,0.73414,0.71056,0.61750,0.64901,0.69503,0.58460,0.53173,0.39274,0.26466,0.13931,-0.00839,0.08603,0.21957,0.30355,0.41020,0.50580,0.59315,0.65505,0.69537,0.75622,0.78347,0.83635,0.86457,0.88585,0.90138,0.92164,0.92374,0.94567,0.93481,0.94564,0.93399,0.95177,0.96405,0.97415,0.97313,0.97003,0.96406,0.96336,0.96099,0.96646,0.96297,0.95174,0.94626,0.93230,0.92766,0.93477,0.90876,0.91106,0.89356,0.85489,0.82337,0.77187,0.77286,0.73250,0.73038,0.76603,0.73599,0.69938,0.72202,0.71536,0.73517,0.70880,0.72929,0.76996,0.77142,0.77013,0.72677,0.73007,0.66295,0.67823,0.64963,0.67887,0.71173,0.75905,0.81371,0.83258,0.87299,0.87148,0.90897,0.91206,0.91210,0.87723,0.81217,0.80121,0.83569,0.86150,0.88018,0.91097,0.91545,0.93388,0.91784,0.89004,0.88121,0.88199,0.83961,0.79474,0.74553,0.69423,0.63117,0.58302,0.51845,0.43075,0.42196,0.32492,0.34331,0.28118,0.26073,0.26680,0.20754,0.14241,0.22172,0.12748
0.15896,0.18147,0.23103,0.30784,0.34919,0.37028,0.42190,0.48848,0.52761,0.54666,0.59573,0.57783,0.53324,0.47209,0.43350,0.37952,0.40083,0.34560,0.30966,0.32081,0.39251,0.44352,0.47835,0.42359,0.42419,0.49292,0.48648,0.42498,0.46693,0.52634,0.48042,0.43926,0.50711,0.56372,0.50641,0.51114,0.43533,0.43739,0.43124,0.35135,0.30242,0.28665,0.30558,0.34661,0.29469,0.32300,0.25743,0.30394,0.39710,0.43702,0.50885,0.55786,0.61633,0.65915,0.67827,0.73941,0.75197,0.74456,0.77654,0.80920,0.80207,0.80268,0.83982,0.83470,0.79515,0.81859,0.83737,0.82275,0.80266,0.77423,0.74053,0.68910,0.69837,0.65762,0.67105,0.60487,0.59565,0.50390,0.41488,0.44248,0.57150,0.56324,0.55132,0.66712,0.67686,0.62499,0.65306,0.73841,0.74660,0.78931,0.85368,0.89319,0.90829,0.91461,0.93095,0.92591,0.94710,0.96659,0.97179,0.98019,0.96406,0.94336,0.93550,0.93615,0.95088,0.93550,0.90401,0.85782,0.83062,0.77086,0.73145,0.69284,0.64643,0.58662,0.56446,0.65704,0.63404,0.53194,0.56569,0.61990,0.50164,0.44503,0.29745,0.16428,0.03466,-0.10855,-0.01111,0.11896,0.20692,0.31877,0.42040,0.51146,0.57972,0.62216,0.69142,0.72161,0.78200,0.81522,0.83805,0.85701,0.88047,0.88141,0.90930,0.89248,0.90590,0.88954,0.91471,0.93553,0.95552,0.96207,0.95605,0.95918,0.95223,0.94085,0.94705,0.94294,0.92414,0.91519,0.89841,0.89023,0.89672,0.86082,0.86195,0.83879,0.79193,0.75375,0.69562,0.69749,0.65296,0.64991,0.69047,0.65667,0.61709,0.64399,0.63777,0.66098,0.63284,0.65645,0.70250,0.70406,0.70068,0.65140,0.65332,0.57896,0.59358,0.56139,0.59299,0.62830,0.68034,0.74286,0.76457,0.81212,0.81194,0.85772,0.86099,0.86148,0.81781,0.74119,0.73003,0.77105,0.80351,0.82789,0.86897,0.87863,0.90747,0.89005,0.85830,0.84726,0.84201,0.79085,0.74008,0.68391,0.62479,0.55485,0.50361,0.43209,0.34004,0.32773,0.22539,0.24238,0.17624,0.15412,0.15850,0.09729,0.03255,0.11562,0.02471
0.19276,0.21536,0.25643,0.33663,0.38580,0.40129,0.44714,0.52079,0.56258,0.57299,0.62311,0.59791,0.54927,0.48283,0.43984,0.38030,0.39804,0.33941,0.29852,0.30919,0.38331,0.43250,0.47007,0.41280,0.40894,0.47866,0.47348,0.40762,0.44700,0.50857,0.46131,0.41564,0.48219,0.54043,0.48022,0.48035,0.39944,0.39815,0.39478,0.31068,0.26513,0.25396,0.27492,0.32387,0.27445,0.30758,0.24500,0.29604,0.39154,0.43751,0.51177,0.56613,0.62939,0.67750,0.70162,0.76282,0.77045,0.75958,0.79579,0.82915,0.81632,0.81678,0.85343,0.84458,0.80247,0.82548,0.84223,0.82324,0.79966,0.77325,0.73603,0.68397,0.69231,0.65032,0.66823,0.60073,0.59844,0.50878,0.42110,0.45939,0.58985,0.57796,0.57370,0.69265,0.69588,0.64480,0.68069,0.76717,0.76757,0.80629,0.87526,0.91419,0.93271,0.94783,0.96516,0.96305,0.97691,0.98949,0.98816,0.98891,0.97330,0.94986,0.93439,0.93780,0.95977,0.94970,0.91542,0.86640,0.83216,0.76742,0.72088,0.67916,0.62673,0.56871,0.54168,0.63872,0.62185,0.51581,0.54826,0.61232,0.49500,0.43809,0.28553,0.14760,0.01143,-0.12657,-0.02259,0.10201,0.19622,0.31233,0.41746,0.50677,0.57849,0.61927,0.69301,0.72302,0.78436,0.81867,0.83841,0.85798,0.87947,0.87780,0.90552,0.88342,0.89539,0.87281,0.90153,0.92923,0.95455,0.96826,0.96394,0.97295,0.96428,0.94836,0.95248,0.94943,0.92879,0.91829,0.90327,0.89245,0.89529,0.85356,0.85062,0.82255,0.77094,0.72495,0.66788,0.67359,0.62983,0.62551,0.66994,0.63502,0.59629,0.62890,0.62521,0.65122,0.62388,0.64988,0.69807,0.69959,0.69299,0.64064,0.63842,0.56016,0.56998,0.53379,0.56441,0.59756,0.64825,0.71546,0.73388,0.78412,0.78168,0.82897,0.83652,0.83691,0.79528,0.71365,0.70806,0.75449,0.79296,0.82272,0.87007,0.88511,0.91943,0.90511,0.87556,0.86435,0.85300,0.80001,0.74951,0.69149,0.62855,0.55528,0.50374,0.42671,0.33330,0.31424,0.20708,0.21993,0.14751,0.12152,0.12073,0.05745,-0.00748,0.07916,-0.01407
0.36320,0.38452,0.43318,0.50416,0.53971,0.56051,0.60761,0.66415,0.69622,0.71496,0.75552,0.74216,0.70467,0.65121,0.61625,0.56618,0.58379,0.53229,0.49642,0.50633,0.57281,0.61678,0.64871,0.59938,0.59682,0.65746,0.65285,0.59590,0.63045,0.68331,0.64298,0.60297,0.66026,0.70941,0.65825,0.65598,0.58391,0.58071,0.58068,0.50330,0.46509,0.45673,0.47622,0.52134,0.47627,0.50591,0.44770,0.49345,0.57905,0.61735,0.68079,0.72403,0.77341,0.80795,0.82207,0.86805,0.87839,0.87299,0.89573,0.91779,0.91371,0.91399,0.93788,0.93465,0.90796,0.92352,0.93532,0.92432,0.90916,0.89059,0.86431,0.82501,0.83174,0.79920,0.81243,0.75847,0.75410,0.67735,0.59983,0.62589,0.73693,0.72973,0.71894,0.81268,0.82235,0.78102,0.80191,0.86608,0.87471,0.90552,0.94594,0.96736,0.97170,0.96052,0.95147,0.92789,0.96293,0.96588,0.98430,0.98579,0.99337,0.99131,0.98563,0.98671,0.99116,0.98643,0.97472,0.94972,0.93088,0.88743,0.85376,0.82195,0.78030,0.73369,0.71080,0.79000,0.77694,0.68955,0.71648,0.76875,0.67034,0.62074,0.48518,0.35566,0.22682,0.08746,0.18974,0.31388,0.40209,0.50823,0.60159,0.68009,0.73930,0.77307,0.83015,0.85309,0.89771,0.92084,0.93455,0.94642,0.95902,0.95828,0.97240,0.95985,0.96449,0.94755,0.96156,0.97530,0.98272,0.98474,0.98940,0.98261,0.98636,0.98689,0.98769,0.98684,0.98168,0.97814,0.97103,0.96617,0.96792,0.94409,0.94122,0.92211,0.88622,0.84999,0.80931,0.81541,0.78181,0.77788,0.81303,0.78563,0.75524,0.78150,0.77886,0.79910,0.77721,0.79693,0.83429,0.83652,0.83203,0.79158,0.78972,0.72623,0.73361,0.70283,0.72758,0.75323,0.79150,0.84385,0.85332,0.88858,0.88106,0.91160,0.92164,0.92101,0.90117,0.84282,0.84199,0.87718,0.90509,0.92538,0.95423,0.96130,0.97638,0.96740,0.94904,0.94258,0.93988,0.90591,0.86937,0.82629,0.77823,0.71912,0.67533,0.61041,0.52727,0.51158,0.41362,0.42610,0.35825,0.33314,0.33127,0.26980,0.20572,0.28557,0.18270
0.44272,0.46276,0.51439,0.57817,0.60523,0.62856,0.67500,0.72063,0.74698,0.76994,0.80417,0.79749,0.76697,0.72215,0.69256,0.64924,0.66624,0.62003,0.58811,0.59729,0.65797,0.69811,0.72598,0.68217,0.68054,0.73481,0.73061,0.68008,0.71135,0.75819,0.72271,0.68689,0.73793,0.78097,0.73612,0.73259,0.66726,0.66315,0.66489,0.59317,0.56019,0.55333,0.57145,0.61299,0.57124,0.59802,0.54357,0.58497,0.66281,0.69576,0.75158,0.78757,0.82782,0.85431,0.86260,0.89932,0.91105,0.90868,0.92327,0.93897,0.93982,0.93971,0.95629,0.95649,0.93873,0.94980,0.95888,0.95246,0.94238,0.92837,0.90892,0.87749,0.88348,0.85698,0.86735,0.82234,0.81711,0.74969,0.67922,0.69757,0.79524,0.79063,0.77660,0.85446,0.86675,0.83137,0.84373,0.89446,0.90723,0.93325,0.95739,0.96913,0.96617,0.94096,0.91792,0.88437,0.93019,0.92843,0.95608,0.95931,0.97902,0.98774,0.98743,0.98683,0.98166,0.97963,0.98010,0.96836,0.95849,0.92749,0.90189,0.87630,0.84209,0.80250,0.78266,0.85020,0.83917,0.76414,0.78800,0.83225,0.74620,0.70104,0.57825,0.45651,0.33549,0.20014,0.29851,0.41885,0.50100,0.59873,0.68329,0.75387,0.80468,0.83383,0.88025,0.89869,0.93343,0.94982,0.96014,0.96757,0.97533,0.97546,0.98214,0.97532,0.97604,0.96272,0.96818,0.97415,0.97151,0.96696,0.97639,0.96153,0.97152,0.98064,0.97956,0.97975,0.98288,0.98334,0.98053,0.97928,0.98073,0.96711,0.96475,0.95099,0.92476,0.89514,0.86410,0.86979,0.84243,0.83876,0.86793,0.84491,0.81977,0.84131,0.83897,0.85546,0.83715,0.85247,0.88324,0.88623,0.88312,0.85031,0.84921,0.79557,0.80160,0.77472,0.79576,0.81702,0.84771,0.89058,0.89541,0.92155,0.91104,0.93291,0.94367,0.94310,0.93469,0.89040,0.89187,0.91982,0.94116,0.95542,0.97345,0.97574,0.98009,0.97383,0.96190,0.95804,0.96013,0.93719,0.90885,0.87497,0.83597,0.78633,0.74803,0.69139,0.61621,0.60336,0.51301,0.52509,0.46168,0.43766,0.43521,0.37564,0.31408,0.38675,0.28197
0.39028,0.41122,0.44906,0.52205,0.56579,0.57976,0.61895,0.68258,0.71805,0.72639,0.76740,0.74522,0.70336,0.64516,0.60580,0.55064,0.56357,0.50900,0.46829,0.47718,0.54539,0.58656,0.62081,0.56947,0.56194,0.62279,0.61968,0.55877,0.59006,0.64477,0.60353,0.55894,0.61418,0.66448,0.61084,0.60277,0.52624,0.51937,0.52264,0.44172,0.40852,0.40523,0.42665,0.47969,0.43827,0.47300,0.41917,0.46915,0.55580,0.60043,0.66543,0.71405,0.76768,0.80834,0.82812,0.87353,0.87826,0.86864,0.89573,0.91882,0.90822,0.90778,0.93103,0.92385,0.89440,0.90914,0.91885,0.90273,0.88381,0.86758,0.83790,0.79847,0.80447,0.77128,0.78956,0.73533,0.73952,0.66735,0.59192,0.62959,0.74016,0.72838,0.72737,0.82321,0.82407,0.78383,0.81372,0.87855,0.87781,0.90372,0.94931,0.97055,0.97993,0.97945,0.97225,0.95464,0.98012,0.97577,0.98404,0.97884,0.98676,0.98023,0.96516,0.96894,0.98221,0.98308,0.96759,0.93891,0.91210,0.86304,0.82172,0.78672,0.73929,0.69500,0.66720,0.75060,0.74449,0.65403,0.67992,0.74251,0.64617,0.59561,0.45629,0.32238,0.18952,0.06100,0.16886,0.28353,0.37657,0.48564,0.58168,0.65673,0.71883,0.75008,0.81112,0.83345,0.87904,0.90296,0.91329,0.92581,0.93648,0.93317,0.94742,0.92915,0.93226,0.90844,0.92628,0.94793,0.96139,0.97134,0.97847,0.97892,0.97999,0.97446,0.97296,0.97327,0.96555,0.96027,0.95507,0.94741,0.94542,0.91477,0.90794,0.88335,0.84281,0.79852,0.75921,0.76889,0.73635,0.73077,0.76954,0.74077,0.71183,0.74340,0.74329,0.76635,0.74588,0.76734,0.80695,0.80989,0.80189,0.75876,0.75285,0.68630,0.68817,0.65338,0.67702,0.70020,0.73648,0.79338,0.79953,0.83760,0.82731,0.86071,0.87496,0.87507,0.85641,0.79293,0.79811,0.83883,0.87302,0.89882,0.93490,0.94768,0.96926,0.96322,0.94755,0.94076,0.93086,0.89491,0.85877,0.81417,0.76197,0.70041,0.65739,0.58713,0.50403,0.48149,0.37961,0.38690,0.31311,0.28390,0.27591,0.21175,0.14907,0.22987,0.12622
0.44057,0.46123,0.49845,0.56958,0.61184,0.62564,0.66330,0.72405,0.75743,0.76559,0.80429,0.78327,0.74343,0.68740,0.64907,0.59498,0.60673,0.55345,0.51283,0.52132,0.58777,0.62678,0.66010,0.61060,0.60222,0.66056,0.65802,0.59865,0.62763,0.68027,0.64085,0.59676,0.64878,0.69693,0.64516,0.63546,0.56024,0.55219,0.55677,0.47674,0.44646,0.44526,0.46680,0.52060,0.48121,0.51630,0.46490,0.51437,0.59869,0.64284,0.70542,0.75243,0.80366,0.84198,0.86047,0.90171,0.90564,0.89648,0.92127,0.94148,0.93158,0.93121,0.95104,0.94414,0.91804,0.93069,0.93845,0.92327,0.90565,0.89206,0.86426,0.82812,0.83328,0.80233,0.82055,0.76965,0.77494,0.70694,0.63521,0.67244,0.77809,0.76665,0.76637,0.85586,0.85644,0.81936,0.84749,0.90637,0.90557,0.92831,0.96756,0.98377,0.99011,0.98539,0.97198,0.94940,0.97786,0.96907,0.98095,0.97364,0.98752,0.98558,0.97114,0.97538,0.98620,0.98995,0.97958,0.95647,0.93157,0.88705,0.84732,0.81421,0.76805,0.72757,0.69966,0.77909,0.77576,0.68959,0.71334,0.77516,0.68465,0.63641,0.50114,0.36956,0.23709,0.10938,0.21828,0.33091,0.42366,0.53064,0.62403,0.69546,0.75507,0.78389,0.84158,0.86206,0.90325,0.92454,0.93237,0.94294,0.95061,0.94667,0.95723,0.93980,0.94061,0.91659,0.93134,0.95124,0.96179,0.97107,0.98085,0.97918,0.98302,0.98049,0.97757,0.97865,0.97430,0.97042,0.96778,0.96089,0.95744,0.92990,0.92199,0.89812,0.86049,0.81698,0.78243,0.79333,0.76387,0.75809,0.79541,0.76850,0.74204,0.77346,0.77453,0.79696,0.77823,0.79893,0.83613,0.83884,0.83048,0.78960,0.78255,0.71900,0.71877,0.68455,0.70610,0.72655,0.75908,0.81323,0.81603,0.85068,0.83818,0.86754,0.88360,0.88324,0.87121,0.81288,0.82068,0.85964,0.89285,0.91775,0.95056,0.96291,0.98094,0.97736,0.96524,0.95970,0.95040,0.91899,0.88682,0.84570,0.79668,0.73810,0.69711,0.62871,0.54839,0.52485,0.42473,0.43086,0.35691,0.32699,0.31728,0.25386,0.19214,0.27283,0.16737
0.59389,0.61227,0.65631,0.71287,0.73746,0.75687,0.79412,0.83211,0.85300,0.87043,0.89643,0.89006,0.86483,0.82659,0.79944,0.75932,0.77066,0.72841,0.69608,0.70317,0.75750,0.78882,0.81383,0.77592,0.76991,0.81505,0.81322,0.76732,0.78972,0.82979,0.80028,0.76536,0.80464,0.84022,0.80146,0.79020,0.72945,0.71998,0.72764,0.65977,0.63900,0.64058,0.65913,0.70475,0.67193,0.70074,0.65673,0.69698,0.76535,0.79799,0.84497,0.87680,0.90954,0.93073,0.93691,0.95933,0.96643,0.96405,0.97230,0.97928,0.97991,0.97931,0.98444,0.98436,0.97649,0.98045,0.98273,0.97747,0.97034,0.96570,0.95167,0.93147,0.93478,0.91598,0.92774,0.89469,0.89690,0.84661,0.78977,0.81075,0.88926,0.88386,0.87550,0.93276,0.94043,0.91557,0.92503,0.95658,0.96545,0.97884,0.98490,0.98136,0.97176,0.93803,0.89716,0.85287,0.90345,0.88594,0.91855,0.91382,0.95066,0.97146,0.96932,0.97060,0.96118,0.96990,0.98478,0.98914,0.98298,0.96435,0.94160,0.92134,0.89048,0.86435,0.84297,0.89802,0.89833,0.83771,0.85451,0.89899,0.83399,0.79608,0.68756,0.57367,0.45693,0.33497,0.43504,0.54112,0.62108,0.71031,0.78546,0.84122,0.88354,0.90334,0.93924,0.95093,0.97172,0.97968,0.98091,0.98248,0.98044,0.97799,0.97334,0.96786,0.96085,0.94494,0.94226,0.94535,0.93539,0.93074,0.94968,0.93071,0.94792,0.96374,0.95748,0.96071,0.97336,0.97745,0.98324,0.98347,0.97953,0.97339,0.96653,0.95417,0.93609,0.90640,0.89117,0.90135,0.88471,0.87982,0.90476,0.88738,0.87144,0.89363,0.89524,0.90970,0.89793,0.91016,0.93340,0.93694,0.93162,0.90634,0.90074,0.85721,0.85486,0.82891,0.84273,0.85401,0.87134,0.90612,0.89976,0.91613,0.89856,0.90862,0.92606,0.92487,0.93644,0.90693,0.91875,0.94277,0.96214,0.97475,0.98518,0.98769,0.98346,0.98546,0.98586,0.98563,0.98684,0.97787,0.96243,0.93995,0.91004,0.87054,0.84037,0.78953,0.72518,0.70763,0.62383,0.62972,0.56569,0.53883,0.52895,0.47112,0.41444,0.48237,0.37350
0.66352,0.68075,0.71599,0.76893,0.79535,0.81005,0.83920,0.87582,0.89544,0.90568,0.92752,0.91762,0.89339,0.85689,0.82952,0.78954,0.79610,0.75511,0.72116,0.72657,0.77787,0.80341,0.82773,0.79236,0.78229,0.82265,0.82265,0.77794,0.79460,0.83183,0.80508,0.76924,0.80163,0.83373,0.79725,0.77991,0.72066,0.70734,0.71899,0.65246,0.64032,0.64763,0.66679,0.71700,0.69037,0.72172,0.68487,0.72577,0.78891,0.82334,0.86597,0.89760,0.92813,0.94907,0.95651,0.97179,0.97431,0.97016,0.97714,0.98050,0.97835,0.97713,0.97672,0.97497,0.97053,0.97071,0.96896,0.96214,0.95497,0.95573,0.94311,0.92844,0.93039,0.91512,0.92945,0.90249,0.91183,0.87228,0.82338,0.85019,0.91805,0.91027,0.90837,0.95670,0.95826,0.93880,0.95062,0.97357,0.97646,0.98168,0.98147,0.97113,0.96126,0.92873,0.88106,0.83561,0.88379,0.85655,0.88648,0.87580,0.91988,0.94344,0.93633,0.93908,0.93166,0.94762,0.96681,0.97680,0.96929,0.95423,0.93002,0.91111,0.87971,0.86107,0.83746,0.88774,0.89618,0.84201,0.85493,0.90290,0.84953,0.81518,0.71330,0.60210,0.48847,0.37995,0.48104,0.57482,0.65431,0.73948,0.81004,0.85653,0.89538,0.90948,0.94157,0.94952,0.96415,0.96828,0.96389,0.96303,0.95573,0.95131,0.94183,0.93471,0.92378,0.90405,0.89946,0.90447,0.89398,0.89276,0.91642,0.89885,0.91758,0.93342,0.92401,0.92908,0.94489,0.94989,0.96029,0.96013,0.95239,0.94703,0.93677,0.92285,0.90715,0.87467,0.86737,0.88079,0.86970,0.86344,0.88739,0.87228,0.86143,0.88551,0.88982,0.90425,0.89620,0.90745,0.92779,0.93210,0.92445,0.90202,0.89295,0.85348,0.84518,0.81838,0.82841,0.83413,0.84444,0.87680,0.86442,0.87699,0.85512,0.86102,0.88294,0.88194,0.90244,0.87800,0.89675,0.92101,0.94189,0.95543,0.96526,0.97003,0.96468,0.97152,0.97866,0.97986,0.97763,0.97455,0.96528,0.94780,0.92062,0.88554,0.86019,0.81083,0.75263,0.73046,0.64934,0.65010,0.58436,0.55485,0.53891,0.48141,0.42877,0.49339,0.38299
0.57211,0.59085,0.61671,0.68150,0.72430,0.73198,0.75813,0.81458,0.84446,0.84365,0.87501,0.85072,0.81404,0.76238,0.72492,0.67244,0.67707,0.62659,0.58435,0.59050,0.65130,0.68140,0.71263,0.66795,0.65395,0.70387,0.70402,0.64773,0.66754,0.71468,0.68023,0.63553,0.67627,0.71793,0.67088,0.65219,0.57981,0.56616,0.57703,0.49928,0.48247,0.49052,0.51292,0.57259,0.54291,0.58138,0.54101,0.59071,0.66639,0.71220,0.76707,0.81214,0.85812,0.89403,0.91288,0.94131,0.93898,0.92826,0.94907,0.96219,0.94964,0.94845,0.95826,0.94981,0.93114,0.93730,0.93827,0.92194,0.90539,0.90094,0.87671,0.85051,0.85325,0.82894,0.85018,0.80991,0.82466,0.77385,0.71518,0.75856,0.84681,0.83288,0.84171,0.91359,0.90623,0.87900,0.90835,0.95088,0.94277,0.95248,0.97817,0.98162,0.98471,0.97735,0.94957,0.92134,0.94936,0.92483,0.93655,0.92014,0.94822,0.95422,0.93447,0.94105,0.95192,0.96706,0.96710,0.95610,0.93149,0.89564,0.85558,0.82600,0.78106,0.75314,0.72229,0.79200,0.80114,0.72683,0.74394,0.80911,0.73790,0.69530,0.57246,0.44653,0.31882,0.20969,0.32038,0.41553,0.50727,0.60693,0.69239,0.74903,0.80198,0.82155,0.87139,0.88540,0.91492,0.92909,0.92762,0.93352,0.93200,0.92511,0.92628,0.90764,0.90129,0.87237,0.88187,0.90236,0.90928,0.92208,0.94040,0.93859,0.94710,0.94739,0.93924,0.94345,0.94609,0.94453,0.94990,0.94313,0.93379,0.91002,0.89680,0.87219,0.84028,0.79412,0.77383,0.78976,0.77004,0.76252,0.79712,0.77462,0.75678,0.78993,0.79532,0.81680,0.80408,0.82228,0.85416,0.85797,0.84658,0.81149,0.79924,0.74362,0.73463,0.69986,0.71488,0.72589,0.74606,0.79451,0.78708,0.81381,0.79403,0.81502,0.83781,0.83752,0.84220,0.79482,0.81356,0.85113,0.88495,0.91030,0.93925,0.95389,0.96732,0.97173,0.97130,0.96870,0.95572,0.93550,0.91465,0.88311,0.84052,0.79026,0.75717,0.69243,0.62211,0.59237,0.49731,0.49577,0.42000,0.38619,0.36780,0.30535,0.24934,0.32420,0.21680
0.63136,0.64964,0.68254,0.74126,0.77409,0.78649,0.81559,0.86051,0.88398,0.89068,0.91688,0.90191,0.87276,0.82973,0.79831,0.75293,0.75914,0.71410,0.67669,0.68257,0.73792,0.76586,0.79347,0.75416,0.74269,0.78737,0.78737,0.73776,0.75598,0.79743,0.76729,0.72771,0.76404,0.80040,0.75938,0.74217,0.67650,0.66357,0.67446,0.60236,0.58738,0.59497,0.61577,0.66966,0.64112,0.67547,0.63647,0.68123,0.75056,0.78971,0.83801,0.87515,0.91229,0.93895,0.95083,0.97187,0.97280,0.96630,0.97886,0.98608,0.98020,0.97925,0.98316,0.97886,0.96871,0.97164,0.97100,0.96056,0.94954,0.94796,0.93047,0.91071,0.91281,0.89353,0.91035,0.87721,0.88764,0.84203,0.78863,0.82145,0.89915,0.88942,0.89152,0.94941,0.94823,0.92595,0.94445,0.97545,0.97453,0.98230,0.99232,0.98732,0.98153,0.95799,0.91788,0.87764,0.91856,0.89265,0.91695,0.90363,0.94163,0.95941,0.94796,0.95258,0.95185,0.96750,0.97959,0.98139,0.96716,0.94401,0.91356,0.89038,0.85345,0.83065,0.80386,0.86233,0.87056,0.80735,0.82188,0.87664,0.81510,0.77759,0.66597,0.54773,0.42699,0.31478,0.42087,0.51789,0.60355,0.69565,0.77311,0.82482,0.86995,0.88703,0.92665,0.93746,0.95816,0.96662,0.96352,0.96542,0.96028,0.95482,0.94947,0.93765,0.92835,0.90487,0.90591,0.91648,0.91266,0.91701,0.93872,0.92712,0.94246,0.95272,0.94396,0.94867,0.95929,0.96167,0.97006,0.96721,0.95873,0.94616,0.93444,0.91645,0.89400,0.85613,0.84361,0.85832,0.84349,0.83684,0.86535,0.84710,0.83308,0.86089,0.86583,0.88322,0.87277,0.88710,0.91250,0.91623,0.90721,0.87928,0.86881,0.82208,0.81401,0.78396,0.79621,0.80438,0.81893,0.85797,0.84764,0.86557,0.84401,0.85579,0.87809,0.87668,0.89166,0.85810,0.87671,0.90628,0.93241,0.95114,0.96828,0.97703,0.97870,0.98460,0.98867,0.98848,0.98237,0.97207,0.95817,0.93473,0.90137,0.85946,0.83017,0.77397,0.71008,0.68489,0.59733,0.59743,0.52717,0.49560,0.47921,0.41961,0.36524,0.43626,0.32722
0.76191,0.77728,0.80870,0.85342,0.87405,0.88681,0.90995,0.93684,0.94962,0.95812,0.97205,0.96573,0.94842,0.92035,0.89772,0.86339,0.86622,0.83117,0.79974,0.80343,0.84629,0.86435,0.88549,0.85702,0.84488,0.87589,0.87758,0.83976,0.84904,0.87846,0.85792,0.82545,0.84738,0.87154,0.84240,0.82100,0.76818,0.75233,0.76750,0.70713,0.70416,0.71705,0.73574,0.78505,0.76581,0.79640,0.76843,0.80566,0.85861,0.88960,0.92278,0.94796,0.96961,0.98309,0.98677,0.98950,0.98963,0.98703,0.98688,0.98227,0.98228,0.98089,0.97097,0.97051,0.97561,0.97012,0.96299,0.95892,0.95549,0.96363,0.95710,0.95255,0.95229,0.94422,0.95747,0.94144,0.95361,0.92818,0.89227,0.91617,0.96568,0.95949,0.95997,0.98748,0.98769,0.97857,0.98481,0.99007,0.99218,0.98806,0.97052,0.94755,0.93010,0.88777,0.82614,0.77047,0.82369,0.78631,0.82331,0.80823,0.86569,0.90063,0.89515,0.89871,0.88501,0.90839,0.94056,0.96507,0.96352,0.96164,0.94317,0.93078,0.90512,0.89791,0.87503,0.91160,0.92713,0.88769,0.89430,0.93725,0.90271,0.87638,0.79118,0.69059,0.58676,0.48935,0.58709,0.66907,0.74304,0.81752,0.87668,0.91009,0.93974,0.94663,0.96731,0.96944,0.97116,0.96766,0.95645,0.95039,0.93509,0.92958,0.91066,0.90635,0.88926,0.86999,0.85753,0.85691,0.83862,0.83534,0.86576,0.84337,0.86881,0.89172,0.87887,0.88582,0.91003,0.91866,0.93574,0.93770,0.92662,0.92992,0.91701,0.90658,0.89990,0.87133,0.87810,0.89405,0.89214,0.88538,0.90373,0.89420,0.89123,0.91285,0.91996,0.93126,0.92833,0.93563,0.94852,0.95315,0.94507,0.93073,0.91933,0.89054,0.87751,0.85374,0.85799,0.85591,0.85475,0.87725,0.85679,0.85844,0.83076,0.82606,0.85163,0.84926,0.88685,0.87796,0.90339,0.92165,0.93824,0.94864,0.94904,0.95217,0.93733,0.95008,0.96723,0.97181,0.97109,0.98048,0.98281,0.97628,0.95921,0.93462,0.91667,0.87535,0.82858,0.80535,0.73360,0.73017,0.66785,0.63753,0.61772,0.56427,0.51835,0.57796,0.46950
0.75461,0.77015,0.78866,0.83800,0.87021,0.87502,0.89001,0.92838,0.94674,0.94271,0.95935,0.94132,0.91692,0.88067,0.85152,0.80948,0.80745,0.76735,0.72966,0.73245,0.77908,0.79580,0.82051,0.78823,0.77072,0.80412,0.80730,0.76322,0.77020,0.80369,0.78053,0.74182,0.76382,0.79147,0.75740,0.73067,0.67088,0.65198,0.66970,0.60400,0.60407,0.62159,0.64267,0.70105,0.68433,0.72117,0.69635,0.73942,0.79634,0.83579,0.87341,0.90696,0.93644,0.95927,0.97103,0.97682,0.97061,0.96259,0.97014,0.96906,0.96045,0.95858,0.95109,0.94516,0.94376,0.93925,0.93091,0.91965,0.91025,0.91907,0.90632,0.89857,0.89783,0.88677,0.90629,0.88637,0.90732,0.88283,0.84673,0.88509,0.93962,0.92788,0.94023,0.97578,0.96562,0.95538,0.97447,0.98578,0.97648,0.96930,0.96357,0.94424,0.93467,0.90904,0.85502,0.80958,0.84829,0.80564,0.82901,0.80637,0.85923,0.88455,0.86743,0.87451,0.87388,0.90181,0.92508,0.94041,0.92713,0.91473,0.88526,0.86699,0.83286,0.82534,0.79620,0.84146,0.86337,0.81616,0.82243,0.87866,0.84153,0.81244,0.71917,0.61209,0.50157,0.41379,0.51803,0.59174,0.67279,0.75310,0.81822,0.85113,0.88703,0.89316,0.92211,0.92531,0.93192,0.93197,0.91857,0.91494,0.89943,0.89105,0.87541,0.86270,0.84564,0.81790,0.81282,0.82319,0.81558,0.82364,0.85413,0.84279,0.86272,0.87587,0.86157,0.86929,0.88733,0.89249,0.90991,0.90742,0.89260,0.88481,0.86752,0.84930,0.83408,0.79484,0.79916,0.81900,0.81575,0.80729,0.83177,0.81921,0.81557,0.84375,0.85348,0.86926,0.86624,0.87712,0.89502,0.90006,0.88781,0.86772,0.85192,0.81608,0.79823,0.76874,0.77327,0.77043,0.77037,0.80121,0.77924,0.78731,0.75773,0.75980,0.78914,0.78756,0.82179,0.80199,0.83243,0.85903,0.88496,0.90359,0.91552,0.92652,0.92280,0.93761,0.95503,0.95803,0.94801,0.95085,0.95038,0.93859,0.91384,0.88308,0.86387,0.81390,0.76424,0.73308,0.65472,0.64602,0.57635,0.54160,0.51619,0.45985,0.41510,0.47841,0.37157
0.68593,0.70285,0.72227,0.77954,0.81850,0.82296,0.84129,0.88974,0.91385,0.90880,0.93210,0.90936,0.87855,0.83400,0.80004,0.75175,0.75135,0.70566,0.66450,0.66856,0.72189,0.74402,0.77244,0.73418,0.71690,0.75780,0.76000,0.70937,0.72116,0.76115,0.73258,0.68985,0.71976,0.75402,0.71334,0.68887,0.62157,0.60409,0.61945,0.54698,0.54029,0.55539,0.57801,0.63909,0.61749,0.65672,0.62591,0.67343,0.73958,0.78372,0.82980,0.86992,0.90801,0.93787,0.95423,0.96997,0.96402,0.95377,0.96847,0.97383,0.96185,0.96032,0.96031,0.95220,0.94248,0.94261,0.93766,0.92284,0.90919,0.91281,0.89396,0.87785,0.87814,0.86080,0.88225,0.85276,0.87266,0.83673,0.79135,0.83492,0.90492,0.89159,0.90529,0.95706,0.94609,0.92915,0.95508,0.98018,0.96900,0.96820,0.97744,0.96761,0.96366,0.94816,0.90591,0.86836,0.90032,0.86362,0.88039,0.85843,0.90056,0.91701,0.89685,0.90497,0.91148,0.93554,0.94808,0.95115,0.93069,0.90679,0.87062,0.84644,0.80590,0.78996,0.75841,0.81555,0.83368,0.77320,0.78338,0.84639,0.79457,0.75930,0.65147,0.53429,0.41448,0.31791,0.42703,0.50958,0.59756,0.68784,0.76331,0.80631,0.85087,0.86272,0.90210,0.91020,0.92701,0.93363,0.92450,0.92519,0.91501,0.90646,0.89802,0.88088,0.86769,0.83732,0.83966,0.85611,0.85639,0.86919,0.89509,0.88979,0.90455,0.91077,0.89873,0.90547,0.91613,0.91779,0.93056,0.92534,0.91167,0.89514,0.87814,0.85563,0.83174,0.78710,0.78110,0.80068,0.79057,0.78222,0.81231,0.79516,0.78554,0.81738,0.82626,0.84557,0.83834,0.85349,0.87832,0.88237,0.86945,0.84167,0.82617,0.78036,0.76513,0.73199,0.74071,0.74327,0.75155,0.79160,0.77484,0.79172,0.76544,0.77603,0.80372,0.80248,0.82481,0.79163,0.81872,0.85167,0.88301,0.90652,0.92768,0.94195,0.94720,0.95859,0.96911,0.96961,0.95652,0.94857,0.93943,0.91836,0.88477,0.84442,0.81890,0.76057,0.70122,0.66866,0.58132,0.57423,0.50016,0.46437,0.44100,0.38160,0.33201,0.40179,0.29455
0.77801,0.79278,0.81672,0.86298,0.88886,0.89680,0.91499,0.94668,0.96114,0.96264,0.97675,0.96465,0.94470,0.91353,0.88812,0.85036,0.84993,0.81313,0.77881,0.78173,0.82498,0.84112,0.86385,0.83442,0.81892,0.84971,0.85239,0.81218,0.81894,0.84920,0.82803,0.79257,0.81285,0.83742,0.80654,0.78137,0.72541,0.70728,0.72437,0.66166,0.66168,0.67847,0.69895,0.75324,0.73691,0.77120,0.74624,0.78643,0.84014,0.87536,0.90964,0.93830,0.96274,0.97997,0.98741,0.98963,0.98587,0.98062,0.98350,0.97941,0.97502,0.97341,0.96313,0.95988,0.96318,0.95736,0.94847,0.94087,0.93477,0.94457,0.93566,0.93108,0.92991,0.92122,0.93755,0.92100,0.93805,0.91475,0.88151,0.91260,0.96111,0.95326,0.96117,0.98906,0.98358,0.97628,0.98868,0.99384,0.98954,0.98205,0.96770,0.94438,0.92897,0.89380,0.83418,0.78144,0.82766,0.78565,0.81692,0.79691,0.85394,0.88593,0.87477,0.88104,0.87316,0.90051,0.93054,0.95285,0.94587,0.94065,0.91697,0.90264,0.87295,0.86742,0.84096,0.88011,0.90039,0.85871,0.86364,0.91316,0.88021,0.85319,0.76660,0.66342,0.55784,0.46671,0.56782,0.64421,0.72176,0.79806,0.85900,0.89013,0.92195,0.92751,0.95080,0.95275,0.95473,0.95192,0.93824,0.93264,0.91563,0.90810,0.88906,0.88051,0.86200,0.83813,0.82788,0.83226,0.81867,0.82148,0.85334,0.83593,0.85992,0.87888,0.86466,0.87264,0.89523,0.90240,0.92090,0.92068,0.90674,0.90553,0.88943,0.87520,0.86540,0.83159,0.83957,0.85843,0.85752,0.84987,0.87062,0.86064,0.85867,0.88348,0.89281,0.90619,0.90402,0.91291,0.92733,0.93189,0.92133,0.90507,0.89075,0.85986,0.84333,0.81663,0.81985,0.81589,0.81318,0.83869,0.81590,0.81899,0.78913,0.78595,0.81425,0.81197,0.85094,0.83887,0.86847,0.89046,0.91149,0.92611,0.93115,0.93840,0.92784,0.94294,0.96213,0.96657,0.96108,0.96910,0.97217,0.96454,0.94499,0.91867,0.90112,0.85615,0.80937,0.78139,0.70718,0.69974,0.63375,0.60063,0.57734,0.52312,0.47864,0.54008,0.43233
0.86149,0.87355,0.88916,0.92460,0.94519,0.94924,0.95769,0.97903,0.98698,0.98386,0.98869,0.97851,0.96563,0.94372,0.92320,0.89225,0.88646,0.85657,0.82520,0.82591,0.85936,0.86614,0.88417,0.86288,0.84471,0.86436,0.86907,0.83681,0.83486,0.85618,0.84249,0.81098,0.81862,0.83401,0.81171,0.78137,0.73427,0.71290,0.73438,0.68066,0.69226,0.71508,0.73413,0.78740,0.78062,0.81374,0.80012,0.83579,0.87613,0.90760,0.93041,0.95236,0.96711,0.97739,0.98161,0.96999,0.96268,0.95820,0.95416,0.94190,0.93832,0.93617,0.91573,0.91318,0.92599,0.91367,0.89914,0.89356,0.89111,0.90913,0.90659,0.91322,0.90998,0.90955,0.92558,0.92192,0.94421,0.93900,0.92100,0.95102,0.97729,0.96939,0.98145,0.98727,0.97809,0.98130,0.98941,0.97598,0.96874,0.95013,0.91900,0.88330,0.86268,0.82104,0.74859,0.68981,0.73812,0.68517,0.71917,0.69452,0.76415,0.80502,0.79330,0.79985,0.78774,0.82290,0.86442,0.90046,0.89850,0.90594,0.88757,0.87975,0.85644,0.86389,0.83857,0.86261,0.89138,0.86701,0.86514,0.90982,0.89909,0.88072,0.81467,0.72609,0.63423,0.56276,0.65691,0.71483,0.78388,0.84611,0.89298,0.90766,0.92847,0.92490,0.93582,0.93081,0.91938,0.90843,0.88732,0.87645,0.85145,0.84274,0.81450,0.80836,0.78405,0.76033,0.74275,0.74342,0.72309,0.72479,0.76298,0.74235,0.77127,0.79538,0.77764,0.78773,0.81798,0.82837,0.85367,0.85533,0.83783,0.84436,0.82574,0.81457,0.81413,0.78375,0.80634,0.82748,0.83658,0.82821,0.84275,0.83884,0.84588,0.86822,0.88034,0.89042,0.89449,0.89909,0.90518,0.91041,0.89902,0.89157,0.87467,0.85615,0.83373,0.81038,0.80696,0.79420,0.77912,0.79405,0.76300,0.75576,0.72100,0.70769,0.73964,0.73728,0.79191,0.79534,0.83200,0.84775,0.86465,0.87594,0.87257,0.87870,0.86020,0.88155,0.91115,0.91858,0.91319,0.93411,0.94926,0.95351,0.94435,0.93025,0.92214,0.88676,0.85406,0.82481,0.76267,0.75010,0.68904,0.65588,0.62785,0.57889,0.54271,0.59405,0.49016
0.79854,0.81221,0.81819,0.86454,0.90076,0.89780,0.90258,0.94220,0.95962,0.94537,0.95833,0.93456,0.91020,0.87446,0.84431,0.80153,0.79333,0.75438,0.71486,0.71600,0.75846,0.76892,0.79320,0.76348,0.74114,0.76929,0.77440,0.73133,0.73162,0.76197,0.74153,0.70134,0.71590,0.73999,0.70797,0.67523,0.61604,0.59340,0.61494,0.55076,0.55902,0.58332,0.60560,0.66864,0.65953,0.69990,0.68358,0.72779,0.77947,0.82202,0.85583,0.89042,0.91914,0.94315,0.95799,0.95756,0.94519,0.93437,0.94271,0.93883,0.92533,0.92307,0.91104,0.90213,0.90261,0.89505,0.88243,0.86794,0.85697,0.87107,0.85814,0.85498,0.85230,0.84400,0.86689,0.85178,0.88023,0.86598,0.83965,0.88609,0.92993,0.91606,0.93867,0.96550,0.94725,0.94361,0.96797,0.97139,0.95319,0.93747,0.92887,0.90439,0.89509,0.87562,0.81941,0.77544,0.80611,0.75387,0.77145,0.74115,0.79797,0.82354,0.79951,0.80989,0.81452,0.85004,0.87513,0.89323,0.87550,0.86442,0.83128,0.81369,0.77779,0.77773,0.74525,0.78680,0.81741,0.77517,0.77661,0.83816,0.81253,0.78660,0.70096,0.59813,0.49239,0.42054,0.52482,0.58385,0.66491,0.74070,0.80146,0.82452,0.85805,0.85873,0.88531,0.88545,0.88683,0.88436,0.86511,0.85996,0.83938,0.82810,0.80869,0.79186,0.77094,0.73838,0.73316,0.74803,0.74307,0.75762,0.79197,0.78530,0.80544,0.81592,0.79892,0.80861,0.82760,0.83228,0.85391,0.84964,0.83004,0.81989,0.79801,0.77676,0.76175,0.71815,0.72996,0.75404,0.75613,0.74636,0.77082,0.76035,0.76188,0.79282,0.80618,0.82291,0.82343,0.83432,0.85045,0.85544,0.84011,0.82141,0.80110,0.76818,0.74398,0.71283,0.71325,0.70451,0.69745,0.72718,0.69934,0.70475,0.67120,0.67076,0.70443,0.70281,0.74483,0.72793,0.76592,0.79382,0.82298,0.84531,0.85928,0.87464,0.87287,0.89290,0.91668,0.92082,0.90522,0.91152,0.91693,0.90889,0.88588,0.85840,0.84364,0.79385,0.75051,0.71355,0.63795,0.62261,0.55158,0.51381,0.48278,0.42834,0.38909,0.44941,0.34603
0.80158,0.81534,0.82781,0.87372,0.90559,0.90645,0.91596,0.95190,0.96759,0.95918,0.97211,0.95300,0.93084,0.89740,0.86948,0.82884,0.82323,0.78558,0.74821,0.74999,0.79211,0.80415,0.82744,0.79840,0.77843,0.80680,0.81112,0.76968,0.77178,0.80139,0.78119,0.74304,0.75886,0.78249,0.75142,0.72099,0.66343,0.64223,0.66249,0.59924,0.60509,0.62715,0.64876,0.70831,0.69712,0.73548,0.71653,0.75896,0.81072,0.85039,0.88375,0.91564,0.94211,0.96289,0.97474,0.97430,0.96483,0.95632,0.96191,0.95715,0.94731,0.94530,0.93316,0.92645,0.92886,0.92144,0.90964,0.89790,0.88899,0.90217,0.89117,0.88836,0.88603,0.87823,0.89857,0.88367,0.90770,0.89105,0.86356,0.90370,0.94818,0.93705,0.95429,0.97992,0.96636,0.96198,0.98154,0.98412,0.97100,0.95749,0.94508,0.91966,0.90680,0.88003,0.82101,0.77271,0.80989,0.76066,0.78428,0.75756,0.81564,0.84489,0.82598,0.83520,0.83449,0.86770,0.89599,0.91710,0.90384,0.89626,0.86720,0.85142,0.81829,0.81711,0.78687,0.82639,0.85379,0.81283,0.81467,0.87131,0.84470,0.81853,0.73417,0.63254,0.52716,0.44828,0.55131,0.61614,0.69569,0.77066,0.83098,0.85623,0.88864,0.89049,0.91485,0.91532,0.91574,0.91253,0.89463,0.88885,0.86877,0.85874,0.83849,0.82499,0.80438,0.77536,0.76728,0.77771,0.76893,0.77899,0.81286,0.80173,0.82398,0.83832,0.82201,0.83119,0.85240,0.85839,0.87953,0.87692,0.85907,0.85287,0.83288,0.81454,0.80226,0.76289,0.77457,0.79697,0.79885,0.78983,0.81240,0.80250,0.80335,0.83159,0.84385,0.85912,0.85908,0.86887,0.88366,0.88864,0.87508,0.85799,0.83975,0.80851,0.78680,0.75750,0.75839,0.75068,0.74424,0.77164,0.74493,0.74830,0.71522,0.71321,0.74511,0.74307,0.78554,0.77197,0.80745,0.83243,0.85814,0.87757,0.88737,0.89959,0.89360,0.91234,0.93526,0.94011,0.92843,0.93643,0.94212,0.93517,0.91432,0.88801,0.87272,0.82513,0.78136,0.74782,0.67325,0.66040,0.59154,0.55554,0.52719,0.47328,0.43292,0.49386,0.39085
0.89107,0.90136,0.91373,0.94505,0.96330,0.96542,0.97024,0.98763,0.99285,0.98778,0.98893,0.97945,0.96944,0.95129,0.93288,0.90454,0.89652,0.86936,0.83943,0.83933,0.86850,0.87167,0.88771,0.86976,0.85061,0.86565,0.87101,0.84202,0.83659,0.85408,0.84315,0.81331,0.81593,0.82750,0.80839,0.77594,0.73282,0.70983,0.73274,0.68263,0.69854,0.72412,0.74308,0.79565,0.79317,0.82597,0.81700,0.85087,0.88585,0.91589,0.93420,0.95335,0.96431,0.97162,0.97478,0.95788,0.94892,0.94468,0.93796,0.92264,0.91931,0.91701,0.89275,0.89037,0.90693,0.89213,0.87523,0.87028,0.86909,0.89041,0.89032,0.90134,0.89704,0.89970,0.91539,0.91641,0.94013,0.94182,0.93057,0.95986,0.97670,0.96990,0.98415,0.98060,0.97014,0.97805,0.98471,0.96351,0.95499,0.93194,0.89425,0.85362,0.83032,0.78615,0.70958,0.64834,0.69703,0.64036,0.67543,0.64893,0.72273,0.76681,0.75522,0.76252,0.74879,0.78704,0.83304,0.87456,0.87438,0.88681,0.87046,0.86540,0.84453,0.85703,0.83192,0.84986,0.88197,0.86425,0.85918,0.90174,0.89986,0.88452,0.82729,0.74394,0.65901,0.59523,0.68599,0.73710,0.80308,0.85961,0.90102,0.90920,0.92575,0.91888,0.92500,0.91742,0.90060,0.88648,0.86233,0.84948,0.82119,0.81179,0.77983,0.77448,0.74765,0.72402,0.70352,0.70268,0.68009,0.68157,0.72223,0.70060,0.73163,0.75760,0.73858,0.74963,0.78290,0.79438,0.82240,0.82455,0.80536,0.81485,0.79496,0.78499,0.78807,0.75910,0.78751,0.80988,0.82322,0.81474,0.82689,0.82556,0.83606,0.85710,0.87064,0.87973,0.88604,0.88917,0.89212,0.89729,0.88551,0.88145,0.86353,0.84988,0.82518,0.80284,0.79664,0.78035,0.76020,0.77100,0.73658,0.72518,0.68800,0.67097,0.70421,0.70169,0.76245,0.77213,0.81182,0.82526,0.84049,0.85085,0.84423,0.85006,0.82856,0.85241,0.88606,0.89496,0.88957,0.91549,0.93551,0.94441,0.93937,0.93001,0.92555,0.89399,0.86678,0.83708,0.77968,0.76451,0.70593,0.67267,0.64328,0.59677,0.56383,0.61095,0.51004
0.91139,0.92000,0.91816,0.94583,0.96905,0.96318,0.95646,0.97575,0.98112,0.96442,0.96245,0.94583,0.93502,0.91680,0.89687,0.86743,0.85304,0.82685,0.79489,0.79275,0.81816,0.81490,0.83070,0.81513,0.79108,0.80117,0.80859,0.78032,0.76838,0.78331,0.77490,0.74353,0.73901,0.74755,0.73029,0.69190,0.64982,0.62340,0.64996,0.60190,0.62639,0.65815,0.67771,0.73485,0.73977,0.77570,0.77568,0.81043,0.83986,0.87310,0.88763,0.90855,0.91939,0.92917,0.93625,0.91416,0.89878,0.89116,0.88623,0.86928,0.86022,0.85738,0.82966,0.82366,0.84062,0.82329,0.80273,0.79391,0.79054,0.81649,0.81552,0.83023,0.82435,0.82946,0.84909,0.85456,0.88711,0.89954,0.89715,0.93583,0.94261,0.93211,0.95696,0.94662,0.92692,0.94022,0.95341,0.92642,0.90810,0.87700,0.83936,0.79533,0.77492,0.74009,0.66401,0.60798,0.64627,0.58121,0.60720,0.57325,0.64901,0.69019,0.67004,0.67991,0.67355,0.71858,0.76376,0.80551,0.79970,0.81140,0.79051,0.78511,0.76222,0.78164,0.75318,0.76829,0.80897,0.79580,0.78684,0.83530,0.84423,0.83236,0.78222,0.70393,0.62438,0.58050,0.66963,0.70323,0.76796,0.81944,0.85610,0.85428,0.86866,0.85632,0.86117,0.85069,0.83021,0.81436,0.78499,0.77121,0.73888,0.72685,0.69266,0.68262,0.65299,0.62385,0.60484,0.60972,0.59160,0.60054,0.64419,0.62934,0.65869,0.67987,0.65826,0.67091,0.70347,0.71384,0.74529,0.74522,0.72163,0.72733,0.70322,0.68956,0.69185,0.65771,0.69194,0.71808,0.73604,0.72611,0.73887,0.73895,0.75401,0.77794,0.79462,0.80500,0.81455,0.81791,0.81982,0.82516,0.81016,0.80695,0.78481,0.77343,0.74240,0.71834,0.70854,0.68705,0.66104,0.67158,0.63222,0.61969,0.57915,0.56135,0.59882,0.59693,0.66283,0.67325,0.71975,0.73543,0.75472,0.76883,0.76589,0.77665,0.75921,0.78756,0.82658,0.83585,0.82388,0.85181,0.87620,0.88786,0.88334,0.87672,0.87676,0.84530,0.82464,0.78915,0.73518,0.71355,0.65396,0.61809,0.58260,0.53782,0.51120,0.55424,0.45766
0.84345,0.85452,0.84927,0.88902,0.92532,0.91604,0.91062,0.94667,0.96106,0.93866,0.94579,0.91895,0.89739,0.86603,0.83752,0.79712,0.78317,0.74820,0.70949,0.70838,0.74371,0.74666,0.76862,0.74418,0.71803,0.73814,0.74522,0.70641,0.69910,0.72373,0.70798,0.66877,0.67389,0.69209,0.66480,0.62665,0.57169,0.54626,0.57110,0.51144,0.52963,0.56038,0.58280,0.64716,0.64664,0.68848,0.68218,0.72466,0.76752,0.81014,0.83690,0.86936,0.89330,0.91532,0.93084,0.92167,0.90421,0.89201,0.89808,0.88981,0.87370,0.87101,0.85279,0.84222,0.84716,0.83553,0.81829,0.80255,0.79181,0.81197,0.80142,0.80520,0.80053,0.79720,0.82179,0.81456,0.84914,0.84823,0.83401,0.88364,0.91225,0.89768,0.92921,0.94110,0.91602,0.92090,0.94727,0.93868,0.91395,0.88889,0.87260,0.84090,0.82978,0.81221,0.75119,0.70705,0.73277,0.67184,0.68604,0.64984,0.71302,0.74087,0.71232,0.72484,0.73151,0.77414,0.80404,0.82836,0.80982,0.80430,0.77114,0.75659,0.72247,0.73183,0.69790,0.73103,0.76986,0.73756,0.73350,0.79570,0.78537,0.76481,0.69294,0.59942,0.50359,0.45124,0.55130,0.59265,0.66943,0.73597,0.78809,0.79858,0.82628,0.82026,0.84051,0.83631,0.82957,0.82263,0.79718,0.78923,0.76271,0.74937,0.72453,0.70616,0.68086,0.64532,0.63728,0.65328,0.64824,0.66658,0.70537,0.70097,0.72287,0.73312,0.71320,0.72470,0.74678,0.75220,0.77876,0.77396,0.75026,0.74146,0.71596,0.69419,0.68278,0.63841,0.65992,0.68731,0.69656,0.68582,0.70791,0.70093,0.70889,0.73942,0.75618,0.77200,0.77680,0.78574,0.79784,0.80339,0.78600,0.77186,0.74830,0.72220,0.69202,0.66127,0.65661,0.64119,0.62530,0.65016,0.61602,0.61588,0.57785,0.57279,0.61011,0.60877,0.66053,0.65119,0.69589,0.72219,0.75156,0.77480,0.78697,0.80458,0.80136,0.82653,0.85787,0.86390,0.84486,0.85784,0.87126,0.86991,0.85197,0.83137,0.82315,0.77746,0.74398,0.70359,0.63528,0.61362,0.54476,0.50549,0.46926,0.41832,0.38697,0.44123,0.34404
0.88088,0.89139,0.89456,0.92912,0.95569,0.95193,0.95089,0.97653,0.98560,0.97122,0.97417,0.95647,0.94151,0.91775,0.89475,0.86098,0.84937,0.81899,0.78494,0.78367,0.81487,0.81704,0.83575,0.81555,0.79268,0.80922,0.81575,0.78266,0.77545,0.79571,0.78306,0.74889,0.75169,0.76571,0.74337,0.70808,0.65985,0.63528,0.65888,0.60398,0.62216,0.65119,0.67212,0.73029,0.72963,0.76703,0.76044,0.79831,0.83623,0.87228,0.89379,0.91887,0.93517,0.94902,0.95789,0.94347,0.92993,0.92183,0.92066,0.90792,0.89846,0.89597,0.87361,0.86723,0.87917,0.86531,0.84757,0.83751,0.83197,0.85363,0.84902,0.85751,0.85263,0.85308,0.87290,0.87097,0.90032,0.90213,0.89113,0.93079,0.95122,0.94121,0.96457,0.96664,0.94810,0.95568,0.97165,0.95479,0.93788,0.91249,0.88352,0.84570,0.82686,0.79424,0.72396,0.66989,0.70799,0.64841,0.67400,0.64246,0.71226,0.74955,0.72976,0.74007,0.73569,0.77705,0.81679,0.85150,0.84274,0.84769,0.82373,0.81445,0.78786,0.80012,0.77049,0.79439,0.83060,0.80715,0.80179,0.85347,0.84949,0.83198,0.76934,0.68145,0.59238,0.53559,0.63054,0.67612,0.74722,0.80745,0.85333,0.86104,0.88223,0.87529,0.88719,0.88064,0.86741,0.85599,0.83032,0.81933,0.79093,0.77931,0.74966,0.73805,0.71109,0.68141,0.66658,0.67326,0.65844,0.66835,0.70884,0.69535,0.72250,0.74146,0.72160,0.73326,0.76217,0.77096,0.79916,0.79799,0.77598,0.77731,0.75405,0.73864,0.73556,0.69933,0.72585,0.75127,0.76397,0.75429,0.77079,0.76728,0.77759,0.80277,0.81832,0.83073,0.83667,0.84215,0.84900,0.85430,0.83958,0.83133,0.81039,0.79185,0.76388,0.73750,0.73138,0.71439,0.69490,0.71173,0.67648,0.66940,0.63068,0.61813,0.65414,0.65225,0.71050,0.71250,0.75549,0.77470,0.79670,0.81331,0.81500,0.82660,0.81318,0.83841,0.87223,0.88002,0.86791,0.88884,0.90696,0.91197,0.90153,0.88777,0.88239,0.84447,0.81530,0.78030,0.71826,0.69910,0.63593,0.59940,0.56626,0.51717,0.48640,0.53607,0.43734
0.94181,0.94843,0.94276,0.96187,0.97971,0.97267,0.96063,0.97145,0.97230,0.95386,0.94513,0.93140,0.92619,0.91530,0.89968,0.87630,0.85914,0.83844,0.80975,0.80596,0.82407,0.81518,0.82735,0.81778,0.79355,0.79629,0.80459,0.78271,0.76617,0.77473,0.77123,0.74399,0.73194,0.73410,0.72305,0.68314,0.64906,0.62153,0.64908,0.60803,0.63893,0.67342,0.69179,0.74558,0.75619,0.78959,0.79651,0.82682,0.84670,0.87571,0.88200,0.89709,0.90054,0.90472,0.90869,0.87828,0.86189,0.85539,0.84525,0.82349,0.81624,0.81314,0.77949,0.77467,0.79801,0.77693,0.75360,0.74698,0.74665,0.77706,0.78090,0.80248,0.79536,0.80572,0.82355,0.83742,0.87128,0.89466,0.90180,0.93857,0.92922,0.92022,0.94556,0.92133,0.90060,0.92048,0.92910,0.89065,0.87198,0.83518,0.78691,0.73567,0.71094,0.67049,0.58783,0.52865,0.56949,0.50068,0.52887,0.49432,0.57576,0.62247,0.60394,0.61342,0.60283,0.65100,0.70330,0.75361,0.75241,0.77266,0.75706,0.75647,0.73904,0.76609,0.73954,0.74362,0.78779,0.78674,0.77400,0.81651,0.83943,0.83284,0.79732,0.72826,0.66259,0.63259,0.71335,0.73629,0.79364,0.83402,0.86033,0.84807,0.85440,0.83721,0.83343,0.81855,0.78991,0.76897,0.73605,0.71915,0.68289,0.67048,0.63102,0.62388,0.59112,0.56316,0.53977,0.54076,0.51749,0.52455,0.57117,0.55365,0.58603,0.61066,0.58783,0.60171,0.63896,0.65122,0.68607,0.68749,0.66247,0.67425,0.64946,0.63905,0.64796,0.61812,0.66063,0.68717,0.71158,0.70173,0.70959,0.71393,0.73440,0.75496,0.77271,0.78063,0.79361,0.79346,0.78984,0.79530,0.78051,0.78366,0.76119,0.75888,0.72552,0.70435,0.69076,0.66410,0.63078,0.63355,0.59043,0.57111,0.52859,0.50384,0.54244,0.54066,0.61460,0.63546,0.68455,0.69539,0.71077,0.72154,0.71223,0.72107,0.69828,0.72935,0.77387,0.78467,0.77402,0.81020,0.84160,0.86102,0.86366,0.86555,0.87188,0.84826,0.83731,0.80311,0.75865,0.73445,0.68110,0.64611,0.60965,0.56799,0.54668,0.58059,0.48769
0.90101,0.90767,0.88641,0.90964,0.94039,0.92363,0.90190,0.92497,0.93159,0.89954,0.89405,0.86767,0.85491,0.83580,0.81379,0.78280,0.76085,0.73592,0.70190,0.69750,0.71788,0.70736,0.72271,0.71000,0.68065,0.68499,0.69476,0.66772,0.64843,0.66051,0.65536,0.62213,0.60962,0.61537,0.60006,0.55515,0.51411,0.48500,0.51512,0.46977,0.50389,0.54213,0.56193,0.62297,0.63598,0.67519,0.68593,0.72107,0.74416,0.78165,0.79234,0.81604,0.82770,0.84184,0.85457,0.82821,0.80509,0.79263,0.79126,0.77416,0.75742,0.75394,0.72383,0.71300,0.72864,0.70932,0.68543,0.67115,0.66417,0.69431,0.69121,0.70898,0.70150,0.70875,0.73322,0.74331,0.78503,0.80942,0.81682,0.86707,0.86377,0.84855,0.88745,0.87154,0.83923,0.85779,0.88084,0.84930,0.81823,0.77914,0.74483,0.69981,0.68470,0.66431,0.59245,0.54649,0.56940,0.49678,0.50917,0.46668,0.54112,0.57637,0.54508,0.55793,0.56240,0.61377,0.65461,0.69304,0.67887,0.68732,0.66030,0.65374,0.62764,0.65424,0.62212,0.63512,0.68514,0.67612,0.66327,0.71892,0.73824,0.72927,0.68764,0.61742,0.54613,0.52966,0.61562,0.62505,0.68669,0.73098,0.76227,0.74936,0.76230,0.74379,0.74839,0.73550,0.71257,0.69610,0.66175,0.64792,0.61261,0.59736,0.56274,0.54629,0.51466,0.47857,0.46303,0.47596,0.46654,0.48619,0.53129,0.52608,0.55158,0.56521,0.54171,0.55579,0.58463,0.59261,0.62648,0.62308,0.59482,0.59364,0.56496,0.54597,0.54479,0.50563,0.54506,0.57489,0.59671,0.58492,0.59901,0.59960,0.61932,0.64645,0.66708,0.67912,0.69251,0.69615,0.69721,0.70297,0.68385,0.68117,0.65455,0.64497,0.60692,0.58072,0.56782,0.54080,0.50937,0.52046,0.47673,0.46422,0.42198,0.40516,0.44605,0.44489,0.51410,0.52338,0.57651,0.59510,0.62042,0.63980,0.64339,0.66069,0.65055,0.68311,0.72657,0.73574,0.71496,0.74252,0.77040,0.78365,0.77845,0.77396,0.77879,0.74644,0.73377,0.69164,0.64244,0.61385,0.55431,0.51599,0.47385,0.43054,0.41295,0.45093,0.36137
0.85301,0.86209,0.84870,0.88495,0.92247,0.90809,0.89595,0.93126,0.94446,0.91568,0.91950,0.88998,0.86941,0.83998,0.81196,0.77247,0.75504,0.72196,0.68384,0.68128,0.71225,0.71089,0.73192,0.71024,0.68207,0.69781,0.70594,0.66947,0.65807,0.67970,0.66649,0.62754,0.62754,0.64271,0.61794,0.57679,0.52560,0.49725,0.52386,0.46713,0.49051,0.52454,0.54681,0.61194,0.61642,0.65846,0.65809,0.69988,0.73792,0.78117,0.80419,0.83585,0.85783,0.87971,0.89653,0.88318,0.86233,0.84889,0.85457,0.84480,0.82630,0.82329,0.80227,0.79026,0.79679,0.78322,0.76392,0.74698,0.73586,0.75900,0.74905,0.75600,0.75011,0.74905,0.77480,0.77156,0.80974,0.81611,0.80855,0.86131,0.88162,0.86621,0.90336,0.90909,0.87895,0.88800,0.91673,0.90257,0.87309,0.84321,0.82398,0.79009,0.77958,0.76540,0.70393,0.66236,0.68310,0.61817,0.62832,0.58858,0.65339,0.68113,0.64898,0.66263,0.67164,0.71734,0.74833,0.77455,0.75449,0.75031,0.71641,0.70256,0.66930,0.68359,0.64839,0.67760,0.72106,0.69344,0.68668,0.74987,0.74714,0.72946,0.66514,0.57628,0.48824,0.44999,0.54695,0.57623,0.64969,0.71066,0.75814,0.76168,0.78650,0.77677,0.79440,0.78809,0.77777,0.76895,0.74047,0.73167,0.70274,0.68796,0.66107,0.64106,0.61355,0.57577,0.56763,0.58499,0.58153,0.60318,0.64412,0.64223,0.66366,0.67252,0.65149,0.66391,0.68667,0.69175,0.72033,0.71477,0.68868,0.67945,0.65138,0.62896,0.61820,0.57292,0.59936,0.62830,0.64110,0.62976,0.65064,0.64531,0.65677,0.68783,0.70681,0.72294,0.73036,0.73868,0.74833,0.75368,0.73465,0.72240,0.69683,0.67426,0.64062,0.60971,0.60273,0.58341,0.56296,0.58570,0.54821,0.54609,0.50616,0.49892,0.53746,0.53620,0.59292,0.58701,0.63599,0.66259,0.69246,0.71637,0.72882,0.74819,0.74556,0.77330,0.80814,0.81482,0.79304,0.80841,0.82555,0.82733,0.81118,0.79404,0.78937,0.74563,0.71767,0.67483,0.61076,0.58568,0.51828,0.47837,0.43958,0.38968,0.36236,0.40943,0.31198
0.89439,0.90093,0.89522,0.92462,0.95026,0.94066,0.93177,0.95479,0.96182,0.94071,0.93870,0.91905,0.90660,0.88634,0.86483,0.83399,0.81755,0.78974,0.75723,0.75472,0.77955,0.77626,0.79254,0.77674,0.75211,0.76264,0.76997,0.74016,0.72819,0.74386,0.73378,0.70111,0.69741,0.70677,0.68809,0.64916,0.60770,0.57981,0.60529,0.55480,0.57953,0.61251,0.63329,0.69211,0.69892,0.73542,0.73640,0.77338,0.80405,0.83910,0.85480,0.87737,0.89040,0.90247,0.91179,0.89132,0.87407,0.86515,0.86246,0.84731,0.83563,0.83285,0.80651,0.79889,0.81370,0.79697,0.77676,0.76608,0.76105,0.78673,0.78393,0.79681,0.79030,0.79394,0.81445,0.81803,0.85241,0.86439,0.86165,0.90431,0.91063,0.90037,0.92935,0.92117,0.89901,0.91321,0.92968,0.90432,0.88279,0.85126,0.81762,0.77673,0.75861,0.72897,0.65745,0.60571,0.63927,0.57462,0.59567,0.55987,0.63264,0.67067,0.64757,0.65915,0.65658,0.70142,0.74315,0.78142,0.77222,0.78006,0.75609,0.74863,0.72414,0.74241,0.71214,0.72977,0.77123,0.75520,0.74618,0.79799,0.80475,0.79153,0.73928,0.65538,0.57923,0.53975,0.62750,0.66107,0.72778,0.78153,0.81998,0.81782,0.83319,0.82184,0.82946,0.81941,0.80124,0.78684,0.75764,0.74539,0.71397,0.70072,0.66767,0.65494,0.62551,0.59522,0.57801,0.58647,0.57191,0.58432,0.62734,0.61651,0.64309,0.65991,0.63905,0.65239,0.68318,0.69180,0.72262,0.72079,0.69584,0.69836,0.67274,0.65738,0.65708,0.61985,0.65218,0.67934,0.69698,0.68726,0.70166,0.70118,0.71566,0.74112,0.75930,0.77227,0.78130,0.78750,0.79097,0.79383,0.77733,0.77166,0.74876,0.73532,0.70311,0.67693,0.66747,0.64605,0.62070,0.63353,0.59418,0.58413,0.54309,0.52815,0.56566,0.56485,0.62820,0.63476,0.68300,0.70203,0.72316,0.73916,0.74015,0.75283,0.73955,0.76807,0.80650,0.81430,0.79981,0.82507,0.84784,0.85797,0.85047,0.84244,0.84257,0.80983,0.78721,0.74958,0.69360,0.66992,0.61041,0.57318,0.53859,0.49238,0.46294,0.50113,0.39325
0.94219,0.94384,0.93411,0.94868,0.96164,0.95116,0.93629,0.94139,0.93730,0.91798,0.90462,0.89367,0.89301,0.88775,0.87574,0.85721,0.83832,0.82183,0.79742,0.79288,0.80364,0.79119,0.80001,0.79551,0.77183,0.76869,0.77696,0.76017,0.74057,0.74356,0.74276,0.71946,0.70216,0.69917,0.69286,0.65229,0.62678,0.59742,0.62513,0.58839,0.62380,0.66049,0.67833,0.72848,0.74476,0.77500,0.78700,0.81485,0.82691,0.85179,0.85187,0.86209,0.85996,0.85973,0.86130,0.82536,0.80807,0.80305,0.78935,0.76428,0.75797,0.75495,0.71789,0.71377,0.74114,0.71802,0.69345,0.68906,0.69090,0.72360,0.73088,0.75686,0.74842,0.76193,0.77769,0.79649,0.83103,0.86129,0.87647,0.90963,0.88646,0.88049,0.90699,0.87064,0.85119,0.87724,0.88170,0.83463,0.81690,0.77598,0.72044,0.66616,0.63930,0.59665,0.51276,0.45188,0.49343,0.42389,0.45271,0.41772,0.50110,0.54976,0.53334,0.54363,0.53015,0.57883,0.63519,0.69095,0.69308,0.71898,0.70717,0.71006,0.69766,0.72922,0.70443,0.70017,0.74565,0.75263,0.73649,0.77459,0.80625,0.80379,0.78116,0.71756,0.66509,0.64611,0.72000,0.73529,0.78620,0.81899,0.83734,0.81714,0.81634,0.79670,0.78673,0.76923,0.73482,0.71075,0.67621,0.65799,0.61980,0.60670,0.56324,0.55852,0.52423,0.50014,0.47249,0.47108,0.44473,0.44983,0.49761,0.47839,0.51160,0.53765,0.51471,0.52977,0.57051,0.58339,0.61979,0.62177,0.59552,0.61221,0.58703,0.57977,0.59365,0.56650,0.61391,0.64050,0.66929,0.66040,0.66454,0.67257,0.69601,0.71425,0.73367,0.74014,0.75590,0.75587,0.74715,0.74994,0.73518,0.74225,0.72014,0.72442,0.68909,0.67013,0.65405,0.62440,0.58653,0.58334,0.53716,0.51417,0.47105,0.44187,0.48003,0.47869,0.55723,0.58493,0.63597,0.64341,0.65479,0.66252,0.64896,0.65608,0.62979,0.66275,0.71066,0.72149,0.71221,0.75349,0.78966,0.81465,0.82216,0.83088,0.84190,0.82581,0.82134,0.78758,0.75097,0.72486,0.67743,0.64408,0.60909,0.57303,0.55172,0.57575,0.47638
0.95633,0.95641,0.94353,0.95149,0.95971,0.94858,0.93100,0.92889,0.91988,0.90150,0.88428,0.87662,0.88057,0.88142,0.87339,0.85988,0.84064,0.82937,0.80866,0.80335,0.80840,0.79216,0.79778,0.79792,0.77452,0.76542,0.77413,0.76323,0.74033,0.73807,0.74180,0.72214,0.69890,0.69127,0.69043,0.64913,0.62926,0.59923,0.62889,0.59925,0.63866,0.67617,0.69218,0.73820,0.75740,0.78536,0.80139,0.82461,0.82925,0.84979,0.84403,0.84940,0.84069,0.83594,0.83459,0.79286,0.77580,0.77247,0.75450,0.72536,0.72116,0.71811,0.67671,0.67390,0.70610,0.68068,0.65443,0.65240,0.65693,0.69210,0.70325,0.73455,0.72577,0.74344,0.75746,0.78299,0.81691,0.85481,0.87684,0.90442,0.87092,0.86647,0.89251,0.84489,0.82605,0.85603,0.85627,0.80090,0.78492,0.74075,0.67645,0.61706,0.58694,0.53919,0.44986,0.38609,0.43053,0.35912,0.39105,0.35646,0.44484,0.49744,0.48361,0.49257,0.47487,0.52470,0.58657,0.64865,0.65543,0.68860,0.68182,0.68896,0.68172,0.71877,0.69669,0.68392,0.73060,0.74695,0.72792,0.75988,0.80157,0.80346,0.79355,0.74132,0.69721,0.68839,0.75686,0.76187,0.80485,0.82818,0.83817,0.81090,0.80426,0.78056,0.76299,0.74304,0.70222,0.67452,0.63793,0.61711,0.57661,0.56411,0.51708,0.51581,0.47998,0.45838,0.42653,0.42059,0.39070,0.39256,0.44169,0.41923,0.45490,0.48506,0.46128,0.47638,0.52023,0.53499,0.57329,0.57706,0.55082,0.57257,0.54810,0.54377,0.56289,0.54098,0.59480,0.62063,0.65306,0.64413,0.64413,0.65511,0.68203,0.69618,0.71615,0.71976,0.73881,0.73534,0.72144,0.72543,0.71130,0.72399,0.70233,0.71443,0.67764,0.66173,0.64368,0.61109,0.56835,0.55837,0.51016,0.48139,0.43792,0.40409,0.44167,0.43911,0.52414,0.56072,0.61219,0.61402,0.62179,0.62626,0.60687,0.61194,0.58031,0.61484,0.66638,0.67873,0.67160,0.71859,0.76012,0.79081,0.80471,0.81995,0.83511,0.82536,0.82898,0.79747,0.76930,0.74284,0.70015,0.66903,0.63326,0.60142,0.58589,0.60671,0.51601
0.96957,0.96842,0.95513,0.96330,0.97117,0.95929,0.94136,0.93872,0.92894,0.91018,0.89248,0.88510,0.88978,0.89095,0.88317,0.86979,0.85017,0.83955,0.81874,0.81377,0.81842,0.80143,0.80664,0.80731,0.78348,0.77341,0.78232,0.77195,0.74801,0.74508,0.74937,0.72932,0.70525,0.69708,0.69635,0.65405,0.63490,0.60411,0.63412,0.60535,0.64528,0.68330,0.69916,0.74584,0.76558,0.79391,0.81068,0.83379,0.83836,0.85937,0.85296,0.85799,0.84880,0.84327,0.84198,0.79918,0.78166,0.77813,0.75983,0.73040,0.72626,0.72325,0.68113,0.67847,0.71129,0.68526,0.65832,0.65626,0.66090,0.69689,0.70826,0.74049,0.73136,0.74958,0.76379,0.78986,0.82401,0.86291,0.88580,0.91248,0.87950,0.87475,0.90151,0.85157,0.83265,0.86354,0.86399,0.80654,0.79016,0.74551,0.67922,0.61905,0.58843,0.53980,0.44823,0.38348,0.42804,0.35503,0.38803,0.35243,0.44281,0.49723,0.48332,0.49249,0.47439,0.52526,0.58800,0.65134,0.65848,0.69288,0.68627,0.69382,0.68651,0.72463,0.70208,0.68826,0.73625,0.75371,0.73387,0.76581,0.80893,0.81217,0.80278,0.75290,0.70821,0.69849,0.76718,0.77130,0.81443,0.83770,0.84713,0.81930,0.81252,0.78784,0.76929,0.74885,0.70711,0.67865,0.64108,0.61971,0.57786,0.56554,0.51807,0.51630,0.47960,0.45658,0.42545,0.41924,0.38881,0.39094,0.44098,0.41841,0.45491,0.48549,0.46118,0.47622,0.52052,0.53585,0.57492,0.57898,0.55222,0.57432,0.54918,0.54488,0.56446,0.54253,0.59821,0.62472,0.65789,0.64875,0.64850,0.65970,0.68730,0.70153,0.72232,0.72597,0.74552,0.74210,0.72738,0.73139,0.71688,0.73011,0.70764,0.72037,0.68309,0.66731,0.64846,0.61515,0.57101,0.56056,0.51117,0.48140,0.43687,0.40237,0.43982,0.43666,0.52410,0.56257,0.61543,0.61749,0.62491,0.62945,0.60934,0.61447,0.58179,0.61691,0.66906,0.68297,0.67557,0.72336,0.76602,0.79739,0.81251,0.82848,0.84395,0.83409,0.83820,0.80600,0.77807,0.75141,0.70826,0.67681,0.64023,0.60917,0.59466,0.61449,0.52666
0.97558,0.97450,0.95695,0.95919,0.96471,0.95193,0.93047,0.92331,0.91107,0.89136,0.87017,0.86412,0.87175,0.87700,0.87172,0.86193,0.84089,0.83393,0.81533,0.80965,0.81013,0.78995,0.79252,0.79680,0.77294,0.75836,0.76786,0.76152,0.73476,0.72807,0.73584,0.71811,0.68948,0.67790,0.68099,0.63852,0.62288,0.59223,0.62338,0.59963,0.64272,0.68168,0.69605,0.73998,0.76234,0.78917,0.80972,0.82982,0.82894,0.84754,0.83664,0.83846,0.82561,0.81726,0.81431,0.76736,0.74908,0.74597,0.72539,0.69363,0.69019,0.68714,0.64248,0.64025,0.67584,0.64821,0.61980,0.61866,0.62478,0.66291,0.67671,0.71265,0.70306,0.72434,0.73790,0.76840,0.80300,0.84783,0.87596,0.90048,0.86025,0.85539,0.88302,0.82549,0.80596,0.83972,0.83819,0.77515,0.75833,0.71088,0.63969,0.57609,0.54358,0.49279,0.39800,0.33185,0.37704,0.30212,0.33606,0.30010,0.39276,0.44991,0.43689,0.44584,0.42613,0.47863,0.54441,0.61143,0.62079,0.65959,0.65573,0.66564,0.66162,0.70391,0.68273,0.66296,0.71270,0.73698,0.71506,0.74310,0.79395,0.80099,0.80028,0.75864,0.72104,0.71870,0.78283,0.77921,0.81720,0.83337,0.83658,0.80332,0.79244,0.76460,0.74147,0.71890,0.67293,0.64197,0.60261,0.57956,0.53594,0.52382,0.47422,0.47334,0.43546,0.41271,0.37919,0.37140,0.33975,0.34142,0.39224,0.36909,0.40667,0.43885,0.41411,0.42934,0.47519,0.49131,0.53183,0.53662,0.50953,0.53420,0.50869,0.50571,0.52849,0.50937,0.56956,0.59610,0.63211,0.62300,0.62039,0.63343,0.66355,0.67596,0.69718,0.69902,0.72029,0.71476,0.69707,0.70189,0.68777,0.70440,0.68172,0.69902,0.66084,0.64736,0.62623,0.59052,0.54257,0.52803,0.47696,0.44325,0.39740,0.36094,0.39821,0.39495,0.48643,0.53081,0.58465,0.58360,0.58928,0.59215,0.56878,0.57306,0.53767,0.57420,0.62904,0.64372,0.63701,0.68831,0.73452,0.76975,0.78903,0.80927,0.82789,0.82222,0.83249,0.80135,0.77942,0.75206,0.71262,0.68222,0.64503,0.61753,0.60791,0.62465,0.54382
0.98123,0.97919,0.96504,0.96913,0.97342,0.96175,0.94254,0.93509,0.92248,0.90467,0.88413,0.87924,0.88736,0.89255,0.88756,0.87778,0.85774,0.85044,0.83212,0.82685,0.82783,0.80851,0.81144,0.81524,0.79200,0.77811,0.78722,0.78064,0.75472,0.74838,0.75543,0.73780,0.71048,0.69927,0.70195,0.65989,0.64405,0.61345,0.64411,0.61978,0.66154,0.69993,0.71445,0.75837,0.77980,0.80640,0.82548,0.84579,0.84609,0.86439,0.85402,0.85555,0.84270,0.83352,0.83009,0.78349,0.76603,0.76355,0.74243,0.71066,0.70840,0.70548,0.66082,0.65943,0.69537,0.66776,0.63974,0.63929,0.64586,0.68366,0.69765,0.73323,0.72369,0.74467,0.75768,0.78753,0.82051,0.86374,0.89031,0.91329,0.87517,0.87109,0.89701,0.83967,0.82165,0.85534,0.85268,0.78953,0.77423,0.72779,0.65573,0.59224,0.55901,0.50614,0.41036,0.34258,0.38972,0.31562,0.35191,0.31676,0.41024,0.46881,0.45715,0.46550,0.44410,0.49611,0.56262,0.63025,0.64084,0.68014,0.67698,0.68733,0.68326,0.72462,0.70382,0.68442,0.73306,0.75667,0.73524,0.76233,0.81174,0.81851,0.81636,0.77440,0.73477,0.72742,0.79231,0.79274,0.83139,0.84930,0.85335,0.82178,0.81115,0.78411,0.76089,0.73869,0.69302,0.66201,0.62312,0.59992,0.55624,0.54448,0.49512,0.49499,0.45717,0.43498,0.40137,0.39246,0.35933,0.35945,0.41032,0.38560,0.42406,0.45749,0.43289,0.44799,0.49428,0.51094,0.55135,0.55665,0.53014,0.55570,0.53076,0.52841,0.55164,0.53334,0.59320,0.61949,0.65485,0.64589,0.64293,0.65599,0.68591,0.69786,0.71882,0.72052,0.74120,0.73561,0.71792,0.72267,0.70900,0.72570,0.70350,0.72059,0.68330,0.66975,0.64912,0.61410,0.56664,0.55202,0.50148,0.46718,0.42149,0.38448,0.42124,0.41750,0.50934,0.55415,0.60746,0.60628,0.61090,0.61332,0.58906,0.59259,0.55603,0.59198,0.64609,0.66138,0.65577,0.70719,0.75310,0.78816,0.80772,0.82770,0.84570,0.83996,0.84860,0.81811,0.79532,0.76872,0.72893,0.69837,0.66166,0.63360,0.62302,0.64048,0.55855
0.99334,0.99181,0.98285,0.98460,0.98463,0.97627,0.95933,0.94726,0.93265,0.91883,0.89660,0.89606,0.90682,0.91521,0.91251,0.90544,0.88680,0.88107,0.86420,0.85895,0.85878,0.83948,0.84138,0.84653,0.82479,0.80995,0.81875,0.81422,0.78875,0.78098,0.78910,0.77367,0.74581,0.73294,0.73739,0.69659,0.68262,0.65394,0.68383,0.66127,0.70259,0.73992,0.75399,0.79502,0.81620,0.84089,0.85959,0.87770,0.87629,0.89185,0.87950,0.87808,0.86209,0.84928,0.84288,0.79446,0.77894,0.77837,0.75427,0.72074,0.72153,0.71858,0.67247,0.67309,0.71199,0.68357,0.65540,0.65737,0.66608,0.70423,0.72068,0.75791,0.74852,0.77090,0.78172,0.81319,0.84367,0.88744,0.91513,0.93437,0.89319,0.89089,0.91217,0.85176,0.83725,0.87172,0.86407,0.79805,0.78665,0.74037,0.66327,0.59738,0.56085,0.50172,0.40252,0.33033,0.38294,0.30980,0.35125,0.31838,0.41396,0.47620,0.46829,0.47587,0.44973,0.50107,0.57155,0.64339,0.65806,0.70166,0.70244,0.71513,0.71381,0.75595,0.73715,0.71400,0.76103,0.78806,0.76635,0.78907,0.84069,0.84840,0.84953,0.80993,0.77234,0.76191,0.82465,0.82792,0.86485,0.88034,0.88197,0.84970,0.83658,0.80971,0.78329,0.76009,0.71176,0.67918,0.64053,0.61623,0.57188,0.56089,0.50972,0.51258,0.47422,0.45467,0.41882,0.40580,0.36805,0.36463,0.41590,0.38659,0.42748,0.46487,0.44036,0.45555,0.50467,0.52261,0.56358,0.57053,0.54498,0.57475,0.55094,0.55156,0.57797,0.56313,0.62456,0.64984,0.68652,0.67813,0.67307,0.68770,0.71842,0.72830,0.74804,0.74755,0.76823,0.76069,0.74125,0.74646,0.73436,0.75363,0.73287,0.75240,0.71661,0.70510,0.68358,0.64803,0.59960,0.58185,0.53101,0.49452,0.44982,0.40827,0.44491,0.44168,0.53529,0.58421,0.63594,0.63172,0.63339,0.63305,0.60435,0.60521,0.56441,0.60021,0.65492,0.67077,0.66837,0.72304,0.77073,0.80823,0.83092,0.85339,0.87228,0.86949,0.87961,0.85156,0.83113,0.80565,0.76847,0.73907,0.70397,0.67717,0.66647,0.68228,0.60180
