# 788,789,790,791,792,793,794,795,796,797,798,799,800,801,802,803,804,805,806,807,808,809,810,811,812,813,814,815,816,817,818,819,820,821,822,823,824,825,826,827,828,829,830,831,832,833,834,835,836,837,838,839,840,841,842,843,844,845,846,847,848,849,850,851,852,853,854,855,856,857,858,859,860,861,862,863,864,865,866,867,868,869,870,871,872,873,874,875,876,877,878,879,880,881,882,883,884,885,886,887,888,889,890,891,892,893,894,895,896,897,898,899,900,901,902,903,904,905,906,907,908,909,910,911,912,913,914,915,916,917,918,919,920,921,922,923,924,925,926,927,928,929,930,931,932,933,934,935,936,937,938,939,940,941,942,943,944,945,946,947,948,949,950,951,952,953,954,955,956,957,958,959,960,961,962,963,964,965,966,967,968,969,970,971,972,973,974,975,976,977,978,979,980,981,982,983,984,985,986,987,988,989,990,991,992,993,994,995,996,997,998,999,1000,1001,1002,1003,1004,1005,1006,1007,1008,1009,1010,1011,1012,1013,1014
0.98972,0.98752,0.99379,0.98803,0.97408,0.97657,0.97410,0.96147,0.94560,0.93621,0.92066,0.91158,0.91472,0.90713,0.88895,0.87359,0.82088,0.81878,0.78732,0.76472,0.74697,0.68583,0.69215,0.71424,0.65946,0.60536,0.63261,0.63389,0.55494,0.52155,0.55068,0.52012,0.43959,0.39581,0.42228,0.37878,0.29697,0.20368,0.28715,0.31479,0.39128,0.49469,0.53398,0.60678,0.67597,0.72291,0.79212,0.81953,0.79979,0.83659,0.81786,0.83840,0.83806,0.84627,0.85860,0.79270,0.73741,0.70993,0.69502,0.62502,0.57510,0.57115,0.45102,0.40844,0.48150,0.40744,0.32736,0.29707,0.28860,0.39502,0.42124,0.50924,0.47308,0.51775,0.56534,0.61259,0.70253,0.81383,0.88403,0.93592,0.87600,0.87152,0.92384,0.88450,0.83545,0.87897,0.89663,0.84263,0.79169,0.68353,0.58103,0.35759,0.25869,0.17585,-0.07397,-0.18836,-0.17224,-0.36076,-0.30875,-0.42787,-0.36970,-0.15855,-0.17974,-0.15286,-0.17381,-0.02809,0.12047,0.30799,0.27632,0.35243,0.32119,0.34707,0.35649,0.45803,0.40150,0.35226,0.48146,0.54552,0.47121,0.53356,0.67753,0.66733,0.71640,0.68523,0.69685,0.78741,0.81296,0.76642,0.80861,0.79464,0.79283,0.71354,0.70952,0.63603,0.59801,0.54621,0.43981,0.36515,0.24347,0.18798,0.06582,0.02879,-0.08586,-0.09622,-0.16286,-0.17369,-0.25633,-0.27924,-0.33294,-0.33983,-0.27009,-0.29047,-0.23329,-0.16724,-0.22437,-0.18489,-0.08019,-0.04370,0.07474,0.07314,-0.00286,0.02546,-0.03251,-0.03454,0.01799,0.01495,0.11943,0.18665,0.27269,0.25405,0.24280,0.28860,0.36914,0.42996,0.48154,0.50389,0.57853,0.59217,0.53095,0.50597,0.44243,0.46221,0.37335,0.43161,0.35534,0.33701,0.28687,0.19608,0.10065,0.05389,-0.02479,-0.08594,-0.13983,-0.21587,-0.17368,-0.15677,-0.04150,0.05663,0.13713,0.11390,0.10949,0.16790,0.13753,0.19685,0.14268,0.28352,0.45264,0.48251,0.41418,0.53247,0.63815,0.70902,0.73062,0.75425,0.78625,0.77296,0.80736,0.74173,0.73710,0.66575,0.62814,0.56586,0.47236,0.42609,0.43618,0.50973,0.40481
0.98589,0.98409,0.99665,0.99173,0.97428,0.98089,0.98438,0.96998,0.95427,0.95284,0.93869,0.93477,0.93824,0.93144,0.91485,0.90012,0.85181,0.84851,0.81812,0.79678,0.78174,0.72461,0.73146,0.75133,0.69865,0.64833,0.67461,0.67373,0.59820,0.56768,0.59462,0.56322,0.48616,0.44491,0.46920,0.42606,0.34391,0.25158,0.33434,0.35986,0.43371,0.53501,0.57378,0.64541,0.71127,0.75719,0.82140,0.84884,0.83228,0.86729,0.85117,0.87068,0.87063,0.87718,0.88595,0.82529,0.77618,0.75143,0.73604,0.66913,0.62382,0.62011,0.50428,0.46382,0.53475,0.46304,0.38480,0.35491,0.34616,0.45034,0.47507,0.55990,0.52510,0.56762,0.61418,0.65872,0.74415,0.84652,0.90966,0.95518,0.90348,0.90001,0.94404,0.90753,0.86695,0.90604,0.91781,0.86733,0.82533,0.72567,0.62509,0.40831,0.30822,0.21409,-0.03802,-0.15780,-0.12847,-0.31287,-0.25583,-0.37584,-0.31626,-0.09879,-0.12010,-0.09273,-0.11482,0.03079,0.18006,0.36579,0.33484,0.40868,0.37695,0.40086,0.40935,0.50742,0.45113,0.40474,0.53138,0.59092,0.51872,0.58135,0.71773,0.70591,0.74949,0.71528,0.72410,0.80810,0.83569,0.79390,0.83566,0.82539,0.82619,0.75322,0.75060,0.68121,0.64609,0.59669,0.49448,0.42187,0.30247,0.24775,0.12638,0.08939,-0.02539,-0.03653,-0.10385,-0.11577,-0.19892,-0.22195,-0.27606,-0.28454,-0.21288,-0.23657,-0.17743,-0.10853,-0.16604,-0.12633,-0.01995,0.01705,0.13538,0.13391,0.05796,0.08542,0.02684,0.02371,0.07492,0.07032,0.17367,0.24093,0.32551,0.30673,0.29703,0.34107,0.41982,0.47990,0.53071,0.55367,0.62540,0.63864,0.58096,0.55698,0.49456,0.51270,0.42568,0.48048,0.40564,0.38642,0.33733,0.24776,0.15380,0.10898,0.03009,-0.03004,-0.08544,-0.16073,-0.11731,-0.10041,0.01591,0.11230,0.19304,0.17119,0.16822,0.22728,0.19784,0.25654,0.20185,0.33948,0.50448,0.53357,0.46908,0.58384,0.68474,0.75159,0.77136,0.79240,0.82167,0.80788,0.83792,0.77535,0.76854,0.70018,0.66213,0.60118,0.50917,0.46285,0.46972,0.53897,0.43472
0.97289,0.97266,0.99150,0.98547,0.96343,0.97525,0.98487,0.96657,0.95061,0.95855,0.94454,0.94755,0.95304,0.94901,0.93548,0.92290,0.88012,0.87671,0.84881,0.82912,0.81571,0.76277,0.76924,0.78788,0.73852,0.69131,0.71641,0.71533,0.64344,0.61473,0.64054,0.61001,0.53611,0.49657,0.51969,0.47663,0.39645,0.30595,0.38754,0.41190,0.48321,0.58140,0.61877,0.68749,0.74951,0.79275,0.85144,0.87695,0.86246,0.89382,0.87932,0.89579,0.89404,0.89638,0.89957,0.84241,0.80072,0.78060,0.76224,0.69673,0.65876,0.65543,0.54325,0.50699,0.57759,0.50815,0.43198,0.40480,0.39744,0.49899,0.52428,0.60649,0.57357,0.61477,0.65858,0.70079,0.78061,0.87484,0.93076,0.96683,0.92119,0.91940,0.95320,0.91661,0.88602,0.92165,0.92494,0.87572,0.84407,0.75247,0.64976,0.43862,0.33578,0.22642,-0.02746,-0.15234,-0.10680,-0.28201,-0.21529,-0.33131,-0.27268,-0.04813,-0.06647,-0.04099,-0.06782,0.07444,0.22567,0.41152,0.38518,0.45937,0.42996,0.45410,0.46262,0.55755,0.50328,0.45895,0.58052,0.63658,0.56766,0.62750,0.75664,0.74575,0.78504,0.75043,0.75750,0.83408,0.86152,0.82450,0.86381,0.85571,0.85694,0.79008,0.78759,0.72192,0.68748,0.63999,0.54107,0.46971,0.35366,0.29905,0.17938,0.14341,0.02860,0.01893,-0.04834,-0.05933,-0.14371,-0.16906,-0.22631,-0.23943,-0.16670,-0.19721,-0.13575,-0.06186,-0.11790,-0.07890,0.02980,0.06811,0.18522,0.18531,0.11136,0.14070,0.08312,0.08067,0.13244,0.12784,0.23051,0.29689,0.37990,0.36128,0.35142,0.39478,0.47190,0.52983,0.57889,0.60023,0.66843,0.67911,0.62449,0.60268,0.54336,0.56140,0.47749,0.53063,0.45815,0.43938,0.39179,0.30329,0.21039,0.16582,0.08723,0.02740,-0.02812,-0.10387,-0.06001,-0.04234,0.07383,0.16983,0.24962,0.22681,0.22314,0.28105,0.24966,0.30492,0.24645,0.37875,0.53909,0.56803,0.51060,0.62371,0.72080,0.78531,0.80553,0.82596,0.85286,0.84044,0.86734,0.80982,0.80257,0.73837,0.70153,0.64351,0.55469,0.50955,0.51415,0.57841,0.47583
0.95530,0.95493,0.98268,0.97707,0.94866,0.96549,0.98437,0.96200,0.94482,0.96506,0.95275,0.96552,0.97344,0.97271,0.96321,0.95308,0.91796,0.91400,0.88933,0.87203,0.86160,0.81488,0.82128,0.83728,0.79234,0.75012,0.77300,0.77060,0.70492,0.67914,0.70220,0.67252,0.60405,0.56750,0.58820,0.54685,0.46866,0.38030,0.45993,0.48171,0.54886,0.64227,0.67817,0.74321,0.79962,0.83978,0.89052,0.91395,0.90284,0.92997,0.91801,0.93065,0.92731,0.92482,0.92085,0.86985,0.83907,0.82436,0.80258,0.74077,0.71245,0.70918,0.60292,0.57194,0.64105,0.57519,0.50389,0.47984,0.47362,0.57065,0.59534,0.67289,0.64207,0.68046,0.72074,0.75956,0.83142,0.91310,0.95849,0.98201,0.94648,0.94666,0.96660,0.93185,0.91441,0.94487,0.93700,0.89099,0.87337,0.79464,0.69113,0.49090,0.38577,0.25728,0.00115,-0.13007,-0.06299,-0.22641,-0.15680,-0.26713,-0.20611,0.02795,0.01497,0.03959,0.00720,0.14486,0.29831,0.48213,0.46068,0.53343,0.50569,0.52879,0.53652,0.62585,0.57357,0.53187,0.64765,0.69938,0.63452,0.69149,0.80943,0.79780,0.83081,0.79488,0.79853,0.86433,0.89252,0.86317,0.89981,0.89542,0.89824,0.84013,0.83798,0.77930,0.74715,0.70319,0.60968,0.54120,0.43032,0.37668,0.25994,0.22513,0.11113,0.10281,0.03548,0.02492,-0.06099,-0.08736,-0.14848,-0.16598,-0.09220,-0.13157,-0.06710,0.01271,-0.04235,-0.00410,0.10740,0.14717,0.26250,0.26448,0.19310,0.22376,0.16716,0.16496,0.21575,0.21068,0.31138,0.37655,0.45647,0.43849,0.42957,0.47077,0.54409,0.59967,0.64648,0.66584,0.72794,0.73570,0.68676,0.66821,0.61330,0.63022,0.55037,0.60012,0.53085,0.51206,0.46634,0.38113,0.29106,0.24835,0.17037,0.11140,0.05507,-0.02044,0.02363,0.03996,0.15744,0.25211,0.33095,0.30941,0.30556,0.36131,0.32869,0.37925,0.31719,0.44225,0.59568,0.62401,0.57529,0.68449,0.77474,0.83457,0.85372,0.87203,0.89529,0.88412,0.90609,0.85513,0.84649,0.78819,0.75227,0.69745,0.61281,0.56835,0.56944,0.62731,0.52741
0.92375,0.92356,0.96086,0.95223,0.91447,0.93677,0.96523,0.93453,0.91363,0.94759,0.93429,0.96050,0.97468,0.98131,0.97902,0.97438,0.94849,0.94659,0.92756,0.91328,0.90324,0.86247,0.86671,0.88223,0.84389,0.80466,0.82478,0.82535,0.76607,0.74037,0.76296,0.73772,0.67339,0.63751,0.65843,0.61868,0.54677,0.46154,0.53912,0.56101,0.62511,0.71184,0.74438,0.80246,0.85258,0.88656,0.92949,0.94668,0.93600,0.95561,0.94364,0.94842,0.93884,0.92649,0.91169,0.86260,0.84402,0.83779,0.80731,0.74526,0.73163,0.72882,0.62597,0.60417,0.67605,0.61303,0.54750,0.53131,0.52969,0.62177,0.65017,0.72493,0.69687,0.73474,0.76834,0.80534,0.86717,0.93898,0.97494,0.98054,0.94888,0.95278,0.95624,0.91675,0.91478,0.94243,0.91906,0.87079,0.86951,0.80234,0.68891,0.49530,0.38429,0.22938,-0.02833,-0.16459,-0.07223,-0.21467,-0.13553,-0.23204,-0.17027,0.07559,0.07498,0.09425,0.04875,0.17550,0.33464,0.52104,0.51250,0.58935,0.56856,0.59508,0.60396,0.68930,0.64220,0.60060,0.70669,0.75801,0.69859,0.74633,0.85518,0.84707,0.87871,0.84793,0.85086,0.90442,0.92916,0.90697,0.93684,0.93181,0.93144,0.88062,0.87584,0.82291,0.78770,0.74584,0.65491,0.58702,0.48312,0.42888,0.31623,0.28466,0.17156,0.16942,0.10338,0.09769,0.00858,-0.02312,-0.09297,-0.12127,-0.04850,-0.10391,-0.03618,0.05348,0.00203,0.03798,0.15425,0.19728,0.30904,0.31607,0.25126,0.28902,0.23669,0.23850,0.29259,0.29092,0.39110,0.45311,0.53007,0.51326,0.50165,0.54288,0.61310,0.66400,0.70615,0.71783,0.77309,0.77275,0.72890,0.71629,0.67002,0.68950,0.61565,0.66636,0.60201,0.58626,0.54301,0.46097,0.37250,0.32769,0.25099,0.19064,0.13641,0.05811,0.10059,0.11668,0.23418,0.33112,0.40679,0.38203,0.37317,0.42251,0.38258,0.42237,0.34967,0.46371,0.61096,0.64009,0.60569,0.71590,0.80185,0.86151,0.88458,0.90510,0.92568,0.91962,0.94034,0.89922,0.89317,0.84306,0.81164,0.76266,0.68552,0.64401,0.64433,0.69570,0.60059
0.92306,0.92243,0.95942,0.94903,0.90980,0.93140,0.95938,0.92658,0.90370,0.93707,0.92206,0.94958,0.96595,0.97476,0.97392,0.97111,0.94492,0.94470,0.92675,0.91250,0.90048,0.85859,0.86143,0.87871,0.84096,0.79957,0.81968,0.82314,0.76298,0.73487,0.75934,0.73638,0.67019,0.63245,0.65556,0.61589,0.54548,0.45987,0.53820,0.56224,0.62772,0.71416,0.74597,0.80268,0.85324,0.88589,0.93019,0.94527,0.93233,0.95060,0.93644,0.93893,0.92672,0.91185,0.89558,0.84287,0.82399,0.81871,0.78520,0.72033,0.70851,0.70576,0.60010,0.58003,0.65525,0.59098,0.52529,0.51125,0.51154,0.60442,0.63549,0.71238,0.68419,0.72391,0.75633,0.79533,0.85722,0.93250,0.97060,0.97435,0.93784,0.94242,0.94593,0.90215,0.89973,0.92966,0.90465,0.85232,0.85054,0.78078,0.66181,0.46363,0.35037,0.19251,-0.06618,-0.20145,-0.10871,-0.24769,-0.16698,-0.25976,-0.19738,0.05000,0.05358,0.07028,0.02056,0.14462,0.30658,0.49689,0.49257,0.57306,0.55501,0.58413,0.59500,0.68227,0.63667,0.59255,0.69760,0.75280,0.69326,0.73804,0.85004,0.84442,0.88008,0.85347,0.85826,0.91275,0.93452,0.91123,0.93890,0.93059,0.92710,0.87396,0.86709,0.81244,0.77338,0.73018,0.63630,0.56634,0.46228,0.40667,0.29375,0.26316,0.14956,0.15010,0.08448,0.08136,-0.00893,-0.04243,-0.11582,-0.14728,-0.07618,-0.13554,-0.06740,0.02463,-0.02590,0.00899,0.12683,0.17138,0.28309,0.29194,0.22897,0.27015,0.21938,0.22370,0.28098,0.28162,0.38324,0.44452,0.52215,0.50568,0.49193,0.53470,0.60562,0.65582,0.69722,0.70589,0.76110,0.75799,0.71338,0.70192,0.65752,0.67927,0.60587,0.65992,0.59548,0.58142,0.53797,0.45551,0.36577,0.31831,0.24157,0.17940,0.12651,0.04620,0.08765,0.10398,0.22162,0.32191,0.39657,0.36891,0.35678,0.40414,0.36047,0.39709,0.32023,0.43348,0.58312,0.61314,0.58086,0.69508,0.78380,0.84697,0.87312,0.89671,0.91854,0.91486,0.93846,0.89796,0.89481,0.84536,0.81570,0.76759,0.69149,0.65093,0.65344,0.70607,0.61180
0.88858,0.88789,0.93434,0.92353,0.87745,0.90490,0.94237,0.90488,0.88083,0.92713,0.91369,0.95181,0.97081,0.98351,0.98698,0.98721,0.97000,0.96960,0.95566,0.94423,0.93526,0.90070,0.90322,0.91773,0.88566,0.85013,0.86770,0.86988,0.81716,0.79268,0.81412,0.79250,0.73310,0.69901,0.71929,0.68057,0.61452,0.53200,0.60769,0.62902,0.68977,0.76976,0.79922,0.85078,0.89435,0.92271,0.95772,0.97017,0.96075,0.97356,0.96210,0.96027,0.94610,0.92591,0.90179,0.85656,0.84954,0.85069,0.81384,0.75332,0.75248,0.75012,0.65228,0.63858,0.71156,0.65212,0.59211,0.58175,0.58377,0.67037,0.70067,0.77144,0.74601,0.78239,0.81044,0.84521,0.89722,0.95817,0.98458,0.97445,0.94844,0.95539,0.94347,0.90166,0.91417,0.93787,0.90067,0.85201,0.86620,0.81151,0.69258,0.50812,0.39329,0.21648,-0.04012,-0.18031,-0.06544,-0.18919,-0.10310,-0.18809,-0.12452,0.12941,0.13850,0.15315,0.09796,0.21460,0.37672,0.56238,0.56400,0.64213,0.62688,0.65462,0.66458,0.74500,0.70262,0.66155,0.75850,0.80849,0.75435,0.79458,0.89301,0.88717,0.91600,0.88892,0.89051,0.93226,0.95416,0.93922,0.96321,0.95867,0.95656,0.91365,0.90702,0.86043,0.82382,0.78492,0.69834,0.63231,0.53541,0.48145,0.37333,0.34462,0.23363,0.23600,0.17154,0.16920,0.07885,0.04400,-0.03235,-0.06852,0.00242,-0.06597,0.00436,0.10147,0.05301,0.08631,0.20525,0.25080,0.35895,0.36992,0.31088,0.35342,0.30477,0.30970,0.36554,0.36574,0.46378,0.52269,0.59635,0.58059,0.56770,0.60792,0.67423,0.72008,0.75837,0.76499,0.81368,0.80740,0.76815,0.76048,0.72149,0.74226,0.67500,0.72457,0.66480,0.65110,0.61017,0.53210,0.44641,0.40131,0.32662,0.26599,0.21316,0.13433,0.17563,0.19077,0.30717,0.40441,0.47679,0.45052,0.43814,0.48230,0.43750,0.46836,0.38796,0.49129,0.63094,0.66011,0.63831,0.74676,0.82720,0.88472,0.90995,0.93141,0.94898,0.94703,0.96537,0.93289,0.92853,0.88645,0.85894,0.81518,0.74501,0.70600,0.70494,0.74969,0.65975
0.91489,0.91444,0.95492,0.94773,0.90905,0.93340,0.96511,0.93480,0.91467,0.95273,0.94139,0.96968,0.98280,0.98923,0.98679,0.98216,0.95900,0.95590,0.93729,0.92376,0.91608,0.87831,0.88350,0.89692,0.85984,0.82389,0.84337,0.84128,0.78474,0.76204,0.78236,0.75586,0.69497,0.66175,0.68032,0.64093,0.56889,0.48434,0.56087,0.58014,0.64209,0.72708,0.75953,0.81710,0.86468,0.89836,0.93773,0.95604,0.94805,0.96697,0.95702,0.96224,0.95395,0.94228,0.92634,0.88241,0.86768,0.86248,0.83311,0.77463,0.76278,0.76006,0.66146,0.64028,0.70931,0.64857,0.58471,0.56766,0.56520,0.65502,0.68098,0.75234,0.72499,0.76058,0.79406,0.82835,0.88735,0.95241,0.98345,0.98650,0.96141,0.96546,0.96431,0.92902,0.93172,0.95555,0.92970,0.88551,0.88944,0.82909,0.71996,0.53335,0.42353,0.26525,0.00872,-0.12928,-0.03052,-0.17157,-0.09344,-0.19009,-0.12759,0.11906,0.11692,0.13739,0.09365,0.22002,0.37746,0.55940,0.54931,0.62251,0.60057,0.62429,0.63173,0.71377,0.66647,0.62724,0.73178,0.77936,0.72143,0.77022,0.87281,0.86253,0.88927,0.85543,0.85584,0.90523,0.93198,0.91318,0.94339,0.94204,0.94437,0.89823,0.89499,0.84574,0.81411,0.77455,0.68784,0.62261,0.52071,0.46786,0.35662,0.32476,0.21295,0.20925,0.14331,0.13579,0.04776,0.01769,-0.05048,-0.07690,-0.00402,-0.05933,0.00876,0.09797,0.04595,0.08185,0.19740,0.24000,0.35118,0.35750,0.29242,0.32794,0.27502,0.27521,0.32645,0.32279,0.42092,0.48288,0.55845,0.54150,0.53189,0.57111,0.63942,0.68950,0.73151,0.74535,0.79871,0.79968,0.75779,0.74544,0.69922,0.71653,0.64448,0.69114,0.62790,0.61081,0.56810,0.48763,0.40123,0.35916,0.28303,0.22439,0.16909,0.09294,0.13635,0.15181,0.26891,0.36261,0.43825,0.41648,0.41009,0.46000,0.42260,0.46294,0.39227,0.50404,0.64666,0.67487,0.64197,0.74752,0.82909,0.88439,0.90472,0.92231,0.94071,0.93354,0.95058,0.91075,0.90242,0.85425,0.82197,0.77346,0.69720,0.65494,0.65251,0.70036,0.60559
0.95018,0.94951,0.97888,0.97184,0.94105,0.95836,0.97874,0.95359,0.93436,0.95701,0.94351,0.95974,0.97012,0.97259,0.96528,0.95757,0.92418,0.92173,0.89891,0.88221,0.87052,0.82417,0.82948,0.84642,0.80307,0.76004,0.78245,0.78237,0.71726,0.69007,0.71429,0.68673,0.61782,0.58026,0.60237,0.56163,0.48537,0.39705,0.47679,0.50016,0.56767,0.65971,0.69461,0.75751,0.81287,0.85104,0.90130,0.92224,0.90964,0.93445,0.92082,0.93055,0.92407,0.91821,0.91114,0.85801,0.82950,0.81700,0.79103,0.72720,0.70298,0.69982,0.59202,0.56389,0.63598,0.56966,0.49944,0.47859,0.47469,0.57153,0.59880,0.67740,0.64695,0.68671,0.72495,0.76450,0.83476,0.91694,0.96188,0.98065,0.94234,0.94381,0.96042,0.92216,0.90750,0.93861,0.92663,0.87766,0.86302,0.78504,0.67489,0.47205,0.36371,0.22767,-0.03021,-0.16168,-0.08905,-0.24635,-0.17467,-0.27845,-0.21774,0.02087,0.01351,0.03548,-0.00257,0.13115,0.28829,0.47560,0.45960,0.53596,0.51152,0.53714,0.54588,0.63602,0.58555,0.54240,0.65573,0.70998,0.64607,0.69922,0.81796,0.80854,0.84389,0.81157,0.81607,0.88027,0.90599,0.87737,0.91125,0.90478,0.90482,0.84659,0.84260,0.78374,0.74869,0.70388,0.60866,0.53871,0.42879,0.37390,0.25752,0.22371,0.10936,0.10423,0.03741,0.02950,-0.05828,-0.08682,-0.15226,-0.17319,-0.10104,-0.14666,-0.08128,0.00188,-0.05214,-0.01475,0.09921,0.14074,0.25568,0.26000,0.19105,0.22571,0.17095,0.17090,0.22427,0.22139,0.32344,0.38774,0.46781,0.45008,0.43902,0.48134,0.55497,0.60919,0.65483,0.67079,0.73186,0.73597,0.68721,0.67084,0.61880,0.63780,0.55929,0.61145,0.54295,0.52581,0.48034,0.39491,0.30398,0.25879,0.18078,0.12022,0.06527,-0.01244,0.03104,0.04804,0.16569,0.26287,0.34055,0.31689,0.31045,0.36317,0.32650,0.37260,0.30544,0.42808,0.58196,0.61128,0.56683,0.67931,0.77081,0.83309,0.85510,0.87577,0.89925,0.89063,0.91449,0.86553,0.85918,0.80307,0.76893,0.71566,0.63301,0.58923,0.59134,0.64829,0.54889
0.92652,0.92568,0.96204,0.95203,0.91384,0.93502,0.96213,0.93006,0.90753,0.93981,0.92485,0.95133,0.96688,0.97510,0.97333,0.97008,0.94318,0.94276,0.92437,0.90979,0.89782,0.85545,0.85869,0.87588,0.83751,0.79599,0.81639,0.81933,0.75866,0.73082,0.75533,0.73177,0.66528,0.62767,0.65055,0.61024,0.53939,0.45338,0.53221,0.55667,0.62227,0.70931,0.74149,0.79884,0.84973,0.88293,0.92788,0.94358,0.93073,0.94966,0.93534,0.93869,0.92718,0.91357,0.89823,0.84560,0.82573,0.81952,0.78677,0.72210,0.70888,0.70603,0.60006,0.57911,0.65412,0.58961,0.52330,0.50839,0.50836,0.60176,0.63236,0.70947,0.68104,0.72081,0.75425,0.79337,0.85642,0.93237,0.97117,0.97675,0.94006,0.94424,0.94889,0.90629,0.90259,0.93201,0.90839,0.85702,0.85399,0.78361,0.66534,0.46621,0.35313,0.19780,-0.06085,-0.19577,-0.10519,-0.24652,-0.16739,-0.26120,-0.19900,0.04797,0.05044,0.06740,0.01905,0.14420,0.30592,0.49589,0.49020,0.57017,0.55135,0.57986,0.59054,0.67821,0.63200,0.58799,0.69420,0.74955,0.68955,0.73532,0.84818,0.84210,0.87762,0.85023,0.85493,0.91041,0.93254,0.90873,0.93718,0.92899,0.92584,0.87215,0.86564,0.81042,0.77177,0.72830,0.63435,0.56437,0.45945,0.40381,0.29043,0.25934,0.14580,0.14582,0.08015,0.07639,-0.01364,-0.04630,-0.11892,-0.14902,-0.07803,-0.13616,-0.06815,0.02268,-0.02844,0.00664,0.12418,0.16854,0.28084,0.28932,0.22567,0.26621,0.21502,0.21884,0.27562,0.27575,0.37739,0.43909,0.51712,0.50039,0.48693,0.52956,0.60086,0.65112,0.69326,0.70324,0.75933,0.75723,0.71169,0.69968,0.65426,0.67571,0.60205,0.65589,0.59072,0.57615,0.53245,0.44958,0.35975,0.31242,0.23561,0.17351,0.12042,0.04035,0.08232,0.09883,0.21633,0.31611,0.39117,0.36420,0.35292,0.40071,0.35787,0.39558,0.31978,0.43415,0.58415,0.61404,0.58043,0.69443,0.78352,0.84656,0.87213,0.89534,0.91736,0.91310,0.93690,0.89541,0.89190,0.84195,0.81172,0.76290,0.68593,0.64468,0.64712,0.70019,0.60502
0.90874,0.90830,0.95030,0.94250,0.90242,0.92762,0.96065,0.92894,0.90819,0.94835,0.93676,0.96724,0.98129,0.98904,0.98764,0.98398,0.96220,0.95948,0.94184,0.92873,0.92109,0.88428,0.88912,0.90250,0.86654,0.83110,0.85014,0.84866,0.79325,0.77057,0.79094,0.76531,0.70500,0.67186,0.69048,0.65109,0.58013,0.49650,0.57274,0.59241,0.65375,0.73753,0.76943,0.82566,0.87215,0.90471,0.94281,0.96000,0.95203,0.96975,0.95949,0.96338,0.95399,0.94082,0.92308,0.87947,0.86678,0.86280,0.83203,0.77365,0.76417,0.76143,0.66342,0.64375,0.71331,0.65301,0.59012,0.57436,0.57275,0.66168,0.68825,0.75922,0.73237,0.76789,0.80061,0.83492,0.89245,0.95587,0.98546,0.98576,0.96118,0.96573,0.96179,0.92598,0.93095,0.95395,0.92563,0.88104,0.88753,0.82924,0.71869,0.53324,0.42257,0.26049,0.00404,-0.13472,-0.03218,-0.16969,-0.09011,-0.18448,-0.12200,0.12658,0.12639,0.14542,0.09968,0.22400,0.38238,0.56458,0.55665,0.63025,0.60943,0.63362,0.64156,0.72288,0.67650,0.63720,0.74023,0.78815,0.73132,0.77852,0.87950,0.87002,0.89644,0.86335,0.86368,0.91094,0.93699,0.91951,0.94864,0.94705,0.94864,0.90352,0.89975,0.85130,0.81910,0.77989,0.69357,0.62841,0.52774,0.47483,0.36438,0.33313,0.22163,0.21910,0.15347,0.14678,0.05841,0.02775,-0.04207,-0.07029,0.00225,-0.05597,0.01280,0.10353,0.05204,0.08727,0.20351,0.24682,0.35729,0.36457,0.30071,0.33738,0.28531,0.28631,0.33822,0.33509,0.43291,0.49423,0.56927,0.55256,0.54251,0.58165,0.64926,0.69846,0.73960,0.75224,0.80455,0.80420,0.76307,0.75170,0.70694,0.72465,0.65388,0.70079,0.63821,0.62163,0.57935,0.49961,0.41365,0.37126,0.29551,0.23657,0.18148,0.10504,0.14808,0.16331,0.28044,0.37461,0.44963,0.42729,0.41992,0.46870,0.43020,0.46866,0.39624,0.50606,0.64767,0.67589,0.64536,0.75106,0.83187,0.88717,0.90798,0.92605,0.94424,0.93800,0.95491,0.91672,0.90900,0.86235,0.83072,0.78315,0.70826,0.66633,0.66389,0.71091,0.61725
0.95404,0.95374,0.98155,0.97758,0.95076,0.96781,0.98676,0.96625,0.95033,0.97120,0.96036,0.97202,0.97803,0.97657,0.96588,0.95512,0.92030,0.91529,0.89011,0.87279,0.86361,0.81784,0.82533,0.84001,0.79484,0.75419,0.77721,0.77279,0.70780,0.68396,0.70589,0.67461,0.60750,0.57261,0.59189,0.55088,0.47135,0.38400,0.46297,0.48338,0.54953,0.64250,0.67876,0.74435,0.80005,0.84092,0.89084,0.91566,0.90591,0.93402,0.92284,0.93693,0.93482,0.93435,0.93125,0.88291,0.85278,0.83721,0.81675,0.75711,0.72773,0.72432,0.61964,0.58774,0.65499,0.58977,0.51888,0.49373,0.48653,0.58316,0.60607,0.68233,0.65157,0.68904,0.73044,0.76783,0.83979,0.91897,0.96281,0.98754,0.95477,0.95464,0.97404,0.94285,0.92589,0.95387,0.94679,0.90335,0.88655,0.81048,0.71012,0.51225,0.40826,0.28149,0.02567,-0.10558,-0.03821,-0.20383,-0.13734,-0.24712,-0.18766,0.04637,0.03148,0.05717,0.02722,0.16608,0.31828,0.49926,0.47535,0.54564,0.51648,0.53769,0.54399,0.63218,0.57904,0.53938,0.65518,0.70483,0.64050,0.69922,0.81514,0.80186,0.83190,0.79337,0.79536,0.86040,0.89042,0.86211,0.89982,0.89781,0.90234,0.84595,0.84507,0.78743,0.75816,0.71482,0.62302,0.55565,0.44490,0.39198,0.27547,0.23998,0.12660,0.11688,0.04958,0.03745,-0.04760,-0.07186,-0.13133,-0.14592,-0.07223,-0.10995,-0.04575,0.03226,-0.02386,0.01459,0.12534,0.16460,0.28008,0.28120,0.20888,0.23764,0.18026,0.17612,0.22447,0.21786,0.31802,0.38362,0.46327,0.44477,0.43714,0.47710,0.55021,0.60654,0.65345,0.67456,0.73695,0.74617,0.69758,0.67896,0.62295,0.63837,0.55879,0.60610,0.53670,0.51673,0.47091,0.38567,0.29635,0.25527,0.17711,0.11930,0.06207,-0.01181,0.03316,0.04974,0.16720,0.25964,0.33894,0.31995,0.31879,0.37515,0.34489,0.39682,0.33746,0.46274,0.61417,0.64189,0.59224,0.69904,0.78746,0.84500,0.86202,0.87829,0.90074,0.88810,0.90836,0.85656,0.84627,0.78822,0.75079,0.69547,0.61060,0.56474,0.56402,0.62022,0.51908
0.96399,0.96337,0.98643,0.98015,0.95467,0.96835,0.98213,0.96067,0.94294,0.95719,0.94295,0.95181,0.95968,0.95934,0.94881,0.93889,0.90002,0.89743,0.87210,0.85359,0.84035,0.79002,0.79570,0.81399,0.76729,0.72122,0.74526,0.74544,0.67619,0.64756,0.67349,0.64462,0.57210,0.53311,0.55636,0.51455,0.43589,0.34700,0.42822,0.45363,0.52315,0.61826,0.65432,0.72009,0.77910,0.81987,0.87546,0.89824,0.88384,0.91243,0.89736,0.91023,0.90565,0.90391,0.90222,0.84552,0.80970,0.79253,0.76964,0.70438,0.67268,0.66917,0.55773,0.52527,0.59757,0.52883,0.45543,0.43199,0.42674,0.52684,0.55384,0.63554,0.60377,0.64532,0.68695,0.72874,0.80485,0.89481,0.94654,0.97498,0.93094,0.93072,0.95677,0.91891,0.89492,0.92841,0.92471,0.87470,0.85012,0.76389,0.65573,0.44631,0.34011,0.21859,-0.03845,-0.16587,-0.10843,-0.27547,-0.20898,-0.31672,-0.25916,-0.02550,-0.03657,-0.01343,-0.04676,0.09123,0.24630,0.43414,0.41354,0.49005,0.46355,0.48916,0.49808,0.59170,0.53938,0.49561,0.61340,0.66960,0.60303,0.65941,0.78529,0.77596,0.81424,0.78147,0.78772,0.85934,0.88521,0.85145,0.88796,0.87949,0.87917,0.81543,0.81181,0.74820,0.71263,0.66541,0.56692,0.49514,0.38144,0.32597,0.20750,0.17267,0.05797,0.05138,-0.01560,-0.02426,-0.11076,-0.13716,-0.19995,-0.21707,-0.14514,-0.18399,-0.12079,-0.04232,-0.09750,-0.05973,0.05211,0.09250,0.20890,0.21163,0.14055,0.17348,0.11769,0.11654,0.16971,0.16659,0.26986,0.33510,0.41701,0.39866,0.38738,0.43050,0.50659,0.56307,0.61032,0.62812,0.69355,0.70011,0.64768,0.62930,0.57376,0.59308,0.51176,0.56573,0.49444,0.47674,0.43024,0.34260,0.25012,0.20411,0.12539,0.06462,0.00974,-0.06745,-0.02372,-0.00571,0.11147,0.20901,0.28768,0.26390,0.25857,0.31304,0.27818,0.32817,0.26501,0.39328,0.55151,0.58078,0.52952,0.64395,0.73951,0.80430,0.82620,0.84743,0.87333,0.86296,0.88969,0.83589,0.82985,0.76971,0.73394,0.67811,0.59210,0.54731,0.55085,0.61217,0.51044
0.93086,0.93054,0.96549,0.95718,0.92185,0.94288,0.96852,0.93924,0.91894,0.94965,0.93593,0.95928,0.97196,0.97769,0.97368,0.96851,0.94033,0.93841,0.91843,0.90332,0.89266,0.85034,0.85480,0.87086,0.83122,0.79079,0.81176,0.81234,0.75139,0.72544,0.74895,0.72311,0.65732,0.62114,0.64264,0.60257,0.52951,0.44426,0.52243,0.54511,0.61004,0.69790,0.73090,0.79013,0.84126,0.87615,0.92136,0.93929,0.92791,0.94898,0.93602,0.94221,0.93333,0.92317,0.91052,0.86021,0.83903,0.83055,0.80120,0.73898,0.72226,0.71916,0.61489,0.59126,0.66334,0.59923,0.53231,0.51476,0.51276,0.60634,0.63445,0.71058,0.68213,0.72082,0.75658,0.79468,0.85935,0.93439,0.97296,0.98295,0.94897,0.95182,0.95866,0.92027,0.91449,0.94188,0.92169,0.87357,0.86860,0.79875,0.68629,0.48967,0.37952,0.23086,-0.02717,-0.16174,-0.07542,-0.22285,-0.14667,-0.24582,-0.18549,0.06058,0.05825,0.07762,0.03428,0.16291,0.32147,0.50804,0.49730,0.57399,0.55217,0.57824,0.58753,0.67442,0.62666,0.58481,0.69294,0.74545,0.68509,0.73456,0.84627,0.83831,0.87066,0.83934,0.84281,0.89932,0.92399,0.89983,0.93082,0.92480,0.92427,0.87119,0.86652,0.81140,0.77604,0.73315,0.64098,0.57219,0.46645,0.41175,0.29804,0.26591,0.15285,0.15020,0.08416,0.07802,-0.01036,-0.04032,-0.10942,-0.13543,-0.06335,-0.11651,-0.04945,0.03797,-0.01452,0.02123,0.13670,0.17968,0.29249,0.29901,0.23334,0.27041,0.21763,0.21890,0.27301,0.27110,0.37178,0.43414,0.51205,0.49478,0.48306,0.52430,0.59566,0.64709,0.69012,0.70316,0.76035,0.76100,0.71548,0.70226,0.65451,0.67395,0.59937,0.65076,0.58478,0.56869,0.52504,0.44199,0.35280,0.30753,0.23038,0.16992,0.11559,0.03785,0.08090,0.09763,0.21479,0.31197,0.38787,0.36325,0.35512,0.40518,0.36621,0.40754,0.33656,0.45297,0.60192,0.63083,0.59361,0.70466,0.79222,0.85287,0.87552,0.89610,0.91780,0.91102,0.93302,0.88969,0.88400,0.83269,0.80018,0.74993,0.67134,0.62876,0.62930,0.68246,0.58581
0.93861,0.93917,0.97079,0.96774,0.93977,0.96022,0.98300,0.96226,0.94767,0.97445,0.96516,0.98019,0.98541,0.98382,0.97395,0.96302,0.93201,0.92546,0.90123,0.88502,0.87855,0.83681,0.84503,0.85748,0.81442,0.77786,0.79993,0.79306,0.73193,0.71163,0.73116,0.69886,0.63618,0.60444,0.62120,0.58155,0.50171,0.41742,0.49425,0.51128,0.57428,0.66460,0.70019,0.76445,0.81646,0.85606,0.90107,0.92585,0.91930,0.94615,0.93784,0.95190,0.95093,0.95019,0.94474,0.90222,0.87773,0.86376,0.84411,0.78907,0.76303,0.75940,0.66085,0.63022,0.69346,0.63133,0.56297,0.53784,0.53002,0.62330,0.64401,0.71607,0.68716,0.72198,0.76297,0.79777,0.86603,0.93691,0.97384,0.99479,0.97005,0.96992,0.98242,0.95464,0.94391,0.96712,0.95595,0.91713,0.90758,0.84042,0.74478,0.55677,0.45501,0.32342,0.06922,-0.06435,0.01135,-0.15095,-0.08286,-0.19392,-0.13572,0.10193,0.08596,0.11225,0.08349,0.22103,0.37012,0.54585,0.52108,0.58750,0.55736,0.57585,0.58102,0.66467,0.61212,0.57639,0.68942,0.73310,0.67174,0.73149,0.83828,0.82418,0.84719,0.80414,0.80451,0.86377,0.89505,0.87105,0.90882,0.91069,0.91793,0.86743,0.86840,0.81503,0.78963,0.74913,0.66285,0.59855,0.49123,0.43999,0.32593,0.29073,0.17929,0.16847,0.10165,0.08838,0.00453,-0.01801,-0.07597,-0.08996,-0.01602,-0.05459,0.01014,0.08817,0.03194,0.06984,0.17919,0.21815,0.33196,0.33270,0.26096,0.28747,0.23029,0.22457,0.27000,0.26188,0.35895,0.42350,0.50057,0.48201,0.47610,0.51350,0.58393,0.63902,0.68464,0.70722,0.76671,0.77644,0.73119,0.71336,0.65858,0.67162,0.59457,0.63749,0.57028,0.54962,0.50558,0.42266,0.33646,0.29815,0.22097,0.16563,0.10734,0.03649,0.08214,0.09888,0.21492,0.30378,0.38208,0.36500,0.36591,0.42244,0.39480,0.44640,0.38910,0.51035,0.65577,0.68207,0.63517,0.73652,0.81868,0.87126,0.88527,0.89822,0.91808,0.90428,0.92036,0.87176,0.85926,0.80405,0.76604,0.71197,0.62899,0.58349,0.57917,0.63150,0.53199
0.97833,0.97837,0.99114,0.99209,0.98054,0.98936,0.99347,0.98573,0.97591,0.97766,0.96813,0.96056,0.95786,0.94643,0.92645,0.90803,0.86052,0.85256,0.82010,0.79884,0.78871,0.73524,0.74563,0.76112,0.70761,0.66318,0.68980,0.68217,0.60933,0.58544,0.60829,0.57159,0.49945,0.46406,0.48282,0.44099,0.35338,0.26505,0.34556,0.36650,0.43500,0.53545,0.57554,0.64932,0.71269,0.76093,0.82121,0.85304,0.84248,0.88100,0.86973,0.89452,0.90064,0.91324,0.92496,0.87366,0.82727,0.79983,0.79096,0.73265,0.68357,0.67913,0.57148,0.52718,0.58894,0.52063,0.44345,0.40915,0.39609,0.49828,0.51628,0.59589,0.56259,0.60096,0.65126,0.69193,0.77770,0.87004,0.92566,0.97447,0.93703,0.93119,0.97186,0.94605,0.90757,0.93903,0.95313,0.91304,0.87338,0.78241,0.69679,0.49272,0.39934,0.31232,0.06217,-0.05888,-0.02881,-0.22034,-0.16964,-0.29455,-0.24250,-0.02491,-0.05440,-0.02246,-0.03472,0.11649,0.25748,0.43228,0.39166,0.45642,0.41843,0.43541,0.44040,0.53287,0.47334,0.43572,0.56333,0.61126,0.54104,0.61231,0.73895,0.72292,0.75310,0.70704,0.71112,0.79157,0.82443,0.78727,0.83394,0.83236,0.84028,0.77420,0.77719,0.71163,0.68701,0.64063,0.54632,0.47844,0.36018,0.30851,0.18845,0.14929,0.03697,0.01970,-0.04787,-0.06530,-0.14520,-0.16075,-0.20844,-0.20767,-0.13483,-0.15029,-0.09202,-0.02886,-0.08885,-0.04828,0.05365,0.08821,0.20614,0.20075,0.12116,0.14008,0.07867,0.06886,0.11184,0.10146,0.20088,0.26895,0.35083,0.33098,0.32634,0.36574,0.44217,0.50464,0.55621,0.58692,0.65754,0.67690,0.62303,0.59665,0.53032,0.54204,0.45540,0.50155,0.42650,0.40334,0.35573,0.26737,0.17747,0.13898,0.06040,0.00584,-0.05304,-0.12145,-0.07556,-0.05740,0.05738,0.14566,0.22760,0.21210,0.21765,0.28099,0.26079,0.32571,0.28216,0.42034,0.57790,0.60429,0.53573,0.64017,0.73300,0.79055,0.80229,0.81548,0.84174,0.82190,0.84461,0.78086,0.76754,0.69921,0.65588,0.59360,0.49986,0.45155,0.45172,0.51623,0.41001
0.97768,0.97831,0.99145,0.98824,0.97317,0.98206,0.98640,0.97385,0.96068,0.96300,0.95056,0.94662,0.94799,0.94033,0.92326,0.90779,0.86096,0.85575,0.82548,0.80453,0.79139,0.73664,0.74476,0.76305,0.71090,0.66328,0.68958,0.68650,0.61283,0.58519,0.61086,0.57773,0.50321,0.46486,0.48728,0.44605,0.36118,0.27244,0.35355,0.37717,0.44831,0.54806,0.58639,0.65793,0.72157,0.76723,0.82896,0.85691,0.84258,0.87833,0.86406,0.88465,0.88632,0.89418,0.90258,0.84596,0.79986,0.77458,0.76049,0.69748,0.65253,0.64795,0.53613,0.49528,0.56259,0.49246,0.41524,0.38506,0.37540,0.47847,0.50134,0.58372,0.55059,0.59171,0.63929,0.68287,0.76821,0.86568,0.92385,0.96879,0.92361,0.91839,0.95877,0.92514,0.88668,0.92204,0.93268,0.88558,0.84635,0.75247,0.65662,0.44630,0.34926,0.25448,0.00141,-0.11918,-0.08533,-0.27022,-0.21512,-0.33467,-0.28012,-0.05854,-0.08116,-0.05320,-0.07330,0.07320,0.21929,0.40094,0.36787,0.43884,0.40554,0.42708,0.43449,0.52983,0.47325,0.43189,0.55707,0.61084,0.54136,0.60689,0.73762,0.72622,0.76243,0.72257,0.73027,0.81273,0.84087,0.80125,0.84357,0.83710,0.83968,0.77010,0.76944,0.70186,0.67108,0.62276,0.52413,0.45292,0.33490,0.28096,0.16072,0.12359,0.01010,-0.00225,-0.06914,-0.08208,-0.16447,-0.18399,-0.23779,-0.24419,-0.17288,-0.19583,-0.13636,-0.06860,-0.12643,-0.08705,0.01778,0.05452,0.17210,0.17014,0.09389,0.11902,0.06034,0.05458,0.10305,0.09669,0.19839,0.26511,0.34786,0.32840,0.32000,0.36183,0.43909,0.50026,0.55018,0.57494,0.64524,0.65938,0.60421,0.58084,0.51820,0.53423,0.44820,0.49942,0.42529,0.40527,0.35771,0.26878,0.17703,0.13415,0.05555,-0.00219,-0.05882,-0.13096,-0.08688,-0.06866,0.04676,0.14030,0.22079,0.20056,0.20076,0.26030,0.23368,0.29296,0.24167,0.37783,0.53889,0.56671,0.50250,0.61370,0.71021,0.77352,0.79033,0.80819,0.83617,0.82042,0.84781,0.78623,0.77760,0.71055,0.67061,0.61045,0.51877,0.47264,0.47582,0.54245,0.43736
0.98889,0.98997,0.98842,0.98877,0.98741,0.98765,0.97793,0.97651,0.96804,0.95137,0.93947,0.91770,0.91204,0.89597,0.87093,0.84926,0.79078,0.78396,0.74765,0.72324,0.70850,0.64641,0.65637,0.67589,0.61664,0.56490,0.59388,0.58898,0.50852,0.47968,0.50646,0.46992,0.39079,0.35110,0.37401,0.33305,0.24231,0.15210,0.23378,0.25808,0.33186,0.43768,0.47898,0.55715,0.62774,0.67966,0.75130,0.78489,0.76871,0.81351,0.79818,0.82749,0.83576,0.85478,0.87655,0.81590,0.75426,0.71850,0.71408,0.65141,0.58919,0.58380,0.46868,0.41768,0.48095,0.40795,0.32571,0.28811,0.27398,0.38131,0.40070,0.48623,0.45060,0.49286,0.54711,0.59313,0.68978,0.80046,0.87070,0.93743,0.88482,0.87440,0.93670,0.90772,0.84816,0.88814,0.91897,0.87387,0.81224,0.70361,0.61974,0.40385,0.31674,0.25965,0.01552,-0.09367,-0.09562,-0.30155,-0.26204,-0.39291,-0.34385,-0.14216,-0.17683,-0.14385,-0.14944,0.00556,0.14151,0.31722,0.27085,0.33764,0.29767,0.31687,0.32259,0.42192,0.36079,0.31983,0.45419,0.50837,0.43349,0.50777,0.64951,0.63591,0.67517,0.63202,0.64142,0.73904,0.76958,0.72034,0.76939,0.76123,0.76591,0.68661,0.68861,0.61410,0.58609,0.53461,0.43294,0.36135,0.23758,0.18501,0.06290,0.02294,-0.08881,-0.10668,-0.17294,-0.18974,-0.26685,-0.27996,-0.32322,-0.31659,-0.24711,-0.25085,-0.19813,-0.14388,-0.20398,-0.16328,-0.06647,-0.03429,0.08417,0.07679,-0.00454,0.01297,-0.04821,-0.05784,-0.01347,-0.02181,0.07873,0.14706,0.23119,0.21086,0.20438,0.24612,0.32594,0.39153,0.44535,0.47644,0.55349,0.57499,0.51491,0.48623,0.41575,0.42953,0.33750,0.38906,0.31071,0.28875,0.23985,0.14898,0.05706,0.01583,-0.06216,-0.11744,-0.17329,-0.24204,-0.19829,-0.17922,-0.06735,0.02232,0.10402,0.08652,0.09142,0.15567,0.13683,0.20607,0.16825,0.31485,0.48139,0.50826,0.42788,0.53753,0.63880,0.70334,0.71644,0.73282,0.76435,0.74330,0.77397,0.70183,0.69167,0.61574,0.57147,0.50586,0.40725,0.35865,0.36360,0.43829,0.32976
0.98087,0.98169,0.98809,0.98303,0.97123,0.97566,0.97336,0.96152,0.94713,0.94079,0.92512,0.91645,0.91887,0.91114,0.89337,0.87777,0.82602,0.82312,0.79240,0.77000,0.75276,0.69309,0.69971,0.72136,0.66731,0.61441,0.64160,0.64241,0.56491,0.53272,0.56182,0.53098,0.45158,0.40935,0.43562,0.39465,0.30986,0.21968,0.30271,0.33076,0.40491,0.50675,0.54503,0.61723,0.68445,0.73040,0.79825,0.82470,0.80566,0.84291,0.82497,0.84524,0.84545,0.85340,0.86461,0.79998,0.74685,0.71873,0.70353,0.63588,0.58710,0.58196,0.46411,0.42190,0.49294,0.41942,0.34026,0.31111,0.30305,0.40893,0.43510,0.52246,0.48847,0.53326,0.58141,0.62936,0.71969,0.82867,0.89493,0.94574,0.88928,0.88237,0.93220,0.89280,0.84436,0.88591,0.90259,0.84942,0.79945,0.69565,0.59477,0.37505,0.27850,0.19459,-0.05643,-0.17118,-0.15163,-0.33977,-0.29032,-0.40694,-0.35448,-0.13706,-0.15688,-0.13088,-0.15259,-0.00708,0.13903,0.32527,0.29398,0.36978,0.33839,0.36401,0.37283,0.47327,0.41741,0.37247,0.50016,0.56005,0.48824,0.55200,0.69271,0.68517,0.72913,0.69442,0.70590,0.79661,0.82128,0.77512,0.81700,0.80377,0.80204,0.72431,0.72129,0.64818,0.61201,0.55989,0.45510,0.38026,0.25995,0.20431,0.08315,0.04648,-0.06739,-0.07705,-0.14295,-0.15307,-0.23540,-0.25603,-0.31151,-0.31858,-0.24950,-0.27148,-0.21405,-0.14779,-0.20459,-0.16583,-0.06183,-0.02500,0.09252,0.09145,0.01640,0.04443,-0.01255,-0.01596,0.03578,0.03281,0.13630,0.20238,0.28669,0.26739,0.25586,0.30035,0.37981,0.44107,0.49162,0.51356,0.58669,0.59863,0.53923,0.51665,0.45438,0.47391,0.38584,0.44306,0.36747,0.34981,0.30175,0.21114,0.11725,0.07058,-0.00787,-0.06774,-0.12146,-0.19636,-0.15409,-0.13501,-0.02096,0.07621,0.15579,0.13204,0.12897,0.18634,0.15658,0.21445,0.16189,0.30117,0.46830,0.49727,0.42991,0.54711,0.65012,0.72008,0.74075,0.76294,0.79439,0.78022,0.81417,0.75020,0.74541,0.67557,0.63680,0.57600,0.48275,0.43744,0.44472,0.51736,0.41236
0.95155,0.95251,0.97739,0.97035,0.94388,0.96001,0.97602,0.95338,0.93588,0.95448,0.94037,0.95234,0.96071,0.96078,0.95137,0.94170,0.90543,0.90234,0.87849,0.86070,0.84836,0.80044,0.80622,0.82385,0.77909,0.73493,0.75829,0.75791,0.69161,0.66441,0.68942,0.66092,0.59106,0.55362,0.57636,0.53605,0.45754,0.37180,0.45186,0.47535,0.54316,0.63591,0.67059,0.73484,0.79131,0.83011,0.88258,0.90403,0.89059,0.91778,0.90400,0.91598,0.91127,0.90823,0.90431,0.85049,0.81854,0.80229,0.77913,0.71639,0.68785,0.68340,0.57557,0.54500,0.61543,0.54827,0.47701,0.45470,0.45020,0.54794,0.57454,0.65375,0.62396,0.66433,0.70541,0.74753,0.82221,0.90827,0.95472,0.97969,0.94073,0.93865,0.95968,0.92094,0.90010,0.93185,0.92462,0.87547,0.85514,0.77536,0.66944,0.46732,0.36375,0.23842,-0.01854,-0.14717,-0.08365,-0.24737,-0.18175,-0.28834,-0.23157,0.00659,-0.00344,0.01862,-0.01553,0.12046,0.27326,0.45862,0.43881,0.51373,0.48741,0.51198,0.52099,0.61202,0.56123,0.51983,0.63538,0.68861,0.62516,0.68160,0.80140,0.79420,0.82754,0.79190,0.79847,0.86718,0.89188,0.86053,0.89585,0.88849,0.88838,0.82718,0.82378,0.76288,0.72850,0.68286,0.58740,0.51688,0.40624,0.35143,0.23505,0.20121,0.08788,0.08211,0.01608,0.00792,-0.07787,-0.10303,-0.16722,-0.18594,-0.11403,-0.15502,-0.09121,-0.01183,-0.06657,-0.02965,0.08098,0.12174,0.23642,0.23988,0.17020,0.20272,0.14821,0.14672,0.19891,0.19587,0.29681,0.36048,0.44031,0.42207,0.41101,0.45260,0.52614,0.58156,0.62730,0.64513,0.70782,0.71350,0.66334,0.64659,0.59305,0.61151,0.53208,0.58417,0.51508,0.49813,0.45302,0.36744,0.27733,0.23253,0.15481,0.09549,0.04042,-0.03493,0.00810,0.02572,0.14181,0.23835,0.31580,0.29209,0.28667,0.34022,0.30601,0.35437,0.29139,0.41602,0.57084,0.59890,0.55037,0.66213,0.75354,0.81632,0.83689,0.85684,0.88173,0.87135,0.89678,0.84651,0.84040,0.78235,0.74698,0.69310,0.60881,0.56569,0.56746,0.62747,0.52767
0.96873,0.97058,0.98462,0.98428,0.97136,0.98200,0.98814,0.97865,0.96861,0.97348,0.96337,0.95871,0.95693,0.94641,0.92785,0.91013,0.86466,0.85679,0.82581,0.80512,0.79538,0.74373,0.75365,0.76896,0.71721,0.67385,0.69955,0.69214,0.62185,0.59827,0.62067,0.58516,0.51485,0.47998,0.49886,0.45834,0.37115,0.28502,0.36455,0.38429,0.45193,0.55044,0.58917,0.66153,0.72271,0.76925,0.82721,0.85756,0.84740,0.88462,0.87383,0.89711,0.90265,0.91355,0.92296,0.87317,0.82988,0.80336,0.79343,0.73663,0.69073,0.68554,0.58009,0.53798,0.59904,0.53160,0.45630,0.42342,0.41149,0.51180,0.53036,0.60837,0.57658,0.61446,0.66362,0.70424,0.78861,0.87853,0.93017,0.97586,0.94091,0.93330,0.97125,0.94495,0.90826,0.93867,0.95018,0.91058,0.87371,0.78716,0.70227,0.50412,0.41260,0.32179,0.07149,-0.05009,-0.01419,-0.20273,-0.15272,-0.27703,-0.22553,-0.00430,-0.03243,-0.00151,-0.01572,0.13328,0.27315,0.44696,0.40801,0.47253,0.43494,0.45221,0.45703,0.54763,0.48990,0.45351,0.57900,0.62553,0.55760,0.62780,0.75052,0.73677,0.76436,0.71737,0.72075,0.80043,0.83281,0.79615,0.84108,0.83931,0.84690,0.78247,0.78515,0.72184,0.69696,0.65146,0.55887,0.49168,0.37596,0.32455,0.20636,0.16812,0.05669,0.04088,-0.02562,-0.04191,-0.12165,-0.13723,-0.18688,-0.18795,-0.11563,-0.13446,-0.07603,-0.01139,-0.07103,-0.03129,0.07099,0.10612,0.22271,0.21834,0.14057,0.16013,0.10030,0.09088,0.13387,0.12481,0.22249,0.28920,0.36909,0.34952,0.34427,0.38296,0.45730,0.51813,0.56846,0.59719,0.66521,0.68225,0.63049,0.60713,0.54351,0.55548,0.47007,0.51604,0.44287,0.42082,0.37478,0.28843,0.20023,0.16165,0.08410,0.03004,-0.02744,-0.09612,-0.05112,-0.03344,0.08054,0.16861,0.24909,0.23281,0.23727,0.29920,0.27859,0.34111,0.29667,0.43154,0.58721,0.61293,0.54724,0.65042,0.74046,0.79735,0.80861,0.82165,0.84718,0.82801,0.85002,0.78924,0.77644,0.71013,0.66740,0.60703,0.51473,0.46719,0.46559,0.52933,0.42398
0.98049,0.98236,0.98416,0.98262,0.97736,0.98022,0.97419,0.96872,0.95867,0.94730,0.93399,0.91815,0.91522,0.90209,0.88017,0.86052,0.80547,0.79964,0.76583,0.74233,0.72732,0.66729,0.67613,0.69606,0.63948,0.58830,0.61625,0.61305,0.53535,0.50605,0.53295,0.49878,0.42096,0.38117,0.40486,0.36470,0.27544,0.18657,0.26867,0.29373,0.36648,0.46957,0.50930,0.58467,0.65240,0.70159,0.77028,0.80082,0.78465,0.82640,0.81097,0.83679,0.84235,0.85709,0.87402,0.81359,0.75692,0.72405,0.71577,0.65307,0.59694,0.59119,0.47688,0.42985,0.49453,0.42207,0.34222,0.30790,0.29614,0.40178,0.42319,0.50824,0.47426,0.51709,0.56915,0.61557,0.70936,0.81719,0.88253,0.94205,0.89122,0.88080,0.93669,0.90496,0.85032,0.88950,0.91427,0.86796,0.81175,0.70805,0.62030,0.40800,0.31915,0.25192,0.00604,-0.10566,-0.09731,-0.29665,-0.25491,-0.38105,-0.33282,-0.12272,-0.15206,-0.12180,-0.13301,0.01810,0.15570,0.33375,0.29261,0.36171,0.32413,0.34496,0.35158,0.44964,0.39113,0.35041,0.48171,0.53575,0.46316,0.53434,0.67275,0.66228,0.70058,0.65913,0.66806,0.76248,0.79106,0.74346,0.78978,0.77972,0.78290,0.70573,0.70663,0.63391,0.60358,0.55261,0.45156,0.37951,0.25855,0.20535,0.08481,0.04632,-0.06546,-0.08020,-0.14565,-0.15990,-0.23826,-0.25341,-0.30149,-0.29958,-0.23054,-0.24177,-0.18749,-0.12889,-0.18828,-0.14853,-0.04934,-0.01539,0.10211,0.09716,0.01877,0.03934,-0.01975,-0.02759,0.01866,0.01249,0.11257,0.17924,0.26197,0.24220,0.23406,0.27594,0.35407,0.41689,0.46910,0.49688,0.57087,0.58827,0.53001,0.50504,0.43883,0.45407,0.36416,0.41715,0.34046,0.32037,0.27311,0.18370,0.09231,0.04950,-0.02809,-0.08413,-0.13841,-0.20896,-0.16578,-0.14653,-0.03477,0.05683,0.13686,0.11693,0.11904,0.18053,0.15851,0.22310,0.18066,0.32308,0.48824,0.51529,0.44048,0.55095,0.65058,0.71587,0.73061,0.74826,0.77922,0.76021,0.79098,0.72322,0.71458,0.64208,0.59956,0.53649,0.44019,0.39296,0.39687,0.47000,0.36270
0.93710,0.93865,0.96444,0.95503,0.92626,0.94307,0.96008,0.93398,0.91463,0.93494,0.91882,0.93442,0.94583,0.94876,0.94253,0.93490,0.90037,0.89911,0.87766,0.86049,0.84637,0.79880,0.80288,0.82210,0.77964,0.73437,0.75670,0.75976,0.69506,0.66577,0.69201,0.66702,0.59724,0.55826,0.58294,0.54471,0.46798,0.38432,0.46389,0.48901,0.55654,0.64655,0.67937,0.74091,0.79555,0.83160,0.88323,0.90071,0.88577,0.91052,0.89528,0.90354,0.89550,0.88822,0.88049,0.82421,0.79470,0.78086,0.75346,0.68898,0.66550,0.66080,0.55225,0.52543,0.59815,0.53088,0.46141,0.44297,0.44126,0.53780,0.56759,0.64769,0.61918,0.66109,0.69964,0.74325,0.81612,0.90282,0.94729,0.96696,0.92580,0.92362,0.94193,0.89902,0.87971,0.91280,0.90150,0.84922,0.83075,0.75208,0.64092,0.43985,0.33523,0.20422,-0.05180,-0.17948,-0.11127,-0.26767,-0.20150,-0.30294,-0.24754,-0.00546,-0.00882,0.01006,-0.03022,0.10023,0.25396,0.44208,0.42878,0.50755,0.48450,0.51224,0.52287,0.61358,0.56585,0.52328,0.63594,0.69105,0.62918,0.68150,0.80093,0.79768,0.83294,0.80184,0.80939,0.87702,0.89831,0.86657,0.89850,0.88710,0.88384,0.82219,0.81710,0.75652,0.71828,0.67197,0.57526,0.50343,0.39537,0.33964,0.22520,0.19330,0.08071,0.07900,0.01446,0.01008,-0.07681,-0.10441,-0.17294,-0.19691,-0.12681,-0.17456,-0.11068,-0.02777,-0.08069,-0.04518,0.06672,0.10891,0.22165,0.22789,0.16213,0.19872,0.14733,0.14872,0.20412,0.20454,0.30510,0.36644,0.44488,0.42743,0.41376,0.45615,0.52821,0.58130,0.62469,0.63752,0.69749,0.69804,0.64943,0.63657,0.58781,0.60872,0.53119,0.58669,0.51917,0.50512,0.46173,0.37794,0.28841,0.24075,0.16397,0.10333,0.05131,-0.02644,0.01464,0.03224,0.14737,0.24662,0.32164,0.29425,0.28459,0.33417,0.29573,0.33835,0.27044,0.39106,0.54570,0.57442,0.53077,0.64508,0.73686,0.80243,0.82577,0.84845,0.87381,0.86624,0.89400,0.84736,0.84443,0.78910,0.75602,0.70489,0.62326,0.58209,0.58477,0.64541,0.54784
0.89142,0.89393,0.93334,0.92748,0.89257,0.91900,0.95033,0.92303,0.90668,0.94628,0.93645,0.96332,0.97293,0.97628,0.97279,0.96577,0.94354,0.93801,0.91957,0.90609,0.90094,0.86623,0.87277,0.88418,0.84823,0.81621,0.83504,0.82986,0.77770,0.75885,0.77669,0.74864,0.69272,0.66329,0.67924,0.64270,0.56774,0.49036,0.56444,0.58031,0.63788,0.71916,0.75021,0.80745,0.85133,0.88448,0.91986,0.93860,0.93398,0.95448,0.94769,0.95540,0.95065,0.94190,0.92683,0.88945,0.87762,0.87021,0.84512,0.79397,0.78154,0.77710,0.68634,0.66431,0.72593,0.66840,0.60736,0.58893,0.58504,0.67095,0.69306,0.75955,0.73535,0.76845,0.80427,0.83798,0.89737,0.95568,0.97830,0.98322,0.96887,0.96760,0.96409,0.93410,0.93649,0.95530,0.93063,0.89266,0.89800,0.84691,0.75094,0.58054,0.48048,0.33051,0.07976,-0.05649,0.04227,-0.10133,-0.03181,-0.13344,-0.07762,0.16935,0.16285,0.18451,0.14696,0.27385,0.42036,0.59173,0.57658,0.64288,0.61680,0.63597,0.64194,0.71842,0.67191,0.64020,0.74357,0.78217,0.72844,0.78211,0.87431,0.86542,0.88127,0.83974,0.83820,0.88610,0.91422,0.89671,0.92821,0.92984,0.93556,0.89373,0.89382,0.84844,0.82214,0.78542,0.70566,0.64421,0.54678,0.49668,0.38973,0.35836,0.25091,0.24516,0.18144,0.17226,0.08856,0.06413,0.00034,-0.02316,0.04987,-0.00154,0.06445,0.14906,0.09576,0.13060,0.24053,0.28161,0.38957,0.39421,0.32976,0.35935,0.30750,0.30415,0.34978,0.34446,0.43664,0.49627,0.56712,0.54988,0.54234,0.57728,0.64115,0.69089,0.73065,0.74690,0.79642,0.79941,0.76228,0.75182,0.70667,0.72013,0.65009,0.69167,0.63083,0.61350,0.57415,0.49789,0.41699,0.37891,0.30487,0.25080,0.19564,0.12554,0.16835,0.18395,0.29744,0.38529,0.45896,0.43958,0.43641,0.48704,0.45620,0.49831,0.43559,0.54338,0.67903,0.70407,0.67005,0.76689,0.84005,0.88941,0.90371,0.91671,0.93355,0.92263,0.93599,0.89904,0.88800,0.84160,0.80695,0.76013,0.68461,0.64303,0.63538,0.68199,0.58874
0.94336,0.94712,0.96149,0.96303,0.95191,0.96444,0.97190,0.96509,0.95802,0.96521,0.95732,0.95262,0.94785,0.93530,0.91608,0.89680,0.85344,0.84350,0.81274,0.79263,0.78577,0.73746,0.74893,0.76166,0.71105,0.67210,0.69680,0.68572,0.61999,0.60045,0.61930,0.58230,0.51761,0.48663,0.50250,0.46524,0.37608,0.29241,0.37018,0.38662,0.45009,0.54531,0.58301,0.65483,0.71234,0.75874,0.81233,0.84399,0.83745,0.87531,0.86771,0.89296,0.90140,0.91465,0.92443,0.88155,0.84142,0.81458,0.80772,0.75762,0.71227,0.70635,0.60854,0.56622,0.62040,0.55676,0.48472,0.45061,0.43704,0.53312,0.54749,0.62015,0.59063,0.62549,0.67514,0.71317,0.79527,0.87701,0.92072,0.96610,0.94129,0.93088,0.96592,0.94590,0.91109,0.93710,0.94902,0.91570,0.88127,0.80435,0.73148,0.54856,0.46450,0.37884,0.13598,0.01581,0.05426,-0.13496,-0.09264,-0.21892,-0.17069,0.04724,0.01524,0.04783,0.03920,0.18764,0.31868,0.48147,0.43856,0.49625,0.45533,0.46809,0.47037,0.55535,0.49824,0.46811,0.59090,0.62948,0.56479,0.63791,0.75058,0.73608,0.75501,0.70281,0.70296,0.78031,0.81523,0.78054,0.82629,0.82870,0.83988,0.78063,0.78633,0.72794,0.70858,0.66623,0.58078,0.51803,0.40667,0.35829,0.24439,0.20646,0.09921,0.08080,0.01616,-0.00249,-0.07824,-0.08980,-0.13411,-0.13147,-0.06029,-0.07532,-0.01881,0.04125,-0.01891,0.02051,0.11823,0.15151,0.26503,0.25900,0.18190,0.19613,0.13666,0.12389,0.16098,0.14950,0.24228,0.30739,0.38322,0.36352,0.36102,0.39586,0.46612,0.52613,0.57459,0.60491,0.66844,0.68799,0.64087,0.61911,0.55692,0.56524,0.48210,0.52247,0.45176,0.42869,0.38524,0.30246,0.21875,0.18480,0.10922,0.05911,0.00126,-0.06201,-0.01685,0.00059,0.11153,0.19321,0.27251,0.25995,0.26815,0.33057,0.31561,0.37922,0.34163,0.47189,0.62016,0.64364,0.57798,0.67235,0.75442,0.80498,0.81105,0.81975,0.84300,0.82109,0.83847,0.77951,0.76341,0.69933,0.65511,0.59615,0.50507,0.45656,0.44997,0.51044,0.40632
0.93099,0.93401,0.95424,0.94636,0.92331,0.93774,0.94981,0.92820,0.91193,0.92616,0.91073,0.92007,0.92768,0.92727,0.91799,0.90801,0.86997,0.86755,0.84402,0.82584,0.81200,0.76303,0.76831,0.78710,0.74244,0.69713,0.72006,0.72130,0.65604,0.62765,0.65304,0.62651,0.55732,0.51926,0.54348,0.50839,0.42739,0.34346,0.42294,0.44730,0.51434,0.60515,0.63835,0.70170,0.75737,0.79548,0.84905,0.86900,0.85440,0.88259,0.86769,0.87984,0.87478,0.87249,0.86973,0.81453,0.78038,0.76230,0.73922,0.67765,0.64823,0.64242,0.53570,0.50557,0.57412,0.50694,0.43703,0.41579,0.41197,0.50852,0.53595,0.61514,0.58716,0.62848,0.66948,0.71382,0.79038,0.87897,0.92459,0.95243,0.91208,0.90619,0.93145,0.89263,0.86546,0.89848,0.89516,0.84585,0.81954,0.73967,0.63783,0.44023,0.34330,0.22848,-0.02162,-0.14351,-0.08681,-0.25109,-0.19349,-0.30047,-0.24867,-0.01450,-0.02384,-0.00402,-0.03706,0.09636,0.24279,0.42375,0.40452,0.47911,0.45207,0.47724,0.48679,0.57690,0.52816,0.48875,0.60272,0.65517,0.59334,0.64961,0.76895,0.76549,0.79827,0.76344,0.77076,0.84403,0.86700,0.83223,0.86663,0.85635,0.85460,0.79076,0.78740,0.72599,0.69022,0.64377,0.54862,0.47790,0.36939,0.31512,0.20181,0.16956,0.05959,0.05517,-0.00770,-0.01392,-0.09689,-0.11975,-0.18247,-0.20019,-0.13327,-0.17326,-0.11264,-0.03670,-0.09087,-0.05537,0.05152,0.09152,0.20354,0.20757,0.14077,0.17256,0.12120,0.11981,0.17156,0.17032,0.26896,0.32975,0.40695,0.38936,0.37724,0.41820,0.48966,0.54372,0.58725,0.60213,0.66284,0.66675,0.61824,0.60454,0.55416,0.57312,0.49415,0.54825,0.48007,0.46531,0.42259,0.33936,0.25114,0.20559,0.12984,0.07133,0.01923,-0.05472,-0.01334,0.00461,0.11726,0.21308,0.28807,0.26260,0.25571,0.30726,0.27364,0.31927,0.25909,0.38102,0.53521,0.56270,0.51332,0.62390,0.71415,0.77830,0.79846,0.81924,0.84545,0.83536,0.86274,0.81267,0.80820,0.75078,0.71580,0.66336,0.57971,0.53712,0.53812,0.60019,0.50086
0.78523,0.78771,0.84561,0.83288,0.77945,0.81646,0.86613,0.82164,0.79794,0.86344,0.85129,0.90530,0.92727,0.94528,0.95654,0.96134,0.95928,0.95877,0.95331,0.94674,0.94241,0.92160,0.92309,0.93318,0.91280,0.88836,0.90058,0.90183,0.86585,0.84812,0.86418,0.84711,0.80276,0.77614,0.79216,0.76171,0.70186,0.63400,0.70165,0.71741,0.76569,0.82863,0.85091,0.89102,0.91934,0.93787,0.95505,0.96001,0.95630,0.95989,0.95331,0.94419,0.92701,0.89871,0.86223,0.83110,0.84483,0.85474,0.81358,0.76507,0.78356,0.77966,0.70099,0.69931,0.76350,0.71480,0.66809,0.66626,0.67206,0.74347,0.77211,0.82948,0.81271,0.84297,0.86393,0.89359,0.93022,0.96550,0.96642,0.93431,0.92931,0.93456,0.89703,0.85904,0.89247,0.90432,0.84903,0.80848,0.84677,0.82311,0.71317,0.56583,0.46016,0.26384,0.02227,-0.11736,0.02911,-0.06518,0.01915,-0.05247,0.00378,0.26479,0.28385,0.29186,0.22996,0.32859,0.47834,0.64586,0.65781,0.72801,0.71694,0.74139,0.75070,0.81495,0.78196,0.75223,0.83062,0.86702,0.82791,0.86040,0.92827,0.92855,0.93946,0.90943,0.90701,0.92851,0.94738,0.94497,0.96079,0.96087,0.95935,0.93385,0.92819,0.89717,0.86481,0.83456,0.76459,0.70736,0.62918,0.58027,0.48730,0.46466,0.36493,0.37224,0.31483,0.31609,0.23122,0.19839,0.11977,0.07467,0.14070,0.05832,0.12801,0.22860,0.18516,0.21325,0.32664,0.37244,0.46797,0.48292,0.43573,0.47785,0.43806,0.44299,0.49384,0.49511,0.58102,0.63061,0.69181,0.67810,0.66569,0.69856,0.75186,0.78843,0.81653,0.81688,0.84951,0.83604,0.81060,0.81342,0.78860,0.80678,0.75309,0.79496,0.74691,0.73679,0.70439,0.63940,0.56591,0.52569,0.45797,0.40369,0.35484,0.28343,0.32145,0.33548,0.44287,0.53137,0.59493,0.56954,0.55556,0.59105,0.54708,0.56467,0.48372,0.56318,0.67963,0.70427,0.70109,0.79447,0.85464,0.90131,0.92248,0.93943,0.95030,0.95094,0.96110,0.94612,0.94157,0.91484,0.89114,0.85896,0.80221,0.76879,0.75968,0.79144,0.71276
0.72358,0.72815,0.78622,0.78405,0.74003,0.77978,0.83174,0.80047,0.78739,0.85657,0.85458,0.90192,0.91148,0.91917,0.92355,0.92061,0.92273,0.91319,0.90455,0.89941,0.90639,0.89520,0.90355,0.90317,0.88327,0.87370,0.88461,0.87027,0.84433,0.84164,0.84636,0.81987,0.79065,0.77747,0.78107,0.75543,0.68929,0.62844,0.68882,0.69189,0.72818,0.78514,0.80864,0.85078,0.87189,0.89360,0.89978,0.91407,0.92297,0.93161,0.93657,0.93806,0.93412,0.91873,0.88930,0.88175,0.90108,0.90694,0.88196,0.85448,0.86654,0.86199,0.80596,0.79848,0.84029,0.80302,0.76290,0.75138,0.74812,0.80847,0.82062,0.86109,0.84752,0.86597,0.89092,0.90876,0.93933,0.94924,0.93428,0.90903,0.93472,0.93528,0.89365,0.88032,0.91830,0.91518,0.86645,0.84979,0.89315,0.89208,0.82185,0.71584,0.63139,0.45780,0.23785,0.10267,0.24637,0.14375,0.20905,0.12898,0.17654,0.41613,0.41452,0.43366,0.39730,0.50031,0.62401,0.75660,0.74726,0.79137,0.76804,0.77527,0.77476,0.82296,0.78658,0.77366,0.84858,0.86089,0.82775,0.87238,0.91393,0.90278,0.88894,0.83954,0.82562,0.83854,0.86991,0.87595,0.89914,0.91713,0.93142,0.92285,0.92822,0.91063,0.90088,0.88103,0.83355,0.79196,0.72273,0.68445,0.60094,0.57519,0.48671,0.48059,0.42589,0.41443,0.34307,0.32469,0.26643,0.24304,0.30918,0.24897,0.31180,0.39380,0.34712,0.37662,0.47479,0.51183,0.60035,0.60593,0.55454,0.57608,0.53231,0.52380,0.55332,0.54302,0.61443,0.66312,0.71492,0.70012,0.69985,0.72129,0.76499,0.80123,0.82993,0.84479,0.87202,0.87188,0.85471,0.85442,0.82441,0.82932,0.78057,0.80036,0.75675,0.73877,0.71046,0.65394,0.59317,0.57003,0.50727,0.46711,0.41441,0.36052,0.40208,0.41519,0.51330,0.57804,0.64070,0.63263,0.63664,0.67816,0.65671,0.68629,0.63145,0.70482,0.79838,0.81567,0.80516,0.86900,0.90725,0.93089,0.93381,0.93398,0.93684,0.92589,0.91898,0.90405,0.88563,0.86094,0.82950,0.79682,0.74053,0.70314,0.68041,0.70081,0.62469
0.84629,0.85228,0.87667,0.87486,0.85570,0.87493,0.89282,0.87752,0.86817,0.89154,0.88346,0.89457,0.89533,0.89019,0.87946,0.86664,0.83689,0.82844,0.80638,0.79109,0.78624,0.74874,0.75815,0.76827,0.72844,0.69726,0.71707,0.70737,0.65576,0.63963,0.65510,0.62447,0.57139,0.54484,0.55918,0.53232,0.44863,0.37494,0.44630,0.46054,0.51455,0.59399,0.62571,0.68535,0.73117,0.76757,0.80682,0.83038,0.82617,0.85411,0.84777,0.86391,0.86612,0.86961,0.86704,0.83304,0.81079,0.79323,0.77915,0.73680,0.71075,0.70376,0.61997,0.59065,0.64047,0.58544,0.52518,0.50064,0.49237,0.57556,0.59134,0.65379,0.63087,0.66103,0.70105,0.73630,0.80264,0.86510,0.89125,0.91474,0.90295,0.89279,0.90605,0.88516,0.86738,0.88721,0.88171,0.85083,0.83572,0.78245,0.71240,0.55864,0.48142,0.37478,0.14753,0.03093,0.09798,-0.05906,-0.01881,-0.12564,-0.07965,0.13869,0.11910,0.14249,0.12413,0.25295,0.37624,0.52553,0.49679,0.55033,0.51624,0.52782,0.53167,0.60391,0.55667,0.53153,0.63552,0.66868,0.61726,0.67809,0.76846,0.75895,0.76838,0.71923,0.71814,0.77835,0.80825,0.78389,0.81980,0.82365,0.83202,0.78534,0.78885,0.74391,0.72466,0.68890,0.61536,0.55905,0.46400,0.41898,0.31849,0.28677,0.18967,0.17790,0.12013,0.10641,0.03549,0.02392,-0.02640,-0.03157,0.03136,0.00043,0.05668,0.12100,0.06693,0.10202,0.19551,0.22904,0.33099,0.33032,0.26581,0.28337,0.23300,0.22223,0.25767,0.24920,0.33287,0.38933,0.45519,0.43843,0.43526,0.46539,0.52438,0.57477,0.61470,0.63652,0.68625,0.69744,0.66058,0.64799,0.60003,0.60867,0.53839,0.57506,0.51422,0.49539,0.45720,0.38645,0.31177,0.28068,0.21121,0.16485,0.11123,0.05204,0.09378,0.10845,0.21214,0.28912,0.36069,0.34798,0.35171,0.40379,0.38552,0.43341,0.39121,0.49918,0.62920,0.64997,0.60307,0.68755,0.75495,0.79902,0.80467,0.81314,0.83232,0.81582,0.82847,0.78500,0.77127,0.72099,0.68263,0.63424,0.55648,0.51337,0.50246,0.55190,0.45852
0.89766,0.90439,0.88026,0.89352,0.92134,0.91266,0.88393,0.91011,0.91992,0.87888,0.87643,0.82408,0.79653,0.76008,0.71931,0.68292,0.61365,0.59701,0.55144,0.52392,0.51722,0.45606,0.47457,0.48604,0.41995,0.37782,0.40758,0.38666,0.31105,0.29516,0.31147,0.26471,0.19746,0.16971,0.18215,0.15083,0.05010,-0.02899,0.04206,0.05373,0.11635,0.21800,0.26137,0.34629,0.41610,0.47707,0.54910,0.59708,0.59064,0.65063,0.64426,0.69398,0.72233,0.76926,0.81527,0.77377,0.69826,0.64498,0.66877,0.63037,0.54129,0.53347,0.44105,0.37305,0.40611,0.34307,0.26380,0.20925,0.18148,0.27944,0.27822,0.34829,0.31504,0.34559,0.40994,0.44864,0.55393,0.65608,0.72262,0.82299,0.79257,0.76766,0.85559,0.85694,0.77044,0.80249,0.86735,0.84950,0.76127,0.65826,0.63588,0.46494,0.42114,0.44425,0.24679,0.16666,0.11188,-0.12301,-0.13101,-0.28444,-0.25036,-0.10735,-0.17945,-0.13275,-0.09347,0.07024,0.15800,0.28306,0.20092,0.23503,0.17424,0.17277,0.16844,0.25198,0.18582,0.16340,0.30056,0.33176,0.25997,0.35536,0.48011,0.45537,0.47174,0.40644,0.40691,0.51838,0.56185,0.50620,0.56813,0.57323,0.59458,0.51868,0.53421,0.46748,0.46419,0.42101,0.34083,0.28659,0.16993,0.13184,0.02303,-0.02038,-0.11228,-0.14888,-0.20698,-0.23942,-0.29200,-0.28198,-0.28971,-0.24553,-0.18351,-0.13883,-0.10511,-0.09078,-0.15434,-0.11259,-0.04736,-0.03164,0.07516,0.05253,-0.03443,-0.04823,-0.11193,-0.13921,-0.12224,-0.14257,-0.06304,0.00179,0.07341,0.05262,0.06025,0.08774,0.15605,0.22448,0.27980,0.33053,0.40478,0.44800,0.39506,0.35886,0.27869,0.27532,0.18310,0.21412,0.13789,0.10819,0.06438,-0.01426,-0.08920,-0.11007,-0.17834,-0.21356,-0.26783,-0.31222,-0.26990,-0.25459,-0.16057,-0.10034,-0.02230,-0.02068,0.00539,0.07799,0.09243,0.18185,0.18966,0.33676,0.48241,0.49886,0.39335,0.46781,0.54906,0.59112,0.57976,0.57801,0.60738,0.56993,0.58824,0.50450,0.48087,0.39875,0.34369,0.27370,0.17055,0.11761,0.11085,0.18310,0.07476
0.83930,0.84432,0.78625,0.79998,0.85201,0.82103,0.75882,0.80118,0.81492,0.72878,0.72212,0.63604,0.60224,0.55676,0.50557,0.46364,0.37222,0.35910,0.30646,0.27331,0.25609,0.17861,0.19559,0.21492,0.13948,0.08329,0.11689,0.10381,0.01466,-0.01129,0.01258,-0.03065,-0.11006,-0.14583,-0.12615,-0.15409,-0.25235,-0.32951,-0.26247,-0.24255,-0.17385,-0.06749,-0.02349,0.06517,0.14834,0.21455,0.30922,0.35964,0.34105,0.41187,0.39614,0.45452,0.48624,0.54739,0.61676,0.55590,0.44777,0.37902,0.41348,0.36737,0.25092,0.24290,0.14014,0.05947,0.09235,0.02370,-0.06170,-0.12175,-0.15134,-0.04918,-0.04903,0.02980,-0.00795,0.02842,0.09759,0.14423,0.26746,0.40522,0.50485,0.64233,0.57680,0.54688,0.68072,0.67738,0.54652,0.59597,0.69878,0.67199,0.53597,0.39467,0.38023,0.19257,0.16642,0.26761,0.10676,0.06614,-0.06986,-0.31985,-0.35406,-0.50736,-0.48476,-0.40205,-0.48245,-0.43616,-0.38072,-0.22112,-0.15493,-0.04074,-0.13177,-0.09754,-0.15843,-0.15574,-0.15718,-0.06470,-0.13119,-0.16118,-0.01844,0.02621,-0.05298,0.04251,0.19540,0.17486,0.21344,0.16231,0.17449,0.31457,0.35009,0.27188,0.33713,0.32743,0.34033,0.23924,0.25181,0.16814,0.15836,0.10709,0.01627,-0.04100,-0.16217,-0.19810,-0.30296,-0.34548,-0.42715,-0.46482,-0.51484,-0.54519,-0.58481,-0.56888,-0.56161,-0.50289,-0.45479,-0.38029,-0.36383,-0.37584,-0.43421,-0.39467,-0.35000,-0.34313,-0.24442,-0.27170,-0.35704,-0.37528,-0.43465,-0.45982,-0.44282,-0.45881,-0.38329,-0.32244,-0.25022,-0.26959,-0.26564,-0.23438,-0.16272,-0.09224,-0.03495,0.01603,0.10166,0.15016,0.08475,0.04138,-0.04497,-0.04448,-0.14160,-0.10125,-0.18058,-0.20658,-0.25164,-0.33026,-0.40410,-0.42787,-0.48850,-0.52155,-0.56542,-0.60492,-0.57089,-0.55616,-0.47784,-0.42054,-0.34914,-0.35041,-0.32632,-0.25601,-0.23755,-0.14254,-0.11882,0.03796,0.19072,0.20744,0.08024,0.15924,0.25575,0.30926,0.30215,0.30794,0.34783,0.30978,0.34463,0.24474,0.22927,0.13429,0.08145,0.00748,-0.09900,-0.14797,-0.14031,-0.05141,-0.15509
0.89011,0.89383,0.84243,0.85236,0.89579,0.86781,0.81112,0.84562,0.85404,0.77516,0.76542,0.68768,0.65984,0.61954,0.57215,0.53374,0.44439,0.43367,0.38256,0.34974,0.33023,0.25125,0.26614,0.28792,0.21291,0.15318,0.18757,0.17849,0.08605,0.05619,0.08359,0.04192,-0.04253,-0.08234,-0.05897,-0.09095,-0.18844,-0.27061,-0.19886,-0.17550,-0.10180,0.00847,0.05288,0.14147,0.22600,0.29090,0.38695,0.43442,0.41305,0.48049,0.46233,0.51582,0.54225,0.59585,0.65899,0.59147,0.48584,0.42135,0.44783,0.39353,0.28313,0.27577,0.16419,0.08697,0.12984,0.05671,-0.03169,-0.08813,-0.11449,-0.00698,-0.00052,0.08456,0.04536,0.08607,0.15366,0.20297,0.32618,0.46882,0.57077,0.70011,0.62756,0.60155,0.72930,0.71659,0.59255,0.64485,0.73879,0.70351,0.57396,0.42956,0.39599,0.18998,0.14858,0.22455,0.04401,-0.00897,-0.12948,-0.37638,-0.39499,-0.54396,-0.51580,-0.41066,-0.48193,-0.43857,-0.39531,-0.23453,-0.15158,-0.01854,-0.10101,-0.05599,-0.11205,-0.10351,-0.10197,-0.00240,-0.06890,-0.10448,0.04016,0.09201,0.01018,0.10155,0.26229,0.24452,0.29037,0.24433,0.25859,0.39703,0.42980,0.35224,0.41529,0.40177,0.41046,0.30703,0.31610,0.22826,0.21111,0.15642,0.05734,-0.00673,-0.13302,-0.17440,-0.28627,-0.32879,-0.41900,-0.45200,-0.50600,-0.53214,-0.58035,-0.57073,-0.57419,-0.52604,-0.47447,-0.41361,-0.39033,-0.39015,-0.44982,-0.40938,-0.35295,-0.34060,-0.23543,-0.25868,-0.34460,-0.35383,-0.41439,-0.43510,-0.40918,-0.42226,-0.33798,-0.27436,-0.19648,-0.21629,-0.21631,-0.17995,-0.10259,-0.03092,0.02647,0.07189,0.16031,0.20303,0.13459,0.09287,0.00780,0.01340,-0.08602,-0.03908,-0.12058,-0.14508,-0.19256,-0.27756,-0.35891,-0.38936,-0.45502,-0.49510,-0.54129,-0.58862,-0.55255,-0.53524,-0.44945,-0.38182,-0.30760,-0.31482,-0.29616,-0.22616,-0.21745,-0.12612,-0.11650,0.04339,0.20642,0.22697,0.10481,0.19660,0.30086,0.36207,0.36237,0.37320,0.41404,0.37982,0.41867,0.31985,0.30775,0.21325,0.16245,0.08837,-0.01889,-0.06804,-0.05701,0.03433,-0.07252
0.78102,0.78476,0.71153,0.72347,0.78442,0.74268,0.66563,0.71314,0.72695,0.62081,0.61090,0.51123,0.47698,0.42975,0.37570,0.33347,0.23419,0.22448,0.17045,0.13539,0.11239,0.02855,0.04313,0.06702,-0.01043,-0.07309,-0.03809,-0.04492,-0.13946,-0.17082,-0.14212,-0.18138,-0.26605,-0.30564,-0.28120,-0.30882,-0.39886,-0.47137,-0.40904,-0.38472,-0.31384,-0.20847,-0.16615,-0.07967,0.00731,0.07305,0.17691,0.22559,0.19971,0.27243,0.25151,0.31094,0.34174,0.40593,0.48431,0.41262,0.29052,0.21694,0.25371,0.20264,0.07686,0.06960,-0.03749,-0.12108,-0.08641,-0.15657,-0.24256,-0.30199,-0.33036,-0.22853,-0.22540,-0.14315,-0.18189,-0.14213,-0.07350,-0.02376,0.10384,0.25789,0.37307,0.52365,0.43809,0.40807,0.56053,0.55178,0.40397,0.46166,0.57939,0.54633,0.39137,0.23387,0.21854,0.02218,0.00180,0.13563,-0.00286,-0.02354,-0.19610,-0.44248,-0.48378,-0.62609,-0.61156,-0.56069,-0.63952,-0.59631,-0.53716,-0.38703,-0.33168,-0.22324,-0.31320,-0.27721,-0.33320,-0.32643,-0.32521,-0.22902,-0.29222,-0.32661,-0.18761,-0.13519,-0.21550,-0.12586,0.03871,0.02271,0.07512,0.03651,0.05604,0.20497,0.23251,0.14556,0.20891,0.18978,0.19611,0.08477,0.09390,0.00184,-0.01380,-0.06853,-0.16394,-0.22268,-0.34267,-0.37747,-0.47734,-0.51744,-0.59203,-0.62704,-0.67119,-0.69721,-0.72967,-0.71228,-0.69953,-0.63898,-0.60062,-0.51602,-0.50835,-0.53191,-0.58493,-0.54842,-0.51463,-0.51155,-0.42011,-0.44752,-0.52822,-0.54543,-0.59997,-0.62138,-0.60236,-0.61419,-0.54155,-0.48482,-0.41351,-0.43181,-0.43159,-0.39797,-0.32476,-0.25578,-0.20026,-0.15292,-0.06288,-0.01486,-0.08575,-0.13188,-0.21782,-0.21371,-0.30977,-0.26409,-0.34173,-0.36412,-0.40841,-0.48665,-0.55925,-0.58613,-0.64114,-0.67352,-0.71003,-0.74594,-0.71705,-0.70062,-0.63406,-0.57867,-0.51425,-0.51943,-0.49891,-0.43314,-0.41615,-0.32308,-0.29560,-0.13942,0.01395,0.03078,-0.10193,-0.01938,0.08428,0.14471,0.14324,0.15437,0.19859,0.16312,0.20746,0.10283,0.09390,-0.00345,-0.05157,-0.12424,-0.22761,-0.27202,-0.25451,-0.15903,-0.25626
0.65313,0.65736,0.57083,0.59239,0.67136,0.62290,0.53490,0.60062,0.62581,0.50460,0.50280,0.38443,0.33657,0.27732,0.21391,0.16371,0.06222,0.04639,-0.01177,-0.04687,-0.06298,-0.14173,-0.12249,-0.10564,-0.18366,-0.23609,-0.20202,-0.21960,-0.30682,-0.32712,-0.30701,-0.35184,-0.42370,-0.45200,-0.43739,-0.45927,-0.54761,-0.60954,-0.55907,-0.54308,-0.48404,-0.38777,-0.34626,-0.26021,-0.17792,-0.10938,-0.00990,0.04684,0.02837,0.10770,0.09402,0.16491,0.20893,0.29001,0.38330,0.32870,0.20152,0.11959,0.17542,0.14335,0.00339,-0.00415,-0.08913,-0.18081,-0.16925,-0.22774,-0.30639,-0.37502,-0.41197,-0.32394,-0.33636,-0.27028,-0.30634,-0.27711,-0.20566,-0.16598,-0.04094,0.09933,0.21032,0.37853,0.30913,0.27320,0.43797,0.45097,0.29215,0.34170,0.47951,0.46599,0.29926,0.15114,0.17921,0.02371,0.03344,0.22222,0.13119,0.13601,-0.07263,-0.32105,-0.39135,-0.53503,-0.53328,-0.53776,-0.63726,-0.58680,-0.49829,-0.35348,-0.33647,-0.27301,-0.38324,-0.37390,-0.43908,-0.44715,-0.45390,-0.37393,-0.43768,-0.45819,-0.32639,-0.29273,-0.36695,-0.26983,-0.12460,-0.14875,-0.11171,-0.16086,-0.14668,0.00166,0.03583,-0.05024,0.01910,0.01047,0.02734,-0.07492,-0.05755,-0.14036,-0.13664,-0.18257,-0.25692,-0.29915,-0.40661,-0.42819,-0.51156,-0.55159,-0.60658,-0.65345,-0.68873,-0.72510,-0.73691,-0.70417,-0.66444,-0.57903,-0.54892,-0.43257,-0.43947,-0.49239,-0.54282,-0.50822,-0.50136,-0.51152,-0.43591,-0.47341,-0.55347,-0.59191,-0.64519,-0.67720,-0.67947,-0.70000,-0.64751,-0.59678,-0.53778,-0.55548,-0.54510,-0.52301,-0.46137,-0.39515,-0.34043,-0.28071,-0.19416,-0.13264,-0.19865,-0.24965,-0.33987,-0.34675,-0.43599,-0.40930,-0.48018,-0.50722,-0.54603,-0.61198,-0.66744,-0.67782,-0.72079,-0.73687,-0.77058,-0.78416,-0.75814,-0.74450,-0.69788,-0.66958,-0.61272,-0.60216,-0.56658,-0.49960,-0.45985,-0.35720,-0.29744,-0.14952,-0.02278,-0.01360,-0.15754,-0.10564,-0.02054,0.02008,0.00275,0.00096,0.04054,-0.00438,0.02991,-0.07797,-0.09566,-0.19266,-0.24440,-0.31598,-0.41533,-0.45844,-0.44721,-0.35976,-0.44765
0.75117,0.75631,0.68486,0.70806,0.77755,0.73943,0.66586,0.72666,0.75135,0.64927,0.65019,0.54357,0.49602,0.43780,0.37572,0.32517,0.22911,0.20958,0.15063,0.11636,0.10585,0.03105,0.05281,0.06577,-0.01284,-0.06085,-0.02653,-0.05065,-0.13702,-0.15286,-0.13599,-0.18674,-0.25728,-0.28328,-0.27210,-0.29688,-0.39549,-0.46416,-0.40780,-0.39657,-0.33625,-0.23358,-0.18832,-0.09696,-0.01575,0.05544,0.14914,0.20958,0.19763,0.27650,0.26759,0.33882,0.38390,0.46252,0.54839,0.50104,0.38435,0.30616,0.35967,0.32876,0.19498,0.18715,0.10101,0.00995,0.02327,-0.03702,-0.11889,-0.19023,-0.22905,-0.13589,-0.14991,-0.08337,-0.12039,-0.09245,-0.01796,0.01970,0.14352,0.27282,0.37276,0.53116,0.47739,0.44324,0.59242,0.60939,0.46615,0.50845,0.63326,0.62396,0.47460,0.33710,0.36084,0.20125,0.19841,0.35194,0.22792,0.20752,0.03363,-0.22643,-0.28325,-0.43995,-0.43024,-0.39527,-0.49767,-0.44247,-0.35773,-0.19784,-0.16391,-0.08612,-0.19947,-0.18903,-0.25941,-0.27028,-0.27894,-0.19770,-0.26699,-0.28553,-0.14584,-0.11691,-0.19356,-0.08849,0.05168,0.02207,0.04859,-0.01386,-0.00573,0.13561,0.17805,0.10053,0.17400,0.17475,0.19856,0.10380,0.12445,0.04516,0.05324,0.00851,-0.06606,-0.11011,-0.22447,-0.24963,-0.34357,-0.38804,-0.45489,-0.50535,-0.54948,-0.59092,-0.61283,-0.58135,-0.54810,-0.46454,-0.42264,-0.31691,-0.31283,-0.35183,-0.40987,-0.37084,-0.34930,-0.35402,-0.26627,-0.30393,-0.39212,-0.43058,-0.49211,-0.52752,-0.52933,-0.55464,-0.49440,-0.43610,-0.37162,-0.39146,-0.37774,-0.35557,-0.29029,-0.21932,-0.16102,-0.09637,-0.00933,0.05399,-0.00966,-0.06111,-0.15561,-0.16575,-0.25971,-0.23653,-0.31172,-0.34361,-0.38568,-0.45780,-0.51920,-0.52869,-0.58044,-0.59970,-0.64351,-0.66260,-0.62916,-0.61461,-0.55255,-0.51902,-0.45291,-0.43984,-0.40044,-0.32523,-0.28508,-0.17689,-0.12330,0.03139,0.16543,0.17547,0.03330,0.08776,0.17118,0.20819,0.18716,0.18059,0.21669,0.16863,0.19473,0.08735,0.06308,-0.03457,-0.09213,-0.16787,-0.27361,-0.32331,-0.32001,-0.23606,-0.33438
0.85509,0.85917,0.80177,0.81873,0.87244,0.84205,0.78065,0.82655,0.84274,0.75704,0.75276,0.66357,0.62591,0.57741,0.52313,0.47837,0.38650,0.37063,0.31501,0.28133,0.26734,0.19071,0.20941,0.22633,0.14885,0.09504,0.12962,0.11173,0.02140,-0.00102,0.02081,-0.02694,-0.10556,-0.13894,-0.12308,-0.15687,-0.25429,-0.33012,-0.26515,-0.24898,-0.18088,-0.07023,-0.02345,0.06849,0.15242,0.22157,0.31582,0.37090,0.35509,0.42808,0.41542,0.47800,0.51414,0.57970,0.65239,0.59594,0.48664,0.41592,0.45499,0.41118,0.29006,0.28249,0.18150,0.09698,0.12662,0.05858,-0.02840,-0.09324,-0.12599,-0.02298,-0.02664,0.05061,0.01156,0.04600,0.11849,0.16181,0.28594,0.42073,0.52020,0.66214,0.60129,0.57215,0.70725,0.71037,0.58048,0.62582,0.73212,0.71162,0.57627,0.43617,0.42752,0.23988,0.21237,0.31686,0.15296,0.11015,-0.02879,-0.28700,-0.31984,-0.47774,-0.45674,-0.37499,-0.46154,-0.41138,-0.34912,-0.18330,-0.11870,-0.00683,-0.10534,-0.07635,-0.14088,-0.14167,-0.14607,-0.05395,-0.12391,-0.15218,-0.00608,0.03518,-0.04575,0.05469,0.20602,0.18076,0.21562,0.15698,0.16784,0.30706,0.34681,0.27142,0.34107,0.33765,0.35500,0.25697,0.27176,0.18801,0.18329,0.13318,0.04478,-0.01042,-0.13405,-0.16908,-0.27619,-0.32154,-0.40409,-0.44699,-0.49910,-0.53461,-0.57342,-0.55381,-0.54095,-0.47554,-0.42534,-0.34581,-0.32831,-0.34304,-0.40413,-0.36324,-0.31921,-0.31322,-0.21230,-0.24262,-0.33270,-0.35570,-0.41946,-0.44779,-0.43486,-0.45534,-0.38013,-0.31600,-0.24199,-0.26251,-0.25524,-0.22503,-0.15107,-0.07934,-0.01872,0.03878,0.12820,0.18196,0.11457,0.06695,-0.02488,-0.02766,-0.12614,-0.09068,-0.17158,-0.20168,-0.24838,-0.32978,-0.40356,-0.42411,-0.48560,-0.51708,-0.56442,-0.60059,-0.56357,-0.54815,-0.46923,-0.41654,-0.34265,-0.33918,-0.30983,-0.23455,-0.21077,-0.10925,-0.07985,0.08123,0.23377,0.24995,0.11741,0.19252,0.28812,0.33757,0.32737,0.32842,0.36640,0.32495,0.35608,0.25257,0.23251,0.13493,0.07945,0.00234,-0.10711,-0.15891,-0.15225,-0.06441,-0.17030
0.90779,0.91135,0.86737,0.88364,0.92645,0.90382,0.85524,0.89379,0.90665,0.83763,0.83434,0.75861,0.72516,0.68064,0.63032,0.58798,0.50331,0.48670,0.43324,0.40116,0.38985,0.31710,0.33618,0.35131,0.27601,0.22514,0.25917,0.23966,0.15141,0.13064,0.15131,0.10208,0.02463,-0.00794,0.00699,-0.02824,-0.12923,-0.21109,-0.14107,-0.12590,-0.05647,0.05537,0.10283,0.19491,0.27624,0.34422,0.43252,0.48659,0.47412,0.54352,0.53318,0.59199,0.62556,0.68432,0.74795,0.69481,0.59611,0.53147,0.56467,0.51963,0.40828,0.40120,0.29860,0.21821,0.25200,0.18329,0.09653,0.03405,0.00242,0.10727,0.10508,0.18271,0.14385,0.17830,0.24977,0.29150,0.41086,0.53658,0.62719,0.75535,0.70312,0.67720,0.79610,0.79805,0.68433,0.72542,0.81702,0.79574,0.67738,0.54689,0.52787,0.33613,0.29637,0.36596,0.17987,0.11818,0.01079,-0.24551,-0.26490,-0.42284,-0.39502,-0.28321,-0.36425,-0.31278,-0.25992,-0.08963,-0.01009,0.11429,0.02037,0.05358,-0.01014,-0.01009,-0.01471,0.07807,0.00672,-0.02105,0.12634,0.16576,0.08469,0.18533,0.33236,0.30561,0.33658,0.27527,0.28196,0.41165,0.45449,0.38613,0.45499,0.45513,0.47449,0.38299,0.39800,0.31725,0.31259,0.26330,0.17425,0.11688,-0.00885,-0.04685,-0.15933,-0.20587,-0.29685,-0.33862,-0.39608,-0.43163,-0.47894,-0.46412,-0.46009,-0.40178,-0.34401,-0.27792,-0.25190,-0.25338,-0.31677,-0.27336,-0.21754,-0.20710,-0.09968,-0.12761,-0.22015,-0.23883,-0.30597,-0.33400,-0.31810,-0.33931,-0.25840,-0.19063,-0.11355,-0.13506,-0.12785,-0.09643,-0.02081,0.05214,0.11334,0.16936,0.25709,0.30750,0.24226,0.19743,0.10653,0.10467,0.00527,0.03997,-0.04178,-0.07305,-0.12091,-0.20583,-0.28387,-0.30581,-0.37283,-0.40824,-0.46098,-0.50284,-0.46172,-0.44528,-0.35621,-0.29804,-0.21947,-0.21679,-0.18770,-0.11039,-0.09105,0.00879,0.02802,0.18931,0.34503,0.36315,0.23798,0.31737,0.41188,0.46063,0.45141,0.45194,0.48702,0.44625,0.47329,0.37433,0.35232,0.25773,0.20103,0.12406,0.01366,-0.04005,-0.03781,0.04649,-0.06334
0.82688,0.83045,0.76791,0.78825,0.84770,0.81373,0.74788,0.80020,0.81922,0.72720,0.72591,0.62893,0.58738,0.53450,0.47650,0.42945,0.33502,0.31716,0.25955,0.22527,0.21275,0.13614,0.15652,0.17202,0.09319,0.04139,0.07668,0.05639,-0.03414,-0.05395,-0.03340,-0.08352,-0.16054,-0.19098,-0.17638,-0.20497,-0.30660,-0.38181,-0.31860,-0.30383,-0.23824,-0.12934,-0.08232,0.01022,0.09384,0.16460,0.25937,0.31740,0.30362,0.37956,0.36856,0.43524,0.47483,0.54586,0.62510,0.57145,0.45805,0.38393,0.42941,0.38946,0.26168,0.25477,0.15761,0.06948,0.09347,0.02764,-0.05803,-0.12611,-0.16206,-0.06147,-0.06928,0.00502,-0.03403,-0.00183,0.07277,0.11347,0.23828,0.37147,0.47227,0.62146,0.56311,0.53273,0.67315,0.68226,0.54819,0.59201,0.70627,0.68963,0.54886,0.40855,0.41141,0.22966,0.20929,0.33193,0.18032,0.14422,-0.00955,-0.27196,-0.31023,-0.46786,-0.45028,-0.38584,-0.48017,-0.42597,-0.35374,-0.18793,-0.13359,-0.03278,-0.13849,-0.11626,-0.18313,-0.18860,-0.19343,-0.10433,-0.17500,-0.19949,-0.05533,-0.01843,-0.09848,0.00468,0.15324,0.12517,0.15783,0.09823,0.10682,0.24546,0.28667,0.21196,0.28391,0.28290,0.30364,0.20701,0.22425,0.13991,0.14075,0.09225,0.00808,-0.04388,-0.16597,-0.19740,-0.30114,-0.34716,-0.42576,-0.47299,-0.52334,-0.56211,-0.59539,-0.57108,-0.54898,-0.47555,-0.42763,-0.33609,-0.32332,-0.34741,-0.40814,-0.36676,-0.33037,-0.32871,-0.23123,-0.26514,-0.35652,-0.38616,-0.45106,-0.48221,-0.47460,-0.49784,-0.42663,-0.36304,-0.29105,-0.31188,-0.30194,-0.27420,-0.20175,-0.12803,-0.06776,-0.00654,0.08292,0.14198,0.07674,0.02495,-0.06982,-0.07612,-0.17402,-0.14365,-0.22363,-0.25501,-0.30086,-0.38127,-0.45213,-0.46850,-0.52805,-0.55550,-0.60266,-0.63235,-0.59535,-0.57812,-0.50464,-0.45872,-0.38728,-0.38050,-0.34633,-0.26825,-0.23811,-0.13208,-0.09344,0.06640,0.21380,0.22850,0.09064,0.15957,0.25176,0.29682,0.28294,0.28098,0.31820,0.27379,0.30263,0.19564,0.17360,0.07545,0.01821,-0.05912,-0.16744,-0.21914,-0.21362,-0.12718,-0.23137
0.69684,0.70153,0.62578,0.65374,0.73047,0.69007,0.61313,0.68166,0.71155,0.60483,0.60990,0.49559,0.44206,0.37878,0.31338,0.25975,0.16295,0.14026,0.07960,0.04557,0.03845,-0.03348,-0.00938,0.00014,-0.07817,-0.12135,-0.08777,-0.11642,-0.19892,-0.21002,-0.19714,-0.24999,-0.31507,-0.33668,-0.33049,-0.35310,-0.45026,-0.50946,-0.46054,-0.45492,-0.40152,-0.30207,-0.25640,-0.16600,-0.08665,-0.01471,0.07584,0.13979,0.13197,0.21316,0.20795,0.28435,0.33478,0.42067,0.51299,0.47411,0.35595,0.27458,0.33686,0.31387,0.17449,0.16716,0.09070,-0.00359,-0.00084,-0.05566,-0.13405,-0.20937,-0.25197,-0.16453,-0.18542,-0.12623,-0.16240,-0.14006,-0.06371,-0.03079,0.09142,0.21260,0.30914,0.47378,0.42857,0.39228,0.54430,0.57285,0.42748,0.46406,0.59647,0.59872,0.44705,0.31558,0.35800,0.21617,0.22509,0.40013,0.29520,0.28582,0.09798,-0.16361,-0.23114,-0.39185,-0.38493,-0.37426,-0.48634,-0.42704,-0.32876,-0.17039,-0.15334,-0.09473,-0.21705,-0.21869,-0.29384,-0.31205,-0.32262,-0.24937,-0.31889,-0.33208,-0.19576,-0.17389,-0.24793,-0.13947,-0.00877,-0.04296,-0.02411,-0.09208,-0.08746,0.05078,0.09609,0.02220,0.09821,0.10573,0.13505,0.04562,0.06921,-0.00541,0.01105,-0.02914,-0.09426,-0.13086,-0.23978,-0.25893,-0.34615,-0.39115,-0.44934,-0.50608,-0.54676,-0.59345,-0.60660,-0.56821,-0.52145,-0.42768,-0.38957,-0.26952,-0.27212,-0.32316,-0.38066,-0.34242,-0.33194,-0.34197,-0.26039,-0.30265,-0.39116,-0.43985,-0.50156,-0.54128,-0.55226,-0.58188,-0.53038,-0.47380,-0.41425,-0.43329,-0.41487,-0.39752,-0.33683,-0.26683,-0.20939,-0.13849,-0.05488,0.01550,-0.04259,-0.09831,-0.19446,-0.21150,-0.30224,-0.28706,-0.36008,-0.39453,-0.43537,-0.50189,-0.55601,-0.55760,-0.60486,-0.61680,-0.65917,-0.66969,-0.63737,-0.62577,-0.57097,-0.54865,-0.48512,-0.46568,-0.42051,-0.34225,-0.29184,-0.17914,-0.11185,0.03856,0.16119,0.16772,0.02111,0.06251,0.13725,0.16508,0.13680,0.12384,0.15771,0.10596,0.12618,0.01755,-0.01107,-0.10809,-0.16748,-0.24294,-0.34630,-0.39637,-0.39511,-0.31501,-0.40880
0.72105,0.72611,0.66527,0.69679,0.76566,0.73505,0.67347,0.73943,0.77033,0.68297,0.69298,0.59112,0.53666,0.47365,0.41021,0.35567,0.26874,0.24165,0.18221,0.15045,0.15107,0.08829,0.11554,0.11818,0.04297,0.00964,0.04103,0.00356,-0.07066,-0.07347,-0.06769,-0.12551,-0.18159,-0.19689,-0.19847,-0.22476,-0.32378,-0.38400,-0.33384,-0.33517,-0.28653,-0.18859,-0.14141,-0.05012,0.02305,0.09487,0.17348,0.24017,0.24135,0.32052,0.32261,0.39923,0.45307,0.53762,0.62253,0.59885,0.49539,0.41889,0.48177,0.46739,0.33681,0.32915,0.26186,0.16977,0.16686,0.11647,0.04180,-0.03510,-0.07985,0.00398,-0.02266,0.02844,-0.00614,0.01023,0.08710,0.11358,0.22811,0.32810,0.40672,0.55927,0.53745,0.50118,0.63395,0.67247,0.54619,0.57113,0.69044,0.70331,0.57276,0.46342,0.51318,0.38763,0.39295,0.54132,0.42265,0.39639,0.24162,-0.02051,-0.08694,-0.25193,-0.24105,-0.20697,-0.32080,-0.25695,-0.15876,0.00525,0.02663,0.08251,-0.04336,-0.05188,-0.13189,-0.15611,-0.17207,-0.10615,-0.17873,-0.18552,-0.04769,-0.03686,-0.10859,0.00540,0.11834,0.07766,0.07978,-0.00211,-0.00580,0.12069,0.17495,0.11163,0.19006,0.20989,0.24790,0.17266,0.20079,0.13787,0.16407,0.12963,0.07396,0.04276,-0.06349,-0.08105,-0.16913,-0.21656,-0.27761,-0.33837,-0.38308,-0.43557,-0.45194,-0.41177,-0.36572,-0.27114,-0.22587,-0.11265,-0.10788,-0.15214,-0.21362,-0.17277,-0.15647,-0.16508,-0.08007,-0.12356,-0.21576,-0.26874,-0.33487,-0.37928,-0.39665,-0.43209,-0.38242,-0.32287,-0.26482,-0.28448,-0.26011,-0.24685,-0.18989,-0.12032,-0.06232,0.01306,0.09157,0.16406,0.11218,0.05917,-0.03696,-0.05942,-0.14823,-0.14353,-0.21517,-0.25457,-0.29546,-0.35967,-0.41110,-0.40579,-0.45526,-0.46526,-0.51484,-0.52406,-0.48753,-0.47945,-0.41690,-0.39900,-0.33007,-0.30274,-0.25137,-0.16973,-0.11417,0.00096,0.06889,0.21630,0.33187,0.33763,0.19624,0.22815,0.29118,0.30741,0.27153,0.25013,0.27762,0.22202,0.22999,0.12758,0.09040,-0.00263,-0.06627,-0.14228,-0.24653,-0.30106,-0.30946,-0.23728,-0.33408
0.61378,0.61929,0.55694,0.59456,0.66991,0.63944,0.57794,0.65315,0.69124,0.60357,0.62065,0.51368,0.45158,0.38259,0.31573,0.25789,0.17585,0.14425,0.08452,0.05479,0.06284,0.00899,0.03966,0.03484,-0.03687,-0.05848,-0.02974,-0.07596,-0.13969,-0.13212,-0.13513,-0.19601,-0.23811,-0.24326,-0.25368,-0.27655,-0.37001,-0.41997,-0.38092,-0.39201,-0.35480,-0.26715,-0.22176,-0.13426,-0.06906,0.00220,0.07070,0.14169,0.15123,0.23146,0.24071,0.32234,0.38445,0.47708,0.56671,0.56078,0.46225,0.38487,0.45931,0.46107,0.32850,0.32153,0.27508,0.18144,0.16067,0.12161,0.05581,-0.02549,-0.07541,-0.00510,-0.04325,-0.00775,-0.03894,-0.03251,0.04296,0.05866,0.16396,0.24364,0.31059,0.46531,0.46204,0.42373,0.55380,0.61031,0.48838,0.50247,0.62725,0.65733,0.53160,0.44052,0.51996,0.43091,0.45566,0.62721,0.54157,0.52736,0.36487,0.11129,0.03315,-0.13388,-0.12789,-0.12713,-0.25241,-0.18430,-0.07008,0.08575,0.08146,0.10416,-0.03147,-0.06042,-0.14547,-0.18094,-0.20410,-0.15412,-0.22509,-0.22029,-0.09301,-0.09895,-0.16320,-0.04703,0.04177,-0.00599,-0.01855,-0.10697,-0.11771,-0.00183,0.05954,0.00203,0.08200,0.11283,0.15993,0.09892,0.13328,0.08300,0.12453,0.09968,0.06362,0.04680,-0.04608,-0.05339,-0.12748,-0.17356,-0.21961,-0.28780,-0.32593,-0.38532,-0.38767,-0.33859,-0.27470,-0.16846,-0.12859,0.00054,-0.00299,-0.06333,-0.12245,-0.08389,-0.08410,-0.10055,-0.02825,-0.07735,-0.16656,-0.23341,-0.29760,-0.34886,-0.38178,-0.42430,-0.39060,-0.33622,-0.28927,-0.30807,-0.27564,-0.27181,-0.22565,-0.16058,-0.10561,-0.02402,0.04685,0.12656,0.08281,0.02930,-0.06606,-0.09691,-0.17741,-0.18954,-0.25284,-0.29561,-0.33099,-0.38376,-0.42107,-0.40215,-0.44251,-0.44016,-0.48771,-0.48161,-0.44701,-0.44306,-0.39351,-0.39672,-0.33394,-0.29417,-0.23229,-0.15158,-0.08092,0.03724,0.12436,0.25924,0.35037,0.35055,0.20901,0.21559,0.25937,0.25771,0.21011,0.17793,0.19896,0.13758,0.13368,0.03493,-0.01028,-0.09830,-0.16307,-0.23576,-0.33317,-0.38651,-0.40206,-0.33985,-0.42631
0.58187,0.58637,0.53556,0.57804,0.64875,0.62531,0.57574,0.65082,0.69124,0.61911,0.64206,0.54399,0.48018,0.41119,0.34574,0.28796,0.21596,0.18040,0.12243,0.09591,0.11220,0.06896,0.10196,0.09013,0.02339,0.01310,0.03968,-0.01321,-0.06813,-0.05172,-0.06120,-0.12536,-0.15671,-0.15345,-0.17107,-0.19071,-0.28651,-0.33362,-0.29836,-0.31704,-0.28767,-0.20618,-0.16166,-0.07697,-0.02066,0.04877,0.10433,0.17709,0.19585,0.27298,0.28967,0.37121,0.43578,0.52768,0.61210,0.62127,0.53728,0.46498,0.54148,0.55393,0.42971,0.42328,0.39105,0.30102,0.27114,0.23976,0.18064,0.09878,0.04649,0.10847,0.06398,0.08908,0.06104,0.06047,0.13399,0.14005,0.23443,0.29043,0.34018,0.48295,0.50238,0.46655,0.57817,0.64623,0.54268,0.54428,0.65788,0.70046,0.59438,0.52462,0.61701,0.55234,0.58014,0.73694,0.65446,0.63304,0.49440,0.24998,0.17500,0.00850,0.01252,0.01838,-0.11014,-0.03861,0.07929,0.23276,0.22373,0.23332,0.09472,0.05484,-0.03257,-0.07565,-0.10167,-0.06346,-0.13465,-0.12078,-0.00105,-0.02151,-0.07931,0.03890,0.10569,0.05230,0.02365,-0.07258,-0.09237,0.00560,0.07257,0.02894,0.10901,0.15145,0.20673,0.16281,0.20243,0.16323,0.21554,0.19795,0.17588,0.16737,0.08246,0.07982,0.01077,-0.03572,-0.07847,-0.15111,-0.18915,-0.25337,-0.25330,-0.20101,-0.13341,-0.02357,0.01892,0.14602,0.14372,0.08481,0.02583,0.06466,0.06264,0.04448,0.11348,0.06258,-0.02679,-0.09989,-0.16502,-0.22095,-0.26131,-0.30875,-0.28153,-0.22791,-0.18661,-0.20547,-0.16778,-0.17003,-0.13021,-0.06675,-0.01426,0.07143,0.13406,0.21590,0.18202,0.12903,0.03540,-0.00188,-0.07663,-0.10069,-0.15888,-0.20489,-0.23674,-0.28439,-0.31530,-0.28867,-0.32729,-0.31934,-0.36983,-0.35728,-0.32030,-0.31553,-0.26793,-0.28030,-0.21921,-0.17361,-0.10542,-0.02253,0.05478,0.17334,0.26545,0.39092,0.46633,0.46324,0.32859,0.32116,0.35038,0.33524,0.28001,0.23951,0.25308,0.18901,0.17242,0.07924,0.02785,-0.05289,-0.11970,-0.18930,-0.28201,-0.33558,-0.35986,-0.31166,-0.39422
0.38723,0.39336,0.32739,0.37450,0.46147,0.43012,0.36740,0.45630,0.50556,0.41812,0.44517,0.33185,0.26030,0.18476,0.11559,0.05460,-0.01756,-0.05481,-0.11242,-0.13758,-0.11853,-0.15584,-0.12193,-0.13756,-0.19949,-0.20198,-0.17867,-0.23425,-0.27847,-0.25559,-0.27078,-0.33219,-0.35039,-0.33930,-0.36303,-0.37403,-0.45874,-0.48492,-0.46720,-0.49198,-0.47678,-0.41133,-0.37200,-0.29591,-0.24700,-0.18121,-0.13135,-0.05861,-0.03669,0.04147,0.06163,0.14780,0.21897,0.31987,0.41437,0.43483,0.34803,0.27177,0.36102,0.38895,0.25889,0.25228,0.24299,0.15215,0.10215,0.08418,0.03686,-0.04609,-0.10137,-0.05765,-0.11156,-0.10232,-0.12508,-0.13442,-0.06441,-0.06637,0.02003,0.06397,0.10959,0.26165,0.28835,0.24886,0.36981,0.45162,0.33832,0.33462,0.46346,0.52096,0.40444,0.34333,0.46992,0.44878,0.50725,0.71737,0.69627,0.71064,0.53582,0.31068,0.21017,0.05487,0.04018,-0.01677,-0.15280,-0.08199,0.05481,0.18708,0.13635,0.10017,-0.04545,-0.10563,-0.19419,-0.24554,-0.27515,-0.25552,-0.31972,-0.29414,-0.19239,-0.22718,-0.27444,-0.15988,-0.11392,-0.16776,-0.20508,-0.29986,-0.32044,-0.22752,-0.16331,-0.20582,-0.12736,-0.08207,-0.02403,-0.06020,-0.01690,-0.04638,0.01752,0.00840,0.00643,0.01386,-0.05106,-0.04039,-0.08570,-0.12723,-0.14368,-0.22038,-0.24372,-0.30983,-0.28721,-0.22348,-0.13375,-0.00942,0.01673,0.16675,0.14618,0.05987,0.01048,0.04292,0.01089,-0.01948,0.02561,-0.03058,-0.10910,-0.19630,-0.25202,-0.31191,-0.36786,-0.41667,-0.41263,-0.37184,-0.34764,-0.36335,-0.32091,-0.33327,-0.30782,-0.25215,-0.20847,-0.12198,-0.06841,0.01792,-0.00674,-0.05924,-0.14654,-0.19086,-0.25299,-0.28929,-0.33565,-0.38012,-0.40266,-0.43234,-0.44285,-0.40440,-0.42598,-0.40263,-0.44172,-0.40886,-0.38165,-0.38080,-0.36011,-0.39650,-0.35029,-0.29699,-0.22317,-0.14746,-0.05543,0.06064,0.17775,0.28358,0.32791,0.31724,0.18178,0.14725,0.15754,0.12807,0.06349,0.01590,0.02614,-0.04057,-0.06238,-0.15141,-0.20395,-0.27881,-0.34233,-0.40448,-0.48471,-0.53106,-0.55702,-0.51790,-0.58358
0.33182,0.33875,0.26887,0.31598,0.40634,0.37328,0.30720,0.39824,0.44922,0.35761,0.38522,0.26846,0.19546,0.11909,0.04966,-0.01143,-0.08322,-0.12011,-0.17689,-0.20153,-0.18256,-0.21839,-0.18490,-0.20083,-0.26093,-0.26173,-0.23964,-0.29505,-0.33589,-0.31200,-0.32852,-0.38810,-0.40301,-0.39030,-0.41449,-0.42153,-0.50316,-0.52425,-0.51085,-0.53703,-0.52511,-0.46503,-0.42769,-0.35465,-0.30808,-0.24396,-0.19563,-0.12374,-0.10189,-0.02435,-0.00410,0.08228,0.15428,0.25695,0.35339,0.37611,0.28865,0.21209,0.30362,0.33512,0.20450,0.19789,0.19414,0.10425,0.04996,0.03534,-0.00871,-0.09112,-0.14643,-0.10770,-0.16321,-0.15830,-0.17949,-0.19090,-0.12266,-0.12599,-0.04218,-0.00064,0.04407,0.19790,0.22504,0.18428,0.30754,0.39140,0.27556,0.27157,0.40372,0.46341,0.34435,0.28580,0.42082,0.41064,0.47797,0.70086,0.69618,0.72016,0.53696,0.31828,0.21248,0.06124,0.04398,-0.03105,-0.16885,-0.09954,0.04061,0.16555,0.10432,0.05648,-0.08888,-0.15350,-0.24137,-0.29432,-0.32457,-0.30962,-0.37078,-0.34368,-0.24761,-0.28408,-0.32823,-0.21609,-0.17508,-0.22857,-0.26715,-0.36005,-0.37991,-0.28827,-0.22594,-0.26841,-0.19165,-0.14711,-0.08887,-0.12369,-0.08047,-0.10706,-0.04180,-0.04826,-0.04549,-0.03407,-0.09333,-0.07929,-0.11770,-0.15692,-0.16653,-0.24299,-0.26211,-0.32767,-0.29895,-0.23313,-0.13880,-0.01266,0.00872,0.16377,0.13826,0.04552,-0.00135,0.02852,-0.01107,-0.04398,-0.00563,-0.06229,-0.13674,-0.22656,-0.27903,-0.33889,-0.39834,-0.44674,-0.44875,-0.41187,-0.39213,-0.40676,-0.36366,-0.37851,-0.35758,-0.30486,-0.26336,-0.17742,-0.12663,-0.03939,-0.06236,-0.11432,-0.19910,-0.24462,-0.30268,-0.34139,-0.38427,-0.42761,-0.44799,-0.47237,-0.47752,-0.43632,-0.45311,-0.42636,-0.46256,-0.42474,-0.40049,-0.40134,-0.38789,-0.42965,-0.38774,-0.33267,-0.25851,-0.18577,-0.09100,0.02270,0.14470,0.24435,0.28087,0.26818,0.13387,0.09292,0.09866,0.06607,-0.00017,-0.04866,-0.03882,-0.10525,-0.12746,-0.21460,-0.26676,-0.33917,-0.40078,-0.46027,-0.53649,-0.58078,-0.60675,-0.56938,-0.63061
0.38724,0.39442,0.35193,0.39966,0.47084,0.45537,0.41622,0.49524,0.54338,0.48725,0.51898,0.42804,0.35911,0.28938,0.22718,0.17016,0.11580,0.07549,0.02362,0.00334,0.03130,0.00844,0.04380,0.02095,-0.03239,-0.02171,-0.00224,-0.06501,-0.09603,-0.06354,-0.08642,-0.14977,-0.15531,-0.13580,-0.16641,-0.17478,-0.25902,-0.28373,-0.26814,-0.30154,-0.29420,-0.23705,-0.19970,-0.12835,-0.09157,-0.03064,0.00008,0.07152,0.10367,0.17326,0.20126,0.28166,0.35140,0.44434,0.52312,0.56177,0.49980,0.43544,0.51936,0.55690,0.44689,0.44065,0.44466,0.36382,0.30955,0.29872,0.25899,0.17970,0.12533,0.16106,0.10362,0.10173,0.08318,0.06666,0.13197,0.12135,0.19148,0.20465,0.22395,0.34980,0.40500,0.36857,0.45638,0.54555,0.46497,0.44675,0.54966,0.61642,0.53579,0.50721,0.63661,0.63866,0.69202,0.85347,0.81743,0.80987,0.69090,0.48122,0.39794,0.24374,0.23714,0.20866,0.07461,0.14548,0.27437,0.40448,0.36125,0.32279,0.18299,0.11650,0.02823,-0.02885,-0.06195,-0.05365,-0.11568,-0.08332,0.00960,-0.03724,-0.07617,0.03696,0.05625,-0.00186,-0.05902,-0.16428,-0.19428,-0.12548,-0.05477,-0.07916,-0.00389,0.05431,0.12013,0.10552,0.15161,0.13795,0.20959,0.20943,0.22063,0.23456,0.17786,0.19010,0.14713,0.10634,0.08744,0.01073,-0.01580,-0.08460,-0.06636,-0.00473,0.07849,0.19496,0.22828,0.36071,0.34882,0.27695,0.22555,0.25822,0.23538,0.20920,0.25535,0.20157,0.12426,0.03721,-0.02007,-0.08236,-0.14236,-0.19578,-0.19414,-0.15281,-0.13206,-0.14796,-0.10128,-0.11875,-0.09995,-0.04853,-0.00679,0.08169,0.12477,0.20947,0.19468,0.14673,0.06430,0.01534,-0.03937,-0.08674,-0.12780,-0.17510,-0.19570,-0.22116,-0.22818,-0.18360,-0.20705,-0.18168,-0.22737,-0.19328,-0.16131,-0.16225,-0.13549,-0.17539,-0.12738,-0.06839,0.00893,0.08499,0.17777,0.28871,0.39875,0.49265,0.52376,0.51094,0.39215,0.34734,0.34192,0.29930,0.22911,0.17419,0.17542,0.10891,0.07260,-0.00321,-0.06279,-0.12630,-0.19063,-0.24777,-0.32199,-0.37026,-0.40767,-0.38300,-0.44785
0.19773,0.20517,0.16562,0.21655,0.28905,0.27591,0.24150,0.32362,0.37650,0.32771,0.36508,0.27840,0.20761,0.13796,0.07903,0.02386,-0.01751,-0.05983,-0.10600,-0.12099,-0.08592,-0.09342,-0.05779,-0.08789,-0.12974,-0.10430,-0.09075,-0.15740,-0.17023,-0.12758,-0.15913,-0.21885,-0.20483,-0.17388,-0.21308,-0.21403,-0.28360,-0.28856,-0.29104,-0.33480,-0.34421,-0.30724,-0.27680,-0.21896,-0.19779,-0.14552,-0.13262,-0.06463,-0.02433,0.03792,0.07320,0.15131,0.22293,0.31512,0.39055,0.44867,0.40229,0.34457,0.43385,0.48913,0.39019,0.38501,0.41760,0.34481,0.27228,0.27839,0.25567,0.18022,0.12549,0.13844,0.07253,0.04978,0.03883,0.01049,0.06695,0.04308,0.09289,0.07587,0.07533,0.18824,0.26468,0.22990,0.30206,0.40462,0.33932,0.30785,0.40428,0.48811,0.42422,0.42387,0.57901,0.63349,0.70688,0.88032,0.89237,0.90260,0.78830,0.61443,0.52332,0.38683,0.37018,0.30273,0.16877,0.23720,0.37346,0.47777,0.40433,0.32521,0.18748,0.10153,0.01616,-0.04963,-0.08609,-0.10182,-0.15446,-0.10923,-0.04160,-0.10697,-0.13047,-0.02641,-0.04303,-0.10233,-0.17542,-0.27989,-0.31617,-0.27016,-0.20030,-0.21123,-0.14269,-0.07647,-0.00613,0.00092,0.05061,0.05569,0.13977,0.15261,0.18982,0.22158,0.19006,0.21485,0.19614,0.16152,0.16520,0.08718,0.07268,0.00290,0.03732,0.10507,0.20162,0.32187,0.34434,0.48138,0.45972,0.37513,0.33383,0.36016,0.31683,0.28245,0.30580,0.25062,0.18611,0.09000,0.04200,-0.02250,-0.09606,-0.15151,-0.17212,-0.14320,-0.14087,-0.15324,-0.10146,-0.13012,-0.12863,-0.08821,-0.05722,0.02904,0.05560,0.13953,0.14063,0.09696,0.02641,-0.02972,-0.06683,-0.13052,-0.15548,-0.20125,-0.21134,-0.21775,-0.20405,-0.14696,-0.15521,-0.11583,-0.15334,-0.10207,-0.07693,-0.08221,-0.07658,-0.13894,-0.10568,-0.03948,0.04190,0.10946,0.21212,0.31427,0.43769,0.50296,0.49660,0.47691,0.37212,0.29881,0.26702,0.20522,0.12665,0.06255,0.05457,-0.01149,-0.06019,-0.12195,-0.18431,-0.23300,-0.29202,-0.33725,-0.39322,-0.43355,-0.47702,-0.47116,-0.51602
-0.00713,0.00039,-0.05534,-0.00373,0.08173,0.05819,0.00963,0.10049,0.15740,0.09063,0.12864,0.02952,-0.04419,-0.11645,-0.17622,-0.23136,-0.27318,-0.31330,-0.35666,-0.37016,-0.33684,-0.34080,-0.30715,-0.33753,-0.37327,-0.34443,-0.33469,-0.39797,-0.40154,-0.35763,-0.39141,-0.44363,-0.41996,-0.38523,-0.42597,-0.41879,-0.47243,-0.45946,-0.47690,-0.52129,-0.54186,-0.52199,-0.49837,-0.45211,-0.43758,-0.39170,-0.38154,-0.31803,-0.27982,-0.21937,-0.18506,-0.10690,-0.03362,0.06282,0.14579,0.20749,0.15677,0.09684,0.19343,0.25823,0.15670,0.15177,0.20178,0.13147,0.04564,0.06290,0.05206,-0.02008,-0.07406,-0.07844,-0.14845,-0.18364,-0.18987,-0.22372,-0.17373,-0.20150,-0.16024,-0.18170,-0.18090,-0.06130,0.01115,-0.02578,0.05683,0.16383,0.08743,0.05631,0.16581,0.25574,0.17940,0.18216,0.35980,0.44833,0.54783,0.77121,0.84545,0.89349,0.74080,0.59492,0.47941,0.36379,0.33239,0.20086,0.06808,0.13116,0.27834,0.35402,0.24416,0.12548,-0.01039,-0.10921,-0.18943,-0.25803,-0.29475,-0.32505,-0.36758,-0.31733,-0.26941,-0.33971,-0.35342,-0.26063,-0.29114,-0.34708,-0.41873,-0.51166,-0.54363,-0.50121,-0.44019,-0.45310,-0.39025,-0.32928,-0.26226,-0.25268,-0.20398,-0.19198,-0.10451,-0.08548,-0.03380,0.01018,-0.00117,0.03483,0.04009,0.01285,0.04233,-0.03383,-0.03243,-0.09879,-0.04379,0.03046,0.14279,0.26960,0.27393,0.42784,0.38839,0.28041,0.25127,0.26891,0.19732,0.15278,0.15112,0.09446,0.04475,-0.05856,-0.09362,-0.15640,-0.23961,-0.29183,-0.33352,-0.31894,-0.33245,-0.34042,-0.28813,-0.32376,-0.33603,-0.30598,-0.28412,-0.20256,-0.18512,-0.10139,-0.09408,-0.13563,-0.19636,-0.25461,-0.27767,-0.34711,-0.35981,-0.40037,-0.40205,-0.39055,-0.35864,-0.29450,-0.28485,-0.23394,-0.25688,-0.19040,-0.17753,-0.18778,-0.20878,-0.28944,-0.27305,-0.20384,-0.12378,-0.06842,0.04126,0.13486,0.27465,0.31844,0.28573,0.26059,0.15895,0.06606,0.02116,-0.04810,-0.12936,-0.19440,-0.20297,-0.26695,-0.31429,-0.37004,-0.42785,-0.46933,-0.52038,-0.55643,-0.59737,-0.62767,-0.66661,-0.66578,-0.69004
-0.07258,-0.06426,-0.10390,-0.05276,0.02142,0.00840,-0.02353,0.05981,0.11555,0.07128,0.11230,0.03134,-0.03864,-0.10453,-0.15684,-0.20710,-0.23274,-0.27354,-0.30983,-0.31842,-0.27916,-0.26957,-0.23617,-0.27203,-0.29762,-0.25762,-0.25272,-0.31907,-0.30826,-0.25718,-0.29721,-0.34721,-0.31035,-0.26842,-0.31479,-0.30348,-0.35022,-0.33005,-0.35343,-0.40300,-0.43398,-0.42691,-0.40761,-0.37056,-0.36861,-0.33019,-0.33746,-0.27854,-0.23344,-0.18213,-0.14265,-0.07188,-0.00123,0.08669,0.15604,0.23215,0.20290,0.15381,0.24495,0.31888,0.23672,0.23204,0.29721,0.23813,0.14680,0.17318,0.17322,0.10773,0.05659,0.04002,-0.03215,-0.07911,-0.08002,-0.12036,-0.07810,-0.11348,-0.08973,-0.13793,-0.15923,-0.06400,0.02900,-0.00497,0.05037,0.16254,0.11194,0.06947,0.15807,0.25511,0.20648,0.23763,0.41837,0.53522,0.63519,0.82637,0.90581,0.94717,0.83468,0.71563,0.60691,0.50459,0.47427,0.35157,0.22684,0.28633,0.42513,0.48778,0.37594,0.24629,0.12035,0.01552,-0.06068,-0.13224,-0.17152,-0.21518,-0.25166,-0.19467,-0.16161,-0.24224,-0.24560,-0.16037,-0.21637,-0.27299,-0.35867,-0.45384,-0.49297,-0.47283,-0.41023,-0.40815,-0.35208,-0.28317,-0.21335,-0.18521,-0.13563,-0.10809,-0.01530,0.01207,0.07775,0.12965,0.13219,0.17181,0.18665,0.16299,0.19798,0.12481,0.12875,0.06316,0.11919,0.19149,0.29928,0.41860,0.42236,0.56136,0.52534,0.42527,0.39940,0.41398,0.34332,0.30062,0.29193,0.23873,0.19639,0.09431,0.06321,0.00075,-0.08691,-0.14022,-0.18919,-0.17910,-0.20071,-0.20731,-0.15306,-0.19408,-0.21595,-0.19387,-0.17723,-0.09916,-0.09461,-0.01658,0.00108,-0.03255,-0.08333,-0.14375,-0.15549,-0.23338,-0.23762,-0.27786,-0.27477,-0.25414,-0.21421,-0.14479,-0.13160,-0.07671,-0.09961,-0.02972,-0.01735,-0.03043,-0.05386,-0.14098,-0.12858,-0.05560,0.02484,0.07416,0.18343,0.26668,0.40186,0.42753,0.37550,0.34831,0.26481,0.15980,0.09879,0.01822,-0.06625,-0.13557,-0.15157,-0.21324,-0.27081,-0.31176,-0.37225,-0.40038,-0.44849,-0.47649,-0.50669,-0.53455,-0.58108,-0.59423,-0.61091
-0.11520,-0.10682,-0.11386,-0.06589,-0.01753,-0.01032,-0.00989,0.05465,0.10458,0.10411,0.14799,0.10335,0.04371,-0.00856,-0.04631,-0.08618,-0.08489,-0.12592,-0.15053,-0.15094,-0.10303,-0.07314,-0.04129,-0.08420,-0.09417,-0.03892,-0.04039,-0.10899,-0.07939,-0.01973,-0.06680,-0.11311,-0.06004,-0.00963,-0.06216,-0.04906,-0.08584,-0.05952,-0.08852,-0.14630,-0.18771,-0.19515,-0.18152,-0.15782,-0.17446,-0.14806,-0.18184,-0.13147,-0.07639,-0.04221,0.00476,0.06088,0.12284,0.19162,0.23426,0.32884,0.33656,0.30842,0.38507,0.46713,0.42038,0.41718,0.49896,0.45950,0.36782,0.40470,0.41841,0.36489,0.31965,0.28953,0.21840,0.15796,0.16405,0.11635,0.14600,0.10013,0.09673,0.00872,-0.04658,0.00358,0.12618,0.10091,0.10726,0.22005,0.21725,0.15818,0.20528,0.30837,0.31169,0.38467,0.55564,0.70197,0.78904,0.90523,0.97247,0.98789,0.95421,0.87650,0.79635,0.71151,0.68971,0.60445,0.49642,0.55005,0.66676,0.71391,0.61459,0.48530,0.37948,0.27343,0.20601,0.13307,0.09353,0.03438,0.00615,0.06963,0.08165,-0.01109,-0.00030,0.07219,-0.01929,-0.07538,-0.17953,-0.27677,-0.32497,-0.34176,-0.27811,-0.25103,-0.20587,-0.12639,-0.05376,0.00305,0.05204,0.10022,0.19643,0.23463,0.31594,0.37472,0.39338,0.43417,0.45678,0.43753,0.47211,0.40561,0.40849,0.34590,0.39468,0.45873,0.55154,0.65116,0.65997,0.76439,0.74067,0.66476,0.64245,0.65452,0.59661,0.56068,0.54778,0.50230,0.46869,0.37487,0.34742,0.28793,0.20151,0.14794,0.09529,0.10186,0.07311,0.06779,0.12297,0.07732,0.04607,0.05873,0.06748,0.13799,0.12472,0.19155,0.22516,0.20175,0.16573,0.10397,0.10623,0.01906,0.02587,-0.01314,-0.00478,0.02334,0.06901,0.14151,0.15507,0.21045,0.18465,0.25302,0.26779,0.25376,0.23448,0.14624,0.15523,0.22823,0.30537,0.34810,0.44940,0.51592,0.63271,0.63363,0.56121,0.53293,0.48171,0.36818,0.28776,0.19506,0.11080,0.03736,0.00945,-0.04545,-0.11763,-0.13558,-0.19882,-0.20664,-0.24940,-0.26564,-0.28081,-0.30537,-0.36188,-0.39735,-0.40541
-0.29434,-0.28683,-0.30970,-0.26132,-0.20093,-0.20440,-0.21833,-0.14559,-0.09224,-0.11146,-0.06749,-0.12504,-0.18684,-0.24178,-0.28075,-0.32044,-0.32113,-0.36010,-0.38276,-0.38226,-0.33663,-0.30493,-0.27507,-0.31746,-0.32279,-0.26584,-0.27017,-0.33471,-0.29876,-0.23909,-0.28700,-0.32638,-0.26639,-0.21361,-0.26649,-0.24635,-0.26891,-0.22627,-0.26926,-0.32751,-0.37748,-0.39899,-0.39132,-0.37753,-0.39887,-0.37767,-0.41167,-0.36526,-0.31316,-0.28040,-0.23503,-0.17852,-0.11559,-0.04278,0.00815,0.10352,0.10535,0.07469,0.15795,0.24677,0.19600,0.19333,0.28878,0.25084,0.14827,0.19408,0.21747,0.16660,0.12216,0.07750,0.00362,-0.06632,-0.05666,-0.10847,-0.08420,-0.13316,-0.14269,-0.23143,-0.28237,-0.22416,-0.10891,-0.13525,-0.11694,-0.00195,-0.01653,-0.07398,-0.01339,0.09332,0.08373,0.15612,0.34523,0.51791,0.62729,0.79128,0.91388,0.96377,0.89005,0.83686,0.73689,0.67061,0.63581,0.49139,0.38427,0.43300,0.55942,0.58143,0.45008,0.28783,0.18343,0.06674,0.00423,-0.07040,-0.10941,-0.18021,-0.19943,-0.13263,-0.13772,-0.23341,-0.21461,-0.15217,-0.25326,-0.30568,-0.40638,-0.49177,-0.53552,-0.55356,-0.49861,-0.47443,-0.43447,-0.36113,-0.29234,-0.23504,-0.18713,-0.13498,-0.03671,0.00583,0.09834,0.16713,0.20276,0.25297,0.29638,0.28346,0.34061,0.27569,0.29262,0.23346,0.30044,0.36979,0.47739,0.58298,0.57543,0.69566,0.65563,0.55841,0.54709,0.55155,0.46851,0.42326,0.38815,0.34124,0.32061,0.22105,0.20482,0.14739,0.05372,0.00354,-0.06689,-0.07303,-0.11502,-0.11658,-0.06182,-0.11259,-0.15489,-0.15064,-0.14999,-0.08416,-0.10406,-0.03785,0.00056,-0.02191,-0.04984,-0.11294,-0.09928,-0.19025,-0.17283,-0.20662,-0.19092,-0.14814,-0.08716,-0.00963,0.01966,0.08494,0.07286,0.15464,0.15826,0.14084,0.09694,-0.00659,-0.01313,0.06114,0.13652,0.16888,0.27583,0.33534,0.46616,0.44909,0.35473,0.32216,0.27236,0.14336,0.05334,-0.04431,-0.12964,-0.20302,-0.23091,-0.28342,-0.35293,-0.36713,-0.42524,-0.42779,-0.46313,-0.47146,-0.47328,-0.48826,-0.53891,-0.57767,-0.56683
-0.44794,-0.44142,-0.46392,-0.41844,-0.36056,-0.36522,-0.37777,-0.30876,-0.25745,-0.27467,-0.23178,-0.28291,-0.33988,-0.38870,-0.42101,-0.45479,-0.44648,-0.48143,-0.49637,-0.49211,-0.44755,-0.40805,-0.38171,-0.42443,-0.41946,-0.35794,-0.36733,-0.42670,-0.37908,-0.31901,-0.36857,-0.39877,-0.32918,-0.27372,-0.32753,-0.30272,-0.30734,-0.25115,-0.30489,-0.36202,-0.42184,-0.46036,-0.46008,-0.46042,-0.49158,-0.48046,-0.52385,-0.48634,-0.43555,-0.41193,-0.36757,-0.31968,-0.26176,-0.19640,-0.15202,-0.05280,-0.04177,-0.06531,0.01361,0.10730,0.06955,0.06760,0.17597,0.14866,0.04200,0.09708,0.13333,0.09254,0.05352,-0.00662,-0.07911,-0.15909,-0.14428,-0.19974,-0.18623,-0.23886,-0.26362,-0.36399,-0.42249,-0.37828,-0.26291,-0.28682,-0.27854,-0.16585,-0.17150,-0.23115,-0.17849,-0.07136,-0.07205,0.01311,0.20443,0.40249,0.52071,0.68708,0.84524,0.91268,0.84153,0.82759,0.72039,0.68277,0.64221,0.46982,0.37726,0.41704,0.53620,0.52959,0.38293,0.20021,0.11076,-0.00953,-0.06133,-0.13384,-0.17205,-0.25520,-0.26298,-0.19450,-0.22059,-0.31794,-0.28850,-0.24294,-0.36014,-0.40687,-0.50647,-0.57799,-0.62049,-0.65288,-0.60669,-0.57708,-0.54826,-0.47883,-0.41581,-0.35021,-0.30622,-0.24405,-0.14785,-0.09944,0.00374,0.08022,0.13504,0.19102,0.25290,0.24791,0.32121,0.26407,0.29169,0.23946,0.31563,0.38312,0.49080,0.58837,0.56911,0.68291,0.63602,0.53502,0.53473,0.53164,0.43670,0.38872,0.33525,0.29282,0.28794,0.19181,0.18767,0.13572,0.03983,-0.00516,-0.08865,-0.10646,-0.16031,-0.15797,-0.10569,-0.16037,-0.21427,-0.22173,-0.23004,-0.17422,-0.20614,-0.14800,-0.10257,-0.11774,-0.13150,-0.19241,-0.16376,-0.25711,-0.22781,-0.25558,-0.23290,-0.17613,-0.10292,-0.02315,0.01812,0.08854,0.08718,0.17529,0.16992,0.14831,0.08849,-0.02348,-0.04292,0.03072,0.09993,0.11768,0.22092,0.26443,0.39370,0.35320,0.23651,0.20181,0.16821,0.02877,-0.07227,-0.17441,-0.25700,-0.32765,-0.35828,-0.40408,-0.47337,-0.47390,-0.52641,-0.51648,-0.54190,-0.53863,-0.52374,-0.52957,-0.57745,-0.62470,-0.59557
-0.46137,-0.45439,-0.44503,-0.40505,-0.37476,-0.35970,-0.34081,-0.29348,-0.25059,-0.22499,-0.18173,-0.19537,-0.24003,-0.27308,-0.29021,-0.31225,-0.27832,-0.31128,-0.31403,-0.30231,-0.25209,-0.19552,-0.17193,-0.21904,-0.19976,-0.12703,-0.14193,-0.20089,-0.13787,-0.07255,-0.12633,-0.15173,-0.07045,-0.00948,-0.06608,-0.04019,-0.03477,0.02199,-0.03353,-0.09502,-0.16090,-0.21127,-0.21647,-0.22941,-0.27673,-0.27738,-0.34377,-0.31603,-0.25886,-0.25271,-0.20384,-0.17270,-0.12579,-0.08168,-0.06543,0.04609,0.09171,0.08906,0.14977,0.24643,0.24408,0.24337,0.36129,0.35426,0.25299,0.31489,0.36218,0.33507,0.30398,0.23428,0.16659,0.07817,0.09882,0.03952,0.04040,-0.01898,-0.06787,-0.20036,-0.28848,-0.28965,-0.15181,-0.16690,-0.20565,-0.09771,-0.05813,-0.13025,-0.11963,-0.01244,0.03494,0.15522,0.32703,0.54230,0.64235,0.72779,0.86433,0.90367,0.91347,0.93951,0.86350,0.84812,0.81665,0.68880,0.61626,0.64800,0.74026,0.71909,0.59283,0.42001,0.35464,0.23955,0.19908,0.12888,0.09165,-0.00114,-0.00042,0.07075,0.02593,-0.07674,-0.03538,-0.00478,-0.14848,-0.19263,-0.30461,-0.37449,-0.42416,-0.48889,-0.44374,-0.39218,-0.37583,-0.29960,-0.23725,-0.14823,-0.10740,-0.02899,0.06513,0.12110,0.23371,0.31244,0.37934,0.43307,0.49849,0.49802,0.56676,0.51904,0.54424,0.49745,0.56273,0.61829,0.70453,0.77948,0.76625,0.84139,0.80832,0.73571,0.73866,0.73334,0.65573,0.61708,0.56299,0.53054,0.53430,0.45125,0.45051,0.40419,0.31397,0.27044,0.18850,0.16868,0.11133,0.11470,0.16514,0.10878,0.04873,0.03182,0.01807,0.06491,0.01747,0.06226,0.11896,0.11473,0.11536,0.05688,0.09758,0.00031,0.03806,0.01258,0.03855,0.09904,0.17340,0.25208,0.29113,0.35802,0.35373,0.43517,0.43306,0.41192,0.35952,0.25214,0.23105,0.30189,0.36500,0.37515,0.46526,0.49034,0.59524,0.53389,0.40440,0.37032,0.36910,0.22881,0.11512,0.00699,-0.07101,-0.14150,-0.18151,-0.21872,-0.29819,-0.27708,-0.32930,-0.30033,-0.31920,-0.30521,-0.27744,-0.28055,-0.33580,-0.40163,-0.36749
-0.48503,-0.47798,-0.46438,-0.42570,-0.39928,-0.38143,-0.35838,-0.31442,-0.27282,-0.24113,-0.19820,-0.20633,-0.24846,-0.27857,-0.29270,-0.31259,-0.27430,-0.30676,-0.30711,-0.29385,-0.24281,-0.18283,-0.16031,-0.20777,-0.18507,-0.11032,-0.12614,-0.18361,-0.11761,-0.05154,-0.10521,-0.12864,-0.04488,0.01729,-0.03915,-0.01159,-0.00373,0.05642,-0.00185,-0.06506,-0.13304,-0.18711,-0.19424,-0.21070,-0.26208,-0.26590,-0.33642,-0.31154,-0.25329,-0.25087,-0.20116,-0.17308,-0.12879,-0.08909,-0.07753,0.03568,0.08743,0.08877,0.14650,0.24411,0.24844,0.24813,0.36974,0.36703,0.26570,0.32997,0.38003,0.35583,0.32627,0.25319,0.18687,0.09633,0.11892,0.05892,0.05670,-0.00473,-0.05915,-0.19762,-0.29071,-0.29947,-0.15891,-0.17181,-0.21821,-0.11259,-0.06514,-0.13939,-0.13566,-0.02860,0.02701,0.15362,0.32297,0.54375,0.64196,0.71720,0.85594,0.89341,0.91303,0.95062,0.88381,0.87274,0.83926,0.71538,0.64660,0.67580,0.76321,0.73673,0.61020,0.43650,0.37642,0.26156,0.22428,0.15495,0.11911,0.02329,0.02693,0.09984,0.04860,-0.05707,-0.01227,0.01437,-0.13612,-0.17853,-0.29234,-0.36071,-0.40998,-0.48111,-0.43817,-0.38266,-0.36896,-0.29323,-0.23152,-0.13768,-0.09713,-0.01639,0.07753,0.13489,0.25038,0.32996,0.40114,0.45548,0.52385,0.52519,0.59557,0.55001,0.57657,0.53199,0.59719,0.65094,0.73510,0.80547,0.79082,0.86007,0.82774,0.75830,0.76342,0.75666,0.67952,0.64177,0.58473,0.55393,0.56114,0.48031,0.48191,0.43709,0.34851,0.30624,0.22252,0.20031,0.14047,0.14437,0.19362,0.13674,0.07460,0.05555,0.03865,0.08217,0.03156,0.07249,0.13288,0.13088,0.13561,0.07751,0.12163,0.02369,0.06470,0.04098,0.06955,0.13174,0.20805,0.28598,0.32648,0.39392,0.39117,0.47333,0.47074,0.45163,0.39611,0.28830,0.26377,0.33191,0.39304,0.40119,0.48890,0.50963,0.61130,0.54336,0.40890,0.37450,0.37999,0.23878,0.12157,0.01220,-0.06413,-0.13469,-0.17690,-0.21185,-0.29259,-0.26712,-0.31819,-0.28465,-0.30153,-0.28421,-0.25182,-0.25232,-0.30828,-0.37848,-0.34050
-0.61278,-0.60646,-0.60624,-0.56865,-0.53345,-0.52490,-0.51414,-0.46528,-0.42224,-0.40665,-0.36560,-0.38375,-0.42615,-0.45701,-0.47109,-0.49006,-0.45471,-0.48406,-0.48258,-0.46910,-0.42196,-0.36265,-0.34286,-0.38800,-0.36226,-0.28913,-0.30681,-0.35879,-0.28980,-0.22646,-0.27896,-0.29564,-0.20936,-0.14780,-0.20273,-0.17129,-0.15165,-0.07937,-0.14652,-0.20683,-0.28008,-0.34386,-0.35559,-0.37952,-0.43277,-0.44082,-0.50915,-0.48878,-0.43518,-0.43385,-0.38737,-0.36041,-0.31684,-0.27576,-0.25842,-0.14888,-0.10377,-0.10470,-0.04399,0.05544,0.05671,0.05673,0.18469,0.18343,0.07735,0.14631,0.20262,0.18191,0.15432,0.07224,0.00624,-0.08841,-0.06369,-0.12442,-0.13088,-0.19219,-0.24983,-0.38361,-0.46998,-0.47221,-0.34288,-0.35683,-0.39227,-0.28836,-0.25209,-0.32244,-0.30804,-0.20192,-0.15887,-0.03694,0.14032,0.37465,0.48698,0.59652,0.77394,0.83843,0.82612,0.88141,0.79867,0.80390,0.76134,0.59539,0.53181,0.55564,0.64671,0.60074,0.45328,0.25942,0.20343,0.08471,0.05299,-0.01450,-0.04900,-0.15074,-0.13979,-0.06697,-0.12976,-0.23375,-0.18435,-0.16696,-0.31936,-0.35687,-0.46342,-0.51904,-0.56309,-0.63272,-0.59839,-0.54767,-0.53902,-0.47118,-0.41522,-0.32451,-0.28657,-0.20541,-0.11376,-0.05499,0.06475,0.14923,0.23166,0.29136,0.37412,0.38077,0.46675,0.42486,0.46193,0.42230,0.49961,0.55603,0.64841,0.71950,0.69217,0.77050,0.72636,0.64259,0.65629,0.64336,0.54928,0.50569,0.43305,0.40251,0.42026,0.33817,0.34937,0.30782,0.21658,0.17896,0.08396,0.05222,-0.01638,-0.00954,0.03760,-0.02135,-0.09018,-0.11562,-0.13849,-0.10103,-0.15508,-0.11649,-0.05483,-0.05523,-0.04371,-0.10024,-0.04832,-0.14532,-0.09753,-0.11628,-0.08286,-0.01082,0.07506,0.15417,0.20576,0.27859,0.28736,0.37707,0.36514,0.34291,0.27057,0.15459,0.11871,0.18552,0.24264,0.24118,0.32992,0.34364,0.45282,0.37299,0.22571,0.18924,0.19566,0.04749,-0.07292,-0.18210,-0.25616,-0.32370,-0.36432,-0.39605,-0.47136,-0.44319,-0.48826,-0.45161,-0.46192,-0.43865,-0.39663,-0.38978,-0.43910,-0.50843,-0.45657
-0.66382,-0.65773,-0.64150,-0.61006,-0.59140,-0.57377,-0.54734,-0.51368,-0.47755,-0.44022,-0.40160,-0.39709,-0.42891,-0.44771,-0.45033,-0.45999,-0.40907,-0.43419,-0.42293,-0.40452,-0.35745,-0.28876,-0.27307,-0.31838,-0.28165,-0.20431,-0.22658,-0.27336,-0.19397,-0.13087,-0.18395,-0.19292,-0.10016,-0.03777,-0.09206,-0.06066,-0.02783,0.04829,-0.02108,-0.08047,-0.15768,-0.23228,-0.24980,-0.28569,-0.34918,-0.36761,-0.44868,-0.43868,-0.38507,-0.39683,-0.35073,-0.33739,-0.30349,-0.27844,-0.27864,-0.16625,-0.10185,-0.08893,-0.04208,0.05645,0.08165,0.08222,0.21531,0.22954,0.12882,0.20248,0.26781,0.25937,0.23969,0.14938,0.08956,-0.00976,0.01929,-0.04241,-0.05986,-0.12341,-0.19712,-0.34617,-0.44714,-0.47837,-0.34349,-0.35128,-0.41339,-0.31779,-0.25666,-0.33135,-0.34238,-0.24050,-0.17126,-0.03110,0.13001,0.37520,0.47741,0.54370,0.71940,0.77540,0.80495,0.89500,0.82702,0.85579,0.81725,0.66830,0.62506,0.63917,0.70909,0.64444,0.50610,0.31656,0.28190,0.16972,0.14946,0.08722,0.05523,-0.05264,-0.03240,0.03919,-0.03959,-0.14201,-0.08372,-0.08231,-0.24857,-0.28006,-0.38769,-0.43391,-0.47870,-0.56744,-0.53953,-0.47801,-0.48130,-0.41516,-0.36514,-0.26334,-0.23077,-0.14016,-0.05508,0.00768,0.13176,0.21743,0.31114,0.36968,0.45926,0.47173,0.55953,0.52797,0.56738,0.53589,0.60875,0.65635,0.73344,0.78574,0.75713,0.80910,0.77039,0.70283,0.72272,0.70563,0.61852,0.58041,0.50204,0.48017,0.50919,0.43897,0.45753,0.42331,0.33799,0.30551,0.20911,0.17194,0.09889,0.10791,0.15082,0.09200,0.01777,-0.01707,-0.04618,-0.02030,-0.08545,-0.05946,0.00844,0.01751,0.04285,-0.00871,0.05380,-0.04155,0.01399,0.00007,0.03709,0.11492,0.20347,0.27947,0.33343,0.40367,0.41593,0.50090,0.48674,0.46272,0.39018,0.27798,0.23689,0.29874,0.34697,0.33486,0.41136,0.40735,0.49867,0.40099,0.24383,0.20828,0.23821,0.09124,-0.03545,-0.14447,-0.21195,-0.27513,-0.31965,-0.34237,-0.41912,-0.37464,-0.41462,-0.36428,-0.36611,-0.33303,-0.27883,-0.26677,-0.31633,-0.39548,-0.33502
-0.60686,-0.60152,-0.56311,-0.53585,-0.53681,-0.50625,-0.45906,-0.44113,-0.41216,-0.34733,-0.30990,-0.28071,-0.30328,-0.31166,-0.30492,-0.30762,-0.24347,-0.26703,-0.24974,-0.22777,-0.17850,-0.10288,-0.08895,-0.13540,-0.09247,-0.01182,-0.03607,-0.08135,0.00250,0.06614,0.01294,0.00575,0.10031,0.16252,0.10860,0.13815,0.17132,0.24135,0.17690,0.11707,0.04132,-0.03405,-0.05246,-0.09208,-0.16145,-0.18489,-0.27625,-0.27170,-0.21547,-0.23661,-0.18912,-0.18584,-0.16025,-0.14964,-0.16801,-0.05308,0.03071,0.05616,0.08910,0.18397,0.23008,0.23151,0.36239,0.38751,0.29590,0.36887,0.43584,0.43490,0.42028,0.33114,0.27709,0.17871,0.20907,0.14826,0.12511,0.06039,-0.02358,-0.18588,-0.30098,-0.35921,-0.21501,-0.21614,-0.30622,-0.21774,-0.12938,-0.20913,-0.24767,-0.15050,-0.05213,0.10307,0.24241,0.48198,0.56434,0.57136,0.71582,0.74541,0.82897,0.93373,0.89275,0.92714,0.89802,0.79452,0.76444,0.77487,0.82411,0.75883,0.64475,0.47581,0.45618,0.35406,0.33966,0.28174,0.25190,0.14480,0.16671,0.23589,0.15372,0.05252,0.11331,0.10846,-0.06533,-0.09534,-0.20653,-0.25257,-0.30024,-0.40545,-0.37776,-0.30402,-0.31288,-0.24433,-0.19546,-0.08376,-0.05359,0.04243,0.12282,0.18669,0.30892,0.39051,0.48379,0.53708,0.62079,0.63383,0.71058,0.68512,0.71840,0.69055,0.74997,0.78741,0.84673,0.88214,0.86181,0.88577,0.86041,0.81683,0.83540,0.81955,0.75172,0.72231,0.65114,0.63609,0.66601,0.60725,0.62453,0.59484,0.51822,0.48720,0.39925,0.36498,0.29563,0.30432,0.34445,0.28822,0.21562,0.17903,0.14876,0.16873,0.09854,0.11563,0.18746,0.20216,0.23340,0.18502,0.24938,0.15652,0.21277,0.19975,0.23565,0.30994,0.39253,0.46373,0.51109,0.57422,0.58115,0.65567,0.64608,0.62419,0.56399,0.46254,0.42554,0.48253,0.52496,0.51180,0.57635,0.56340,0.63378,0.53167,0.37776,0.34511,0.39271,0.25454,0.12706,0.01978,-0.04255,-0.10343,-0.15187,-0.16931,-0.24980,-0.19518,-0.23455,-0.17627,-0.17593,-0.13977,-0.08293,-0.07156,-0.12462,-0.21156,-0.15416
-0.66760,-0.66222,-0.63560,-0.60654,-0.59730,-0.57402,-0.53799,-0.51204,-0.47945,-0.42937,-0.39151,-0.37499,-0.40146,-0.41444,-0.41127,-0.41639,-0.35817,-0.38189,-0.36655,-0.34583,-0.29779,-0.22462,-0.21051,-0.25630,-0.21485,-0.13520,-0.15908,-0.20376,-0.12068,-0.05741,-0.11031,-0.11660,-0.02159,0.04120,-0.01265,0.02039,0.05541,0.13248,0.06219,0.00260,-0.07618,-0.15451,-0.17390,-0.21414,-0.28217,-0.30489,-0.39225,-0.38643,-0.33182,-0.34955,-0.30297,-0.29581,-0.26735,-0.25067,-0.26037,-0.14698,-0.07169,-0.05154,-0.01205,0.08552,0.12288,0.12442,0.25924,0.28034,0.18310,0.25805,0.32618,0.32319,0.30677,0.21419,0.15762,0.05733,0.08793,0.02628,0.00414,-0.06087,-0.14268,-0.29993,-0.40847,-0.45475,-0.31624,-0.31984,-0.39664,-0.30504,-0.22942,-0.30691,-0.33188,-0.23241,-0.14760,0.00122,0.15194,0.39829,0.49283,0.53215,0.69973,0.74684,0.80077,0.90525,0.85209,0.88753,0.85147,0.71859,0.68371,0.69454,0.75323,0.68314,0.55323,0.36992,0.34526,0.23741,0.22225,0.16263,0.13269,0.02281,0.04585,0.11683,0.03182,-0.07087,-0.00938,-0.01404,-0.18715,-0.21682,-0.32572,-0.36868,-0.41380,-0.51360,-0.48822,-0.41919,-0.42693,-0.36114,-0.31249,-0.20425,-0.17303,-0.07898,0.00364,0.06778,0.19272,0.27750,0.37448,0.43183,0.52207,0.53625,0.62171,0.59430,0.63281,0.60450,0.67273,0.71507,0.78486,0.82727,0.80034,0.83869,0.80477,0.74746,0.76879,0.75073,0.67062,0.63598,0.55717,0.53911,0.57129,0.50689,0.52709,0.49645,0.41578,0.38527,0.29066,0.25250,0.17875,0.18825,0.22916,0.17081,0.09571,0.05881,0.02631,0.04670,-0.02274,-0.00259,0.06957,0.08203,0.11291,0.06292,0.12875,0.03456,0.09291,0.08093,0.11919,0.19749,0.28541,0.35899,0.41213,0.47997,0.49188,0.57349,0.55933,0.53667,0.46658,0.35841,0.31602,0.37405,0.41794,0.40331,0.47331,0.46242,0.54362,0.43914,0.27936,0.24468,0.28599,0.14198,0.01293,-0.09585,-0.15976,-0.22133,-0.26842,-0.28734,-0.36584,-0.31461,-0.35285,-0.29657,-0.29558,-0.25868,-0.19942,-0.18546,-0.23590,-0.32099,-0.25826
-0.74359,-0.73829,-0.71605,-0.68974,-0.67962,-0.65956,-0.62756,-0.60292,-0.57168,-0.52606,-0.49052,-0.47442,-0.49807,-0.50828,-0.50240,-0.50459,-0.44495,-0.46546,-0.44683,-0.42509,-0.38023,-0.30631,-0.29495,-0.33865,-0.29349,-0.21505,-0.24073,-0.28024,-0.19399,-0.13340,-0.18496,-0.18542,-0.08883,-0.02709,-0.07887,-0.04441,0.00049,0.08477,0.00971,-0.04703,-0.12867,-0.21414,-0.23750,-0.28444,-0.35490,-0.38243,-0.47031,-0.46983,-0.41885,-0.44018,-0.39633,-0.39335,-0.36803,-0.35476,-0.36536,-0.25504,-0.18017,-0.15802,-0.12108,-0.02437,0.01659,0.01850,0.15583,0.18126,0.08432,0.16190,0.23479,0.23702,0.22403,0.12570,0.07174,-0.03048,0.00208,-0.05935,-0.08641,-0.15069,-0.23682,-0.39255,-0.49920,-0.54823,-0.41702,-0.41971,-0.49546,-0.40875,-0.33475,-0.40964,-0.43445,-0.33828,-0.25571,-0.10730,0.04154,0.29459,0.39327,0.44109,0.62827,0.68801,0.73299,0.85454,0.79609,0.84694,0.80771,0.65633,0.63016,0.63522,0.68984,0.60519,0.46711,0.27625,0.25960,0.15289,0.14414,0.08789,0.05968,-0.05336,-0.02388,0.04588,-0.04849,-0.14842,-0.08285,-0.09678,-0.27172,-0.29626,-0.39963,-0.43244,-0.47409,-0.57549,-0.55674,-0.48958,-0.50337,-0.44322,-0.40054,-0.29331,-0.26554,-0.17040,-0.09203,-0.02719,0.09929,0.18595,0.29062,0.34980,0.44864,0.46707,0.56070,0.53854,0.58324,0.56034,0.63334,0.67439,0.74361,0.78078,0.74677,0.78316,0.74445,0.68383,0.71135,0.68901,0.60198,0.56596,0.47799,0.46257,0.50327,0.44223,0.46963,0.44293,0.36321,0.33734,0.23740,0.19297,0.11415,0.12565,0.16347,0.10498,0.02608,-0.01618,-0.05336,-0.03993,-0.11295,-0.09761,-0.02450,-0.00869,0.02917,-0.01779,0.05420,-0.03763,0.02558,0.01794,0.05941,0.14336,0.23610,0.30828,0.36759,0.43685,0.45628,0.54005,0.52015,0.49553,0.41668,0.30638,0.25682,0.31205,0.35096,0.32812,0.39451,0.37507,0.45482,0.34069,0.17373,0.13865,0.18574,0.04026,-0.09009,-0.19690,-0.25683,-0.31464,-0.36097,-0.37550,-0.44976,-0.39357,-0.42654,-0.36599,-0.35914,-0.31688,-0.25000,-0.23081,-0.27674,-0.36216,-0.29068
-0.72695,-0.72216,-0.68065,-0.66081,-0.67029,-0.63933,-0.58893,-0.58181,-0.55901,-0.48851,-0.45612,-0.41498,-0.42713,-0.42467,-0.40748,-0.40068,-0.32703,-0.34374,-0.31697,-0.29122,-0.24661,-0.16575,-0.15795,-0.20105,-0.14777,-0.06740,-0.09598,-0.13057,-0.03828,0.02080,-0.02972,-0.02480,0.07395,0.13453,0.08484,0.11725,0.16954,0.25096,0.17887,0.12432,0.04315,-0.04712,-0.07404,-0.12861,-0.20615,-0.24155,-0.33936,-0.34775,-0.29713,-0.33030,-0.28730,-0.29753,-0.28272,-0.28641,-0.31588,-0.20571,-0.11235,-0.07661,-0.05549,0.03619,0.10023,0.10268,0.23794,0.27724,0.19076,0.26878,0.34603,0.35932,0.35387,0.25386,0.20779,0.10610,0.14101,0.08120,0.04551,-0.01887,-0.11686,-0.28341,-0.40243,-0.48027,-0.34513,-0.34117,-0.44404,-0.36837,-0.26884,-0.34637,-0.39882,-0.31057,-0.20086,-0.03846,0.08651,0.33646,0.41701,0.40916,0.57537,0.61582,0.71002,0.85624,0.82074,0.88730,0.85558,0.74103,0.73444,0.73132,0.76198,0.66806,0.55099,0.37743,0.38141,0.28624,0.28766,0.23814,0.21317,0.09999,0.13531,0.20145,0.09788,0.00238,0.07306,0.04705,-0.13485,-0.15397,-0.25682,-0.28316,-0.32560,-0.44316,-0.42877,-0.35152,-0.37493,-0.31623,-0.27913,-0.16362,-0.14132,-0.04079,0.02914,0.09511,0.21982,0.30275,0.41111,0.46538,0.56281,0.58462,0.67157,0.65917,0.70116,0.68557,0.74762,0.77768,0.82735,0.84408,0.81377,0.82004,0.79176,0.75386,0.78370,0.76035,0.68895,0.66132,0.57582,0.56936,0.61618,0.56947,0.59987,0.58031,0.51028,0.48900,0.39519,0.35024,0.27288,0.28515,0.31799,0.26250,0.18326,0.13588,0.09520,0.09832,0.01800,0.02085,0.09770,0.12178,0.16977,0.12879,0.20603,0.11910,0.18554,0.18147,0.22322,0.30641,0.39532,0.46127,0.51725,0.57957,0.59795,0.67169,0.65301,0.62901,0.55825,0.45842,0.40902,0.45756,0.48765,0.45835,0.50971,0.47585,0.53277,0.40886,0.24213,0.21000,0.27817,0.14165,0.01082,-0.09202,-0.14361,-0.19602,-0.24516,-0.25120,-0.32585,-0.25672,-0.28525,-0.21436,-0.20158,-0.15291,-0.07914,-0.05764,-0.10402,-0.19645,-0.12373
-0.68945,-0.68429,-0.63640,-0.61731,-0.63192,-0.59691,-0.54065,-0.53723,-0.51607,-0.43777,-0.40546,-0.35840,-0.36875,-0.36421,-0.34518,-0.33736,-0.26103,-0.27807,-0.25077,-0.22460,-0.17892,-0.09704,-0.08920,-0.13259,-0.07903,0.00173,-0.02655,-0.06159,0.03030,0.08971,0.03951,0.04360,0.14157,0.20198,0.15260,0.18434,0.23442,0.31316,0.24264,0.18680,0.10724,0.01924,-0.00686,-0.06043,-0.13859,-0.17399,-0.27359,-0.28227,-0.23048,-0.26508,-0.22124,-0.23307,-0.21990,-0.22682,-0.26076,-0.15036,-0.05254,-0.01437,0.00340,0.09354,0.16169,0.16432,0.29746,0.33829,0.25483,0.33154,0.40740,0.42157,0.41677,0.31931,0.27477,0.17477,0.20950,0.15058,0.11493,0.05051,-0.04855,-0.21741,-0.33984,-0.42359,-0.28562,-0.28016,-0.38965,-0.31590,-0.20959,-0.28827,-0.34751,-0.26034,-0.14320,0.02196,0.14057,0.38560,0.45888,0.43374,0.58537,0.61568,0.72507,0.87020,0.84375,0.90814,0.87859,0.78211,0.77711,0.77446,0.80022,0.71021,0.60163,0.43709,0.44331,0.35151,0.35328,0.30478,0.28037,0.16905,0.20343,0.26928,0.16692,0.07121,0.14135,0.11607,-0.06592,-0.08498,-0.18967,-0.21843,-0.26202,-0.38224,-0.36665,-0.28639,-0.30965,-0.25009,-0.21196,-0.09436,-0.07198,0.02816,0.09725,0.16275,0.28561,0.36618,0.47170,0.52368,0.61691,0.63758,0.71902,0.70743,0.74609,0.73050,0.78740,0.81511,0.85987,0.87335,0.84636,0.84528,0.82174,0.79131,0.81903,0.79715,0.73331,0.70854,0.62752,0.62234,0.66726,0.62330,0.65159,0.63255,0.56552,0.54392,0.45435,0.41202,0.33726,0.34873,0.38107,0.32674,0.24976,0.20353,0.16359,0.16633,0.08641,0.08766,0.16487,0.18961,0.23742,0.19690,0.27253,0.18645,0.25170,0.24720,0.28793,0.36768,0.45324,0.51744,0.56962,0.62938,0.64477,0.71482,0.69895,0.67684,0.61146,0.51578,0.46892,0.51550,0.54483,0.51773,0.56630,0.53227,0.58353,0.46141,0.29872,0.26759,0.33840,0.20603,0.07638,-0.02545,-0.07555,-0.12797,-0.17814,-0.18359,-0.25940,-0.18940,-0.21870,-0.14711,-0.13523,-0.08723,-0.01498,0.00513,-0.04308,-0.13703,-0.06801
-0.74452,-0.73939,-0.70315,-0.68210,-0.68641,-0.65857,-0.61341,-0.60186,-0.57709,-0.51349,-0.48069,-0.44643,-0.46102,-0.46129,-0.44644,-0.44163,-0.37143,-0.38893,-0.36382,-0.33895,-0.29450,-0.21519,-0.20684,-0.24980,-0.19789,-0.11814,-0.14614,-0.18113,-0.08994,-0.03071,-0.08105,-0.07655,0.02193,0.08277,0.03305,0.06668,0.11879,0.20325,0.12822,0.07234,-0.00940,-0.09955,-0.12610,-0.17977,-0.25611,-0.29034,-0.38579,-0.39287,-0.34258,-0.37332,-0.33019,-0.33759,-0.32093,-0.32110,-0.34600,-0.23635,-0.14745,-0.11463,-0.08999,0.00275,0.06159,0.06430,0.20095,0.23736,0.14812,0.22669,0.30343,0.31485,0.30791,0.20742,0.15987,0.05764,0.09234,0.03223,-0.00212,-0.06670,-0.16280,-0.32649,-0.44229,-0.51337,-0.38050,-0.37775,-0.47353,-0.39624,-0.30303,-0.37958,-0.42489,-0.33495,-0.23205,-0.07317,0.05721,0.30922,0.39448,0.40218,0.57613,0.62334,0.70362,0.84700,0.80643,0.87159,0.83623,0.70956,0.69924,0.69771,0.73382,0.63980,0.51535,0.33670,0.33667,0.23906,0.23908,0.18854,0.16348,0.04956,0.08456,0.15186,0.04838,-0.04842,0.02164,-0.00292,-0.18336,-0.20286,-0.30546,-0.33196,-0.37355,-0.48743,-0.47332,-0.39828,-0.42004,-0.36266,-0.32449,-0.21073,-0.18730,-0.08861,-0.01697,0.04894,0.17449,0.25863,0.36731,0.42332,0.52264,0.54410,0.63396,0.62005,0.66367,0.64698,0.71261,0.74523,0.80028,0.82116,0.78864,0.80201,0.77078,0.72675,0.75687,0.73315,0.65702,0.62682,0.53869,0.53016,0.57679,0.52681,0.55758,0.53709,0.46519,0.44338,0.34717,0.30127,0.22263,0.23495,0.26847,0.21220,0.13273,0.08596,0.04471,0.04898,-0.02952,-0.02438,0.05208,0.07444,0.12115,0.07875,0.15553,0.06759,0.13443,0.13040,0.17275,0.25667,0.34735,0.41458,0.47230,0.53672,0.55656,0.63371,0.61393,0.58997,0.51543,0.41264,0.36146,0.41032,0.44150,0.41328,0.46793,0.43656,0.49905,0.37577,0.20752,0.17429,0.23823,0.09961,-0.03152,-0.13516,-0.18786,-0.24130,-0.28999,-0.29739,-0.37132,-0.30482,-0.33349,-0.26431,-0.25221,-0.20430,-0.13082,-0.10884,-0.15466,-0.24621,-0.17286
-0.78085,-0.77635,-0.73805,-0.72035,-0.72947,-0.70133,-0.65404,-0.64795,-0.62681,-0.56016,-0.52986,-0.48936,-0.49874,-0.49396,-0.47449,-0.46540,-0.39129,-0.40540,-0.37632,-0.34996,-0.30800,-0.22721,-0.22173,-0.26281,-0.20691,-0.12818,-0.15796,-0.18798,-0.09403,-0.03767,-0.08628,-0.07671,0.02242,0.08166,0.03407,0.06771,0.12666,0.21318,0.13765,0.08545,0.00305,-0.09208,-0.12170,-0.18109,-0.26013,-0.29908,-0.39650,-0.40911,-0.36180,-0.39761,-0.35705,-0.37056,-0.35873,-0.36575,-0.39575,-0.28956,-0.19696,-0.15951,-0.14096,-0.05101,0.01580,0.01873,0.15528,0.19782,0.11239,0.19209,0.27212,0.28959,0.28688,0.18323,0.13990,0.03760,0.07374,0.01490,-0.02474,-0.08861,-0.18968,-0.35356,-0.47015,-0.55008,-0.42228,-0.41723,-0.51843,-0.44796,-0.34991,-0.42463,-0.47672,-0.39206,-0.28429,-0.12364,-0.00218,0.25018,0.33227,0.33028,0.50954,0.55846,0.64556,0.80539,0.76798,0.84700,0.81272,0.68462,0.68521,0.67775,0.70422,0.59958,0.47755,0.30041,0.31125,0.21842,0.22510,0.17909,0.15586,0.04131,0.08125,0.14591,0.03559,-0.05714,0.01592,-0.01757,-0.19932,-0.21432,-0.31178,-0.32908,-0.36872,-0.48722,-0.47857,-0.40261,-0.43049,-0.37762,-0.34524,-0.23090,-0.21133,-0.11139,-0.04536,0.02060,0.14542,0.22905,0.34256,0.39785,0.50123,0.52614,0.61824,0.61021,0.65624,0.64497,0.71010,0.73829,0.78703,0.79884,0.76375,0.76761,0.73681,0.69734,0.73169,0.70530,0.62982,0.60132,0.50897,0.50473,0.55770,0.51421,0.54978,0.53387,0.46596,0.44840,0.35158,0.30215,0.22153,0.23520,0.26522,0.21031,0.12911,0.07822,0.03333,0.03033,-0.05177,-0.05313,0.02425,0.05076,0.10401,0.06579,0.14701,0.06285,0.13292,0.13254,0.17643,0.26315,0.35477,0.41871,0.47879,0.54151,0.56547,0.64014,0.61727,0.59245,0.51549,0.41530,0.36039,0.40564,0.43112,0.39599,0.44367,0.40328,0.45792,0.32758,0.15648,0.12395,0.19667,0.06091,-0.06979,-0.17016,-0.21757,-0.26640,-0.31498,-0.31746,-0.38794,-0.31554,-0.33939,-0.26541,-0.24821,-0.19562,-0.11616,-0.09030,-0.13258,-0.22489,-0.14600
-0.80987,-0.80518,-0.78354,-0.76132,-0.75458,-0.73630,-0.70478,-0.68524,-0.65784,-0.61256,-0.58042,-0.56015,-0.57812,-0.58275,-0.57183,-0.56914,-0.50623,-0.52254,-0.49934,-0.47591,-0.43470,-0.35950,-0.35202,-0.39300,-0.34293,-0.26645,-0.29425,-0.32689,-0.23744,-0.18070,-0.22975,-0.22306,-0.12569,-0.06599,-0.11455,-0.07938,-0.02353,0.06625,-0.01226,-0.06514,-0.14828,-0.24113,-0.26889,-0.32367,-0.39719,-0.43072,-0.51968,-0.52632,-0.47988,-0.50709,-0.46672,-0.47064,-0.45125,-0.44535,-0.46014,-0.35498,-0.27789,-0.25113,-0.22045,-0.12722,-0.07838,-0.07587,0.06226,0.09463,0.00139,0.08112,0.15835,0.16814,0.16021,0.05699,0.00803,-0.09480,-0.06037,-0.12031,-0.15407,-0.21707,-0.30914,-0.46319,-0.56865,-0.62587,-0.50352,-0.50342,-0.58237,-0.50480,-0.42785,-0.49945,-0.52925,-0.43979,-0.35491,-0.20656,-0.06691,0.18873,0.28605,0.33103,0.53162,0.59904,0.64403,0.78794,0.73056,0.80047,0.75899,0.59774,0.58465,0.58212,0.62720,0.52658,0.38637,0.19413,0.19015,0.08847,0.08868,0.03807,0.01290,-0.10171,-0.06502,0.00185,-0.10326,-0.19816,-0.12843,-0.15454,-0.32995,-0.34790,-0.44398,-0.46403,-0.50212,-0.60761,-0.59712,-0.52993,-0.55136,-0.49885,-0.46363,-0.35669,-0.33389,-0.23844,-0.16694,-0.10189,0.02424,0.11100,0.22274,0.28222,0.38837,0.41141,0.51059,0.49589,0.54536,0.52956,0.60485,0.64118,0.70492,0.73221,0.69286,0.72110,0.68038,0.62168,0.65558,0.62919,0.53965,0.50409,0.40794,0.39710,0.44686,0.39287,0.42755,0.40682,0.33152,0.31150,0.20888,0.15856,0.07617,0.08972,0.12281,0.06573,-0.01581,-0.06389,-0.10645,-0.10209,-0.17910,-0.17118,-0.09707,-0.07700,-0.03079,-0.07293,0.00551,-0.08174,-0.01347,-0.01587,0.02795,0.11626,0.21164,0.28011,0.34421,0.41258,0.43879,0.52160,0.49683,0.47153,0.38612,0.27734,0.22060,0.27063,0.30198,0.27021,0.32890,0.29855,0.37074,0.24629,0.07402,0.03938,0.09619,-0.04675,-0.17671,-0.27941,-0.33224,-0.38425,-0.43006,-0.43805,-0.50698,-0.44436,-0.47039,-0.40402,-0.38999,-0.34144,-0.26587,-0.24062,-0.28104,-0.36735,-0.28757
-0.83931,-0.83540,-0.82023,-0.79818,-0.78715,-0.77370,-0.74839,-0.72634,-0.69870,-0.66185,-0.63092,-0.61611,-0.63425,-0.63980,-0.62983,-0.62729,-0.56769,-0.58255,-0.55968,-0.53699,-0.49820,-0.42542,-0.41877,-0.45821,-0.40874,-0.33480,-0.36252,-0.39256,-0.30437,-0.24997,-0.29754,-0.28882,-0.19292,-0.13499,-0.18243,-0.14698,-0.08827,0.00272,-0.07637,-0.12564,-0.20944,-0.30353,-0.33201,-0.38783,-0.45966,-0.49340,-0.57882,-0.58646,-0.54270,-0.56902,-0.53083,-0.53442,-0.51506,-0.50785,-0.51902,-0.41755,-0.34601,-0.32140,-0.28936,-0.19778,-0.15266,-0.15003,-0.01301,0.01806,-0.07515,0.00432,0.08154,0.09213,0.08486,-0.01892,-0.06712,-0.16912,-0.13499,-0.19389,-0.22784,-0.28932,-0.37971,-0.52782,-0.62753,-0.67954,-0.56464,-0.56515,-0.63683,-0.56071,-0.49099,-0.55936,-0.58292,-0.49544,-0.41908,-0.27689,-0.13687,0.11710,0.21778,0.27780,0.48960,0.56671,0.59591,0.74230,0.67790,0.75209,0.70748,0.53174,0.52081,0.51673,0.56321,0.45842,0.31325,0.11727,0.11385,0.01253,0.01451,-0.03454,-0.05899,-0.17297,-0.13531,-0.07015,-0.17604,-0.26782,-0.19853,-0.22706,-0.39823,-0.41423,-0.50501,-0.52018,-0.55536,-0.65695,-0.64976,-0.58640,-0.60881,-0.55998,-0.52770,-0.42487,-0.40322,-0.31016,-0.24085,-0.17697,-0.05227,0.03462,0.14729,0.20761,0.31664,0.34057,0.44363,0.43000,0.48202,0.46766,0.54595,0.58288,0.64908,0.67801,0.63407,0.66682,0.62278,0.55900,0.59512,0.56748,0.47278,0.43546,0.33575,0.32476,0.37663,0.32281,0.35993,0.34058,0.26528,0.24727,0.14272,0.09044,0.00685,0.02135,0.05309,-0.00330,-0.08533,-0.13458,-0.17771,-0.17506,-0.25115,-0.24350,-0.17140,-0.15159,-0.10462,-0.14534,-0.06613,-0.15110,-0.08250,-0.08333,-0.03877,0.05115,0.14778,0.21517,0.28188,0.35075,0.38052,0.46457,0.43681,0.41060,0.32101,0.21130,0.15218,0.20121,0.23087,0.19643,0.25481,0.22340,0.29777,0.17260,-0.00060,-0.03485,0.01972,-0.12290,-0.25044,-0.35098,-0.40224,-0.45197,-0.49594,-0.50290,-0.56825,-0.50686,-0.53059,-0.46524,-0.44961,-0.40054,-0.32365,-0.29655,-0.33339,-0.41691,-0.33445
-0.84351,-0.83906,-0.82465,-0.80283,-0.79149,-0.77852,-0.75362,-0.73165,-0.70444,-0.66751,-0.63665,-0.62171,-0.63917,-0.64424,-0.63374,-0.63067,-0.57103,-0.58551,-0.56221,-0.53958,-0.50136,-0.42870,-0.42203,-0.46107,-0.41153,-0.33781,-0.36551,-0.39460,-0.30646,-0.25265,-0.29973,-0.29061,-0.19481,-0.13717,-0.18432,-0.14734,-0.08999,0.00151,-0.07734,-0.12444,-0.20903,-0.30398,-0.33304,-0.38949,-0.46122,-0.49542,-0.58078,-0.58906,-0.54605,-0.57237,-0.53503,-0.53926,-0.52073,-0.51424,-0.52573,-0.42561,-0.35387,-0.32918,-0.29816,-0.20718,-0.16131,-0.15888,-0.02241,0.00901,-0.08343,-0.00393,0.07414,0.08603,0.07934,-0.02461,-0.07217,-0.17351,-0.13911,-0.19759,-0.23194,-0.29315,-0.38332,-0.53109,-0.63106,-0.68398,-0.56979,-0.57040,-0.64250,-0.56725,-0.49776,-0.56564,-0.58949,-0.50351,-0.42744,-0.28539,-0.14670,0.10663,0.20687,0.26572,0.47796,0.55604,0.58589,0.73396,0.66815,0.74576,0.69983,0.52513,0.51609,0.51167,0.55686,0.45063,0.30523,0.10907,0.10752,0.00755,0.01051,-0.03747,-0.06178,-0.17590,-0.13789,-0.07181,-0.17874,-0.27080,-0.20086,-0.23015,-0.40103,-0.41563,-0.50594,-0.51924,-0.55492,-0.65706,-0.65073,-0.58727,-0.61049,-0.56151,-0.53065,-0.42844,-0.40748,-0.31424,-0.24517,-0.18212,-0.05832,0.02786,0.14135,0.20123,0.31058,0.33513,0.43868,0.42564,0.47843,0.46519,0.54339,0.58006,0.64597,0.67326,0.62880,0.66057,0.61595,0.55211,0.58921,0.56148,0.46642,0.42926,0.32873,0.31851,0.37130,0.31819,0.35600,0.33683,0.26196,0.24469,0.14092,0.08824,0.00432,0.01898,0.05042,-0.00584,-0.08818,-0.13610,-0.18115,-0.18120,-0.25835,-0.25208,-0.17856,-0.15761,-0.10930,-0.14926,-0.07001,-0.15449,-0.08505,-0.08519,-0.04042,0.04963,0.14595,0.21283,0.27940,0.34797,0.37792,0.46210,0.43333,0.40776,0.31816,0.20894,0.14958,0.19795,0.22720,0.19161,0.24872,0.21593,0.28972,0.16351,-0.00939,-0.04355,0.01186,-0.12983,-0.25711,-0.35673,-0.40746,-0.45629,-0.49960,-0.50619,-0.57087,-0.50867,-0.53181,-0.46628,-0.45038,-0.40035,-0.32247,-0.29498,-0.33141,-0.41505,-0.33275
-0.83718,-0.83352,-0.84104,-0.81458,-0.78369,-0.78470,-0.78062,-0.74247,-0.70953,-0.70257,-0.67035,-0.68174,-0.70938,-0.72649,-0.72814,-0.73377,-0.69150,-0.70810,-0.69362,-0.67598,-0.64043,-0.57841,-0.56921,-0.60634,-0.56678,-0.49915,-0.52309,-0.55462,-0.47657,-0.42458,-0.47029,-0.46546,-0.37628,-0.32018,-0.36628,-0.32816,-0.27781,-0.19009,-0.26899,-0.31638,-0.39602,-0.48238,-0.50746,-0.55461,-0.61582,-0.64112,-0.71164,-0.71146,-0.67136,-0.68536,-0.64983,-0.64167,-0.61388,-0.59022,-0.58145,-0.48660,-0.43823,-0.42836,-0.38270,-0.29121,-0.27117,-0.26927,-0.13752,-0.12102,-0.21935,-0.14359,-0.07254,-0.07215,-0.08544,-0.18426,-0.23724,-0.33509,-0.30492,-0.36240,-0.38735,-0.44505,-0.51943,-0.64746,-0.72779,-0.74795,-0.64572,-0.65325,-0.69233,-0.61090,-0.57277,-0.63255,-0.62604,-0.53751,-0.49502,-0.37628,-0.21969,0.02673,0.14284,0.26094,0.49046,0.58895,0.56205,0.68129,0.59239,0.65202,0.60263,0.39154,0.36334,0.36619,0.43379,0.33805,0.17693,-0.02967,-0.05124,-0.15916,-0.16505,-0.21765,-0.24334,-0.35212,-0.32018,-0.25601,-0.35027,-0.43940,-0.37761,-0.39558,-0.55049,-0.56961,-0.65333,-0.66934,-0.70119,-0.78152,-0.77244,-0.72364,-0.73749,-0.69167,-0.65753,-0.56981,-0.54569,-0.46240,-0.38960,-0.33029,-0.20996,-0.12345,-0.01755,0.04520,0.15274,0.17386,0.28127,0.25996,0.31416,0.29482,0.38217,0.42745,0.51027,0.55817,0.50935,0.57102,0.51598,0.43080,0.46566,0.43989,0.33093,0.28600,0.18585,0.16745,0.21303,0.14848,0.18266,0.15904,0.07811,0.05765,-0.04964,-0.10042,-0.18235,-0.16839,-0.13399,-0.19043,-0.27036,-0.31376,-0.35145,-0.33964,-0.40733,-0.38892,-0.32369,-0.31270,-0.27649,-0.32009,-0.24842,-0.33323,-0.26942,-0.27234,-0.23001,-0.14164,-0.04441,0.02604,0.09509,0.16765,0.19935,0.28917,0.25949,0.23322,0.13699,0.02110,-0.03750,0.01564,0.05104,0.02203,0.09131,0.07352,0.16708,0.05588,-0.11000,-0.14648,-0.11508,-0.26002,-0.38050,-0.47887,-0.53476,-0.58555,-0.62326,-0.63706,-0.69688,-0.65039,-0.67516,-0.62299,-0.61218,-0.57005,-0.50200,-0.47675,-0.50889,-0.58057,-0.50060
-0.80495,-0.79999,-0.80689,-0.77882,-0.74612,-0.74475,-0.74055,-0.70028,-0.66431,-0.65666,-0.62310,-0.63685,-0.66797,-0.68809,-0.69246,-0.70119,-0.66032,-0.67953,-0.66759,-0.65079,-0.61290,-0.55120,-0.53996,-0.57849,-0.54128,-0.47225,-0.49493,-0.53063,-0.45384,-0.39911,-0.44623,-0.44540,-0.35637,-0.29859,-0.34652,-0.31114,-0.26403,-0.17721,-0.25526,-0.30632,-0.38536,-0.46797,-0.49074,-0.53389,-0.59435,-0.61677,-0.68719,-0.68324,-0.64017,-0.65123,-0.61325,-0.60119,-0.56976,-0.54205,-0.53107,-0.43236,-0.38505,-0.37737,-0.32799,-0.23373,-0.21779,-0.21620,-0.08350,-0.07038,-0.17164,-0.09649,-0.02830,-0.03271,-0.04892,-0.14547,-0.20143,-0.29955,-0.26970,-0.32829,-0.34984,-0.40862,-0.48006,-0.60965,-0.69139,-0.70693,-0.59908,-0.60830,-0.64580,-0.55943,-0.52236,-0.58479,-0.57582,-0.48232,-0.44037,-0.32037,-0.15728,0.08978,0.20714,0.32742,0.55048,0.64457,0.61745,0.72447,0.63829,0.68626,0.63627,0.43021,0.39372,0.39988,0.47364,0.38661,0.22478,0.01844,-0.01069,-0.12191,-0.13299,-0.18916,-0.21652,-0.32475,-0.29599,-0.22952,-0.31894,-0.41200,-0.35163,-0.36297,-0.51880,-0.54099,-0.63025,-0.65482,-0.68858,-0.76603,-0.75194,-0.70357,-0.71296,-0.66326,-0.62463,-0.53582,-0.50869,-0.42576,-0.34928,-0.28927,-0.16753,-0.08036,0.02182,0.08469,0.18889,0.20747,0.31219,0.28711,0.33887,0.31542,0.40231,0.45089,0.53667,0.58975,0.54401,0.61057,0.55644,0.46971,0.50076,0.47662,0.36907,0.32376,0.22764,0.20638,0.24727,0.17868,0.20919,0.18205,0.09859,0.07442,-0.03252,-0.08052,-0.16084,-0.14842,-0.11174,-0.16914,-0.24725,-0.28907,-0.32336,-0.30543,-0.37007,-0.34691,-0.28306,-0.27459,-0.24315,-0.28978,-0.22079,-0.30848,-0.24749,-0.25341,-0.21198,-0.12598,-0.02961,0.04301,0.11009,0.18388,0.21248,0.30356,0.27735,0.25204,0.15755,0.03976,-0.01576,0.03990,0.07974,0.05602,0.13013,0.11866,0.21678,0.11082,-0.05326,-0.09054,-0.06417,-0.21145,-0.33299,-0.43406,-0.49374,-0.54844,-0.58704,-0.60439,-0.66765,-0.62443,-0.65314,-0.60355,-0.59644,-0.55774,-0.49428,-0.47225,-0.50824,-0.58036,-0.50574
-0.79707,-0.79030,-0.78553,-0.75922,-0.73569,-0.72540,-0.71027,-0.67745,-0.64271,-0.61831,-0.58500,-0.58554,-0.61258,-0.62743,-0.62587,-0.63102,-0.58149,-0.60066,-0.58472,-0.56578,-0.52554,-0.45790,-0.44694,-0.48722,-0.44543,-0.37229,-0.39671,-0.43245,-0.35026,-0.29359,-0.34220,-0.34032,-0.24737,-0.18847,-0.23792,-0.20293,-0.15442,-0.06343,-0.14197,-0.19440,-0.27658,-0.36313,-0.38760,-0.43431,-0.50023,-0.52635,-0.60522,-0.60460,-0.55874,-0.57514,-0.53534,-0.52813,-0.50047,-0.48071,-0.48004,-0.37722,-0.31702,-0.30225,-0.25961,-0.16422,-0.13546,-0.13408,0.00187,0.02199,-0.07755,-0.00043,0.07079,0.07129,0.05762,-0.04090,-0.09503,-0.19523,-0.16278,-0.22250,-0.24778,-0.30875,-0.38771,-0.52901,-0.62307,-0.65528,-0.53781,-0.54438,-0.59960,-0.51395,-0.46053,-0.52864,-0.53512,-0.44053,-0.38064,-0.24707,-0.09042,0.16113,0.27093,0.35913,0.57041,0.65205,0.65741,0.77542,0.70162,0.75491,0.70600,0.52187,0.49272,0.49622,0.55994,0.47035,0.31646,0.11537,0.09487,-0.01329,-0.02190,-0.07648,-0.10387,-0.21573,-0.18482,-0.11565,-0.21017,-0.30713,-0.24263,-0.25711,-0.42282,-0.44351,-0.53909,-0.56529,-0.60220,-0.69103,-0.67651,-0.62017,-0.63330,-0.57968,-0.54113,-0.44412,-0.41732,-0.32832,-0.25211,-0.18999,-0.06587,0.02120,0.12671,0.18803,0.29200,0.31177,0.41403,0.39168,0.44217,0.42087,0.50265,0.54815,0.62606,0.66944,0.62739,0.67898,0.63054,0.55501,0.58589,0.56121,0.46129,0.41999,0.32504,0.30739,0.35082,0.28638,0.31767,0.29139,0.21013,0.18665,0.08207,0.03385,-0.04755,-0.03499,0.00108,-0.05682,-0.13580,-0.17818,-0.21725,-0.20534,-0.27505,-0.25738,-0.18741,-0.17370,-0.13634,-0.18255,-0.11069,-0.19888,-0.13548,-0.14089,-0.09839,-0.01180,0.08410,0.15577,0.22079,0.29272,0.31889,0.40786,0.38222,0.35676,0.26733,0.15308,0.09874,0.15242,0.19034,0.16508,0.23452,0.21674,0.30608,0.19335,0.02594,-0.01051,0.02751,-0.11912,-0.24528,-0.34821,-0.40710,-0.46229,-0.50402,-0.51907,-0.58650,-0.53531,-0.56486,-0.50904,-0.50094,-0.45870,-0.39114,-0.36917,-0.40958,-0.48871,-0.41548
-0.80578,-0.80005,-0.81431,-0.78574,-0.74733,-0.74989,-0.75288,-0.70886,-0.67114,-0.67229,-0.63945,-0.66024,-0.69308,-0.71544,-0.72177,-0.73190,-0.69639,-0.71517,-0.70506,-0.68976,-0.65390,-0.59588,-0.58448,-0.62157,-0.58694,-0.52084,-0.54265,-0.57680,-0.50298,-0.45069,-0.49633,-0.49522,-0.40881,-0.35341,-0.39993,-0.36309,-0.31870,-0.22953,-0.30759,-0.35631,-0.43455,-0.51589,-0.53844,-0.58005,-0.63713,-0.65773,-0.72351,-0.71876,-0.67814,-0.68601,-0.65022,-0.63549,-0.60336,-0.57266,-0.55677,-0.46279,-0.42192,-0.41832,-0.36679,-0.27390,-0.26379,-0.26282,-0.13291,-0.12298,-0.22407,-0.15070,-0.08408,-0.08952,-0.10631,-0.20071,-0.25649,-0.35206,-0.32301,-0.38021,-0.39989,-0.45633,-0.52267,-0.64481,-0.72078,-0.72880,-0.62669,-0.63780,-0.66620,-0.57977,-0.55266,-0.61190,-0.59518,-0.50317,-0.47123,-0.35907,-0.19369,0.04848,0.16936,0.30383,0.53156,0.63233,0.59120,0.69246,0.59822,0.64489,0.59376,0.37808,0.33964,0.34624,0.42345,0.33752,0.17214,-0.03551,-0.06667,-0.17722,-0.18981,-0.24493,-0.27178,-0.37825,-0.35036,-0.28442,-0.37109,-0.46197,-0.40340,-0.41300,-0.56276,-0.58418,-0.66963,-0.69202,-0.72453,-0.79572,-0.78268,-0.73904,-0.74759,-0.69913,-0.66250,-0.57985,-0.55313,-0.47308,-0.39758,-0.33976,-0.22134,-0.13550,-0.03505,0.02770,0.13145,0.14996,0.25634,0.23022,0.28348,0.26065,0.34936,0.39993,0.48868,0.54394,0.49656,0.56887,0.51156,0.41977,0.45103,0.42685,0.31541,0.26881,0.17233,0.15027,0.19099,0.12076,0.15178,0.12405,0.04044,0.01741,-0.08863,-0.13703,-0.21717,-0.20440,-0.16810,-0.22480,-0.30181,-0.33998,-0.37628,-0.36101,-0.42396,-0.40030,-0.33645,-0.32840,-0.29753,-0.34373,-0.27717,-0.36227,-0.30241,-0.30765,-0.26693,-0.18108,-0.08523,-0.01340,0.05420,0.12787,0.15719,0.24927,0.22049,0.19427,0.09940,-0.01714,-0.07245,-0.01778,0.02198,-0.00152,0.07362,0.06351,0.16485,0.06157,-0.09945,-0.13626,-0.11466,-0.26026,-0.37868,-0.47709,-0.53725,-0.59027,-0.62599,-0.64412,-0.70419,-0.66430,-0.69191,-0.64573,-0.63920,-0.60154,-0.53914,-0.51715,-0.55095,-0.61932,-0.54595
-0.72404,-0.71879,-0.75321,-0.71864,-0.66096,-0.67549,-0.69842,-0.63764,-0.59349,-0.62264,-0.58864,-0.63629,-0.68071,-0.71691,-0.73771,-0.75905,-0.74302,-0.76554,-0.76712,-0.75832,-0.72439,-0.68012,-0.66456,-0.69970,-0.67940,-0.62122,-0.63668,-0.67611,-0.61735,-0.56649,-0.60982,-0.61777,-0.54238,-0.48962,-0.53545,-0.50227,-0.47161,-0.39313,-0.46473,-0.51231,-0.58192,-0.64697,-0.66188,-0.68810,-0.73101,-0.73857,-0.78609,-0.76923,-0.73085,-0.72302,-0.68828,-0.65801,-0.61447,-0.56477,-0.52747,-0.43989,-0.42531,-0.43926,-0.37243,-0.28150,-0.30173,-0.30190,-0.18282,-0.19208,-0.29653,-0.23120,-0.17726,-0.19709,-0.22238,-0.30434,-0.36560,-0.45264,-0.42980,-0.48393,-0.48983,-0.54141,-0.58549,-0.68378,-0.73802,-0.70952,-0.61899,-0.63763,-0.63128,-0.53831,-0.54383,-0.59503,-0.54708,-0.45291,-0.45593,-0.37097,-0.19181,0.03028,0.16042,0.34667,0.57223,0.68237,0.58895,0.64475,0.53233,0.55249,0.49693,0.26477,0.20354,0.22124,0.32193,0.25982,0.08737,-0.11961,-0.17575,-0.29095,-0.31649,-0.37627,-0.40614,-0.50071,-0.48458,-0.41981,-0.48410,-0.57292,-0.52719,-0.51847,-0.64464,-0.67195,-0.75205,-0.78490,-0.81480,-0.85852,-0.83876,-0.81107,-0.80502,-0.75743,-0.71548,-0.65009,-0.61852,-0.55299,-0.47302,-0.42199,-0.31210,-0.23013,-0.14625,-0.08425,0.00869,0.01991,0.12163,0.08475,0.13422,0.10240,0.19427,0.25378,0.35697,0.43565,0.39001,0.49283,0.42972,0.31969,0.34335,0.32459,0.20679,0.15459,0.06753,0.03606,0.06262,-0.01908,0.00314,-0.03252,-0.12151,-0.14985,-0.25220,-0.29306,-0.36503,-0.35541,-0.31553,-0.37033,-0.43879,-0.46800,-0.49201,-0.46004,-0.50703,-0.46848,-0.41811,-0.42212,-0.40977,-0.45921,-0.40682,-0.49131,-0.44292,-0.45369,-0.41823,-0.34172,-0.25183,-0.17854,-0.11493,-0.03989,-0.01426,0.07998,0.05577,0.03256,-0.06132,-0.18057,-0.22849,-0.16864,-0.11874,-0.13035,-0.04286,-0.03165,0.08857,0.01044,-0.13373,-0.17064,-0.17887,-0.32222,-0.42839,-0.52339,-0.58893,-0.64518,-0.67449,-0.70263,-0.75776,-0.73873,-0.77118,-0.74302,-0.74604,-0.72165,-0.67711,-0.66182,-0.69394,-0.74749,-0.68486
-0.67135,-0.66485,-0.68717,-0.65030,-0.59888,-0.60433,-0.61561,-0.55731,-0.51155,-0.52469,-0.48748,-0.52614,-0.57167,-0.60785,-0.62756,-0.64961,-0.62769,-0.65406,-0.65555,-0.64584,-0.60617,-0.55664,-0.53825,-0.57783,-0.55675,-0.49247,-0.50859,-0.55462,-0.49217,-0.43567,-0.48334,-0.49607,-0.41658,-0.36036,-0.41104,-0.38041,-0.35465,-0.27726,-0.34698,-0.40049,-0.47179,-0.53492,-0.54753,-0.57122,-0.61701,-0.62323,-0.67825,-0.65831,-0.61307,-0.60589,-0.56598,-0.53462,-0.48896,-0.43994,-0.40825,-0.31074,-0.28607,-0.29653,-0.23006,-0.13483,-0.14933,-0.14979,-0.02711,-0.03523,-0.14208,-0.07557,-0.02185,-0.04402,-0.07159,-0.15255,-0.21730,-0.30743,-0.28406,-0.34156,-0.34592,-0.40142,-0.44863,-0.56044,-0.62731,-0.60750,-0.49990,-0.51819,-0.52579,-0.42562,-0.41728,-0.47684,-0.43919,-0.33735,-0.32473,-0.22576,-0.04318,0.18446,0.30871,0.47027,0.67635,0.76870,0.70364,0.75324,0.64848,0.65791,0.60636,0.39997,0.33518,0.35674,0.45695,0.40464,0.24022,0.03741,-0.02232,-0.14045,-0.17137,-0.23527,-0.26803,-0.36568,-0.35316,-0.28449,-0.34499,-0.44100,-0.39496,-0.37964,-0.51568,-0.54787,-0.64034,-0.68535,-0.72144,-0.77320,-0.74595,-0.71017,-0.70112,-0.64419,-0.59510,-0.52046,-0.48528,-0.41325,-0.32706,-0.27285,-0.15876,-0.07522,0.00658,0.06798,0.15599,0.16428,0.25999,0.21922,0.26342,0.22675,0.31346,0.37406,0.47506,0.55384,0.51546,0.61200,0.55590,0.45404,0.47246,0.45690,0.34801,0.29818,0.21771,0.18532,0.20669,0.12236,0.13914,0.09939,0.00766,-0.02536,-0.12518,-0.16155,-0.23187,-0.22357,-0.17973,-0.23651,-0.30460,-0.33140,-0.35402,-0.31788,-0.36672,-0.32558,-0.27107,-0.27476,-0.26442,-0.31825,-0.26756,-0.35759,-0.31081,-0.32598,-0.29186,-0.21714,-0.12861,-0.05185,0.00681,0.08161,0.09967,0.19307,0.17388,0.14970,0.06514,-0.05372,-0.09526,-0.03126,0.02313,0.01751,0.10810,0.12308,0.24196,0.16584,0.02144,-0.01580,-0.02132,-0.16812,-0.28034,-0.38199,-0.45307,-0.51539,-0.54884,-0.58006,-0.64436,-0.62318,-0.66229,-0.63257,-0.64013,-0.61769,-0.57645,-0.56604,-0.60635,-0.66538,-0.60929
-0.67614,-0.66897,-0.68657,-0.65129,-0.60447,-0.60691,-0.61345,-0.55954,-0.51532,-0.52153,-0.48493,-0.51675,-0.55916,-0.59216,-0.60804,-0.62792,-0.60215,-0.62774,-0.62673,-0.61592,-0.57608,-0.52418,-0.50686,-0.54658,-0.52268,-0.45731,-0.47522,-0.51965,-0.45381,-0.39789,-0.44616,-0.45665,-0.37511,-0.31959,-0.37035,-0.34014,-0.31255,-0.23171,-0.30176,-0.35495,-0.42749,-0.49319,-0.50729,-0.53370,-0.58182,-0.59050,-0.64934,-0.63230,-0.58688,-0.58264,-0.54279,-0.51497,-0.47202,-0.42782,-0.40151,-0.30346,-0.27283,-0.27970,-0.21729,-0.12212,-0.12947,-0.13012,-0.00617,-0.01028,-0.11562,-0.04825,0.00786,-0.01110,-0.03660,-0.11894,-0.18188,-0.27291,-0.24835,-0.30606,-0.31301,-0.36845,-0.41935,-0.53551,-0.60773,-0.59623,-0.48597,-0.50342,-0.51867,-0.41996,-0.40553,-0.46641,-0.43611,-0.33486,-0.31496,-0.21043,-0.03177,0.19901,0.32067,0.46852,0.67125,0.76044,0.70966,0.76702,0.66340,0.67489,0.62723,0.42866,0.37003,0.38881,0.48256,0.42680,0.26609,0.06552,0.01159,-0.10405,-0.13344,-0.19550,-0.22756,-0.32730,-0.31285,-0.24454,-0.30740,-0.40285,-0.35479,-0.34246,-0.48279,-0.51345,-0.60697,-0.64972,-0.68692,-0.74349,-0.71704,-0.67881,-0.67308,-0.61593,-0.56848,-0.49143,-0.45749,-0.38169,-0.29748,-0.24221,-0.12772,-0.04416,0.04031,0.10107,0.19019,0.19997,0.29542,0.25736,0.30170,0.26753,0.35232,0.41091,0.50722,0.57832,0.54118,0.62924,0.57552,0.47952,0.49878,0.48223,0.37615,0.32879,0.24778,0.21780,0.24185,0.16049,0.17893,0.14117,0.05149,0.02045,-0.07911,-0.11679,-0.18865,-0.17944,-0.13644,-0.19320,-0.26279,-0.29032,-0.31675,-0.28691,-0.33968,-0.30300,-0.24433,-0.24363,-0.22823,-0.28093,-0.22864,-0.31705,-0.26851,-0.28238,-0.24765,-0.17046,-0.08127,-0.00554,0.05309,0.12666,0.14491,0.23624,0.21539,0.18838,0.10669,-0.00891,-0.05038,0.01180,0.06266,0.05479,0.14197,0.15206,0.26555,0.18487,0.03929,0.00266,0.00378,-0.14207,-0.25657,-0.35792,-0.42834,-0.48932,-0.52348,-0.55275,-0.61777,-0.59140,-0.62943,-0.59653,-0.60235,-0.57725,-0.53296,-0.52193,-0.56306,-0.62385,-0.56675
-0.58926,-0.58314,-0.63733,-0.59808,-0.52263,-0.54845,-0.59128,-0.51584,-0.46607,-0.52242,-0.48858,-0.56244,-0.61716,-0.66645,-0.70091,-0.73312,-0.73950,-0.76532,-0.77940,-0.77829,-0.74826,-0.72127,-0.70174,-0.73310,-0.72958,-0.68303,-0.69153,-0.73416,-0.69414,-0.64815,-0.68703,-0.70421,-0.64442,-0.59812,-0.64063,-0.61167,-0.59988,-0.53371,-0.59521,-0.63930,-0.69667,-0.74064,-0.74649,-0.75454,-0.77932,-0.77218,-0.79809,-0.76908,-0.73505,-0.70988,-0.67840,-0.63291,-0.57966,-0.51234,-0.45422,-0.37885,-0.39271,-0.42470,-0.34551,-0.26161,-0.31236,-0.31424,-0.21337,-0.24236,-0.34468,-0.29174,-0.25449,-0.28908,-0.32235,-0.38562,-0.44943,-0.52217,-0.50711,-0.55508,-0.54571,-0.58876,-0.60543,-0.67279,-0.70286,-0.63723,-0.56230,-0.58914,-0.54610,-0.44976,-0.49110,-0.53143,-0.45265,-0.36052,-0.40088,-0.34846,-0.16233,0.02660,0.15962,0.38944,0.59755,0.71073,0.56995,0.57244,0.44265,0.43022,0.37614,0.14085,0.05845,0.08666,0.20677,0.17544,0.00527,-0.18919,-0.26916,-0.38275,-0.42266,-0.48388,-0.51502,-0.59263,-0.58995,-0.52947,-0.56564,-0.64691,-0.61714,-0.58791,-0.68262,-0.71489,-0.78587,-0.82802,-0.85521,-0.86628,-0.83949,-0.83109,-0.81050,-0.76487,-0.71982,-0.67712,-0.64210,-0.59439,-0.51407,-0.47298,-0.37893,-0.30581,-0.24474,-0.18720,-0.11168,-0.10890,-0.01804,-0.06512,-0.02261,-0.06212,0.02805,0.09511,0.20803,0.30515,0.26457,0.39347,0.32746,0.20506,0.21796,0.20647,0.08936,0.03500,-0.03633,-0.07598,-0.06612,-0.15652,-0.14533,-0.18791,-0.27739,-0.30964,-0.40140,-0.43172,-0.49154,-0.48542,-0.44325,-0.49325,-0.54876,-0.56363,-0.57635,-0.53277,-0.56167,-0.50998,-0.47295,-0.48784,-0.49432,-0.54522,-0.51222,-0.59032,-0.55715,-0.57348,-0.54608,-0.48313,-0.40471,-0.33361,-0.27900,-0.20699,-0.18792,-0.09650,-0.11582,-0.13668,-0.22076,-0.33417,-0.37018,-0.30855,-0.25145,-0.24862,-0.15232,-0.11930,0.01461,-0.03239,-0.14939,-0.18423,-0.22381,-0.35649,-0.44441,-0.53047,-0.59967,-0.65586,-0.67621,-0.71391,-0.76147,-0.76577,-0.80166,-0.79448,-0.80842,-0.79916,-0.77590,-0.76973,-0.79891,-0.83291,-0.78801
-0.45842,-0.45247,-0.51180,-0.46763,-0.38474,-0.41297,-0.46160,-0.37777,-0.32427,-0.38951,-0.35383,-0.44003,-0.50260,-0.56047,-0.60436,-0.64415,-0.66198,-0.69217,-0.71519,-0.71872,-0.68760,-0.66926,-0.64534,-0.67685,-0.68466,-0.64239,-0.64553,-0.69505,-0.66707,-0.62033,-0.65840,-0.68596,-0.63508,-0.59015,-0.63319,-0.60864,-0.61360,-0.56140,-0.61282,-0.65671,-0.70630,-0.73412,-0.73180,-0.72533,-0.73928,-0.72093,-0.73604,-0.69603,-0.66055,-0.62436,-0.59181,-0.53527,-0.47425,-0.39499,-0.32605,-0.25267,-0.27998,-0.32217,-0.23439,-0.15305,-0.22215,-0.22478,-0.13510,-0.17772,-0.27925,-0.23459,-0.20972,-0.25611,-0.29640,-0.34578,-0.41372,-0.47811,-0.46874,-0.51412,-0.49293,-0.53289,-0.53317,-0.58764,-0.60705,-0.52122,-0.44723,-0.47797,-0.41896,-0.31708,-0.37257,-0.41028,-0.31702,-0.22349,-0.27923,-0.24191,-0.05112,0.11547,0.24565,0.48876,0.67151,0.77466,0.61775,0.57916,0.44709,0.40874,0.35752,0.13611,0.03602,0.07478,0.20825,0.20439,0.04240,-0.13959,-0.23833,-0.35265,-0.40436,-0.46984,-0.50357,-0.56985,-0.57929,-0.52001,-0.53469,-0.61505,-0.59662,-0.54960,-0.62738,-0.66676,-0.73840,-0.79509,-0.82324,-0.81822,-0.78201,-0.78036,-0.74719,-0.69704,-0.64484,-0.61132,-0.57171,-0.53400,-0.44920,-0.41348,-0.32800,-0.26036,-0.21737,-0.16353,-0.10394,-0.10926,-0.03095,-0.08778,-0.05416,-0.10274,-0.01780,0.05412,0.17240,0.28412,0.25217,0.39558,0.33300,0.20730,0.20966,0.20537,0.09476,0.04014,-0.01551,-0.06167,-0.06762,-0.16499,-0.16574,-0.21548,-0.30698,-0.34632,-0.42821,-0.44745,-0.49625,-0.49397,-0.44794,-0.49541,-0.54087,-0.54534,-0.54648,-0.48811,-0.50374,-0.43995,-0.41292,-0.43736,-0.46078,-0.51509,-0.49602,-0.57434,-0.55330,-0.57682,-0.55632,-0.50579,-0.43740,-0.36558,-0.32054,-0.25118,-0.24200,-0.15337,-0.16419,-0.18147,-0.25415,-0.36433,-0.38811,-0.32180,-0.25559,-0.23872,-0.13483,-0.08339,0.05866,0.03579,-0.06239,-0.09609,-0.15624,-0.28306,-0.36061,-0.44459,-0.51873,-0.57867,-0.59581,-0.64174,-0.68969,-0.71000,-0.75268,-0.75918,-0.78354,-0.78690,-0.78103,-0.78409,-0.81603,-0.84114,-0.81233
-0.37825,-0.37083,-0.41429,-0.36741,-0.29320,-0.30996,-0.34331,-0.26353,-0.20890,-0.25340,-0.21405,-0.28795,-0.35099,-0.40841,-0.45036,-0.49108,-0.50202,-0.53669,-0.55979,-0.56204,-0.52419,-0.49996,-0.47282,-0.50951,-0.51671,-0.46760,-0.47160,-0.52878,-0.49662,-0.44386,-0.48726,-0.52058,-0.46524,-0.41720,-0.46587,-0.44547,-0.45848,-0.40917,-0.45578,-0.50564,-0.55602,-0.58066,-0.57536,-0.56479,-0.58130,-0.56094,-0.58482,-0.54133,-0.49781,-0.46203,-0.42356,-0.36611,-0.30306,-0.22550,-0.16416,-0.07978,-0.09432,-0.13214,-0.04582,0.03988,-0.02173,-0.02482,0.06756,0.02588,-0.07696,-0.03191,-0.00824,-0.05712,-0.09970,-0.14629,-0.21783,-0.28491,-0.27535,-0.32414,-0.30077,-0.34425,-0.34741,-0.41750,-0.45202,-0.37766,-0.28341,-0.31357,-0.27235,-0.16241,-0.20089,-0.24823,-0.16902,-0.06756,-0.10344,-0.04985,0.14222,0.31300,0.43474,0.64361,0.79736,0.87634,0.75741,0.70968,0.58628,0.53323,0.48890,0.30385,0.20076,0.24439,0.37543,0.38534,0.23673,0.06333,-0.03928,-0.15518,-0.21379,-0.28357,-0.32073,-0.38965,-0.40451,-0.34144,-0.34866,-0.43651,-0.41885,-0.36292,-0.45122,-0.49658,-0.58297,-0.65466,-0.69054,-0.69456,-0.64862,-0.63800,-0.60102,-0.53920,-0.47912,-0.43546,-0.39139,-0.34580,-0.25413,-0.21532,-0.12658,-0.05819,-0.01912,0.03308,0.08472,0.07566,0.14457,0.08357,0.10942,0.05548,0.13224,0.20438,0.31769,0.42703,0.40706,0.54064,0.48845,0.37494,0.37007,0.37021,0.27231,0.22180,0.17627,0.12939,0.11625,0.01662,0.00869,-0.04559,-0.13935,-0.18362,-0.26074,-0.27383,-0.31979,-0.31903,-0.26858,-0.31778,-0.36228,-0.36223,-0.36215,-0.30003,-0.31780,-0.25197,-0.21964,-0.24260,-0.26830,-0.32738,-0.31155,-0.39532,-0.37707,-0.40587,-0.38796,-0.33966,-0.27434,-0.19921,-0.16120,-0.09345,-0.09463,-0.00915,-0.01416,-0.03378,-0.09192,-0.19879,-0.21309,-0.14205,-0.07126,-0.04717,0.05938,0.11555,0.25374,0.23474,0.13912,0.10579,0.04909,-0.07963,-0.16356,-0.25451,-0.33557,-0.40219,-0.42366,-0.47365,-0.53216,-0.54911,-0.59996,-0.60576,-0.63619,-0.64241,-0.64125,-0.65101,-0.69305,-0.72351,-0.70457
-0.25159,-0.24353,-0.30937,-0.26287,-0.17312,-0.20353,-0.26024,-0.17132,-0.11524,-0.19071,-0.15676,-0.25461,-0.32227,-0.38828,-0.44077,-0.48910,-0.52358,-0.55713,-0.59049,-0.60060,-0.57219,-0.56875,-0.54103,-0.56882,-0.59167,-0.56028,-0.55692,-0.60955,-0.59870,-0.55727,-0.59090,-0.62783,-0.59323,-0.55664,-0.59620,-0.57978,-0.60776,-0.57203,-0.60632,-0.64674,-0.68076,-0.68519,-0.67328,-0.64744,-0.64465,-0.61274,-0.61061,-0.56095,-0.52813,-0.47782,-0.44764,-0.38019,-0.31309,-0.22408,-0.14522,-0.08346,-0.12848,-0.18283,-0.09062,-0.01935,-0.10837,-0.11322,-0.04570,-0.10381,-0.19684,-0.16724,-0.16095,-0.21887,-0.26452,-0.29084,-0.35785,-0.40534,-0.40323,-0.44063,-0.40497,-0.43500,-0.41024,-0.43891,-0.44211,-0.33291,-0.26854,-0.30574,-0.22540,-0.12392,-0.20158,-0.23118,-0.12280,-0.03436,-0.11185,-0.09909,0.08466,0.21080,0.33099,0.57998,0.71747,0.80306,0.63306,0.54132,0.40660,0.33167,0.28595,0.09976,-0.01463,0.03289,0.17343,0.20626,0.06493,-0.08680,-0.20265,-0.30698,-0.37286,-0.43663,-0.47103,-0.51784,-0.54236,-0.48897,-0.47045,-0.54233,-0.54077,-0.47207,-0.51980,-0.56344,-0.62980,-0.70012,-0.72763,-0.69537,-0.64950,-0.66291,-0.61611,-0.56629,-0.51120,-0.49720,-0.45431,-0.43204,-0.34987,-0.32479,-0.25935,-0.20497,-0.18877,-0.14419,-0.10971,-0.12454,-0.06691,-0.13082,-0.10999,-0.16425,-0.09226,-0.01824,0.09655,0.21600,0.19801,0.34899,0.29486,0.17339,0.16158,0.16681,0.07129,0.02082,-0.01041,-0.06095,-0.08579,-0.18518,-0.19947,-0.25443,-0.34034,-0.38253,-0.44615,-0.45131,-0.48409,-0.48610,-0.43972,-0.48015,-0.51006,-0.49808,-0.48853,-0.42273,-0.42097,-0.34985,-0.33474,-0.36458,-0.40429,-0.45819,-0.46090,-0.52943,-0.52594,-0.55527,-0.54471,-0.51075,-0.45971,-0.39406,-0.36430,-0.30387,-0.30656,-0.22929,-0.23210,-0.24732,-0.29768,-0.39202,-0.39767,-0.33264,-0.26271,-0.23039,-0.12447,-0.05413,0.08861,0.09916,0.03585,0.00693,-0.07681,-0.18455,-0.24314,-0.31561,-0.39186,-0.45105,-0.46030,-0.51468,-0.55672,-0.59483,-0.64195,-0.66783,-0.70435,-0.72325,-0.74066,-0.75585,-0.78918,-0.79529,-0.79114
-0.14896,-0.14227,-0.23058,-0.18629,-0.08345,-0.12917,-0.20940,-0.11256,-0.05806,-0.16611,-0.13825,-0.26030,-0.33095,-0.40255,-0.46434,-0.51675,-0.57381,-0.60369,-0.64579,-0.66295,-0.64568,-0.66342,-0.63681,-0.65449,-0.69193,-0.67968,-0.66859,-0.71388,-0.72605,-0.69740,-0.71931,-0.75771,-0.74538,-0.72055,-0.74844,-0.73439,-0.77201,-0.75138,-0.77547,-0.80447,-0.82271,-0.80859,-0.79101,-0.75311,-0.73141,-0.68991,-0.66072,-0.60649,-0.58677,-0.52537,-0.50547,-0.43091,-0.36345,-0.26537,-0.16931,-0.13326,-0.20993,-0.27858,-0.18334,-0.13007,-0.24453,-0.24950,-0.20928,-0.28102,-0.36046,-0.34664,-0.35680,-0.42125,-0.46831,-0.47545,-0.53539,-0.56198,-0.56823,-0.59324,-0.54841,-0.56523,-0.51543,-0.50051,-0.46817,-0.32709,-0.29966,-0.33954,-0.22034,-0.13277,-0.24656,-0.25578,-0.11949,-0.04897,-0.16716,-0.19953,-0.03042,0.04526,0.16001,0.44608,0.57100,0.66572,0.44204,0.31533,0.17756,0.09261,0.04903,-0.14769,-0.26972,-0.21990,-0.07353,-0.02365,-0.15623,-0.28498,-0.40905,-0.49958,-0.56642,-0.62236,-0.65191,-0.67479,-0.70589,-0.66532,-0.62827,-0.67980,-0.69340,-0.61883,-0.62340,-0.66376,-0.70381,-0.76530,-0.78102,-0.71547,-0.67478,-0.71039,-0.65676,-0.62188,-0.57466,-0.59028,-0.55170,-0.55569,-0.48587,-0.47546,-0.43470,-0.39547,-0.40098,-0.36427,-0.34526,-0.36433,-0.31781,-0.38222,-0.36554,-0.41830,-0.34962,-0.27682,-0.16139,-0.03419,-0.05381,0.11461,0.05632,-0.07296,-0.08855,-0.07995,-0.17316,-0.22357,-0.24302,-0.29590,-0.32977,-0.42503,-0.44450,-0.49687,-0.57254,-0.61183,-0.66070,-0.65877,-0.67703,-0.68164,-0.64090,-0.67090,-0.68466,-0.66340,-0.64384,-0.57415,-0.55221,-0.47596,-0.48082,-0.52105,-0.57476,-0.62110,-0.63935,-0.69184,-0.70178,-0.73020,-0.72764,-0.71066,-0.67487,-0.62044,-0.59813,-0.54624,-0.54858,-0.47937,-0.47988,-0.48782,-0.53449,-0.61589,-0.61622,-0.55902,-0.49125,-0.45306,-0.35185,-0.27053,-0.12784,-0.09034,-0.12282,-0.14689,-0.25443,-0.33835,-0.36759,-0.41897,-0.48519,-0.53373,-0.53088,-0.58550,-0.60851,-0.66900,-0.70868,-0.75247,-0.79143,-0.82152,-0.85401,-0.87190,-0.89150,-0.87608,-0.88411
0.03743,0.04556,-0.03499,0.01179,0.11115,0.07181,-0.00180,0.09499,0.15045,0.05035,0.07989,-0.04078,-0.11501,-0.19004,-0.25633,-0.31337,-0.37512,-0.40937,-0.45778,-0.47786,-0.45763,-0.48070,-0.44974,-0.46889,-0.51545,-0.50552,-0.49035,-0.54323,-0.56477,-0.53499,-0.55752,-0.60636,-0.60179,-0.57903,-0.60785,-0.60054,-0.65636,-0.65077,-0.66240,-0.69335,-0.70196,-0.67072,-0.64507,-0.59261,-0.56208,-0.51068,-0.47621,-0.41272,-0.38951,-0.32084,-0.29865,-0.21746,-0.14598,-0.04317,0.05401,0.08977,0.01040,-0.06206,0.03419,0.08300,-0.03870,-0.04465,-0.01772,-0.09775,-0.17117,-0.16676,-0.18958,-0.26314,-0.31518,-0.30582,-0.36722,-0.38441,-0.39621,-0.41836,-0.36397,-0.37781,-0.31512,-0.29454,-0.26063,-0.11371,-0.08015,-0.12170,-0.00153,0.08951,-0.02443,-0.03415,0.10140,0.17190,0.05484,0.01709,0.18010,0.22969,0.32987,0.59256,0.66763,0.73411,0.52877,0.36336,0.23442,0.12089,0.08996,-0.06320,-0.19680,-0.13717,0.01118,0.09301,-0.01489,-0.11728,-0.25374,-0.33876,-0.41698,-0.47511,-0.50713,-0.51815,-0.56187,-0.52424,-0.46422,-0.51323,-0.53783,-0.44575,-0.43663,-0.48477,-0.52933,-0.60748,-0.62769,-0.55185,-0.49917,-0.53739,-0.47348,-0.43078,-0.37620,-0.39648,-0.35430,-0.36398,-0.29141,-0.28559,-0.25583,-0.22483,-0.25062,-0.22099,-0.22351,-0.25133,-0.22592,-0.29749,-0.29510,-0.35578,-0.30105,-0.22895,-0.11933,0.01130,0.00949,0.17612,0.13055,0.01326,-0.01557,0.00161,-0.07237,-0.11711,-0.11407,-0.17001,-0.22118,-0.31770,-0.35159,-0.40978,-0.48294,-0.52864,-0.56098,-0.54485,-0.54933,-0.55819,-0.51394,-0.54025,-0.54199,-0.50825,-0.47891,-0.39946,-0.36686,-0.28327,-0.29452,-0.33980,-0.40728,-0.45600,-0.48968,-0.54094,-0.56373,-0.59980,-0.60610,-0.60408,-0.58277,-0.52982,-0.52280,-0.47840,-0.49585,-0.43623,-0.42583,-0.43230,-0.45531,-0.52483,-0.50774,-0.44727,-0.37310,-0.31982,-0.21705,-0.12089,0.01806,0.07969,0.07091,0.05004,-0.06896,-0.14127,-0.16056,-0.20900,-0.27950,-0.33134,-0.32711,-0.38834,-0.41487,-0.48618,-0.53382,-0.58873,-0.63850,-0.68038,-0.73074,-0.76045,-0.78633,-0.76524,-0.79586
0.24131,0.25027,0.17851,0.22358,0.31530,0.28198,0.21521,0.30520,0.35690,0.26565,0.29241,0.17819,0.10643,0.03274,-0.03367,-0.09179,-0.15949,-0.19496,-0.24758,-0.27073,-0.25200,-0.28318,-0.25108,-0.26710,-0.32141,-0.31933,-0.30017,-0.35368,-0.38642,-0.36165,-0.38017,-0.43424,-0.44257,-0.42780,-0.45200,-0.45139,-0.52561,-0.53597,-0.53113,-0.55860,-0.55426,-0.50471,-0.47189,-0.40670,-0.36589,-0.30753,-0.26480,-0.19783,-0.17588,-0.10254,-0.08307,-0.00039,0.06891,0.16972,0.26290,0.28942,0.20752,0.13323,0.22310,0.26015,0.13654,0.12901,0.13543,0.05118,-0.00814,-0.01700,-0.05379,-0.13103,-0.18338,-0.15402,-0.20969,-0.21155,-0.22869,-0.24339,-0.18090,-0.18571,-0.10876,-0.07425,-0.03567,0.11209,0.14244,0.09975,0.21901,0.30340,0.18887,0.18360,0.31231,0.37365,0.25797,0.20894,0.35078,0.36240,0.44203,0.67053,0.68782,0.72388,0.54140,0.34311,0.23001,0.08928,0.07040,-0.02526,-0.15976,-0.09658,0.04217,0.15258,0.07811,0.01557,-0.12335,-0.19235,-0.27717,-0.33075,-0.35983,-0.35400,-0.40754,-0.37835,-0.29479,-0.33306,-0.36943,-0.26509,-0.23549,-0.28436,-0.32617,-0.41533,-0.43401,-0.34739,-0.28947,-0.33062,-0.25957,-0.21679,-0.16172,-0.19274,-0.15122,-0.17057,-0.10532,-0.10822,-0.09729,-0.08038,-0.12814,-0.11011,-0.13705,-0.17155,-0.16994,-0.24258,-0.25416,-0.31572,-0.27993,-0.21292,-0.11827,0.00598,0.01910,0.17398,0.14195,0.04465,0.00347,0.02807,-0.02048,-0.05551,-0.02806,-0.08217,-0.14728,-0.23727,-0.28206,-0.34028,-0.40202,-0.44790,-0.45932,-0.43014,-0.41886,-0.43087,-0.38868,-0.40714,-0.39508,-0.34936,-0.31214,-0.22943,-0.18718,-0.10289,-0.12008,-0.16845,-0.24539,-0.29199,-0.34208,-0.38178,-0.41855,-0.45811,-0.47376,-0.48766,-0.48471,-0.44125,-0.45107,-0.41931,-0.44878,-0.40597,-0.38678,-0.39105,-0.38712,-0.43481,-0.40078,-0.34593,-0.27488,-0.20988,-0.11457,-0.00989,0.11389,0.19952,0.22336,0.20776,0.08169,0.03218,0.02895,-0.00706,-0.07475,-0.12299,-0.11402,-0.17718,-0.20034,-0.27963,-0.32902,-0.39436,-0.45192,-0.50446,-0.57181,-0.61071,-0.63828,-0.60585,-0.65741
0.43181,0.43982,0.35395,0.38996,0.48278,0.43869,0.35569,0.43999,0.48191,0.36825,0.38215,0.25837,0.19405,0.12282,0.05406,-0.00341,-0.09181,-0.11936,-0.17730,-0.20751,-0.20512,-0.26114,-0.23378,-0.23425,-0.30262,-0.32683,-0.29970,-0.33795,-0.39777,-0.39375,-0.39449,-0.44608,-0.48460,-0.48961,-0.49592,-0.50262,-0.58864,-0.62401,-0.59772,-0.60460,-0.57507,-0.50195,-0.46384,-0.38637,-0.32381,-0.25822,-0.18571,-0.12074,-0.11761,-0.03699,-0.03304,0.04847,0.10925,0.20642,0.30538,0.29375,0.18459,0.10188,0.18104,0.18771,0.04913,0.04103,0.00536,-0.08710,-0.11720,-0.14952,-0.20691,-0.28346,-0.33085,-0.27335,-0.31131,-0.28130,-0.30760,-0.30192,-0.23224,-0.21564,-0.11100,-0.02298,0.05258,0.21994,0.20290,0.15985,0.30971,0.36369,0.21838,0.24009,0.38213,0.41065,0.26094,0.16120,0.25843,0.19430,0.24926,0.47904,0.45221,0.48125,0.27025,0.03889,-0.06395,-0.21236,-0.22673,-0.28913,-0.41369,-0.35370,-0.23020,-0.10004,-0.13943,-0.14954,-0.28181,-0.31761,-0.39712,-0.43152,-0.45139,-0.41086,-0.47081,-0.46221,-0.35299,-0.36032,-0.41544,-0.30983,-0.22422,-0.26225,-0.26833,-0.34128,-0.34516,-0.22301,-0.17430,-0.24064,-0.16735,-0.14805,-0.10951,-0.17723,-0.14506,-0.19575,-0.15689,-0.18069,-0.20878,-0.21860,-0.29543,-0.29464,-0.34720,-0.38530,-0.40767,-0.47152,-0.49273,-0.54487,-0.52830,-0.47363,-0.39837,-0.28439,-0.26506,-0.11706,-0.14199,-0.22658,-0.27273,-0.24249,-0.27096,-0.29727,-0.24818,-0.29717,-0.37115,-0.44182,-0.49126,-0.54007,-0.57746,-0.61261,-0.59611,-0.55708,-0.52427,-0.53932,-0.51050,-0.51137,-0.47647,-0.41952,-0.37303,-0.29810,-0.23393,-0.15662,-0.19717,-0.24818,-0.33405,-0.36367,-0.43418,-0.44391,-0.49797,-0.53255,-0.55862,-0.59600,-0.61931,-0.59919,-0.62414,-0.61218,-0.64270,-0.62309,-0.60105,-0.59602,-0.57468,-0.59045,-0.54593,-0.51021,-0.45293,-0.38507,-0.31060,-0.20253,-0.10045,0.01717,0.08888,0.08433,-0.05710,-0.06261,-0.02486,-0.02602,-0.07317,-0.10109,-0.07623,-0.13439,-0.13011,-0.22683,-0.26267,-0.34634,-0.40370,-0.46729,-0.55235,-0.59460,-0.60519,-0.54451,-0.61499
0.55383,0.56414,0.49632,0.52474,0.59787,0.56536,0.49974,0.56659,0.59944,0.50931,0.51889,0.41700,0.36318,0.30371,0.24411,0.19462,0.11307,0.08845,0.03558,0.00658,0.00671,-0.04926,-0.02457,-0.02199,-0.08863,-0.11656,-0.08942,-0.12354,-0.18474,-0.18547,-0.18247,-0.23190,-0.27627,-0.28709,-0.28788,-0.29542,-0.38884,-0.43443,-0.39749,-0.39944,-0.36251,-0.28449,-0.24556,-0.16813,-0.10467,-0.04107,0.02873,0.08858,0.08934,0.16264,0.16300,0.23435,0.28406,0.36601,0.44798,0.42988,0.33335,0.25991,0.32233,0.31803,0.19736,0.18851,0.13907,0.05610,0.04268,0.00255,-0.05850,-0.12792,-0.16834,-0.10144,-0.12911,-0.08937,-0.11645,-0.10505,-0.03872,-0.01561,0.08856,0.17742,0.24642,0.39160,0.37489,0.33492,0.46416,0.50460,0.37648,0.40046,0.51901,0.53363,0.40351,0.30777,0.37742,0.28983,0.32212,0.48915,0.41392,0.41136,0.25260,0.02314,-0.05395,-0.19966,-0.19486,-0.20411,-0.31669,-0.26373,-0.16526,-0.02699,-0.03411,-0.00959,-0.12425,-0.14234,-0.21731,-0.24397,-0.25839,-0.20819,-0.26716,-0.26688,-0.15491,-0.15001,-0.20560,-0.10495,-0.01271,-0.04596,-0.04932,-0.12225,-0.12501,-0.00614,0.04097,-0.02115,0.04683,0.06493,0.09833,0.02898,0.05489,0.00304,0.02982,0.00139,-0.03959,-0.06083,-0.14633,-0.15603,-0.22263,-0.26027,-0.30077,-0.35685,-0.38693,-0.43325,-0.43343,-0.38890,-0.33716,-0.24383,-0.21803,-0.10109,-0.10998,-0.16599,-0.21779,-0.18522,-0.18791,-0.20160,-0.13746,-0.17773,-0.25313,-0.30813,-0.36073,-0.40366,-0.42672,-0.45787,-0.42406,-0.37903,-0.33660,-0.35238,-0.32811,-0.32210,-0.27994,-0.21961,-0.17249,-0.10694,-0.04340,0.02505,-0.01605,-0.06259,-0.14450,-0.16764,-0.24279,-0.24170,-0.30103,-0.33409,-0.36654,-0.41301,-0.44983,-0.43939,-0.47704,-0.47763,-0.51616,-0.51256,-0.48529,-0.47920,-0.43614,-0.42999,-0.37640,-0.34965,-0.30155,-0.23247,-0.17515,-0.07605,-0.00050,0.12127,0.21204,0.21236,0.08433,0.09900,0.14618,0.15647,0.11779,0.09785,0.12428,0.07343,0.07996,-0.01194,-0.04471,-0.12577,-0.18212,-0.24594,-0.33268,-0.37864,-0.39124,-0.32896,-0.41307
0.74190,0.74858,0.68939,0.69718,0.74460,0.71244,0.65096,0.68578,0.69496,0.61000,0.59915,0.52140,0.49517,0.45749,0.41357,0.37913,0.29390,0.28592,0.24059,0.20970,0.18880,0.11481,0.12644,0.14885,0.08117,0.02416,0.05380,0.04875,-0.03264,-0.06250,-0.03723,-0.06994,-0.14587,-0.18377,-0.16005,-0.17775,-0.26654,-0.33431,-0.27494,-0.25082,-0.18758,-0.09318,-0.05489,0.02131,0.09892,0.15621,0.24628,0.28756,0.26440,0.32667,0.30604,0.35467,0.37797,0.42937,0.49141,0.42768,0.32577,0.26331,0.28819,0.24099,0.13832,0.12986,0.03025,-0.03852,-0.00282,-0.06842,-0.14497,-0.19539,-0.21703,-0.12392,-0.11756,-0.04237,-0.07623,-0.03944,0.01970,0.06802,0.18305,0.31911,0.41598,0.54120,0.47003,0.44044,0.56786,0.55550,0.42687,0.47968,0.57493,0.54046,0.40827,0.27239,0.25538,0.08108,0.06136,0.15707,0.01598,-0.01342,-0.14292,-0.36285,-0.39810,-0.52636,-0.50058,-0.43553,-0.50429,-0.47235,-0.42926,-0.29144,-0.23279,-0.12543,-0.19807,-0.16247,-0.21370,-0.20611,-0.20260,-0.11603,-0.17056,-0.20430,-0.07984,-0.02679,-0.09654,-0.01774,0.12904,0.11728,0.16155,0.12358,0.13953,0.27465,0.29997,0.22284,0.27603,0.26003,0.26330,0.16249,0.16736,0.08850,0.07011,0.02057,-0.06759,-0.12311,-0.23190,-0.26684,-0.35964,-0.39383,-0.46605,-0.49480,-0.53608,-0.55797,-0.59171,-0.57707,-0.57689,-0.52749,-0.49545,-0.43326,-0.42143,-0.43052,-0.48100,-0.44830,-0.40851,-0.40042,-0.31320,-0.33333,-0.40443,-0.41479,-0.46398,-0.48132,-0.45990,-0.46933,-0.39981,-0.34832,-0.28306,-0.29814,-0.29878,-0.26687,-0.20254,-0.14114,-0.09068,-0.05402,0.02263,0.06160,-0.00027,-0.03643,-0.10905,-0.10330,-0.19005,-0.14495,-0.21738,-0.23667,-0.27890,-0.34756,-0.41592,-0.44126,-0.49524,-0.52817,-0.56478,-0.60288,-0.57521,-0.56532,-0.49524,-0.43662,-0.37475,-0.38183,-0.36779,-0.30885,-0.29811,-0.22103,-0.20542,-0.06669,0.07666,0.09350,-0.01921,0.05916,0.15198,0.20893,0.20811,0.22109,0.26232,0.23370,0.27266,0.18170,0.17448,0.08952,0.04662,-0.01840,-0.11092,-0.15394,-0.14350,-0.05847,-0.15410
0.44826,0.45829,0.40101,0.40146,0.44273,0.41149,0.35455,0.37902,0.38480,0.30757,0.29363,0.23282,0.21954,0.19483,0.16806,0.14604,0.07876,0.07846,0.04860,0.02563,0.00295,-0.05497,-0.05159,-0.02904,-0.07493,-0.12331,-0.10516,-0.09644,-0.15184,-0.18337,-0.16106,-0.17191,-0.22891,-0.26475,-0.24208,-0.25151,-0.30578,-0.33826,-0.30232,-0.27788,-0.23482,-0.17385,-0.15100,-0.10415,-0.04744,-0.01159,0.05804,0.07968,0.05468,0.09827,0.07487,0.10569,0.11739,0.15022,0.19651,0.14046,0.06034,0.01289,0.02711,-0.01034,-0.08194,-0.08966,-0.16417,-0.20861,-0.18105,-0.22894,-0.27998,-0.30999,-0.31991,-0.25527,-0.24399,-0.18791,-0.20922,-0.17918,-0.14164,-0.09812,-0.01329,0.09710,0.17237,0.26479,0.19861,0.17224,0.27437,0.25772,0.14817,0.19371,0.26814,0.23920,0.12832,0.02205,0.01224,-0.10503,-0.10527,-0.01062,-0.08586,-0.08107,-0.19395,-0.33900,-0.38509,-0.47592,-0.46309,-0.44041,-0.47904,-0.46861,-0.44426,-0.36008,-0.33305,-0.26281,-0.30319,-0.27162,-0.30577,-0.29245,-0.28314,-0.22418,-0.25479,-0.28301,-0.20174,-0.15246,-0.19862,-0.15010,-0.04037,-0.03829,0.00418,-0.00796,0.00942,0.11544,0.12481,0.05780,0.08843,0.06419,0.05474,-0.02874,-0.03241,-0.09012,-0.11525,-0.15133,-0.21928,-0.26072,-0.33181,-0.35598,-0.41219,-0.42955,-0.46967,-0.48329,-0.50284,-0.51000,-0.52697,-0.51381,-0.51555,-0.48637,-0.47839,-0.43825,-0.43986,-0.45033,-0.48012,-0.46229,-0.44304,-0.43836,-0.38627,-0.39624,-0.43433,-0.43782,-0.46215,-0.46668,-0.44455,-0.44199,-0.39803,-0.37083,-0.33183,-0.33742,-0.34500,-0.32032,-0.27928,-0.23868,-0.21375,-0.20871,-0.16235,-0.14649,-0.18066,-0.19645,-0.23317,-0.22423,-0.28319,-0.23650,-0.28610,-0.29203,-0.31864,-0.35602,-0.39930,-0.42234,-0.45288,-0.47769,-0.49165,-0.51927,-0.51304,-0.51703,-0.47288,-0.42437,-0.38854,-0.40380,-0.40791,-0.37342,-0.37165,-0.33024,-0.32033,-0.23053,-0.12867,-0.11510,-0.19185,-0.13245,-0.06441,-0.01430,-0.01099,0.00759,0.04370,0.03039,0.06820,0.00730,0.01125,-0.04751,-0.07100,-0.11195,-0.17051,-0.19779,-0.18554,-0.12289,-0.18739
0.39679,0.40077,0.31116,0.31537,0.38205,0.32681,0.23746,0.28184,0.29146,0.16956,0.15476,0.05728,0.03429,-0.00308,-0.04401,-0.07537,-0.16473,-0.16332,-0.20255,-0.23104,-0.26228,-0.33635,-0.33225,-0.30429,-0.36193,-0.42244,-0.39917,-0.38647,-0.45827,-0.49671,-0.46809,-0.48075,-0.54984,-0.58998,-0.56291,-0.57599,-0.62681,-0.66439,-0.62826,-0.59439,-0.54493,-0.47630,-0.45164,-0.39736,-0.32599,-0.28182,-0.18918,-0.16186,-0.19799,-0.14041,-0.16971,-0.12704,-0.10790,-0.05725,0.01554,-0.05735,-0.17293,-0.23708,-0.20745,-0.25134,-0.35757,-0.36436,-0.44833,-0.51179,-0.48632,-0.53820,-0.59576,-0.63329,-0.64865,-0.58046,-0.57195,-0.50669,-0.53355,-0.49863,-0.45226,-0.40520,-0.30242,-0.15795,-0.04723,0.08673,-0.01317,-0.04291,0.10751,0.09002,-0.06189,-0.00060,0.11584,0.08062,-0.07991,-0.22596,-0.23079,-0.36794,-0.35538,-0.17768,-0.21556,-0.17501,-0.37815,-0.54492,-0.61810,-0.70194,-0.70535,-0.74314,-0.79344,-0.77442,-0.72647,-0.64279,-0.63624,-0.57905,-0.63652,-0.60771,-0.64161,-0.62539,-0.61891,-0.54801,-0.58422,-0.61692,-0.52218,-0.46744,-0.52582,-0.47466,-0.33580,-0.33366,-0.26781,-0.26692,-0.24027,-0.10770,-0.10380,-0.19151,-0.15321,-0.19004,-0.20349,-0.30931,-0.31198,-0.38847,-0.41531,-0.46137,-0.53758,-0.58036,-0.65738,-0.67845,-0.73292,-0.75298,-0.78448,-0.80135,-0.81601,-0.82390,-0.83113,-0.81670,-0.79646,-0.74863,-0.74563,-0.66506,-0.68378,-0.72519,-0.74945,-0.73167,-0.73429,-0.74056,-0.69564,-0.71403,-0.75600,-0.76692,-0.79005,-0.79567,-0.77852,-0.77370,-0.73470,-0.70823,-0.66758,-0.67474,-0.68358,-0.65553,-0.60966,-0.56738,-0.53467,-0.51743,-0.45521,-0.42937,-0.48308,-0.51079,-0.56136,-0.54875,-0.61441,-0.56414,-0.61658,-0.62100,-0.64751,-0.68873,-0.73160,-0.75690,-0.78040,-0.80018,-0.80361,-0.82636,-0.82528,-0.82394,-0.79624,-0.75805,-0.72775,-0.74138,-0.74088,-0.70869,-0.69933,-0.64379,-0.61392,-0.50855,-0.39974,-0.38844,-0.49308,-0.43183,-0.34750,-0.28887,-0.28199,-0.25910,-0.21429,-0.23410,-0.18069,-0.25779,-0.24936,-0.32475,-0.34891,-0.39533,-0.46128,-0.48284,-0.45244,-0.36604,-0.42049
-0.07232,-0.06717,-0.16724,-0.16278,-0.08653,-0.14688,-0.24290,-0.19273,-0.17607,-0.30266,-0.31401,-0.41279,-0.43707,-0.47052,-0.50366,-0.52732,-0.59685,-0.59222,-0.61701,-0.63662,-0.66379,-0.71400,-0.71386,-0.69264,-0.72599,-0.76599,-0.75450,-0.73824,-0.77646,-0.80323,-0.78479,-0.78063,-0.81633,-0.83969,-0.82156,-0.81504,-0.82491,-0.81818,-0.82055,-0.79551,-0.77912,-0.75807,-0.75202,-0.73239,-0.69104,-0.66933,-0.60331,-0.59061,-0.62159,-0.58074,-0.60492,-0.57178,-0.55419,-0.50661,-0.43618,-0.48526,-0.58166,-0.63492,-0.59838,-0.61421,-0.70076,-0.70557,-0.73695,-0.78126,-0.78773,-0.80734,-0.82999,-0.85290,-0.86349,-0.84308,-0.84411,-0.81619,-0.82695,-0.80933,-0.78448,-0.75612,-0.69154,-0.58882,-0.50318,-0.38729,-0.47003,-0.49818,-0.36396,-0.36697,-0.50416,-0.45967,-0.34598,-0.35887,-0.50394,-0.60969,-0.57105,-0.61247,-0.55497,-0.32594,-0.24039,-0.13568,-0.36197,-0.44057,-0.53902,-0.56846,-0.60082,-0.74761,-0.78537,-0.78155,-0.72384,-0.71117,-0.77594,-0.80445,-0.84573,-0.84914,-0.86694,-0.85988,-0.85465,-0.82737,-0.83640,-0.84901,-0.81352,-0.78318,-0.80825,-0.78841,-0.70873,-0.69847,-0.64804,-0.62565,-0.60127,-0.50347,-0.51530,-0.58781,-0.57109,-0.60735,-0.62456,-0.70048,-0.70355,-0.75097,-0.76553,-0.79001,-0.82114,-0.83182,-0.85334,-0.84876,-0.84649,-0.84868,-0.82445,-0.83392,-0.81471,-0.81398,-0.78072,-0.75520,-0.71124,-0.66156,-0.69506,-0.60359,-0.65100,-0.72713,-0.72315,-0.72588,-0.78065,-0.80343,-0.81463,-0.83159,-0.83572,-0.85815,-0.85098,-0.85380,-0.85880,-0.84955,-0.85875,-0.86497,-0.86336,-0.86125,-0.86728,-0.85872,-0.84844,-0.83570,-0.82814,-0.82635,-0.79550,-0.77756,-0.80570,-0.82148,-0.84145,-0.83468,-0.85927,-0.83056,-0.84845,-0.84205,-0.84552,-0.84534,-0.84514,-0.85135,-0.83737,-0.82980,-0.80515,-0.79251,-0.81282,-0.81829,-0.84899,-0.85458,-0.86332,-0.86980,-0.87092,-0.86742,-0.84603,-0.81974,-0.76447,-0.72400,-0.69056,-0.69146,-0.76716,-0.75650,-0.71636,-0.68576,-0.68548,-0.66908,-0.63598,-0.64821,-0.60461,-0.65337,-0.63849,-0.68199,-0.68672,-0.70478,-0.72694,-0.72567,-0.69615,-0.63957,-0.64408
-0.46350,-0.45321,-0.51321,-0.51630,-0.47185,-0.50440,-0.55730,-0.53314,-0.52072,-0.58574,-0.59163,-0.63423,-0.64099,-0.65048,-0.65373,-0.65552,-0.67248,-0.66493,-0.66082,-0.66166,-0.67493,-0.67883,-0.68509,-0.67746,-0.66893,-0.67395,-0.68303,-0.66494,-0.64779,-0.65732,-0.65766,-0.63194,-0.61923,-0.62248,-0.61857,-0.59486,-0.56334,-0.51204,-0.54854,-0.54074,-0.56319,-0.59847,-0.61519,-0.63940,-0.64537,-0.65814,-0.65064,-0.66354,-0.67794,-0.67475,-0.68695,-0.68383,-0.68107,-0.66659,-0.64028,-0.64629,-0.67365,-0.68740,-0.67023,-0.65525,-0.67194,-0.67509,-0.64708,-0.64572,-0.67378,-0.65556,-0.63264,-0.62538,-0.62126,-0.65372,-0.65808,-0.67633,-0.66465,-0.67040,-0.68088,-0.67618,-0.67740,-0.66208,-0.64734,-0.61381,-0.64006,-0.65797,-0.60840,-0.60140,-0.66096,-0.64962,-0.60180,-0.59188,-0.65244,-0.66809,-0.61206,-0.53695,-0.46248,-0.31015,-0.15612,-0.04547,-0.16456,-0.11980,-0.20177,-0.17248,-0.20894,-0.37344,-0.37363,-0.39386,-0.36744,-0.42891,-0.52415,-0.61108,-0.60547,-0.62938,-0.62511,-0.62372,-0.61869,-0.64737,-0.62300,-0.61587,-0.65114,-0.64976,-0.63103,-0.65235,-0.66585,-0.64747,-0.63480,-0.59935,-0.58960,-0.56866,-0.59068,-0.61778,-0.63396,-0.65649,-0.67437,-0.69090,-0.69744,-0.68950,-0.69448,-0.68706,-0.66572,-0.64378,-0.60173,-0.57876,-0.52480,-0.50550,-0.44204,-0.43366,-0.39117,-0.37710,-0.32619,-0.30617,-0.27357,-0.25689,-0.30990,-0.26685,-0.31751,-0.37768,-0.34917,-0.37014,-0.44103,-0.46396,-0.52020,-0.52190,-0.48372,-0.50022,-0.46491,-0.45794,-0.47455,-0.45848,-0.50775,-0.54362,-0.58211,-0.56890,-0.57380,-0.58488,-0.61738,-0.63904,-0.66396,-0.69110,-0.71462,-0.72288,-0.70381,-0.69036,-0.66088,-0.66013,-0.63616,-0.63042,-0.60782,-0.59033,-0.57075,-0.52352,-0.48299,-0.47265,-0.43037,-0.40493,-0.36363,-0.33313,-0.37078,-0.39399,-0.45216,-0.48364,-0.52304,-0.52617,-0.54022,-0.56759,-0.55173,-0.57469,-0.53314,-0.57570,-0.62218,-0.63316,-0.63788,-0.67361,-0.69466,-0.69940,-0.70505,-0.69648,-0.68638,-0.68165,-0.66608,-0.65577,-0.63955,-0.63145,-0.61346,-0.59269,-0.56159,-0.53982,-0.52588,-0.51960,-0.48054
-0.71262,-0.70253,-0.74938,-0.73542,-0.68439,-0.70611,-0.74309,-0.70203,-0.67202,-0.71513,-0.70089,-0.74176,-0.76583,-0.78617,-0.79406,-0.80249,-0.79539,-0.80198,-0.79546,-0.78880,-0.77693,-0.74895,-0.74555,-0.76126,-0.73886,-0.70664,-0.72289,-0.73162,-0.68274,-0.65940,-0.68418,-0.66935,-0.61541,-0.58721,-0.61040,-0.57525,-0.53345,-0.45462,-0.52034,-0.54455,-0.59900,-0.66156,-0.68300,-0.71869,-0.75232,-0.77008,-0.79943,-0.80356,-0.78948,-0.78979,-0.77752,-0.76527,-0.74375,-0.71469,-0.68778,-0.64036,-0.63805,-0.64676,-0.60502,-0.54401,-0.55288,-0.55481,-0.46664,-0.46280,-0.53706,-0.48672,-0.43850,-0.43865,-0.44631,-0.51625,-0.55027,-0.61351,-0.59072,-0.62566,-0.64048,-0.66821,-0.70201,-0.75677,-0.78736,-0.76664,-0.72696,-0.74489,-0.72629,-0.67338,-0.69888,-0.72422,-0.68198,-0.62296,-0.64603,-0.59721,-0.46883,-0.29326,-0.17899,-0.00679,0.21089,0.33410,0.23326,0.30919,0.21006,0.24573,0.19641,-0.02415,-0.05075,-0.05847,0.00362,-0.07667,-0.22639,-0.39437,-0.41223,-0.48859,-0.49569,-0.52643,-0.53816,-0.61336,-0.58454,-0.54388,-0.61067,-0.65956,-0.61662,-0.63117,-0.71973,-0.72102,-0.76143,-0.75533,-0.76663,-0.78874,-0.79432,-0.78862,-0.80128,-0.78720,-0.77733,-0.74428,-0.73245,-0.68593,-0.64619,-0.61087,-0.53300,-0.47269,-0.39441,-0.34587,-0.25757,-0.23693,-0.14023,-0.15144,-0.09671,-0.10251,-0.02195,0.01987,0.09160,0.13597,0.07716,0.14711,0.08432,-0.00567,0.02841,0.00320,-0.10257,-0.14292,-0.22913,-0.24383,-0.20011,-0.25089,-0.21349,-0.22615,-0.28240,-0.28709,-0.37592,-0.42265,-0.48871,-0.47421,-0.45710,-0.49468,-0.55615,-0.58885,-0.62205,-0.62631,-0.67288,-0.66163,-0.61697,-0.60671,-0.57494,-0.60128,-0.55209,-0.59599,-0.55069,-0.54399,-0.51034,-0.43601,-0.35909,-0.31281,-0.25019,-0.19320,-0.15319,-0.08267,-0.12047,-0.14825,-0.23655,-0.32067,-0.37406,-0.34567,-0.33029,-0.35703,-0.30386,-0.32058,-0.23600,-0.31589,-0.43032,-0.45751,-0.45292,-0.55501,-0.63224,-0.68932,-0.72716,-0.75184,-0.76449,-0.77299,-0.79643,-0.77144,-0.77695,-0.74900,-0.73567,-0.70406,-0.65369,-0.62844,-0.63942,-0.67167,-0.60826
-0.65410,-0.64432,-0.66899,-0.64450,-0.60056,-0.60734,-0.62179,-0.57799,-0.54155,-0.55665,-0.53025,-0.55890,-0.59081,-0.61582,-0.62600,-0.63884,-0.61942,-0.63662,-0.63179,-0.62256,-0.59460,-0.55221,-0.54115,-0.57027,-0.54613,-0.49563,-0.51349,-0.54153,-0.48162,-0.44100,-0.47908,-0.47721,-0.40817,-0.36653,-0.40384,-0.36877,-0.33823,-0.26050,-0.32727,-0.36953,-0.43196,-0.49552,-0.51251,-0.54264,-0.58502,-0.59806,-0.64595,-0.63968,-0.60702,-0.60587,-0.57916,-0.56012,-0.52904,-0.49476,-0.47335,-0.39696,-0.37365,-0.37875,-0.32897,-0.24915,-0.25181,-0.25369,-0.14687,-0.14528,-0.23425,-0.17604,-0.12480,-0.13398,-0.15026,-0.22483,-0.27318,-0.35103,-0.32698,-0.37430,-0.38483,-0.42730,-0.47043,-0.56132,-0.62035,-0.61089,-0.52685,-0.54662,-0.55307,-0.47453,-0.47349,-0.51972,-0.49110,-0.40881,-0.40187,-0.31897,-0.16590,0.03989,0.15602,0.29730,0.49296,0.58878,0.53487,0.59816,0.50319,0.51532,0.47490,0.28206,0.23671,0.24254,0.31698,0.25450,0.10787,-0.07154,-0.10668,-0.20147,-0.22338,-0.27103,-0.29192,-0.38102,-0.36068,-0.30718,-0.36956,-0.44068,-0.39519,-0.39316,-0.51156,-0.53019,-0.60239,-0.62589,-0.65415,-0.69725,-0.68254,-0.65667,-0.66002,-0.62075,-0.58976,-0.53203,-0.50859,-0.44320,-0.38059,-0.33424,-0.23804,-0.16640,-0.08638,-0.03301,0.05227,0.06655,0.15829,0.13307,0.17954,0.15881,0.23688,0.28656,0.36558,0.42099,0.37640,0.44781,0.39296,0.30836,0.33263,0.31398,0.21485,0.17312,0.09470,0.07383,0.10602,0.04025,0.06596,0.04006,-0.03117,-0.04993,-0.14188,-0.18186,-0.25011,-0.23795,-0.20684,-0.25466,-0.32114,-0.34926,-0.37911,-0.36725,-0.42101,-0.39778,-0.34093,-0.33329,-0.30848,-0.34992,-0.30126,-0.36678,-0.32153,-0.32592,-0.29322,-0.21655,-0.13525,-0.07342,-0.01607,0.04745,0.07279,0.14967,0.12200,0.09163,0.01510,-0.08015,-0.12382,-0.07835,-0.04630,-0.06051,0.00898,0.00463,0.09928,0.01960,-0.10732,-0.13918,-0.13272,-0.25564,-0.35422,-0.43499,-0.49209,-0.53616,-0.56046,-0.57938,-0.62719,-0.59943,-0.62307,-0.59126,-0.58992,-0.56170,-0.51614,-0.50098,-0.53157,-0.58074,-0.52590
-0.71286,-0.70461,-0.67538,-0.66061,-0.66400,-0.64004,-0.60198,-0.59478,-0.57421,-0.51959,-0.49287,-0.45860,-0.46676,-0.46387,-0.44623,-0.43777,-0.37528,-0.38758,-0.36129,-0.33856,-0.30223,-0.23055,-0.22577,-0.26168,-0.21132,-0.14208,-0.17046,-0.19463,-0.10783,-0.05989,-0.10391,-0.09127,-0.00172,0.04830,0.00737,0.04474,0.09475,0.17760,0.10555,0.05658,-0.01728,-0.10400,-0.13200,-0.18568,-0.25592,-0.29068,-0.37762,-0.39092,-0.34886,-0.37910,-0.34546,-0.35652,-0.34639,-0.35138,-0.37777,-0.28283,-0.20054,-0.16866,-0.15129,-0.06811,-0.00872,-0.00821,0.11574,0.15409,0.07475,0.14621,0.21936,0.23515,0.23374,0.13997,0.10142,0.00870,0.04315,-0.01046,-0.04529,-0.10033,-0.18771,-0.33209,-0.43893,-0.50779,-0.39083,-0.39276,-0.47860,-0.41158,-0.33305,-0.39893,-0.44183,-0.36264,-0.27352,-0.13104,-0.01448,0.22153,0.30641,0.31387,0.48171,0.53488,0.61108,0.75184,0.71161,0.76395,0.73580,0.61434,0.60979,0.60068,0.62623,0.53156,0.41708,0.25195,0.26160,0.17741,0.17869,0.13750,0.11973,0.01285,0.05009,0.10665,0.00843,-0.07147,-0.00477,-0.03279,-0.19812,-0.21040,-0.29877,-0.31320,-0.34916,-0.45108,-0.44309,-0.37941,-0.40547,-0.35878,-0.33126,-0.23326,-0.21578,-0.12257,-0.06566,-0.00633,0.10594,0.18162,0.28595,0.33644,0.43117,0.45546,0.54265,0.53571,0.58019,0.57188,0.63312,0.66068,0.70602,0.71746,0.68083,0.68669,0.65387,0.61597,0.64808,0.62400,0.55154,0.52448,0.44044,0.43732,0.48738,0.44552,0.48026,0.46697,0.40697,0.39440,0.30322,0.25639,0.17985,0.19502,0.22184,0.17169,0.09395,0.04997,0.00512,-0.00384,-0.08539,-0.08877,-0.00956,0.01697,0.07022,0.03372,0.10489,0.03397,0.09801,0.09950,0.13996,0.22519,0.31083,0.36899,0.42570,0.48291,0.50758,0.57328,0.54744,0.51886,0.44993,0.36238,0.31192,0.34963,0.36775,0.33714,0.38120,0.34261,0.39446,0.27492,0.12354,0.09296,0.15727,0.03362,-0.08717,-0.17644,-0.22297,-0.26527,-0.30558,-0.30800,-0.37115,-0.30444,-0.32441,-0.25881,-0.24415,-0.19555,-0.12336,-0.10022,-0.13958,-0.22009,-0.15077
-0.74977,-0.74323,-0.71771,-0.69760,-0.69585,-0.67533,-0.63884,-0.62333,-0.59970,-0.54911,-0.51686,-0.49072,-0.50558,-0.50804,-0.49568,-0.49058,-0.42825,-0.44431,-0.42102,-0.39787,-0.35726,-0.28276,-0.27543,-0.31563,-0.26659,-0.19205,-0.21986,-0.25141,-0.16301,-0.10850,-0.15708,-0.14979,-0.05456,0.00268,-0.04287,-0.00319,0.04426,0.12638,0.05202,-0.00074,-0.07872,-0.16751,-0.19496,-0.24743,-0.31884,-0.35132,-0.43957,-0.44710,-0.40131,-0.42858,-0.39024,-0.39626,-0.37991,-0.37664,-0.39511,-0.29221,-0.21268,-0.18440,-0.15748,-0.06747,-0.01517,-0.01349,0.11855,0.15167,0.06410,0.13970,0.21598,0.22622,0.21966,0.12081,0.07399,-0.02522,0.00827,-0.05088,-0.08385,-0.14266,-0.23174,-0.38303,-0.49006,-0.55115,-0.42713,-0.42906,-0.51115,-0.43587,-0.35886,-0.42784,-0.46283,-0.37805,-0.29143,-0.14389,-0.01025,0.23937,0.33254,0.35943,0.54170,0.60084,0.66169,0.79936,0.74700,0.80474,0.77789,0.63435,0.61937,0.61605,0.65580,0.56101,0.43294,0.25153,0.25010,0.15314,0.15135,0.10104,0.07909,-0.03230,0.00326,0.06585,-0.03521,-0.12331,-0.05504,-0.07966,-0.25154,-0.26931,-0.36452,-0.38531,-0.42368,-0.52737,-0.51560,-0.44954,-0.47157,-0.41762,-0.38408,-0.28105,-0.26042,-0.16397,-0.09542,-0.03228,0.08802,0.17065,0.27848,0.33457,0.43399,0.45688,0.54918,0.53536,0.58110,0.56599,0.63492,0.66910,0.72642,0.75012,0.71280,0.73318,0.69719,0.64766,0.67890,0.65485,0.57311,0.54108,0.45177,0.44325,0.49069,0.43981,0.47115,0.45213,0.38173,0.36232,0.26568,0.21869,0.13990,0.15418,0.18742,0.13261,0.05115,0.00866,-0.03467,-0.03419,-0.11596,-0.10971,-0.02983,-0.00934,0.03764,-0.00410,0.06970,-0.01448,0.05239,0.05082,0.09089,0.17752,0.26778,0.33448,0.39336,0.45735,0.47964,0.55551,0.53171,0.50478,0.42965,0.32951,0.27790,0.32592,0.35426,0.32541,0.37990,0.34887,0.41397,0.29359,0.13195,0.09786,0.15590,0.01984,-0.10774,-0.20666,-0.26003,-0.30888,-0.35230,-0.35928,-0.42765,-0.36466,-0.39023,-0.32564,-0.31324,-0.26572,-0.19267,-0.16992,-0.21028,-0.29353,-0.22188
-0.68136,-0.67527,-0.63534,-0.61384,-0.62046,-0.58981,-0.54091,-0.53088,-0.50690,-0.43856,-0.40517,-0.36710,-0.38095,-0.38168,-0.36651,-0.36176,-0.29257,-0.31121,-0.28729,-0.26291,-0.21798,-0.13936,-0.13013,-0.17344,-0.12349,-0.04446,-0.07217,-0.10814,-0.01814,0.04019,-0.01082,-0.00779,0.08882,0.14760,0.09742,0.13003,0.17378,0.25240,0.18392,0.12896,0.04964,-0.03544,-0.05978,-0.10922,-0.18305,-0.21493,-0.30984,-0.31563,-0.26400,-0.29301,-0.24991,-0.25655,-0.23952,-0.23999,-0.26721,-0.15791,-0.06774,-0.03519,-0.01202,0.07939,0.13912,0.14066,0.27345,0.30837,0.22156,0.29666,0.37019,0.38034,0.37317,0.27800,0.23100,0.13196,0.16564,0.10629,0.07438,0.01212,-0.08066,-0.24362,-0.36144,-0.43365,-0.29730,-0.29672,-0.39456,-0.31578,-0.22198,-0.29868,-0.34702,-0.25699,-0.15266,0.00611,0.13272,0.37828,0.45937,0.45440,0.61095,0.64855,0.74054,0.87320,0.83362,0.88387,0.85593,0.75014,0.73930,0.73935,0.77296,0.68818,0.57406,0.40516,0.40365,0.30917,0.30492,0.25473,0.22922,0.11872,0.14958,0.21606,0.12119,0.02478,0.09094,0.07140,-0.10597,-0.12643,-0.23055,-0.26100,-0.30521,-0.41767,-0.39942,-0.32513,-0.34460,-0.28393,-0.24505,-0.13301,-0.10864,-0.00918,0.06212,0.12610,0.24750,0.32877,0.43212,0.48487,0.57690,0.59615,0.67965,0.66458,0.70380,0.68604,0.74555,0.77732,0.82787,0.84824,0.82054,0.82986,0.80314,0.76525,0.79159,0.77060,0.70195,0.67451,0.59419,0.58593,0.62804,0.57902,0.60622,0.58422,0.51464,0.49262,0.40157,0.35965,0.28409,0.29604,0.33004,0.27575,0.19839,0.15559,0.11572,0.11969,0.04029,0.04489,0.12322,0.14667,0.19197,0.14978,0.22150,0.13581,0.19894,0.19335,0.23373,0.31531,0.40133,0.46675,0.51924,0.58065,0.59670,0.66859,0.65113,0.62698,0.56153,0.46425,0.41904,0.46740,0.49866,0.47356,0.52708,0.49843,0.55725,0.44039,0.28095,0.24931,0.31202,0.17750,0.04836,-0.05362,-0.10805,-0.16135,-0.20886,-0.21815,-0.29350,-0.22712,-0.25882,-0.19267,-0.18434,-0.13951,-0.07120,-0.05288,-0.10118,-0.18889,-0.12131
-0.75008,-0.74383,-0.69712,-0.68337,-0.70022,-0.66507,-0.61051,-0.61234,-0.59330,-0.51540,-0.48702,-0.43593,-0.44068,-0.43122,-0.40686,-0.39388,-0.31544,-0.32844,-0.29635,-0.26879,-0.22747,-0.14448,-0.14021,-0.18058,-0.12196,-0.04328,-0.07387,-0.10161,-0.00606,0.04894,0.00084,0.01280,0.11132,0.16843,0.12209,0.15487,0.21412,0.30071,0.22756,0.17604,0.09376,-0.00139,-0.03188,-0.09283,-0.17346,-0.21494,-0.31594,-0.33215,-0.28448,-0.32446,-0.28468,-0.30302,-0.29572,-0.30945,-0.34841,-0.24287,-0.14273,-0.10030,-0.08905,-0.00144,0.07493,0.07748,0.21163,0.25940,0.17905,0.25693,0.33639,0.35807,0.35867,0.25709,0.21769,0.11757,0.15484,0.09719,0.05529,-0.00647,-0.11107,-0.27838,-0.40073,-0.49196,-0.36186,-0.35556,-0.46813,-0.40161,-0.29367,-0.36939,-0.43347,-0.35130,-0.23297,-0.06755,0.04237,0.29035,0.36426,0.33507,0.49957,0.53844,0.64857,0.81346,0.78840,0.86331,0.83483,0.73073,0.73884,0.72777,0.74340,0.63896,0.52870,0.36295,0.38171,0.29549,0.30458,0.26205,0.24086,0.12763,0.16880,0.23165,0.12070,0.02951,0.10321,0.06661,-0.11643,-0.12817,-0.22598,-0.24245,-0.28194,-0.40554,-0.39776,-0.31917,-0.35009,-0.29725,-0.26720,-0.15103,-0.13338,-0.03102,0.03047,0.09567,0.21739,0.29792,0.41080,0.46251,0.56248,0.58817,0.67560,0.67158,0.71533,0.70757,0.76624,0.78998,0.82918,0.83142,0.79889,0.78860,0.76304,0.73512,0.76935,0.74275,0.67633,0.65249,0.56410,0.56352,0.61770,0.58077,0.61682,0.60350,0.54116,0.52619,0.43382,0.38522,0.30596,0.31977,0.34726,0.29436,0.21418,0.16261,0.11635,0.10859,0.02413,0.01744,0.09665,0.12667,0.18386,0.14826,0.22961,0.14960,0.21939,0.22042,0.26410,0.34938,0.43766,0.49763,0.55446,0.61309,0.63545,0.70451,0.68285,0.65858,0.58739,0.49435,0.44148,0.48210,0.50281,0.46672,0.50766,0.46253,0.50618,0.37432,0.20727,0.17642,0.25772,0.12756,-0.00232,-0.09941,-0.14399,-0.19034,-0.23895,-0.23846,-0.30964,-0.23139,-0.25472,-0.17817,-0.15958,-0.10541,-0.02500,0.00090,-0.04279,-0.13602,-0.05842
-0.61797,-0.61387,-0.54272,-0.53491,-0.57518,-0.52666,-0.45025,-0.47134,-0.46293,-0.35698,-0.33197,-0.25339,-0.24639,-0.22495,-0.19082,-0.17041,-0.08111,-0.09107,-0.05397,-0.02399,0.01705,0.10227,0.10422,0.06492,0.12667,0.20344,0.17218,0.14790,0.24235,0.29370,0.24855,0.26178,0.35540,0.40756,0.36472,0.39211,0.44728,0.51935,0.45824,0.40960,0.33580,0.24738,0.21863,0.15824,0.07636,0.03217,-0.07377,-0.09509,-0.04793,-0.09639,-0.05784,-0.08718,-0.09037,-0.12040,-0.17879,-0.07760,0.03864,0.09311,0.08669,0.16358,0.25986,0.26266,0.38402,0.44185,0.37849,0.44941,0.52521,0.55431,0.56094,0.46860,0.43918,0.34752,0.38306,0.33084,0.28565,0.22729,0.11856,-0.05300,-0.18429,-0.30200,-0.16966,-0.15620,-0.29451,-0.24072,-0.10793,-0.18460,-0.27806,-0.20714,-0.06141,0.11101,0.18615,0.40853,0.45274,0.35140,0.46401,0.46782,0.63662,0.80619,0.81189,0.88643,0.87388,0.83514,0.86012,0.84593,0.83464,0.73746,0.66665,0.53917,0.57453,0.50715,0.52170,0.48765,0.47000,0.36631,0.40585,0.46068,0.35505,0.27305,0.34386,0.30311,0.12514,0.11539,0.02051,0.00487,-0.03609,-0.16930,-0.16146,-0.07512,-0.11013,-0.05770,-0.03131,0.08784,0.10093,0.20305,0.25386,0.31558,0.42608,0.49563,0.59952,0.64069,0.72564,0.74993,0.81700,0.82099,0.85379,0.85103,0.88801,0.89696,0.91098,0.89259,0.87334,0.82897,0.82208,0.82590,0.85551,0.83215,0.79485,0.78420,0.71212,0.72011,0.77127,0.75112,0.78303,0.77578,0.72821,0.71658,0.64135,0.60013,0.53144,0.54389,0.56601,0.52016,0.44760,0.39749,0.35399,0.33971,0.25518,0.23791,0.31563,0.35109,0.41150,0.38254,0.45926,0.38875,0.45360,0.45554,0.49449,0.56973,0.64409,0.69403,0.73802,0.78381,0.79820,0.84775,0.83277,0.81018,0.76204,0.68971,0.64665,0.67903,0.69091,0.65604,0.67974,0.62647,0.64128,0.51414,0.36440,0.34023,0.43669,0.32678,0.20541,0.11758,0.08168,0.04166,-0.00790,-0.00090,-0.07145,0.01298,-0.00787,0.07260,0.09214,0.14565,0.22231,0.24437,0.19897,0.10353,0.17134
-0.52378,-0.51941,-0.44293,-0.43363,-0.47714,-0.42508,-0.34338,-0.36541,-0.35729,-0.24498,-0.21903,-0.13809,-0.13223,-0.11208,-0.07967,-0.06119,0.02653,0.01420,0.04863,0.07742,0.12028,0.20345,0.20739,0.16740,0.22506,0.30120,0.27201,0.24395,0.33405,0.38640,0.34098,0.34883,0.43880,0.49044,0.44694,0.46864,0.51561,0.57961,0.52616,0.47759,0.40796,0.32785,0.30297,0.24956,0.17172,0.13211,0.02761,0.01044,0.05971,0.01420,0.05427,0.02755,0.02648,-0.00255,-0.06125,0.04015,0.15656,0.20967,0.20365,0.27786,0.37176,0.37446,0.48878,0.54301,0.48331,0.54966,0.62007,0.64517,0.64968,0.56522,0.53493,0.44769,0.48074,0.42952,0.38899,0.33194,0.22843,0.05841,-0.07314,-0.18974,-0.05302,-0.03983,-0.18047,-0.12544,0.01022,-0.06733,-0.16308,-0.09233,0.05631,0.22733,0.29857,0.50921,0.54430,0.42751,0.51371,0.50034,0.68178,0.83281,0.84722,0.90902,0.90174,0.88764,0.90740,0.89751,0.88651,0.80526,0.74714,0.63384,0.66372,0.59890,0.60842,0.57295,0.55450,0.45663,0.49009,0.54351,0.44925,0.36808,0.43367,0.40090,0.22822,0.21448,0.11688,0.09191,0.04938,-0.08211,-0.06828,0.01937,-0.01007,0.04645,0.07692,0.19503,0.20985,0.30927,0.36168,0.42155,0.52705,0.59252,0.68642,0.72356,0.79739,0.81736,0.87350,0.87381,0.89924,0.89240,0.92211,0.93074,0.94072,0.92245,0.91254,0.86601,0.86675,0.87791,0.90053,0.88186,0.85481,0.84755,0.78730,0.79395,0.83633,0.81588,0.84033,0.83040,0.78456,0.76901,0.70223,0.66829,0.60680,0.61737,0.64146,0.59775,0.53100,0.48674,0.44793,0.43893,0.35969,0.34620,0.42098,0.45334,0.50670,0.47641,0.54645,0.47593,0.53454,0.53214,0.56619,0.63394,0.70092,0.74994,0.78585,0.82780,0.83477,0.87975,0.87060,0.84893,0.81304,0.74662,0.71255,0.74666,0.76180,0.73430,0.75840,0.71296,0.72457,0.60895,0.47053,0.44818,0.53932,0.43524,0.31837,0.23166,0.19436,0.15236,0.10299,0.10684,0.03399,0.11450,0.08951,0.16476,0.17900,0.22664,0.29498,0.31151,0.26349,0.17126,0.22843
-0.38803,-0.38412,-0.29284,-0.29055,-0.35118,-0.29114,-0.19680,-0.23468,-0.23619,-0.10679,-0.08631,0.01270,0.02927,0.05953,0.09888,0.12315,0.21416,0.20515,0.24236,0.27112,0.31015,0.38994,0.39112,0.35579,0.41308,0.48204,0.45430,0.43216,0.51593,0.56140,0.52214,0.53150,0.61134,0.65520,0.61847,0.63517,0.67586,0.72600,0.68588,0.64371,0.58526,0.51470,0.49153,0.44078,0.36708,0.32641,0.22458,0.20253,0.24732,0.19699,0.23265,0.19762,0.18618,0.14333,0.07103,0.16157,0.28442,0.34489,0.32318,0.38261,0.48838,0.49104,0.58703,0.64710,0.60665,0.66299,0.72615,0.75726,0.76772,0.69564,0.67681,0.60287,0.63323,0.59055,0.54916,0.49932,0.39843,0.23736,0.10693,-0.02539,0.10315,0.12119,-0.03317,0.00521,0.15327,0.08112,-0.03402,0.02060,0.18219,0.34845,0.38423,0.56063,0.56845,0.39732,0.43452,0.39265,0.61297,0.75963,0.80091,0.86309,0.86819,0.91010,0.94373,0.93001,0.89576,0.82414,0.80212,0.72890,0.77243,0.72835,0.74404,0.71917,0.70580,0.62221,0.65407,0.69744,0.61196,0.54379,0.60408,0.56806,0.41007,0.40160,0.31287,0.29079,0.25216,0.12101,0.13200,0.22060,0.18816,0.23922,0.26299,0.37568,0.38507,0.47718,0.51609,0.56883,0.65732,0.70876,0.78974,0.81542,0.87232,0.89083,0.92665,0.93525,0.95030,0.94949,0.95988,0.95571,0.94248,0.90536,0.90679,0.83304,0.84915,0.88689,0.90479,0.88973,0.88826,0.89260,0.84870,0.86302,0.90142,0.89763,0.91793,0.91456,0.88504,0.87451,0.82670,0.80043,0.75152,0.76037,0.77744,0.74313,0.68720,0.64704,0.61095,0.59513,0.52086,0.49803,0.56654,0.60234,0.65614,0.63448,0.69742,0.63973,0.69174,0.69156,0.71921,0.77378,0.82457,0.86094,0.88392,0.91178,0.91205,0.93886,0.93528,0.91789,0.90214,0.85829,0.83365,0.85706,0.86263,0.83669,0.84358,0.79308,0.77777,0.67194,0.55685,0.54106,0.64035,0.56142,0.45959,0.38745,0.36187,0.32866,0.28195,0.29208,0.22557,0.30805,0.28779,0.36196,0.37695,0.42209,0.48499,0.49840,0.45301,0.36642,0.41183
-0.41673,-0.41245,-0.32752,-0.32162,-0.37389,-0.31681,-0.22812,-0.25780,-0.25457,-0.13345,-0.11008,-0.02015,-0.00967,0.01465,0.04918,0.06907,0.15731,0.14571,0.17991,0.20813,0.24945,0.32965,0.33302,0.29502,0.35047,0.42214,0.39467,0.36798,0.45296,0.50211,0.45977,0.46610,0.54944,0.59677,0.55684,0.57720,0.61514,0.66789,0.62370,0.57675,0.51529,0.44426,0.42221,0.37361,0.29949,0.26123,0.15994,0.14233,0.18976,0.14392,0.18224,0.15318,0.14753,0.11299,0.04776,0.14414,0.26269,0.31815,0.30493,0.37132,0.46890,0.47098,0.57353,0.62851,0.57936,0.63865,0.70263,0.72859,0.73492,0.65987,0.63508,0.55657,0.58706,0.54130,0.50278,0.45023,0.35159,0.18807,0.05736,-0.06477,0.06904,0.08339,-0.06272,-0.01560,0.12471,0.05044,-0.05417,0.00777,0.16148,0.32843,0.38066,0.56857,0.58884,0.44213,0.49363,0.46212,0.66523,0.80448,0.83124,0.88731,0.89036,0.91288,0.93635,0.92704,0.90550,0.83525,0.80005,0.71163,0.74488,0.69144,0.70154,0.67097,0.65421,0.56657,0.59652,0.64492,0.56022,0.48524,0.54542,0.51522,0.35336,0.34103,0.24686,0.21891,0.17785,0.05160,0.06661,0.15248,0.12369,0.17870,0.20720,0.32106,0.33420,0.42845,0.47453,0.52929,0.62409,0.68095,0.76422,0.79432,0.85521,0.87261,0.91419,0.91758,0.93522,0.92993,0.94687,0.94898,0.94711,0.92181,0.92008,0.86058,0.87095,0.89683,0.91434,0.89925,0.88827,0.88784,0.84018,0.85006,0.88699,0.87438,0.89397,0.88581,0.84796,0.83411,0.77958,0.75223,0.69964,0.70813,0.72916,0.69082,0.63181,0.59169,0.55716,0.54742,0.47284,0.45610,0.52519,0.55907,0.60974,0.58364,0.64654,0.58264,0.63537,0.63328,0.66284,0.72065,0.77687,0.81941,0.84605,0.87958,0.88024,0.91377,0.91009,0.89218,0.86996,0.81655,0.79039,0.81963,0.83153,0.80785,0.82421,0.77899,0.77691,0.67180,0.55066,0.53204,0.62410,0.53489,0.42759,0.34866,0.31625,0.27772,0.23021,0.23554,0.16591,0.24453,0.22032,0.29278,0.30471,0.34882,0.41006,0.42278,0.37451,0.28691,0.33429
-0.41294,-0.40700,-0.33681,-0.32057,-0.35291,-0.30233,-0.22709,-0.23708,-0.22167,-0.11862,-0.08812,-0.02208,-0.02744,-0.01940,0.00166,0.00974,0.08653,0.06713,0.09152,0.11583,0.16267,0.23978,0.24976,0.20712,0.25358,0.32896,0.30450,0.26577,0.34731,0.40420,0.35637,0.35185,0.43756,0.49098,0.44373,0.46348,0.49163,0.54665,0.49955,0.44489,0.38066,0.31534,0.29859,0.26050,0.19113,0.16327,0.06689,0.06280,0.11698,0.08457,0.12880,0.11653,0.12733,0.11418,0.06836,0.17467,0.27900,0.32002,0.32774,0.40578,0.47934,0.48049,0.59103,0.63000,0.56370,0.62557,0.68556,0.69541,0.69013,0.61605,0.57718,0.49333,0.52221,0.47036,0.44316,0.38641,0.29882,0.13516,0.00892,-0.08435,0.06048,0.06701,-0.05727,0.01118,0.13144,0.05211,-0.02608,0.05408,0.18750,0.34957,0.43776,0.63941,0.68019,0.58565,0.65451,0.63477,0.79826,0.90478,0.91035,0.93795,0.93211,0.92540,0.91998,0.92303,0.93319,0.88077,0.82211,0.70992,0.71406,0.64112,0.63409,0.58978,0.56617,0.47451,0.49509,0.55307,0.47995,0.39218,0.44819,0.43802,0.27422,0.25059,0.14443,0.09898,0.05237,-0.06279,-0.03591,0.04539,0.03018,0.09596,0.13752,0.25017,0.27308,0.36679,0.42950,0.48704,0.59063,0.65528,0.73436,0.77128,0.83253,0.84393,0.89171,0.87883,0.89677,0.87754,0.90663,0.92459,0.94613,0.94800,0.94668,0.92185,0.92350,0.92521,0.93647,0.92488,0.89844,0.88864,0.84139,0.83891,0.86498,0.83077,0.84298,0.82213,0.76810,0.74339,0.68072,0.65665,0.60203,0.60857,0.63968,0.59485,0.53470,0.50100,0.47278,0.48128,0.41256,0.41390,0.48237,0.50597,0.54233,0.50464,0.56160,0.48547,0.53369,0.52271,0.55186,0.61105,0.67315,0.72771,0.75641,0.80003,0.79609,0.84374,0.84330,0.82436,0.79680,0.72670,0.70378,0.74625,0.77465,0.76313,0.80188,0.77795,0.80603,0.71242,0.58684,0.56291,0.63118,0.52403,0.41022,0.31919,0.27098,0.22035,0.17223,0.16424,0.08670,0.15162,0.11620,0.17823,0.17989,0.21554,0.26649,0.27325,0.21839,0.13385,0.17631
-0.22485,-0.21852,-0.13217,-0.12224,-0.17252,-0.11252,-0.02336,-0.04898,-0.04285,0.07904,0.10447,0.18775,0.19174,0.20887,0.23548,0.24844,0.32657,0.30974,0.33511,0.35845,0.40189,0.47338,0.48180,0.44398,0.48714,0.55433,0.53294,0.49836,0.56985,0.61968,0.57840,0.57258,0.64495,0.69004,0.64996,0.66095,0.67954,0.71558,0.68534,0.63758,0.58771,0.53670,0.52393,0.49279,0.43053,0.40466,0.31278,0.30668,0.35700,0.32150,0.36138,0.34233,0.34420,0.31859,0.25990,0.35392,0.46323,0.51044,0.50263,0.56346,0.64639,0.64769,0.73497,0.77725,0.73318,0.78182,0.83034,0.84372,0.84309,0.78687,0.75925,0.69195,0.71632,0.67381,0.64841,0.60020,0.51875,0.36654,0.24352,0.13676,0.27332,0.28491,0.14788,0.20018,0.33286,0.25942,0.16206,0.22588,0.37199,0.52526,0.57546,0.73387,0.74182,0.58665,0.59227,0.53476,0.74105,0.83354,0.87293,0.89408,0.90234,0.96197,0.96713,0.96829,0.95541,0.92227,0.90642,0.84275,0.85781,0.80773,0.80460,0.77034,0.75167,0.67833,0.69418,0.74028,0.68156,0.60889,0.65657,0.64728,0.50314,0.48276,0.38550,0.33972,0.29611,0.18299,0.21000,0.29186,0.27685,0.33844,0.37526,0.48078,0.49885,0.58233,0.63175,0.68086,0.76345,0.81131,0.87092,0.89394,0.93191,0.93939,0.96077,0.95388,0.95720,0.94190,0.94765,0.95277,0.94936,0.93268,0.94712,0.89453,0.91486,0.94696,0.95006,0.94459,0.94964,0.95309,0.92898,0.93317,0.95025,0.93296,0.93667,0.92137,0.88538,0.86350,0.82521,0.81322,0.77569,0.77928,0.80412,0.77006,0.72482,0.69876,0.67670,0.68186,0.62224,0.61707,0.67689,0.70066,0.73258,0.70287,0.74857,0.68628,0.72366,0.71222,0.73214,0.77304,0.81415,0.85488,0.86647,0.89375,0.87915,0.90617,0.91433,0.90024,0.89914,0.85539,0.84668,0.87907,0.89966,0.89396,0.91495,0.89089,0.89049,0.81404,0.71842,0.70193,0.77510,0.69735,0.60295,0.52812,0.49152,0.44945,0.40453,0.40116,0.32949,0.39303,0.36039,0.41768,0.41740,0.44680,0.48716,0.48746,0.43467,0.35780,0.38212
-0.07129,-0.06584,0.02832,0.03319,-0.02776,0.03573,0.13066,0.09471,0.09307,0.22176,0.24197,0.33465,0.34561,0.36881,0.39811,0.41346,0.48905,0.47516,0.49996,0.52149,0.55998,0.62363,0.63042,0.59763,0.63612,0.69371,0.67533,0.64558,0.70625,0.74814,0.71363,0.70717,0.76609,0.80244,0.76924,0.77492,0.78341,0.80220,0.78736,0.74854,0.71072,0.67353,0.66459,0.64046,0.58689,0.56383,0.48017,0.47292,0.51742,0.48211,0.51676,0.49340,0.48853,0.45514,0.38962,0.46990,0.57705,0.62610,0.60687,0.65225,0.73773,0.73849,0.80372,0.84599,0.82058,0.85649,0.89453,0.91039,0.91357,0.87316,0.85536,0.80396,0.82364,0.79070,0.76796,0.72896,0.65715,0.52190,0.40716,0.29561,0.41970,0.43340,0.29427,0.33107,0.46491,0.40049,0.29424,0.34117,0.48784,0.62703,0.64602,0.76392,0.74829,0.55759,0.51458,0.43453,0.66219,0.73894,0.79152,0.80967,0.83207,0.93780,0.95237,0.95257,0.92261,0.90489,0.92267,0.89778,0.92021,0.89006,0.88974,0.86509,0.85013,0.79440,0.80523,0.84029,0.79715,0.73919,0.77737,0.76947,0.64854,0.63150,0.54615,0.50240,0.46177,0.35874,0.38497,0.46144,0.44719,0.50312,0.53377,0.62775,0.64101,0.71344,0.75070,0.79020,0.85301,0.88573,0.92816,0.93950,0.95813,0.96232,0.96275,0.96123,0.95408,0.94279,0.93059,0.92530,0.90304,0.87467,0.89989,0.82911,0.86201,0.91472,0.91147,0.91076,0.93865,0.95205,0.94655,0.95581,0.96550,0.96197,0.95973,0.94883,0.92710,0.90894,0.89061,0.88785,0.86462,0.86579,0.88477,0.86065,0.82819,0.80841,0.79285,0.79478,0.74436,0.73384,0.78307,0.80778,0.83521,0.81407,0.84858,0.79976,0.82693,0.81624,0.82862,0.85446,0.87816,0.90703,0.90512,0.91868,0.89675,0.90590,0.92006,0.90963,0.92885,0.90709,0.90995,0.93403,0.94787,0.94555,0.95265,0.92861,0.90721,0.84802,0.78048,0.77070,0.84326,0.79113,0.71590,0.65665,0.63011,0.59684,0.55725,0.55711,0.49405,0.55300,0.52418,0.57504,0.57286,0.59624,0.62576,0.62118,0.57199,0.50431,0.51420
-0.05477,-0.04799,0.02279,0.04303,0.01266,0.06452,0.13797,0.13217,0.14773,0.24649,0.27664,0.33294,0.32078,0.31969,0.32880,0.32592,0.38219,0.35697,0.36630,0.38168,0.42745,0.48486,0.50126,0.46194,0.48636,0.54789,0.53374,0.48689,0.54189,0.59345,0.55100,0.52908,0.59032,0.63369,0.59029,0.59648,0.58704,0.60784,0.59002,0.54040,0.49983,0.47299,0.47268,0.46562,0.42095,0.41413,0.34030,0.35332,0.40617,0.39259,0.43498,0.43748,0.45594,0.45457,0.41870,0.51188,0.59557,0.62206,0.63363,0.69560,0.74361,0.74238,0.81733,0.83466,0.78492,0.82248,0.85349,0.84559,0.83201,0.79440,0.75675,0.69902,0.71504,0.67472,0.66993,0.62643,0.57338,0.44242,0.33627,0.26993,0.40747,0.40763,0.30446,0.37162,0.47142,0.40206,0.33703,0.40845,0.52077,0.65024,0.72179,0.85698,0.87280,0.76335,0.74369,0.68291,0.84776,0.87252,0.88350,0.85792,0.86990,0.93351,0.90691,0.92691,0.94387,0.95259,0.93715,0.87952,0.85838,0.80094,0.77447,0.73096,0.70609,0.64591,0.64170,0.68898,0.66708,0.59233,0.62185,0.64403,0.52389,0.49080,0.38970,0.31970,0.27254,0.19025,0.23387,0.30071,0.30741,0.37770,0.42705,0.51594,0.54332,0.61448,0.67510,0.71701,0.78986,0.83305,0.86797,0.88885,0.90648,0.90150,0.91004,0.88536,0.87836,0.84738,0.85143,0.86917,0.88189,0.89470,0.92006,0.90105,0.92071,0.93759,0.92489,0.92983,0.93471,0.93401,0.93010,0.92140,0.91449,0.87970,0.86637,0.83731,0.79209,0.75973,0.73011,0.73247,0.70708,0.70587,0.73941,0.70637,0.67256,0.66344,0.65665,0.68352,0.64172,0.65726,0.70537,0.71632,0.72316,0.68573,0.70939,0.64432,0.66421,0.64168,0.65262,0.68082,0.71202,0.75800,0.75913,0.78655,0.75904,0.78624,0.80326,0.78983,0.80264,0.75887,0.76785,0.81100,0.84737,0.86257,0.90267,0.90960,0.93190,0.89199,0.82235,0.80599,0.84134,0.76533,0.68216,0.60659,0.55637,0.50567,0.46687,0.44691,0.37392,0.41171,0.36684,0.40049,0.38202,0.39181,0.40455,0.39064,0.33264,0.27206,0.27414
0.03045,0.03806,0.10619,0.12827,0.10118,0.15235,0.22272,0.22056,0.23793,0.33250,0.36329,0.41263,0.39705,0.39122,0.39561,0.38884,0.43804,0.41067,0.41484,0.42748,0.47346,0.52500,0.54368,0.50511,0.52249,0.58064,0.57005,0.52073,0.56729,0.61807,0.57746,0.54986,0.60437,0.64603,0.60387,0.60734,0.58813,0.60216,0.58884,0.53792,0.50389,0.48749,0.49169,0.49323,0.45506,0.45500,0.38804,0.40672,0.45981,0.45208,0.49484,0.50319,0.52511,0.52933,0.49932,0.58886,0.66466,0.68597,0.70157,0.75987,0.79776,0.79663,0.86334,0.87319,0.82581,0.85816,0.88074,0.86622,0.84891,0.82081,0.78233,0.73097,0.74363,0.70548,0.70731,0.66570,0.62226,0.50018,0.40136,0.34618,0.48098,0.48002,0.38616,0.45472,0.54722,0.48008,0.42238,0.49416,0.59872,0.71726,0.78802,0.90570,0.91670,0.81067,0.77359,0.70400,0.86100,0.86246,0.88306,0.83847,0.85266,0.92712,0.88906,0.91460,0.93752,0.96324,0.95466,0.90860,0.87780,0.82220,0.78951,0.74464,0.71954,0.66718,0.65653,0.70236,0.69194,0.61870,0.64167,0.67385,0.56478,0.52800,0.42813,0.35167,0.30439,0.23093,0.27954,0.34217,0.35597,0.42752,0.48043,0.56342,0.59335,0.65680,0.71800,0.75658,0.82257,0.86122,0.88440,0.90214,0.90908,0.89945,0.89893,0.86891,0.85598,0.82043,0.82028,0.83901,0.85428,0.87258,0.90423,0.89266,0.91457,0.93154,0.91266,0.92191,0.93276,0.93286,0.93917,0.92693,0.91028,0.87286,0.85244,0.82036,0.77700,0.74133,0.71924,0.72852,0.71028,0.70655,0.74130,0.71075,0.68432,0.68285,0.68167,0.71581,0.68212,0.70338,0.74740,0.75156,0.74888,0.70938,0.72401,0.66063,0.67351,0.64739,0.65453,0.67345,0.69741,0.74164,0.73628,0.76094,0.72820,0.75267,0.77488,0.76458,0.78489,0.74537,0.76094,0.80376,0.84420,0.86868,0.91115,0.92882,0.95352,0.92814,0.87111,0.85608,0.88028,0.81063,0.73529,0.66289,0.61164,0.55968,0.52278,0.49863,0.42643,0.45454,0.40659,0.43193,0.40818,0.41079,0.41406,0.39530,0.33700,0.28271,0.27446
0.27022,0.27698,0.35801,0.36910,0.32193,0.37885,0.45889,0.43614,0.43877,0.54614,0.56655,0.63312,0.63190,0.63916,0.65041,0.65097,0.69649,0.67623,0.68131,0.69134,0.72707,0.76528,0.77956,0.75152,0.76257,0.80284,0.79730,0.75944,0.78750,0.82283,0.79559,0.76987,0.80058,0.82636,0.79871,0.79170,0.76201,0.74831,0.75925,0.72456,0.71271,0.71678,0.72550,0.73536,0.71113,0.71354,0.66077,0.67425,0.71547,0.70461,0.73610,0.73383,0.74115,0.72875,0.68539,0.74801,0.82118,0.84803,0.84088,0.86997,0.91571,0.91470,0.94261,0.95567,0.94305,0.95418,0.95993,0.95236,0.94342,0.94168,0.92255,0.89920,0.90434,0.88330,0.88655,0.86135,0.83160,0.73952,0.65659,0.59005,0.69806,0.70315,0.60416,0.64263,0.73943,0.68899,0.61345,0.65338,0.76081,0.85289,0.86455,0.91143,0.87884,0.70743,0.59339,0.48519,0.67886,0.66285,0.71847,0.67461,0.70874,0.85876,0.84083,0.86081,0.85012,0.89640,0.94615,0.96784,0.95574,0.93752,0.91414,0.88818,0.87210,0.85031,0.83477,0.85921,0.86880,0.82492,0.83398,0.86275,0.79399,0.76556,0.69026,0.62356,0.58498,0.52413,0.56681,0.62198,0.63320,0.69106,0.73084,0.79410,0.81319,0.85634,0.89274,0.91507,0.94549,0.95753,0.95314,0.95032,0.92647,0.91326,0.87837,0.86051,0.83056,0.80491,0.77453,0.77336,0.75215,0.74528,0.79318,0.74577,0.78967,0.84445,0.81784,0.83370,0.88433,0.90159,0.93682,0.93540,0.90975,0.89950,0.87076,0.85000,0.83483,0.80747,0.81976,0.84338,0.84929,0.84239,0.86487,0.85202,0.84725,0.85521,0.86338,0.88887,0.87048,0.87988,0.90642,0.91116,0.90344,0.88020,0.87836,0.84070,0.83779,0.81455,0.80897,0.80259,0.79653,0.81780,0.79045,0.79051,0.74790,0.74116,0.77243,0.76937,0.82222,0.82171,0.85383,0.87915,0.90442,0.93222,0.94590,0.95972,0.94454,0.94506,0.93456,0.93112,0.95876,0.93557,0.89487,0.85246,0.82219,0.78819,0.76047,0.74577,0.69015,0.71267,0.67437,0.69109,0.66804,0.66305,0.65165,0.62711,0.57875,0.54058,0.51085
0.44581,0.45218,0.51644,0.53288,0.50120,0.54801,0.61088,0.60140,0.60825,0.69083,0.71062,0.75335,0.74233,0.73700,0.73444,0.72328,0.74628,0.72254,0.71424,0.71629,0.74841,0.76834,0.78699,0.76259,0.75540,0.78318,0.78534,0.74302,0.75061,0.78078,0.75804,0.72140,0.73477,0.75310,0.72780,0.71264,0.66059,0.62848,0.65601,0.62824,0.63018,0.65859,0.67797,0.70909,0.70498,0.72360,0.69398,0.72042,0.75731,0.76490,0.79317,0.80650,0.82407,0.82864,0.80478,0.85455,0.89973,0.90819,0.91206,0.93233,0.94733,0.94407,0.95003,0.94224,0.93460,0.93076,0.91725,0.89427,0.87714,0.89784,0.87648,0.86979,0.86572,0.85241,0.87284,0.85753,0.85700,0.79754,0.73949,0.70946,0.80247,0.79904,0.73511,0.77557,0.83821,0.79940,0.75274,0.78850,0.85918,0.91770,0.93143,0.93807,0.90239,0.76669,0.62248,0.51086,0.66294,0.58749,0.62243,0.54533,0.58388,0.74359,0.70774,0.73986,0.74619,0.82878,0.88869,0.93065,0.89417,0.88035,0.84189,0.81537,0.79677,0.79543,0.76313,0.78170,0.82614,0.79104,0.78089,0.83262,0.79956,0.76555,0.69964,0.62091,0.58490,0.55897,0.61011,0.64523,0.67278,0.72924,0.77264,0.81178,0.83455,0.85894,0.89559,0.90631,0.91738,0.91802,0.88652,0.87706,0.83080,0.80747,0.75685,0.72877,0.68862,0.65472,0.61809,0.62366,0.60800,0.61903,0.67622,0.65197,0.69676,0.74336,0.70325,0.72791,0.78425,0.80127,0.85743,0.84836,0.80302,0.78554,0.74332,0.71512,0.70011,0.66783,0.69493,0.73215,0.75365,0.74235,0.76722,0.76095,0.77184,0.79517,0.81736,0.85623,0.85878,0.88154,0.89098,0.88560,0.85660,0.83322,0.80978,0.77904,0.75757,0.72725,0.71137,0.68848,0.66752,0.68563,0.64615,0.64040,0.58828,0.57523,0.61326,0.61185,0.68030,0.68885,0.73779,0.76630,0.79945,0.84261,0.86384,0.90123,0.89649,0.93398,0.95634,0.95659,0.95143,0.94277,0.92352,0.89129,0.85772,0.82373,0.80545,0.78013,0.73266,0.73087,0.68792,0.68133,0.64506,0.62207,0.58492,0.54884,0.50234,0.48519,0.43349
0.46132,0.46898,0.50039,0.53214,0.53710,0.56609,0.59835,0.62341,0.64808,0.68872,0.71702,0.71356,0.67832,0.64633,0.62061,0.58995,0.58711,0.55310,0.52698,0.52111,0.55723,0.56502,0.59279,0.56483,0.54000,0.56692,0.57534,0.51876,0.51479,0.55127,0.52410,0.47231,0.48278,0.50526,0.47301,0.45906,0.38837,0.35769,0.38225,0.34706,0.34910,0.39038,0.41867,0.46849,0.47756,0.51451,0.50195,0.54922,0.59087,0.62324,0.65654,0.69816,0.73928,0.77879,0.79138,0.84614,0.85790,0.83974,0.87664,0.90872,0.87831,0.87340,0.88343,0.84678,0.81690,0.81208,0.78877,0.74099,0.70657,0.73326,0.69357,0.68521,0.67608,0.65814,0.69816,0.68124,0.70581,0.66222,0.62323,0.64814,0.74240,0.72564,0.70996,0.77729,0.79464,0.75643,0.76102,0.81679,0.84047,0.87695,0.94233,0.95484,0.95115,0.91527,0.79925,0.71364,0.78031,0.64662,0.63938,0.52148,0.54440,0.65048,0.57222,0.62418,0.68031,0.79007,0.81389,0.82523,0.74319,0.70428,0.64068,0.59739,0.57000,0.56883,0.52076,0.54987,0.61743,0.56913,0.54792,0.63124,0.60866,0.56025,0.48585,0.38499,0.34522,0.34866,0.41467,0.43407,0.48394,0.55019,0.60929,0.63560,0.67187,0.68731,0.74475,0.75423,0.77035,0.77871,0.73645,0.73583,0.68763,0.65470,0.61267,0.56092,0.52195,0.46949,0.45106,0.48091,0.50398,0.55909,0.61244,0.64707,0.67510,0.68015,0.63149,0.66188,0.69216,0.69342,0.75053,0.72229,0.65927,0.61050,0.55757,0.51143,0.47502,0.43029,0.44810,0.49031,0.51166,0.49752,0.53503,0.52201,0.53488,0.57193,0.60265,0.66501,0.68097,0.73013,0.73505,0.71376,0.66218,0.62415,0.58699,0.54338,0.51335,0.47266,0.45472,0.43038,0.41510,0.44732,0.41088,0.41827,0.36229,0.36864,0.40790,0.40626,0.46519,0.45326,0.50684,0.55149,0.60716,0.66850,0.72232,0.79322,0.83465,0.89511,0.91895,0.91385,0.86515,0.83755,0.81703,0.77351,0.71940,0.67080,0.65649,0.61109,0.55946,0.53054,0.47439,0.44640,0.39425,0.35608,0.30153,0.25674,0.20603,0.20078,0.13909
0.53796,0.54437,0.59452,0.61670,0.59937,0.63805,0.68695,0.69124,0.70388,0.76695,0.78914,0.81030,0.78974,0.77226,0.75813,0.73785,0.74460,0.71659,0.69780,0.69439,0.72621,0.73496,0.75747,0.73433,0.71464,0.73659,0.74433,0.69727,0.69144,0.72074,0.69979,0.65424,0.65802,0.67398,0.64953,0.63173,0.56474,0.52494,0.55771,0.52915,0.53891,0.58180,0.60827,0.65331,0.66087,0.69153,0.67604,0.71349,0.75035,0.77144,0.80004,0.82713,0.85407,0.87346,0.86712,0.91147,0.93633,0.93124,0.94761,0.96545,0.95618,0.95258,0.94835,0.92447,0.91479,0.90359,0.87862,0.84249,0.81731,0.85028,0.82434,0.82577,0.81628,0.80556,0.83840,0.82620,0.84434,0.80282,0.76095,0.75909,0.84461,0.83613,0.79826,0.84529,0.88458,0.85027,0.82761,0.86601,0.91222,0.95003,0.97466,0.96027,0.92819,0.82795,0.67406,0.56234,0.67649,0.56049,0.58884,0.48475,0.51964,0.67495,0.61948,0.66257,0.68750,0.79366,0.85201,0.89889,0.84089,0.82422,0.77361,0.74282,0.72224,0.73090,0.68724,0.70571,0.76992,0.73525,0.71384,0.78412,0.76926,0.72810,0.66516,0.57670,0.54015,0.53381,0.59276,0.61738,0.65809,0.71602,0.76561,0.79196,0.82021,0.83202,0.87354,0.87852,0.88157,0.87813,0.83116,0.82035,0.76245,0.73162,0.67408,0.63504,0.58941,0.54712,0.51071,0.52365,0.52044,0.54864,0.61017,0.60965,0.65284,0.68719,0.63927,0.66970,0.72438,0.73776,0.80447,0.78687,0.72709,0.69963,0.64741,0.61209,0.59414,0.55712,0.59013,0.63526,0.66468,0.65020,0.67860,0.67379,0.69378,0.72954,0.75927,0.80896,0.82437,0.85880,0.86126,0.84624,0.80199,0.77468,0.73703,0.70644,0.67509,0.63956,0.61887,0.58572,0.55819,0.57697,0.53175,0.52581,0.46779,0.45637,0.49892,0.50139,0.57442,0.58345,0.64001,0.67149,0.71372,0.77035,0.80162,0.85884,0.86821,0.92747,0.96571,0.96667,0.93697,0.93239,0.92312,0.89349,0.85481,0.81730,0.80358,0.76892,0.72355,0.70350,0.65551,0.63359,0.58799,0.55342,0.50174,0.45875,0.41279,0.40730,0.34227
0.71907,0.72386,0.77173,0.78535,0.76117,0.79637,0.84045,0.83406,0.83638,0.89241,0.90390,0.92666,0.91526,0.90425,0.89171,0.87463,0.86950,0.84834,0.82742,0.81945,0.83877,0.83000,0.84856,0.83708,0.80828,0.81005,0.82328,0.78832,0.76238,0.77508,0.76777,0.72480,0.70460,0.70414,0.69349,0.66604,0.59118,0.53097,0.58301,0.57098,0.60087,0.66325,0.69437,0.74859,0.77258,0.80751,0.81262,0.84671,0.86938,0.89270,0.90887,0.93134,0.94856,0.96009,0.95150,0.96642,0.97659,0.96912,0.97131,0.96295,0.94936,0.94532,0.90559,0.87931,0.89712,0.86632,0.82435,0.79153,0.77232,0.82931,0.81977,0.84729,0.82999,0.83575,0.87265,0.87746,0.91453,0.91112,0.89433,0.89786,0.94915,0.94258,0.91840,0.93951,0.96483,0.95008,0.92771,0.93830,0.96830,0.97108,0.95057,0.87145,0.81045,0.68674,0.48347,0.35543,0.46802,0.33019,0.37398,0.26566,0.31249,0.51095,0.46917,0.50741,0.51145,0.63465,0.73216,0.83061,0.78378,0.79781,0.75321,0.73942,0.72695,0.76409,0.71534,0.71397,0.79918,0.79288,0.75613,0.82525,0.85425,0.82154,0.78657,0.70984,0.68488,0.70152,0.75325,0.76190,0.80274,0.84345,0.87928,0.87934,0.89830,0.88756,0.90604,0.89453,0.86437,0.83790,0.76619,0.73926,0.65703,0.62306,0.54146,0.51191,0.45540,0.42183,0.36506,0.36479,0.33778,0.35074,0.42086,0.40288,0.45739,0.51212,0.45853,0.49360,0.57353,0.59801,0.68634,0.67560,0.60866,0.60124,0.54441,0.51853,0.52352,0.49499,0.55419,0.60942,0.65849,0.64175,0.65894,0.66969,0.70915,0.75307,0.79112,0.83357,0.86587,0.89239,0.87643,0.86034,0.81014,0.79690,0.74321,0.73812,0.69171,0.65966,0.62868,0.57528,0.52390,0.52257,0.46234,0.43711,0.37542,0.34005,0.38654,0.39393,0.48837,0.52813,0.59663,0.61261,0.64147,0.69990,0.70954,0.76617,0.74938,0.83442,0.91479,0.92565,0.88960,0.92441,0.94874,0.94800,0.92748,0.90712,0.90487,0.87667,0.85159,0.82115,0.78373,0.74918,0.70434,0.66103,0.59488,0.54803,0.51479,0.52965,0.44778
0.79987,0.80504,0.81686,0.84020,0.84982,0.86385,0.87275,0.89481,0.90958,0.91714,0.93040,0.90776,0.87776,0.84425,0.81054,0.77626,0.73907,0.71247,0.67384,0.65588,0.67131,0.64139,0.66597,0.65775,0.60786,0.59751,0.61862,0.57757,0.53153,0.54044,0.53576,0.48199,0.44730,0.44125,0.43102,0.39945,0.30649,0.23998,0.29743,0.28819,0.32754,0.41025,0.45140,0.52665,0.57235,0.62596,0.65889,0.71013,0.72841,0.77674,0.79013,0.83691,0.87175,0.91359,0.94013,0.94382,0.91242,0.87725,0.90447,0.89443,0.83407,0.82798,0.77504,0.71998,0.72987,0.68892,0.63010,0.57584,0.54363,0.61669,0.59804,0.63646,0.61057,0.61984,0.67646,0.68973,0.76036,0.79389,0.81027,0.87156,0.90335,0.88425,0.91700,0.95067,0.92041,0.91763,0.94755,0.96312,0.93502,0.89732,0.90539,0.80286,0.76184,0.73035,0.53733,0.43327,0.45637,0.25419,0.25659,0.11016,0.14913,0.30645,0.23194,0.28559,0.32752,0.48148,0.55996,0.65119,0.56699,0.57218,0.50665,0.48631,0.47009,0.52058,0.45565,0.45277,0.56978,0.56762,0.51279,0.60886,0.67110,0.63047,0.60364,0.51452,0.49367,0.55329,0.61333,0.59578,0.65707,0.69614,0.73805,0.71029,0.73605,0.70650,0.73185,0.71124,0.66927,0.63948,0.54712,0.52176,0.42830,0.38511,0.30288,0.25666,0.19815,0.15264,0.10536,0.12147,0.12064,0.16707,0.23635,0.26827,0.30998,0.33243,0.26953,0.31095,0.37443,0.38850,0.48541,0.46006,0.37538,0.34771,0.28050,0.24354,0.23877,0.20392,0.26499,0.32799,0.38497,0.36569,0.38880,0.40109,0.45044,0.50999,0.55884,0.61834,0.67078,0.71851,0.68900,0.65773,0.58464,0.56503,0.49155,0.48849,0.42718,0.38785,0.34987,0.28843,0.23247,0.23496,0.17271,0.15097,0.08592,0.05760,0.10433,0.11000,0.20434,0.23958,0.31739,0.34114,0.38248,0.45700,0.48729,0.57382,0.58926,0.70779,0.80943,0.81936,0.73858,0.77377,0.81345,0.81716,0.78580,0.76139,0.76997,0.72691,0.70970,0.64918,0.60596,0.54440,0.48624,0.42496,0.33630,0.28066,0.25197,0.29022,0.19395
0.77181,0.77697,0.78474,0.81197,0.82782,0.83999,0.84523,0.87408,0.89321,0.89602,0.91261,0.88278,0.84770,0.80902,0.77139,0.73374,0.69456,0.66498,0.62387,0.60555,0.62387,0.59516,0.62169,0.61093,0.55997,0.55308,0.57453,0.52959,0.48456,0.49729,0.49003,0.43345,0.40188,0.39947,0.38628,0.35603,0.26208,0.19947,0.25266,0.23814,0.27515,0.35670,0.39824,0.47456,0.51922,0.57488,0.60708,0.66219,0.68376,0.73504,0.75183,0.80377,0.84373,0.89204,0.92515,0.93461,0.90036,0.86194,0.89700,0.89295,0.82622,0.82059,0.77440,0.71541,0.71745,0.67976,0.62194,0.56257,0.52625,0.59631,0.57190,0.60577,0.58038,0.58582,0.64486,0.65465,0.72567,0.75476,0.77006,0.83873,0.87673,0.85636,0.89356,0.93512,0.90135,0.89501,0.93210,0.95602,0.92450,0.88890,0.91276,0.82077,0.78829,0.77510,0.59514,0.49631,0.50670,0.30014,0.29916,0.14485,0.17838,0.32064,0.23663,0.29444,0.34776,0.50343,0.57019,0.64790,0.55456,0.55062,0.48025,0.45397,0.43640,0.48200,0.41571,0.41795,0.53369,0.52431,0.47066,0.57183,0.62792,0.58347,0.55094,0.45739,0.43382,0.49273,0.55595,0.53957,0.60415,0.64726,0.69452,0.66994,0.69950,0.67151,0.70418,0.68636,0.65080,0.62618,0.53606,0.51501,0.42510,0.38085,0.30375,0.25165,0.19486,0.14494,0.10383,0.12636,0.13599,0.19089,0.25899,0.30291,0.34096,0.35379,0.29045,0.33211,0.38732,0.39677,0.49012,0.46028,0.37370,0.33744,0.26878,0.22771,0.21641,0.17790,0.23334,0.29567,0.34945,0.33011,0.35711,0.36570,0.41287,0.47389,0.52202,0.58651,0.63805,0.69175,0.66592,0.63089,0.55490,0.53011,0.45718,0.44769,0.38759,0.34593,0.30936,0.25039,0.19908,0.20696,0.14755,0.13116,0.06588,0.04513,0.09186,0.09764,0.18624,0.21332,0.28919,0.31691,0.36371,0.44279,0.48157,0.57419,0.60112,0.71868,0.81340,0.82025,0.73421,0.76010,0.79399,0.79094,0.75381,0.72391,0.73060,0.68372,0.66219,0.59870,0.55210,0.48959,0.42909,0.36751,0.27928,0.22355,0.19243,0.22837,0.13352
0.84862,0.85205,0.87746,0.89348,0.88680,0.90786,0.92813,0.93443,0.94015,0.96345,0.97145,0.96668,0.94807,0.92568,0.90077,0.87466,0.84437,0.82263,0.78961,0.77361,0.78522,0.75583,0.77614,0.77196,0.72629,0.71193,0.73293,0.70023,0.65215,0.65521,0.65625,0.60762,0.56724,0.55618,0.55239,0.51814,0.42886,0.35776,0.42021,0.41532,0.46044,0.54418,0.58309,0.65395,0.69801,0.74637,0.77759,0.82076,0.83489,0.87441,0.88417,0.91978,0.94352,0.96996,0.98266,0.97748,0.95510,0.93004,0.94180,0.92046,0.87579,0.87108,0.80763,0.76252,0.78762,0.74194,0.68158,0.63653,0.61150,0.68921,0.68147,0.72757,0.70178,0.71693,0.76804,0.78464,0.85017,0.88580,0.90083,0.94234,0.96580,0.95396,0.97035,0.98717,0.97380,0.97417,0.98358,0.98579,0.97498,0.93691,0.91307,0.78796,0.72422,0.64610,0.42835,0.30656,0.36220,0.17648,0.20990,0.07352,0.11822,0.31126,0.25510,0.30145,0.31973,0.46953,0.57288,0.69037,0.62518,0.64777,0.59319,0.58287,0.57258,0.63063,0.56972,0.55975,0.67237,0.67938,0.62478,0.71020,0.77853,0.74445,0.72713,0.64935,0.63137,0.68274,0.73618,0.72280,0.77632,0.80804,0.84237,0.81482,0.83459,0.80077,0.81351,0.78896,0.73720,0.69831,0.60265,0.56952,0.46942,0.42817,0.33542,0.29911,0.23644,0.19958,0.13924,0.14303,0.12330,0.14918,0.22322,0.22857,0.28075,0.32442,0.26266,0.30361,0.38452,0.40723,0.51045,0.49329,0.41175,0.40046,0.33486,0.30649,0.31649,0.28780,0.36010,0.42449,0.48731,0.46765,0.48306,0.50172,0.55714,0.61510,0.66259,0.71223,0.76469,0.80080,0.76956,0.74248,0.67518,0.66389,0.59078,0.59830,0.53625,0.50136,0.46227,0.39352,0.32852,0.31976,0.25157,0.22008,0.15495,0.11422,0.16324,0.17401,0.27646,0.32677,0.40514,0.41692,0.44766,0.51874,0.53150,0.60723,0.59886,0.71559,0.82681,0.84108,0.77524,0.82839,0.87716,0.89195,0.87361,0.85783,0.86651,0.83217,0.82059,0.76641,0.73040,0.67403,0.62134,0.56376,0.47830,0.42539,0.40072,0.43770,0.33953
0.93042,0.93302,0.94037,0.95394,0.95766,0.96642,0.96772,0.97893,0.98329,0.98066,0.98254,0.96005,0.94049,0.91422,0.88328,0.85379,0.80531,0.78699,0.74782,0.72609,0.72788,0.68156,0.70028,0.70478,0.64825,0.61782,0.64390,0.61830,0.55326,0.54475,0.55503,0.50684,0.44884,0.42658,0.43177,0.39324,0.29801,0.21715,0.28864,0.29461,0.35261,0.45044,0.49348,0.57334,0.63286,0.68812,0.74076,0.78598,0.78889,0.83727,0.83776,0.87804,0.90141,0.93383,0.95891,0.93211,0.88511,0.84882,0.86172,0.82561,0.76205,0.75659,0.67087,0.61553,0.65201,0.59375,0.52076,0.47189,0.44688,0.54003,0.53888,0.60186,0.56985,0.59537,0.65343,0.68200,0.76801,0.83943,0.88215,0.94811,0.94101,0.92597,0.97320,0.97862,0.93475,0.95171,0.98237,0.96975,0.92623,0.85301,0.81590,0.65224,0.58468,0.53582,0.30824,0.19527,0.20949,-0.00310,0.02099,-0.12417,-0.07893,0.10935,0.05090,0.09728,0.11763,0.27963,0.39048,0.52751,0.45809,0.49345,0.43774,0.43544,0.42910,0.50559,0.43949,0.41795,0.54797,0.57310,0.50597,0.59570,0.69901,0.66877,0.67279,0.60267,0.59444,0.67340,0.72223,0.68967,0.74781,0.76643,0.79285,0.73994,0.75557,0.70259,0.70331,0.66696,0.59446,0.54307,0.43085,0.39097,0.27894,0.23501,0.13420,0.09918,0.03387,-0.00013,-0.06424,-0.06176,-0.08321,-0.05397,0.01901,0.03461,0.08409,0.12312,0.05856,0.10180,0.18504,0.20862,0.32105,0.30332,0.21595,0.20911,0.14118,0.11562,0.13453,0.11026,0.19389,0.26294,0.33635,0.31553,0.32549,0.35270,0.41990,0.48494,0.53877,0.58778,0.65486,0.69256,0.64651,0.61457,0.53886,0.53448,0.44879,0.47159,0.39899,0.36566,0.32043,0.24091,0.16440,0.14579,0.07263,0.03333,-0.03057,-0.07979,-0.03151,-0.01862,0.08885,0.15196,0.23540,0.24034,0.26648,0.34011,0.34770,0.42993,0.41989,0.55756,0.69490,0.71343,0.62987,0.70311,0.77467,0.80752,0.79676,0.79079,0.81028,0.77623,0.78070,0.71146,0.68198,0.61121,0.55730,0.49117,0.39381,0.33854,0.32500,0.38157,0.27472
0.89593,0.89910,0.88164,0.90450,0.93401,0.92857,0.90659,0.94104,0.95698,0.92281,0.92944,0.87484,0.83969,0.79685,0.75088,0.70947,0.64428,0.62058,0.57080,0.54430,0.54739,0.49343,0.51708,0.51998,0.45337,0.42206,0.45165,0.41861,0.34710,0.34211,0.35014,0.29444,0.23548,0.21623,0.21759,0.18160,0.07865,0.00177,0.06830,0.07075,0.12701,0.22958,0.27674,0.36554,0.43265,0.49781,0.56184,0.61889,0.62316,0.68644,0.68903,0.74643,0.78461,0.83978,0.88972,0.86529,0.79522,0.74151,0.77606,0.74823,0.65506,0.64876,0.56795,0.49495,0.51616,0.45895,0.38172,0.31803,0.28264,0.37639,0.36357,0.42395,0.38940,0.41142,0.48013,0.50755,0.60789,0.69050,0.74767,0.85038,0.84109,0.81775,0.89871,0.92042,0.84446,0.86319,0.92959,0.92908,0.85136,0.76217,0.76049,0.60551,0.56281,0.58738,0.39062,0.30334,0.25460,0.01164,0.00475,-0.15841,-0.12502,0.01335,-0.07140,-0.01450,0.03896,0.21147,0.29241,0.40252,0.30562,0.32345,0.25413,0.24135,0.23037,0.30508,0.23202,0.21698,0.35626,0.37396,0.30211,0.40768,0.51712,0.47950,0.48053,0.40065,0.39220,0.49059,0.54549,0.50144,0.57154,0.59370,0.62802,0.56642,0.58944,0.53089,0.54433,0.50791,0.44037,0.39550,0.28000,0.24773,0.13926,0.09124,0.00097,-0.04775,-0.10885,-0.15335,-0.20141,-0.18284,-0.17744,-0.12015,-0.05299,0.00303,0.03822,0.04607,-0.02125,0.02350,0.08436,0.09602,0.20369,0.17394,0.07913,0.05203,-0.01976,-0.05551,-0.05121,-0.08270,-0.00857,0.06074,0.13136,0.10977,0.12725,0.14967,0.21599,0.28719,0.34512,0.40836,0.48319,0.53795,0.48843,0.44551,0.35689,0.34374,0.25257,0.26716,0.19114,0.15256,0.10711,0.02964,-0.04045,-0.04928,-0.11718,-0.14610,-0.20923,-0.24325,-0.19628,-0.18394,-0.08873,-0.04183,0.04077,0.05594,0.09526,0.17746,0.20610,0.30709,0.32895,0.47742,0.61107,0.62496,0.51442,0.57277,0.64269,0.66826,0.64541,0.63113,0.65350,0.60804,0.61156,0.52592,0.49034,0.40748,0.34590,0.27232,0.16741,0.10933,0.09540,0.15870,0.04984
0.90892,0.91144,0.90645,0.92696,0.94530,0.94691,0.93682,0.96243,0.97419,0.95573,0.96209,0.92177,0.89220,0.85541,0.81540,0.77838,0.72176,0.69919,0.65353,0.62953,0.63399,0.58501,0.60739,0.60931,0.54720,0.51867,0.54651,0.51453,0.44699,0.44264,0.45002,0.39604,0.33957,0.32085,0.32200,0.28490,0.18436,0.10538,0.17355,0.17563,0.23125,0.33126,0.37721,0.46256,0.52532,0.58685,0.64396,0.69713,0.70311,0.76008,0.76378,0.81488,0.84831,0.89478,0.93399,0.91195,0.85366,0.80768,0.83461,0.80545,0.72503,0.71933,0.63910,0.57325,0.59881,0.54260,0.46774,0.40928,0.37700,0.46936,0.45954,0.51898,0.48566,0.50753,0.57180,0.59728,0.68972,0.76272,0.81129,0.89736,0.89364,0.87524,0.93947,0.95730,0.89804,0.91370,0.96392,0.96103,0.90086,0.82155,0.80735,0.65244,0.59952,0.59117,0.38209,0.28182,0.26270,0.03300,0.04104,-0.11647,-0.07840,0.08122,0.00596,0.06048,0.10169,0.27071,0.36381,0.48266,0.39524,0.41802,0.35320,0.34302,0.33275,0.40624,0.33535,0.31949,0.45424,0.47148,0.40205,0.50218,0.60541,0.56858,0.56783,0.48923,0.47918,0.56665,0.62105,0.58425,0.65056,0.67382,0.70724,0.65276,0.67441,0.62029,0.63158,0.59664,0.52968,0.48383,0.37047,0.33605,0.22648,0.17960,0.08501,0.04033,-0.02313,-0.06486,-0.11965,-0.10741,-0.11142,-0.06480,0.00666,0.04700,0.08905,0.10967,0.04301,0.08780,0.15767,0.17369,0.28333,0.25742,0.16460,0.14412,0.07271,0.03983,0.04820,0.01805,0.09531,0.16503,0.23607,0.21475,0.23071,0.25394,0.31968,0.38888,0.44518,0.50452,0.57525,0.62412,0.57768,0.53845,0.45443,0.44312,0.35456,0.36977,0.29567,0.25821,0.21316,0.13535,0.06361,0.05252,-0.01759,-0.04973,-0.11443,-0.15370,-0.10527,-0.09241,0.00781,0.05929,0.14264,0.15550,0.19137,0.27136,0.29320,0.38816,0.39837,0.54166,0.67403,0.68948,0.59051,0.65201,0.71998,0.74544,0.72570,0.71245,0.73187,0.68975,0.69100,0.61276,0.57780,0.50034,0.44098,0.37028,0.26889,0.21190,0.19632,0.25445,0.14659
0.95954,0.96079,0.96432,0.97571,0.97951,0.98446,0.98142,0.99122,0.99248,0.98346,0.98230,0.95743,0.94051,0.91557,0.88481,0.85622,0.80310,0.78734,0.74738,0.72433,0.72174,0.66978,0.68663,0.69510,0.63615,0.59930,0.62673,0.60614,0.53502,0.52072,0.53560,0.48954,0.42443,0.39683,0.40655,0.36615,0.27047,0.18516,0.26051,0.27197,0.33518,0.43713,0.48093,0.56224,0.62674,0.68298,0.74255,0.78631,0.78426,0.83318,0.82965,0.86862,0.88920,0.92008,0.94639,0.90976,0.85634,0.81875,0.82843,0.78439,0.71803,0.71284,0.61739,0.56103,0.60504,0.54177,0.46459,0.41676,0.39343,0.49228,0.49601,0.56625,0.53210,0.56238,0.62069,0.65357,0.74418,0.82796,0.88099,0.95032,0.92953,0.91654,0.97124,0.96897,0.91851,0.94233,0.97597,0.95535,0.90385,0.81721,0.76756,0.58639,0.51261,0.46516,0.23206,0.12012,0.12539,-0.08954,-0.06253,-0.20723,-0.15959,0.03043,-0.02349,0.02118,0.03657,0.19998,0.31848,0.46702,0.40098,0.44458,0.39151,0.39457,0.39116,0.47517,0.40852,0.38124,0.51511,0.54842,0.47701,0.56456,0.68136,0.65354,0.66877,0.60606,0.60159,0.68735,0.73279,0.69453,0.75206,0.76363,0.78515,0.72379,0.73656,0.67644,0.67021,0.62900,0.54729,0.49009,0.37243,0.32897,0.21245,0.16841,0.06348,0.03144,-0.03514,-0.06587,-0.13382,-0.13529,-0.16090,-0.13573,-0.06242,-0.04875,0.00178,0.04352,-0.02085,0.02279,0.10970,0.13519,0.25091,0.23466,0.14680,0.14531,0.07747,0.05548,0.08102,0.06032,0.14972,0.21990,0.29731,0.27645,0.28267,0.31438,0.38621,0.45303,0.50805,0.55351,0.62477,0.65953,0.60893,0.57634,0.49996,0.50010,0.41061,0.44158,0.36565,0.33443,0.28741,0.20364,0.12184,0.09724,0.02198,-0.02207,-0.08457,-0.13959,-0.09195,-0.07724,0.03246,0.10299,0.18741,0.18677,0.20818,0.28128,0.28304,0.36457,0.34842,0.49178,0.63893,0.66011,0.57436,0.65807,0.73957,0.78108,0.77602,0.77575,0.79888,0.76714,0.77872,0.70626,0.68119,0.60677,0.55414,0.48631,0.38682,0.33225,0.32413,0.38684,0.27814
0.96686,0.96765,0.94953,0.96297,0.98376,0.97493,0.95050,0.97256,0.97761,0.93963,0.93657,0.88809,0.86465,0.83133,0.79146,0.75686,0.68708,0.67169,0.62473,0.59685,0.58880,0.52470,0.54206,0.55500,0.48688,0.44076,0.47226,0.45370,0.37117,0.35166,0.37119,0.32355,0.24876,0.21664,0.23035,0.18977,0.09012,0.00254,0.07916,0.09516,0.16411,0.27376,0.32035,0.40836,0.48365,0.54661,0.62245,0.67111,0.66272,0.72173,0.71338,0.76113,0.78680,0.82987,0.87363,0.82528,0.74843,0.69780,0.71681,0.66820,0.57976,0.57402,0.46946,0.40110,0.44459,0.37576,0.29132,0.23665,0.20985,0.31547,0.31849,0.39619,0.35825,0.39273,0.45812,0.49727,0.60380,0.71203,0.78672,0.88435,0.84421,0.82628,0.91205,0.90910,0.82835,0.86241,0.92289,0.89851,0.81409,0.70143,0.65947,0.46273,0.39895,0.40177,0.18211,0.08992,0.04268,-0.19502,-0.18591,-0.33820,-0.29856,-0.13734,-0.20202,-0.15453,-0.12432,0.04567,0.15295,0.29832,0.22017,0.26327,0.20592,0.20960,0.20705,0.29957,0.22907,0.19846,0.34228,0.38246,0.30371,0.39775,0.53543,0.50822,0.53496,0.47487,0.47663,0.58419,0.62753,0.57433,0.63809,0.64267,0.66181,0.58316,0.59594,0.52263,0.51446,0.46700,0.37685,0.31623,0.19037,0.14704,0.02804,-0.01802,-0.12066,-0.15654,-0.22101,-0.25331,-0.31494,-0.31062,-0.32575,-0.28726,-0.21917,-0.18300,-0.14170,-0.11691,-0.18219,-0.13764,-0.06097,-0.04081,0.07504,0.05389,-0.03806,-0.04497,-0.11379,-0.13754,-0.11297,-0.13345,-0.04354,0.02759,0.10834,0.08687,0.09237,0.12648,0.20340,0.27496,0.33443,0.38477,0.46667,0.50851,0.44820,0.40850,0.32333,0.32419,0.22753,0.26354,0.18198,0.15065,0.10129,0.01356,-0.07066,-0.09676,-0.17086,-0.21385,-0.27314,-0.32529,-0.27960,-0.26304,-0.15940,-0.09007,-0.00589,-0.00698,0.01647,0.09267,0.09967,0.19076,0.18741,0.34401,0.50136,0.52250,0.41707,0.50457,0.59744,0.64604,0.64139,0.64386,0.67419,0.63896,0.65990,0.57318,0.55046,0.46442,0.40952,0.33560,0.22850,0.17324,0.17211,0.24691,0.13513
0.92703,0.92811,0.90058,0.92100,0.95457,0.94093,0.90829,0.94355,0.95644,0.90703,0.90930,0.84615,0.81283,0.76977,0.72198,0.68039,0.60577,0.58571,0.53379,0.50464,0.50069,0.43711,0.45839,0.46743,0.39594,0.35442,0.38677,0.36070,0.27901,0.26580,0.28071,0.22733,0.15735,0.13107,0.13922,0.10080,-0.00239,-0.08567,-0.01407,-0.00367,0.06026,0.16921,0.21756,0.30914,0.38472,0.45234,0.52871,0.58460,0.58086,0.64694,0.64311,0.70070,0.73631,0.79229,0.84789,0.80846,0.72459,0.66607,0.69902,0.66035,0.55848,0.55243,0.45775,0.38095,0.41119,0.34684,0.26307,0.19977,0.16619,0.26777,0.26085,0.33173,0.29367,0.32270,0.39307,0.42739,0.53716,0.64110,0.71617,0.82975,0.79862,0.77657,0.87386,0.88486,0.79375,0.82368,0.90001,0.88765,0.79240,0.68083,0.66472,0.48482,0.43726,0.47585,0.27699,0.19633,0.12337,-0.12644,-0.13329,-0.29483,-0.26205,-0.12946,-0.21101,-0.15603,-0.10494,0.06910,0.15621,0.27936,0.18433,0.21229,0.14628,0.14032,0.13324,0.21925,0.14536,0.12235,0.26756,0.29715,0.21882,0.32230,0.45340,0.41945,0.43711,0.36698,0.36585,0.47675,0.52618,0.47196,0.54287,0.55438,0.58164,0.50561,0.52469,0.45377,0.45783,0.41418,0.33355,0.28081,0.15721,0.12061,0.00679,-0.04136,-0.13587,-0.18126,-0.24297,-0.28331,-0.33429,-0.31978,-0.31775,-0.26215,-0.19591,-0.13643,-0.10284,-0.09616,-0.16267,-0.11744,-0.05522,-0.04282,0.06809,0.03931,-0.05648,-0.07774,-0.14908,-0.18068,-0.16861,-0.19595,-0.11494,-0.04428,0.03217,0.01034,0.02277,0.05101,0.12414,0.19775,0.25893,0.32035,0.40331,0.45665,0.39772,0.35148,0.25945,0.25219,0.15565,0.18082,0.10001,0.06434,0.01619,-0.06760,-0.14462,-0.16113,-0.23104,-0.26515,-0.32514,-0.36544,-0.31959,-0.30384,-0.20862,-0.15359,-0.07060,-0.06209,-0.02804,0.05331,0.07540,0.17736,0.19471,0.35303,0.50046,0.51738,0.39980,0.47164,0.55649,0.59435,0.57948,0.57304,0.60163,0.55869,0.57373,0.48089,0.45160,0.36188,0.30213,0.22548,0.11639,0.05978,0.05479,0.12775,0.01683
0.96106,0.96169,0.94902,0.96427,0.98247,0.97705,0.95826,0.97991,0.98561,0.95470,0.95426,0.91008,0.88616,0.85264,0.81345,0.77864,0.71329,0.69622,0.64993,0.62331,0.61861,0.55870,0.57733,0.58741,0.52107,0.47957,0.51008,0.48832,0.40954,0.39377,0.41021,0.36093,0.29058,0.26170,0.27218,0.23126,0.13203,0.04518,0.12044,0.13317,0.19906,0.30655,0.35317,0.44059,0.51259,0.57526,0.64571,0.69508,0.69047,0.74830,0.74323,0.79103,0.81821,0.86081,0.90183,0.86032,0.78952,0.74120,0.76123,0.71662,0.63159,0.62619,0.52709,0.46000,0.50023,0.43443,0.35201,0.29697,0.26903,0.37174,0.37193,0.44547,0.40827,0.43976,0.50423,0.53934,0.64140,0.73965,0.80722,0.89960,0.86921,0.85259,0.93069,0.93224,0.85960,0.88902,0.94445,0.92455,0.84898,0.74493,0.70667,0.51857,0.45457,0.44833,0.22820,0.13045,0.09523,-0.13867,-0.12624,-0.27886,-0.23764,-0.07391,-0.14067,-0.09085,-0.05944,0.11054,0.21762,0.35908,0.27962,0.31896,0.26033,0.26112,0.25664,0.34486,0.27382,0.24636,0.38814,0.42268,0.34578,0.44074,0.57004,0.53966,0.56001,0.49539,0.49393,0.59472,0.64157,0.59346,0.65790,0.66718,0.69013,0.61853,0.63345,0.56522,0.56169,0.51740,0.43242,0.37501,0.25169,0.21007,0.09242,0.04591,-0.05639,-0.09409,-0.15942,-0.19387,-0.25597,-0.25156,-0.26565,-0.22687,-0.15594,-0.12039,-0.07725,-0.05084,-0.11650,-0.07141,0.00567,0.02550,0.14077,0.11882,0.02623,0.01711,-0.05302,-0.07865,-0.05728,-0.08025,0.00783,0.07944,0.15846,0.13690,0.14494,0.17670,0.25141,0.32267,0.38171,0.43431,0.51345,0.55656,0.49962,0.45974,0.37475,0.37285,0.27810,0.30898,0.22911,0.19618,0.14738,0.06142,-0.02061,-0.04347,-0.11746,-0.15862,-0.22011,-0.27056,-0.22346,-0.20742,-0.10316,-0.03713,0.04767,0.04988,0.07613,0.15331,0.16273,0.25470,0.25236,0.40607,0.55772,0.57809,0.47565,0.55771,0.64503,0.68794,0.68016,0.67876,0.70587,0.66929,0.68502,0.60108,0.57518,0.49148,0.43554,0.36235,0.25668,0.20118,0.19652,0.26674,0.15586
0.98048,0.97987,0.96397,0.97440,0.99053,0.98159,0.95870,0.97537,0.97630,0.94001,0.93423,0.89051,0.87203,0.84288,0.80624,0.77484,0.70574,0.69320,0.64817,0.62051,0.60944,0.54364,0.55891,0.57459,0.50745,0.45778,0.48920,0.47557,0.39117,0.36743,0.39009,0.34579,0.26728,0.23149,0.24865,0.20666,0.10979,0.01937,0.09885,0.11956,0.19091,0.30081,0.34663,0.43290,0.50928,0.57045,0.64792,0.69272,0.68097,0.73713,0.72561,0.76891,0.78984,0.82719,0.86678,0.81236,0.73605,0.68825,0.70114,0.64634,0.56218,0.55707,0.44631,0.38110,0.43182,0.36037,0.27496,0.22451,0.20109,0.30908,0.31725,0.39929,0.36057,0.39836,0.46108,0.50284,0.60856,0.72178,0.79975,0.89187,0.84400,0.82879,0.91219,0.90165,0.82314,0.86126,0.91656,0.88411,0.80160,0.68423,0.62849,0.42093,0.34953,0.34017,0.11401,0.01865,-0.02211,-0.25274,-0.23682,-0.38269,-0.33960,-0.17149,-0.22821,-0.18390,-0.16275,0.00379,0.12044,0.27631,0.20636,0.25748,0.20501,0.21409,0.21436,0.31104,0.24205,0.20657,0.34985,0.39658,0.31661,0.40518,0.54925,0.52502,0.55940,0.50687,0.51114,0.61777,0.65747,0.60350,0.66396,0.66332,0.67767,0.59593,0.60524,0.52924,0.51440,0.46434,0.36820,0.30330,0.17588,0.12938,0.00818,-0.03664,-0.14268,-0.17372,-0.23917,-0.26698,-0.33342,-0.33482,-0.35779,-0.32733,-0.25879,-0.23112,-0.18714,-0.15505,-0.21879,-0.17484,-0.09267,-0.06930,0.04815,0.03044,-0.05936,-0.05907,-0.12631,-0.14559,-0.11448,-0.13130,-0.03685,0.03435,0.11738,0.09635,0.09811,0.13544,0.21476,0.28571,0.34458,0.38968,0.47202,0.50877,0.44666,0.40855,0.32602,0.33133,0.23449,0.27669,0.19453,0.16582,0.11544,0.02573,-0.06221,-0.09358,-0.16917,-0.21666,-0.27468,-0.33280,-0.28772,-0.27029,-0.16407,-0.08778,-0.00357,-0.00970,0.00809,0.08123,0.08042,0.16658,0.15352,0.30998,0.47258,0.49629,0.39548,0.49159,0.59029,0.64522,0.64654,0.65419,0.68614,0.65495,0.68055,0.59567,0.57715,0.49192,0.43988,0.36693,0.26101,0.20728,0.20990,0.28682,0.17588
0.94562,0.94450,0.91055,0.92580,0.95910,0.93929,0.89900,0.93007,0.93768,0.87775,0.87373,0.80822,0.78053,0.74144,0.69551,0.65712,0.57616,0.56166,0.51027,0.47936,0.46734,0.39544,0.41286,0.42895,0.35547,0.30344,0.33747,0.32112,0.23132,0.20839,0.23118,0.18332,0.10276,0.06807,0.08424,0.04415,-0.05570,-0.14321,-0.06705,-0.04680,0.02408,0.13643,0.18418,0.27509,0.35700,0.42361,0.51013,0.56120,0.54824,0.61352,0.60169,0.65501,0.68409,0.73561,0.79189,0.73601,0.64260,0.58312,0.60920,0.55814,0.45438,0.44869,0.33977,0.26363,0.30580,0.23455,0.14658,0.08797,0.05917,0.16722,0.16939,0.25083,0.21042,0.24722,0.31628,0.35840,0.47394,0.59799,0.68824,0.80530,0.75084,0.73069,0.83799,0.83474,0.73363,0.77499,0.85444,0.82727,0.72026,0.58938,0.55325,0.34836,0.29344,0.33513,0.13281,0.05816,-0.02919,-0.27620,-0.28017,-0.43477,-0.40102,-0.26875,-0.33978,-0.29068,-0.24961,-0.07932,0.01724,0.15634,0.07090,0.11214,0.05327,0.05710,0.05546,0.15234,0.08029,0.04745,0.19521,0.23942,0.15674,0.25309,0.40384,0.37673,0.41276,0.35720,0.36415,0.48381,0.52449,0.46187,0.52904,0.52778,0.54482,0.45528,0.46794,0.38620,0.37705,0.32602,0.23180,0.17016,0.04114,-0.00078,-0.11843,-0.16483,-0.26299,-0.30105,-0.36253,-0.39515,-0.45033,-0.44240,-0.44891,-0.40141,-0.33857,-0.28487,-0.25153,-0.24062,-0.30432,-0.26034,-0.19414,-0.17874,-0.06587,-0.09048,-0.18340,-0.19434,-0.26235,-0.28674,-0.26359,-0.28373,-0.19567,-0.12564,-0.04428,-0.06571,-0.06083,-0.02596,0.05312,0.12683,0.18858,0.24263,0.33135,0.37843,0.31133,0.26563,0.17485,0.17619,0.07678,0.11530,0.03145,0.00081,-0.04932,-0.13789,-0.22169,-0.24819,-0.31936,-0.36045,-0.41592,-0.46441,-0.42089,-0.40297,-0.30738,-0.24125,-0.15943,-0.16043,-0.13584,-0.05909,-0.04813,0.04836,0.05505,0.21780,0.37808,0.39893,0.28101,0.36915,0.46875,0.52128,0.51722,0.52160,0.55650,0.51952,0.54725,0.45162,0.43131,0.33838,0.28320,0.20609,0.09612,0.04238,0.04726,0.12952,0.01953
0.92690,0.92665,0.89425,0.91382,0.95014,0.93261,0.89458,0.93080,0.94306,0.88591,0.88667,0.81915,0.78631,0.74274,0.69400,0.65203,0.57368,0.55530,0.50235,0.47220,0.46575,0.39838,0.41887,0.42992,0.35667,0.31165,0.34494,0.32135,0.23601,0.22008,0.23734,0.18464,0.11110,0.08242,0.09260,0.05393,-0.04842,-0.13334,-0.06078,-0.04678,0.01907,0.12923,0.17798,0.27045,0.34921,0.41753,0.49846,0.55395,0.54713,0.61448,0.60825,0.66623,0.70110,0.75780,0.81617,0.77122,0.68130,0.62064,0.65362,0.61158,0.50570,0.49993,0.40103,0.32211,0.35492,0.28864,0.20309,0.14028,0.10737,0.21086,0.20577,0.27971,0.24044,0.27195,0.34251,0.37874,0.49140,0.60330,0.68600,0.80515,0.76474,0.74337,0.84769,0.85488,0.75750,0.79199,0.87320,0.85579,0.75339,0.63311,0.61264,0.42386,0.37656,0.42398,0.22861,0.15313,0.06802,-0.18236,-0.19092,-0.35119,-0.31898,-0.19370,-0.27370,-0.21932,-0.16845,0.00458,0.09230,0.21777,0.12349,0.15413,0.08991,0.08649,0.07976,0.16957,0.09549,0.06966,0.21669,0.25028,0.16975,0.27160,0.41050,0.37756,0.40217,0.33652,0.33875,0.45380,0.50096,0.44286,0.51357,0.52110,0.54566,0.46430,0.48197,0.40670,0.40789,0.36168,0.27708,0.22204,0.09649,0.05900,-0.05538,-0.10315,-0.19768,-0.24179,-0.30294,-0.34153,-0.39246,-0.37967,-0.37731,-0.32185,-0.25655,-0.19431,-0.16260,-0.15801,-0.22334,-0.17870,-0.11789,-0.10573,0.00494,-0.02359,-0.11906,-0.13851,-0.20899,-0.23929,-0.22542,-0.25095,-0.16852,-0.09822,-0.02028,-0.04227,-0.03167,-0.00188,0.07331,0.14762,0.20970,0.27044,0.35719,0.41049,0.34681,0.29937,0.20568,0.20097,0.10324,0.13141,0.04985,0.01547,-0.03345,-0.11885,-0.19744,-0.21615,-0.28561,-0.32103,-0.37983,-0.42113,-0.37596,-0.35927,-0.26575,-0.20933,-0.12681,-0.11963,-0.08698,-0.00733,0.01293,0.11506,0.13213,0.29262,0.44350,0.46149,0.34117,0.41677,0.50672,0.54887,0.53692,0.53324,0.56428,0.52211,0.54157,0.44644,0.41942,0.32693,0.26804,0.19033,0.08048,0.02522,0.02402,0.10092,-0.00855
0.94344,0.94375,0.92428,0.94228,0.96797,0.95850,0.93290,0.96073,0.97007,0.92966,0.92990,0.87704,0.84961,0.81095,0.76809,0.72956,0.66043,0.64229,0.59327,0.56567,0.56156,0.49963,0.51946,0.52866,0.46006,0.41888,0.44989,0.42634,0.34639,0.33171,0.34707,0.29578,0.22589,0.19761,0.20614,0.16615,0.06587,-0.01852,0.05403,0.06521,0.13014,0.23851,0.28640,0.37583,0.44971,0.51465,0.58765,0.64000,0.63569,0.69720,0.69350,0.74594,0.77719,0.82510,0.87275,0.83131,0.75419,0.70174,0.72753,0.68552,0.59284,0.58776,0.49037,0.41842,0.45465,0.38987,0.30680,0.24859,0.21794,0.31997,0.31721,0.38913,0.35124,0.38164,0.44763,0.48112,0.58525,0.68599,0.75803,0.86017,0.82757,0.80983,0.89754,0.90304,0.82250,0.85313,0.91817,0.90192,0.81759,0.70903,0.67907,0.49377,0.43784,0.45195,0.24240,0.15194,0.09960,-0.13941,-0.13558,-0.29154,-0.25207,-0.10659,-0.17908,-0.12646,-0.08719,0.08350,0.18269,0.31625,0.23042,0.26479,0.20352,0.20237,0.19479,0.28194,0.20902,0.18240,0.32644,0.35878,0.27986,0.37783,0.50932,0.47595,0.49677,0.43134,0.42984,0.53457,0.58332,0.53201,0.59954,0.60851,0.63431,0.56102,0.57807,0.50903,0.50903,0.46532,0.38247,0.32755,0.20431,0.16529,0.04981,0.00286,-0.09617,-0.13698,-0.20091,-0.23750,-0.29483,-0.28794,-0.29519,-0.24996,-0.17934,-0.13269,-0.09364,-0.07607,-0.14126,-0.09669,-0.02553,-0.00949,0.10318,0.07819,-0.01579,-0.02975,-0.10013,-0.12842,-0.11143,-0.13565,-0.05090,0.01984,0.09746,0.07605,0.08615,0.11635,0.19028,0.26272,0.32271,0.37765,0.45976,0.50690,0.44760,0.40551,0.31777,0.31448,0.21867,0.24655,0.16704,0.13314,0.08479,0.00001,-0.07954,-0.09957,-0.17097,-0.20923,-0.26982,-0.31630,-0.27032,-0.25530,-0.15529,-0.09434,-0.01008,-0.00437,0.02503,0.10298,0.11777,0.21411,0.22011,0.37609,0.52524,0.54392,0.43562,0.51303,0.59932,0.64004,0.62953,0.62551,0.65289,0.61369,0.62898,0.54180,0.51391,0.42683,0.36968,0.29470,0.18785,0.13249,0.12762,0.19914,0.08978
0.95938,0.95937,0.93851,0.95245,0.97555,0.96432,0.93686,0.95981,0.96516,0.92315,0.91851,0.86837,0.84597,0.81104,0.77121,0.73534,0.66517,0.65086,0.60365,0.57576,0.56663,0.50088,0.51780,0.53124,0.46311,0.41578,0.44683,0.43008,0.34707,0.32564,0.34546,0.29929,0.22372,0.18928,0.20308,0.15948,0.06459,-0.02004,0.05426,0.06930,0.13935,0.24983,0.29658,0.38441,0.46068,0.52370,0.60101,0.64843,0.63846,0.69752,0.68934,0.73737,0.76355,0.80570,0.85045,0.79877,0.71966,0.66893,0.68788,0.63791,0.54809,0.54322,0.43703,0.36788,0.41278,0.34386,0.25903,0.20556,0.17884,0.28476,0.28884,0.36704,0.32854,0.36342,0.42708,0.46579,0.57258,0.68389,0.76176,0.86047,0.81579,0.79910,0.88909,0.88380,0.79982,0.83750,0.89974,0.87575,0.78789,0.66998,0.62534,0.42711,0.36380,0.37135,0.15611,0.06544,0.01317,-0.22138,-0.21621,-0.36536,-0.32457,-0.17164,-0.23479,-0.18673,-0.15748,0.00957,0.11706,0.26332,0.18614,0.23145,0.17491,0.18126,0.17763,0.27022,0.19984,0.16589,0.31108,0.35360,0.27255,0.36518,0.50733,0.47921,0.51010,0.45387,0.45577,0.56477,0.60807,0.55240,0.61649,0.61627,0.63527,0.55469,0.56713,0.49376,0.48355,0.43626,0.34494,0.28427,0.15879,0.11581,-0.00199,-0.04752,-0.14961,-0.18428,-0.24817,-0.27879,-0.34084,-0.33897,-0.35594,-0.31914,-0.24898,-0.21168,-0.17064,-0.14661,-0.20987,-0.16596,-0.08955,-0.07059,0.04343,0.02235,-0.06865,-0.07423,-0.14188,-0.16463,-0.13947,-0.15761,-0.06817,0.00184,0.08170,0.06122,0.06572,0.10068,0.17779,0.24906,0.30805,0.35534,0.43833,0.47871,0.41708,0.37808,0.29483,0.29701,0.19949,0.23753,0.15643,0.12623,0.07702,-0.00981,-0.09301,-0.12026,-0.19218,-0.23575,-0.29297,-0.34684,-0.30384,-0.29071,-0.18817,-0.11688,-0.03312,-0.03520,-0.01395,0.06077,0.06660,0.15691,0.15226,0.30993,0.46695,0.48825,0.38386,0.47264,0.56699,0.61743,0.61421,0.61673,0.64732,0.61330,0.63617,0.54991,0.52844,0.44127,0.38792,0.31391,0.20711,0.15370,0.15393,0.22992,0.12025
0.96388,0.96164,0.93600,0.94864,0.97365,0.95832,0.92598,0.94858,0.95209,0.90359,0.89720,0.84365,0.82241,0.78842,0.74842,0.71383,0.63935,0.62705,0.57936,0.55061,0.53798,0.46849,0.48414,0.50045,0.43085,0.37910,0.41122,0.39833,0.31141,0.28617,0.30952,0.26525,0.18512,0.14757,0.16479,0.12197,0.02638,-0.05967,0.01692,0.03668,0.10844,0.22014,0.26686,0.35461,0.43397,0.49699,0.57943,0.62517,0.61166,0.67136,0.65934,0.70676,0.73085,0.77293,0.81968,0.76199,0.67720,0.62475,0.64256,0.58822,0.49539,0.49024,0.37890,0.30924,0.35760,0.28589,0.19901,0.14669,0.12142,0.22972,0.23668,0.31921,0.27973,0.31772,0.38181,0.42414,0.53429,0.65421,0.73939,0.84213,0.78809,0.77116,0.86709,0.85737,0.76714,0.80907,0.87501,0.84519,0.74998,0.62335,0.57346,0.36540,0.30092,0.31519,0.10141,0.01602,-0.04698,-0.28143,-0.27591,-0.42348,-0.38451,-0.23558,-0.29612,-0.25024,-0.22259,-0.05648,0.05236,0.20223,0.12742,0.17696,0.12240,0.13160,0.13096,0.22818,0.15813,0.12154,0.26747,0.31494,0.23232,0.32295,0.47332,0.44808,0.48596,0.43500,0.44032,0.55349,0.59319,0.53402,0.59715,0.59244,0.60723,0.52043,0.53060,0.45230,0.43754,0.38660,0.29025,0.22627,0.09846,0.05374,-0.06513,-0.11021,-0.21243,-0.24483,-0.30763,-0.33553,-0.39782,-0.39682,-0.41570,-0.37998,-0.31310,-0.27525,-0.23583,-0.21236,-0.27453,-0.23109,-0.15543,-0.13588,-0.02177,-0.04183,-0.13168,-0.13453,-0.20086,-0.22126,-0.19255,-0.20865,-0.11676,-0.04742,0.03425,0.01380,0.01568,0.05282,0.13236,0.20383,0.26332,0.30918,0.39453,0.43385,0.36916,0.32908,0.24520,0.25014,0.15144,0.19503,0.11193,0.08360,0.03371,-0.05480,-0.14067,-0.17158,-0.24418,-0.28977,-0.34465,-0.40018,-0.35803,-0.34218,-0.24098,-0.16696,-0.08370,-0.08938,-0.07123,0.00193,0.00477,0.09383,0.08744,0.24716,0.40862,0.43117,0.32496,0.41926,0.51939,0.57545,0.57559,0.58239,0.61596,0.58359,0.61189,0.52335,0.50536,0.41656,0.36414,0.28963,0.18218,0.12988,0.13413,0.21372,0.10404
0.97211,0.96901,0.94505,0.95672,0.97872,0.96330,0.93314,0.95269,0.95399,0.90782,0.90070,0.85051,0.83158,0.79993,0.76170,0.72871,0.65532,0.64404,0.59751,0.56896,0.55547,0.48589,0.50073,0.51794,0.44906,0.39624,0.42809,0.41696,0.33004,0.30331,0.32757,0.28469,0.20373,0.16512,0.18366,0.14099,0.04602,-0.04187,0.03605,0.05723,0.13024,0.24168,0.28798,0.37477,0.45375,0.51586,0.59832,0.64219,0.62765,0.68592,0.67277,0.71789,0.73960,0.77872,0.82282,0.76316,0.68004,0.62942,0.64399,0.58742,0.49768,0.49265,0.37913,0.31140,0.36284,0.29015,0.20349,0.15307,0.12931,0.23826,0.24734,0.33132,0.29166,0.33088,0.39369,0.43696,0.54630,0.66716,0.75239,0.85141,0.79557,0.77946,0.87296,0.86002,0.77184,0.81522,0.87795,0.84456,0.75152,0.62465,0.56921,0.35766,0.28941,0.29576,0.07773,-0.00994,-0.06686,-0.29859,-0.28973,-0.43416,-0.39316,-0.23908,-0.29648,-0.25184,-0.22829,-0.06360,0.04969,0.20410,0.13314,0.18585,0.13358,0.14480,0.14524,0.24378,0.17460,0.13621,0.28146,0.33185,0.24917,0.33718,0.48911,0.46499,0.50518,0.45674,0.46256,0.57570,0.61404,0.55493,0.61612,0.60979,0.62266,0.53523,0.54390,0.46518,0.44792,0.39618,0.29768,0.23201,0.10380,0.05763,-0.06241,-0.10692,-0.21078,-0.24107,-0.30448,-0.33071,-0.39561,-0.39723,-0.41964,-0.38726,-0.32020,-0.28683,-0.24609,-0.21873,-0.28074,-0.23742,-0.15866,-0.13734,-0.02224,-0.04058,-0.12943,-0.12902,-0.19477,-0.21323,-0.18202,-0.19675,-0.10279,-0.03325,0.04940,0.02921,0.02962,0.06815,0.14816,0.21913,0.27834,0.32156,0.40590,0.44228,0.37828,0.33964,0.25739,0.26399,0.16547,0.21135,0.12832,0.10103,0.05075,-0.03847,-0.12606,-0.15886,-0.23255,-0.28027,-0.33501,-0.39332,-0.35135,-0.33545,-0.23193,-0.15485,-0.07121,-0.07863,-0.06275,0.00884,0.00818,0.09464,0.08365,0.24272,0.40676,0.43036,0.32653,0.42419,0.52621,0.58454,0.58695,0.59576,0.62976,0.59910,0.62880,0.54150,0.52510,0.43734,0.38611,0.31234,0.20566,0.15370,0.15913,0.23936,0.12917
0.97645,0.97378,0.94925,0.95845,0.97835,0.96257,0.93252,0.94942,0.94817,0.90213,0.89330,0.84504,0.82835,0.79925,0.76247,0.73181,0.65804,0.64823,0.60280,0.57427,0.55893,0.48825,0.50195,0.52097,0.45243,0.39735,0.42951,0.42087,0.33283,0.30395,0.33007,0.28895,0.20609,0.16597,0.18689,0.14470,0.05065,-0.03941,0.03978,0.06364,0.13811,0.24949,0.29513,0.38076,0.46035,0.52122,0.60497,0.64743,0.63062,0.68745,0.67185,0.71444,0.73337,0.76988,0.81209,0.74916,0.66590,0.61611,0.62789,0.56833,0.48053,0.47562,0.35916,0.29342,0.34819,0.27432,0.18717,0.13879,0.11684,0.22683,0.23859,0.32481,0.28479,0.32583,0.38729,0.43295,0.54231,0.66654,0.75375,0.85077,0.79058,0.77535,0.86819,0.85070,0.76242,0.80817,0.86902,0.83037,0.73695,0.60780,0.54697,0.33046,0.25958,0.26192,0.04150,-0.04582,-0.10114,-0.32990,-0.31539,-0.45699,-0.41591,-0.25952,-0.31383,-0.27232,-0.25292,-0.08999,0.02666,0.18553,0.11887,0.17509,0.12581,0.13938,0.14204,0.24279,0.17504,0.13451,0.27823,0.33199,0.24957,0.33455,0.48920,0.46791,0.51156,0.46652,0.47513,0.58929,0.62440,0.56440,0.62340,0.61497,0.62460,0.53491,0.54134,0.46073,0.44000,0.38667,0.28513,0.21720,0.08824,0.04046,-0.08060,-0.12405,-0.22900,-0.25684,-0.32040,-0.34448,-0.41088,-0.41489,-0.44017,-0.41126,-0.34583,-0.31703,-0.27570,-0.24477,-0.30581,-0.26294,-0.18229,-0.15944,-0.04371,-0.06027,-0.14768,-0.14391,-0.20848,-0.22435,-0.18970,-0.20257,-0.10672,-0.03748,0.04637,0.02639,0.02500,0.06498,0.14610,0.21649,0.27533,0.31658,0.40085,0.43501,0.37020,0.33184,0.25069,0.25944,0.16134,0.21022,0.12697,0.10106,0.05036,-0.03982,-0.12923,-0.16475,-0.23919,-0.28880,-0.34283,-0.40304,-0.36149,-0.34419,-0.24011,-0.15986,-0.07708,-0.08723,-0.07445,-0.00448,-0.00905,0.07470,0.05939,0.21773,0.38469,0.40927,0.30719,0.40902,0.51420,0.57603,0.58140,0.59375,0.62910,0.60077,0.63317,0.54628,0.53247,0.44503,0.39557,0.32260,0.21681,0.16583,0.17375,0.25547,0.14546
0.98664,0.98392,0.96503,0.97297,0.98692,0.97404,0.94966,0.96189,0.95818,0.91928,0.90996,0.86846,0.85481,0.82906,0.79508,0.76652,0.69663,0.68753,0.64404,0.61649,0.60135,0.53269,0.54555,0.56463,0.49802,0.44358,0.47498,0.46732,0.38076,0.35163,0.37789,0.33784,0.25541,0.21527,0.23685,0.19474,0.10134,0.00903,0.08991,0.11416,0.18930,0.29983,0.34459,0.42859,0.50626,0.56540,0.64643,0.68660,0.67020,0.72408,0.70870,0.74795,0.76411,0.79618,0.83315,0.77041,0.69234,0.64643,0.65402,0.59284,0.51130,0.50661,0.38949,0.32697,0.38458,0.31045,0.22453,0.17868,0.15863,0.26837,0.28209,0.36857,0.32935,0.37085,0.43050,0.47588,0.58227,0.70343,0.78688,0.87622,0.81782,0.80423,0.88955,0.86925,0.78831,0.83324,0.88682,0.84663,0.76081,0.63585,0.56807,0.35039,0.27415,0.26055,0.03226,-0.06149,-0.10280,-0.32699,-0.30616,-0.44356,-0.39991,-0.23200,-0.28171,-0.24129,-0.22801,-0.06628,0.05636,0.22050,0.15857,0.21773,0.17087,0.18604,0.18949,0.29034,0.22384,0.18293,0.32482,0.37945,0.29815,0.38045,0.53280,0.51237,0.55612,0.51227,0.52013,0.63055,0.66530,0.60790,0.66450,0.65594,0.66451,0.57736,0.58255,0.50301,0.48028,0.42730,0.32513,0.25592,0.12758,0.07846,-0.04355,-0.08657,-0.19407,-0.21970,-0.28435,-0.30678,-0.37693,-0.38372,-0.41382,-0.38973,-0.32279,-0.30170,-0.25728,-0.22023,-0.28141,-0.23843,-0.15290,-0.12786,-0.01072,-0.02504,-0.11155,-0.10416,-0.16852,-0.18260,-0.14524,-0.15720,-0.05955,0.01028,0.09466,0.07470,0.07201,0.11289,0.19404,0.26335,0.32176,0.36072,0.44327,0.47440,0.41063,0.37417,0.29516,0.30522,0.20814,0.25807,0.17564,0.15046,0.09977,0.00884,-0.08194,-0.11905,-0.19495,-0.24642,-0.30093,-0.36421,-0.32193,-0.30438,-0.19705,-0.11395,-0.03088,-0.04287,-0.03200,0.03679,0.02842,0.10898,0.08762,0.24375,0.41177,0.43722,0.33991,0.44441,0.54942,0.61213,0.62007,0.63340,0.66771,0.64124,0.67318,0.58936,0.57647,0.49171,0.44343,0.37187,0.26765,0.21672,0.22389,0.30398,0.19341
0.99506,0.99097,0.98024,0.98718,0.99423,0.98600,0.96847,0.97581,0.97000,0.94026,0.93110,0.89754,0.88674,0.86433,0.83345,0.80720,0.74212,0.73342,0.69222,0.66611,0.65195,0.58626,0.59842,0.61669,0.55266,0.50004,0.53057,0.52299,0.43862,0.41033,0.43614,0.39666,0.31580,0.27629,0.29731,0.25534,0.16368,0.07103,0.15177,0.17430,0.24910,0.35820,0.40249,0.48500,0.56003,0.61702,0.69391,0.73268,0.71748,0.76790,0.75341,0.78945,0.80312,0.83048,0.86171,0.80062,0.72963,0.68803,0.69165,0.63004,0.55572,0.55125,0.43515,0.37642,0.43594,0.36256,0.27813,0.23474,0.21616,0.32494,0.33985,0.42564,0.38711,0.42835,0.48629,0.53063,0.63272,0.74815,0.82607,0.90613,0.85169,0.84012,0.91548,0.89351,0.82269,0.86504,0.90922,0.86846,0.79346,0.67513,0.60150,0.38428,0.30280,0.27076,0.03549,-0.06567,-0.09080,-0.30846,-0.28142,-0.41729,-0.37119,-0.18837,-0.23239,-0.19307,-0.18623,-0.02589,0.10291,0.27130,0.21419,0.27538,0.23050,0.24634,0.25028,0.35019,0.28435,0.24339,0.38373,0.43742,0.35749,0.43790,0.58583,0.56590,0.60762,0.56363,0.57071,0.67409,0.70855,0.65597,0.71079,0.70351,0.71198,0.62918,0.63394,0.55678,0.53329,0.48135,0.37998,0.31042,0.18340,0.13325,0.01043,-0.03217,-0.14197,-0.16576,-0.23185,-0.25342,-0.32677,-0.33571,-0.37016,-0.35051,-0.28249,-0.27007,-0.22174,-0.17832,-0.23991,-0.19650,-0.10600,-0.07870,0.03984,0.02752,-0.05825,-0.04784,-0.11222,-0.12534,-0.08602,-0.09788,0.00125,0.07151,0.15630,0.13620,0.13291,0.17404,0.25493,0.32314,0.38052,0.41805,0.49851,0.52704,0.46491,0.43033,0.35360,0.36427,0.26874,0.31827,0.23685,0.21192,0.16142,0.07019,-0.02137,-0.05923,-0.13658,-0.18937,-0.24554,-0.31064,-0.26704,-0.24915,-0.13910,-0.05410,0.02952,0.01659,0.02630,0.09421,0.08265,0.16023,0.13304,0.28648,0.45361,0.47976,0.38841,0.49400,0.59732,0.65941,0.66882,0.68241,0.71500,0.68999,0.72011,0.63990,0.62685,0.54543,0.49801,0.42785,0.32519,0.27448,0.28043,0.35734,0.24713
