# 788,789,790,791,792,793,794,795,796,797,798,799,800,801,802,803,804,805,806,807,808,809,810,811,812,813,814,815,816,817,818,819,820,821,822,823,824,825,826,827,828,829,830,831,832,833,834,835,836,837,838,839,840,841,842,843,844,845,846,847,848,849,850,851,852,853,854,855,856,857,858,859,860,861,862,863,864,865,866,867,868,869,870,871,872,873,874,875,876,877,878,879,880,881,882,883,884,885,886,887,888,889,890,891,892,893,894,895,896,897,898,899,900,901,902,903,904,905,906,907,908,909,910,911,912,913,914,915,916,917,918,919,920,921,922,923,924,925,926,927,928,929,930,931,932,933,934,935,936,937,938,939,940,941,942,943,944,945,946,947,948,949,950,951,952,953,954,955,956,957,958,959,960,961,962,963,964,965,966,967,968,969,970,971,972,973,974,975,976,977,978,979,980,981,982,983,984,985,986,987,988,989,990,991,992,993,994,995,996,997,998,999,1000,1001,1002,1003,1004,1005,1006,1007,1008,1009,1010,1011,1012,1013,1014
0.98861,0.98713,0.98804,0.97771,0.96506,0.96215,0.95563,0.93429,0.91333,0.89905,0.87619,0.88535,0.90521,0.92190,0.92341,0.92806,0.90285,0.90133,0.88064,0.86237,0.85669,0.82090,0.82337,0.83771,0.80190,0.77039,0.78533,0.77827,0.72706,0.70972,0.71974,0.68386,0.63110,0.61148,0.61399,0.51656,0.46070,0.34951,0.42923,0.42813,0.51266,0.61556,0.65312,0.73325,0.79378,0.83899,0.87540,0.89876,0.89064,0.90340,0.88089,0.87183,0.84793,0.83046,0.81993,0.76429,0.74480,0.73847,0.71417,0.67415,0.66499,0.65956,0.59433,0.58634,0.63527,0.59181,0.54631,0.53149,0.53823,0.60608,0.63099,0.69306,0.66930,0.70473,0.72882,0.77607,0.82106,0.88184,0.92128,0.93827,0.88919,0.89268,0.91561,0.85350,0.82439,0.86614,0.85075,0.77765,0.76339,0.71329,0.65596,0.54461,0.50889,0.47453,0.36829,0.31732,0.31459,0.17950,0.14215,0.07058,0.20663,0.28123,0.22098,0.24923,0.26811,0.38422,0.46325,0.56444,0.55749,0.60246,0.58092,0.59108,0.57751,0.65934,0.61315,0.58300,0.67449,0.72258,0.66428,0.71695,0.80174,0.78176,0.79920,0.72450,0.66393,0.74368,0.84472,0.81577,0.86320,0.88075,0.88174,0.83053,0.81068,0.77353,0.73594,0.69691,0.62778,0.57757,0.50585,0.46428,0.38310,0.35325,0.25824,0.22877,0.15730,0.10129,0.05288,0.08562,0.06786,0.08909,0.15970,0.16859,0.20446,0.23826,0.19255,0.23395,0.29071,0.31194,0.39587,0.39981,0.33944,0.34354,0.29218,0.25533,0.27931,0.22025,0.33150,0.41230,0.49556,0.47353,0.47233,0.49842,0.57262,0.60953,0.67664,0.69378,0.74388,0.74355,0.70222,0.68828,0.65537,0.67044,0.60130,0.63406,0.56513,0.53603,0.47521,0.37786,0.27506,0.26392,0.16121,0.11517,0.02294,-0.02819,0.05301,0.05199,0.20946,0.26583,0.38412,0.40990,0.44565,0.47137,0.45756,0.48338,0.45517,0.52290,0.61011,0.61322,0.58861,0.65914,0.72807,0.78032,0.80867,0.84249,0.87271,0.87642,0.88949,0.85822,0.83322,0.76757,0.70506,0.63403,0.53815,0.41384,0.39395,0.49475,0.52717
0.98983,0.98973,0.99502,0.98935,0.97837,0.97812,0.97516,0.95694,0.93892,0.92971,0.90972,0.91917,0.93609,0.94937,0.94929,0.94986,0.92821,0.92329,0.90124,0.88433,0.88388,0.85303,0.85726,0.86741,0.83221,0.80696,0.82101,0.80915,0.76183,0.74973,0.75563,0.71616,0.66967,0.65498,0.65255,0.55679,0.49488,0.38594,0.46464,0.45371,0.53365,0.63440,0.67387,0.75608,0.81221,0.86002,0.89066,0.91749,0.91577,0.93062,0.91385,0.90735,0.88702,0.87117,0.86064,0.81013,0.79336,0.78791,0.76497,0.72763,0.72003,0.71491,0.65347,0.64652,0.69284,0.65192,0.60874,0.59448,0.60051,0.66493,0.68744,0.74481,0.72200,0.75360,0.77737,0.81822,0.85970,0.91106,0.94333,0.96027,0.92136,0.92455,0.94385,0.89005,0.86557,0.90224,0.88720,0.82131,0.81022,0.76453,0.70964,0.60451,0.56921,0.53341,0.42880,0.37733,0.37763,0.24521,0.21016,0.13908,0.27594,0.35138,0.29263,0.32107,0.33889,0.45144,0.52875,0.62581,0.61880,0.66014,0.63730,0.64518,0.62815,0.70402,0.65621,0.63308,0.72192,0.76026,0.70331,0.75903,0.83371,0.80747,0.81444,0.72687,0.65856,0.73546,0.84470,0.82047,0.87338,0.89950,0.90762,0.86517,0.85117,0.81821,0.78581,0.75007,0.68575,0.63851,0.57012,0.53024,0.45171,0.42250,0.33001,0.29986,0.22932,0.17216,0.12404,0.15746,0.14137,0.16110,0.23155,0.23902,0.27513,0.30926,0.26422,0.30426,0.36084,0.38230,0.46418,0.46815,0.40947,0.41207,0.36079,0.32230,0.34150,0.27934,0.38662,0.46867,0.54851,0.52642,0.52882,0.55234,0.62301,0.66029,0.72512,0.74356,0.79068,0.79132,0.75327,0.74058,0.70861,0.72085,0.65410,0.68208,0.61409,0.58057,0.52210,0.42771,0.32876,0.32313,0.22105,0.17831,0.08264,0.03589,0.11886,0.11748,0.27326,0.32267,0.44149,0.47147,0.50891,0.53596,0.52375,0.54862,0.52074,0.58517,0.66779,0.67090,0.64860,0.71520,0.77929,0.82684,0.85169,0.88003,0.90503,0.90353,0.91036,0.87884,0.84709,0.78198,0.71442,0.64160,0.54502,0.42004,0.39498,0.48979,0.52382
0.98258,0.98372,0.99232,0.98741,0.97600,0.97808,0.97751,0.95896,0.94161,0.93673,0.91726,0.92901,0.94580,0.95926,0.95991,0.96050,0.94170,0.93652,0.91546,0.89949,0.90031,0.87195,0.87623,0.88576,0.85240,0.82926,0.84278,0.83073,0.78596,0.77509,0.77990,0.74105,0.69754,0.68400,0.68082,0.58767,0.52546,0.41781,0.49517,0.48170,0.55835,0.65644,0.69604,0.77649,0.82927,0.87613,0.90339,0.93010,0.93020,0.94386,0.92844,0.92132,0.90077,0.88392,0.87187,0.82305,0.80869,0.80463,0.78118,0.74466,0.73934,0.73441,0.67448,0.66913,0.71531,0.67584,0.63425,0.62200,0.62897,0.69117,0.71377,0.76931,0.74788,0.77856,0.80017,0.83942,0.87728,0.92433,0.95312,0.96716,0.93183,0.93557,0.95108,0.89887,0.87809,0.91292,0.89571,0.83168,0.82388,0.78109,0.72547,0.62313,0.58690,0.54859,0.44528,0.39222,0.39533,0.26533,0.23396,0.16384,0.30308,0.37820,0.32346,0.35152,0.36587,0.47507,0.55289,0.64990,0.64561,0.68732,0.66656,0.67509,0.65892,0.73171,0.68528,0.66324,0.74848,0.78414,0.72887,0.78253,0.85251,0.82556,0.82826,0.73461,0.66691,0.74128,0.85131,0.83119,0.88453,0.91260,0.92232,0.88397,0.87044,0.83944,0.80737,0.77267,0.71026,0.66389,0.59787,0.55838,0.48177,0.45376,0.36215,0.33397,0.26402,0.20846,0.16003,0.19141,0.17341,0.19002,0.25989,0.26452,0.30086,0.33653,0.29273,0.33166,0.38838,0.41100,0.49155,0.49682,0.44012,0.44473,0.39517,0.35858,0.37826,0.31728,0.42292,0.50372,0.58178,0.56003,0.56214,0.58507,0.65403,0.68981,0.75206,0.76869,0.81396,0.81274,0.77590,0.76492,0.73525,0.74780,0.68394,0.71075,0.64531,0.61216,0.55567,0.46293,0.36580,0.36028,0.25923,0.21662,0.12061,0.07396,0.15704,0.15519,0.31070,0.36003,0.47703,0.50607,0.54147,0.56620,0.55208,0.57441,0.54465,0.60668,0.68713,0.69042,0.67084,0.73645,0.79847,0.84488,0.87008,0.89749,0.92057,0.91927,0.92379,0.89360,0.86102,0.79831,0.73104,0.65910,0.56416,0.44145,0.41441,0.50357,0.53729
0.97674,0.97809,0.99091,0.98697,0.97434,0.97848,0.98118,0.96210,0.94479,0.94517,0.92661,0.94159,0.95840,0.97277,0.97480,0.97586,0.95999,0.95447,0.93520,0.92087,0.92317,0.89813,0.90229,0.91057,0.88010,0.85969,0.87200,0.86002,0.81899,0.80950,0.81373,0.77616,0.73581,0.72370,0.71978,0.62968,0.56763,0.46276,0.53895,0.52215,0.59588,0.69033,0.72921,0.80702,0.85528,0.90001,0.92289,0.94852,0.95029,0.96227,0.94797,0.93961,0.91854,0.90023,0.88599,0.83915,0.82779,0.82536,0.80082,0.76510,0.76280,0.75785,0.69959,0.69663,0.74283,0.70462,0.66554,0.65611,0.66458,0.72415,0.74752,0.80139,0.78184,0.81184,0.83109,0.86864,0.90252,0.94465,0.96892,0.97890,0.94754,0.95184,0.96183,0.91183,0.89604,0.92751,0.90694,0.84592,0.84297,0.80402,0.74661,0.64741,0.61005,0.56793,0.46435,0.40990,0.41712,0.28973,0.26376,0.19339,0.33597,0.41437,0.36469,0.39055,0.40029,0.50505,0.58349,0.68030,0.67993,0.72261,0.70501,0.71402,0.69942,0.76898,0.72447,0.70322,0.78448,0.81834,0.76593,0.81686,0.88103,0.85384,0.85275,0.75679,0.68686,0.75486,0.86444,0.84981,0.90285,0.93245,0.94339,0.90980,0.89675,0.86782,0.83609,0.80197,0.74120,0.69550,0.63282,0.59365,0.51938,0.49380,0.40370,0.37833,0.30951,0.25655,0.20760,0.23581,0.21507,0.22560,0.29494,0.29529,0.33292,0.37099,0.32832,0.36575,0.42365,0.44737,0.52602,0.53330,0.47988,0.48691,0.43958,0.40617,0.42711,0.36751,0.47149,0.54991,0.62565,0.60456,0.60577,0.62823,0.69463,0.72815,0.78649,0.80050,0.84259,0.83902,0.80395,0.79513,0.76863,0.78263,0.72277,0.74920,0.68675,0.65470,0.60007,0.51014,0.41525,0.40984,0.30995,0.26776,0.17241,0.12532,0.20832,0.20582,0.36010,0.40930,0.52388,0.55097,0.58335,0.60523,0.58826,0.60699,0.57423,0.63291,0.71093,0.71408,0.69833,0.76312,0.82301,0.86854,0.89400,0.92061,0.94175,0.94087,0.94366,0.91597,0.88303,0.82430,0.75742,0.68743,0.59485,0.47438,0.44529,0.52833,0.56250
0.96315,0.96431,0.98049,0.97149,0.95358,0.95941,0.96402,0.93881,0.91757,0.92227,0.90075,0.92255,0.94406,0.96556,0.97325,0.98142,0.96760,0.96715,0.95397,0.94109,0.93825,0.91277,0.91343,0.92634,0.90107,0.87653,0.88815,0.88401,0.84470,0.82984,0.83882,0.80939,0.76696,0.75016,0.75240,0.66681,0.61458,0.51146,0.58616,0.57692,0.64964,0.73984,0.77505,0.84416,0.88915,0.92551,0.94763,0.96587,0.96181,0.96633,0.94630,0.93061,0.90285,0.87835,0.85892,0.80853,0.80003,0.80025,0.77127,0.73304,0.73528,0.73020,0.66984,0.67067,0.72120,0.68212,0.64432,0.64045,0.65361,0.71274,0.74108,0.79840,0.78137,0.81576,0.82965,0.87297,0.90244,0.94764,0.97290,0.97358,0.93587,0.94246,0.94590,0.88726,0.87568,0.90849,0.87980,0.81346,0.81646,0.77882,0.71330,0.61124,0.57042,0.52178,0.41544,0.35706,0.36930,0.24363,0.22544,0.15527,0.30485,0.38731,0.34776,0.36948,0.36993,0.47089,0.55416,0.65769,0.66656,0.71738,0.70886,0.72274,0.71727,0.78865,0.75111,0.72060,0.79630,0.84027,0.79120,0.83071,0.89813,0.87958,0.88570,0.80039,0.73912,0.80091,0.89826,0.88807,0.93223,0.95254,0.95535,0.91914,0.89781,0.86736,0.82798,0.79040,0.72602,0.67726,0.61641,0.57501,0.50141,0.47964,0.38816,0.37006,0.30178,0.25626,0.20545,0.22558,0.19543,0.19552,0.26370,0.25657,0.29657,0.33981,0.29897,0.33513,0.39622,0.42258,0.50094,0.51264,0.46332,0.47874,0.43619,0.41194,0.44275,0.39126,0.49810,0.57018,0.64666,0.62692,0.62074,0.64596,0.71305,0.74067,0.79463,0.80111,0.84154,0.83117,0.79437,0.78821,0.76730,0.78835,0.73385,0.76648,0.70918,0.68589,0.63175,0.54232,0.44586,0.43177,0.33286,0.28589,0.19541,0.14097,0.22171,0.21889,0.37475,0.43496,0.54386,0.56045,0.58393,0.59678,0.57088,0.58293,0.54270,0.59944,0.67907,0.68253,0.67170,0.74098,0.80375,0.85452,0.88646,0.91986,0.94412,0.95235,0.96060,0.93860,0.91508,0.86361,0.80536,0.74128,0.65446,0.53992,0.51330,0.59066,0.62312
0.95500,0.95552,0.97084,0.95495,0.93239,0.93771,0.94070,0.90894,0.88349,0.88722,0.86108,0.88692,0.91336,0.94204,0.95420,0.97040,0.95483,0.95994,0.95164,0.93831,0.92808,0.89841,0.89568,0.91499,0.89237,0.86032,0.87256,0.87716,0.83574,0.81345,0.82892,0.80728,0.75867,0.73524,0.74533,0.66106,0.61937,0.51613,0.59113,0.59454,0.67014,0.75907,0.79037,0.85277,0.89875,0.92765,0.95396,0.96479,0.95181,0.95001,0.92178,0.89970,0.86492,0.83523,0.81229,0.75576,0.74698,0.74802,0.71522,0.67335,0.67715,0.67166,0.60699,0.60955,0.66478,0.62310,0.58419,0.58323,0.59993,0.66157,0.69502,0.75842,0.74235,0.78281,0.79407,0.84626,0.87607,0.93111,0.96224,0.95702,0.90724,0.91522,0.91732,0.84671,0.83397,0.87105,0.83672,0.76164,0.76601,0.72581,0.65320,0.54440,0.50098,0.44936,0.33909,0.27889,0.29200,0.16473,0.14961,0.07793,0.23270,0.31841,0.28395,0.30277,0.29819,0.39946,0.48717,0.59822,0.61297,0.67170,0.66984,0.68848,0.69173,0.76910,0.73732,0.69572,0.77029,0.82845,0.78062,0.81086,0.88853,0.88055,0.89854,0.82875,0.77981,0.84015,0.92237,0.91176,0.94649,0.95402,0.94612,0.90120,0.86993,0.83487,0.78686,0.74405,0.67357,0.62042,0.55817,0.51376,0.43842,0.41852,0.32447,0.31148,0.24288,0.20320,0.15085,0.16515,0.12817,0.12208,0.18984,0.17937,0.22067,0.26666,0.22614,0.26231,0.32584,0.35387,0.43389,0.44849,0.40050,0.42254,0.38295,0.36557,0.40626,0.36222,0.47414,0.54119,0.62069,0.60153,0.58778,0.61675,0.68721,0.71091,0.76379,0.76438,0.80620,0.79107,0.75035,0.74483,0.72680,0.75473,0.70192,0.74247,0.68736,0.67302,0.61763,0.52593,0.42545,0.40132,0.30198,0.24963,0.16503,0.10243,0.18087,0.17862,0.33696,0.40954,0.51439,0.52093,0.53759,0.54365,0.51083,0.51929,0.47402,0.53210,0.61625,0.61984,0.61041,0.68577,0.75431,0.81202,0.85068,0.89255,0.92286,0.94103,0.95795,0.93918,0.92733,0.88030,0.83112,0.77219,0.68930,0.57841,0.55625,0.63390,0.66327
0.94070,0.94222,0.96285,0.94888,0.92564,0.93417,0.94148,0.91003,0.88569,0.89655,0.87233,0.90113,0.92666,0.95484,0.96752,0.98289,0.97227,0.97614,0.96944,0.95870,0.95130,0.92681,0.92432,0.94113,0.92192,0.89466,0.90530,0.90859,0.87237,0.85332,0.86660,0.84508,0.80229,0.78192,0.78966,0.71035,0.66679,0.56803,0.64037,0.63763,0.70776,0.79180,0.82284,0.88239,0.92217,0.94955,0.96930,0.98012,0.97102,0.96794,0.94288,0.92057,0.88659,0.85605,0.83107,0.77857,0.77399,0.77698,0.74367,0.70377,0.71113,0.70580,0.64474,0.64990,0.70382,0.66455,0.62919,0.63131,0.64937,0.70675,0.73992,0.79945,0.78594,0.82409,0.83249,0.88046,0.90484,0.95134,0.97552,0.96625,0.92406,0.93252,0.92788,0.86273,0.85634,0.88847,0.85137,0.78193,0.79160,0.75714,0.68433,0.58148,0.53771,0.48205,0.37362,0.31187,0.32954,0.20703,0.19831,0.12821,0.28543,0.37269,0.34421,0.36092,0.35147,0.44585,0.53293,0.64184,0.66082,0.71912,0.72012,0.73837,0.74220,0.81346,0.78360,0.74563,0.81401,0.86633,0.82251,0.85012,0.91799,0.90809,0.91887,0.84179,0.79036,0.84353,0.92773,0.92343,0.95919,0.97111,0.96666,0.92968,0.90056,0.86930,0.82310,0.78260,0.71622,0.66510,0.60773,0.56447,0.49297,0.47568,0.38461,0.37472,0.30795,0.27082,0.21859,0.23004,0.19028,0.17861,0.24494,0.22961,0.27187,0.32012,0.28160,0.31595,0.37896,0.40830,0.48493,0.50149,0.45759,0.48224,0.44551,0.43071,0.47097,0.42827,0.53599,0.60043,0.67567,0.65733,0.64394,0.67135,0.73740,0.75866,0.80695,0.80550,0.84247,0.82523,0.78797,0.78517,0.77086,0.79867,0.75125,0.78898,0.73783,0.72347,0.67138,0.58440,0.48829,0.46596,0.36904,0.31834,0.23417,0.17290,0.25037,0.24761,0.40342,0.47354,0.57492,0.58066,0.59483,0.59769,0.56265,0.56693,0.51913,0.57231,0.65189,0.65538,0.65058,0.72324,0.78727,0.84206,0.87984,0.91910,0.94557,0.96253,0.97549,0.95957,0.94485,0.90230,0.85289,0.79575,0.71613,0.60867,0.58298,0.65349,0.68156
0.95839,0.96054,0.97904,0.97286,0.95636,0.96389,0.97070,0.94767,0.92865,0.93686,0.91752,0.93916,0.95844,0.97753,0.98346,0.98913,0.97783,0.97471,0.96087,0.94922,0.94988,0.92812,0.93017,0.93987,0.91521,0.89534,0.90619,0.89861,0.86230,0.85147,0.85759,0.82554,0.78772,0.77479,0.77352,0.68975,0.63297,0.53271,0.60618,0.59057,0.65980,0.74796,0.78402,0.85412,0.89571,0.93357,0.95151,0.97210,0.97230,0.97822,0.96199,0.94860,0.92341,0.90040,0.88112,0.83472,0.82820,0.82880,0.80092,0.76481,0.76793,0.76289,0.70569,0.70720,0.75531,0.71810,0.68244,0.67888,0.69149,0.74780,0.77445,0.82817,0.81231,0.84403,0.85806,0.89697,0.92435,0.96309,0.98304,0.98398,0.95337,0.95925,0.96001,0.90794,0.89915,0.92768,0.89944,0.83886,0.84377,0.80984,0.74684,0.64970,0.60983,0.56039,0.45552,0.39769,0.41145,0.28825,0.27186,0.20178,0.35172,0.43484,0.39602,0.41727,0.41741,0.51491,0.59603,0.69597,0.70480,0.75268,0.74322,0.75510,0.74729,0.81412,0.77562,0.75075,0.82422,0.86109,0.81419,0.85560,0.91534,0.89293,0.89143,0.79757,0.73223,0.79051,0.89250,0.88550,0.93348,0.95964,0.96732,0.93720,0.91982,0.89219,0.85656,0.82128,0.76079,0.71435,0.65641,0.61634,0.54523,0.52418,0.43532,0.41711,0.34999,0.30392,0.25400,0.27460,0.24556,0.24494,0.31254,0.30440,0.34427,0.38735,0.34725,0.38237,0.44222,0.46864,0.54473,0.55647,0.50875,0.52338,0.48131,0.45588,0.48341,0.43016,0.53320,0.60536,0.67849,0.65873,0.65509,0.67834,0.74212,0.77019,0.82206,0.82926,0.86678,0.85725,0.82351,0.81838,0.79827,0.81726,0.76481,0.79384,0.73737,0.71135,0.65955,0.57321,0.48039,0.47012,0.37236,0.32810,0.23676,0.18532,0.26655,0.26382,0.41718,0.47219,0.58039,0.59953,0.62403,0.63760,0.61301,0.62422,0.58465,0.63857,0.71444,0.71768,0.70846,0.77454,0.83340,0.88061,0.90971,0.93916,0.95994,0.96457,0.96874,0.94657,0.91829,0.86779,0.80642,0.74178,0.65542,0.54103,0.51062,0.58476,0.61654
0.97184,0.97311,0.98589,0.97557,0.95856,0.96292,0.96468,0.93932,0.91820,0.91911,0.89628,0.91610,0.93756,0.95930,0.96570,0.97454,0.95779,0.95753,0.94362,0.92911,0.92469,0.89645,0.89731,0.91143,0.88404,0.85718,0.86989,0.86622,0.82393,0.80780,0.81823,0.78807,0.74246,0.72477,0.72824,0.63985,0.58793,0.48359,0.55991,0.55390,0.63003,0.72264,0.75751,0.82851,0.87657,0.91366,0.93952,0.95788,0.95162,0.95700,0.93509,0.92009,0.89203,0.86848,0.85009,0.79786,0.78708,0.78571,0.75729,0.71818,0.71808,0.71268,0.65057,0.64996,0.70077,0.66035,0.62080,0.61499,0.62732,0.68867,0.71703,0.77651,0.75860,0.79459,0.81112,0.85739,0.89059,0.94083,0.96923,0.97271,0.93088,0.93639,0.94341,0.88242,0.86678,0.90132,0.87416,0.80537,0.80513,0.76482,0.70006,0.59498,0.55487,0.50864,0.40049,0.34377,0.35328,0.22439,0.20240,0.12970,0.27911,0.36209,0.31854,0.34112,0.34494,0.44939,0.53225,0.63658,0.64296,0.69355,0.68299,0.69640,0.69062,0.76557,0.72703,0.69560,0.77508,0.82201,0.77201,0.81346,0.88591,0.86902,0.87764,0.79461,0.73625,0.80100,0.89595,0.88273,0.92718,0.94527,0.94634,0.90545,0.88277,0.84970,0.80977,0.77037,0.70400,0.65412,0.59080,0.54857,0.47302,0.44997,0.35753,0.33758,0.26852,0.22158,0.17144,0.19325,0.16512,0.16806,0.23705,0.23297,0.27196,0.31349,0.27133,0.30822,0.36905,0.39489,0.47494,0.48575,0.43445,0.44831,0.40421,0.37812,0.40908,0.35642,0.46518,0.53850,0.61669,0.59602,0.58972,0.61565,0.68491,0.71416,0.77058,0.77820,0.82110,0.81222,0.77351,0.76614,0.74304,0.76446,0.70730,0.74152,0.68133,0.65788,0.60251,0.51062,0.41212,0.39716,0.29653,0.24928,0.15958,0.10431,0.18586,0.18415,0.34101,0.40199,0.51239,0.52937,0.55447,0.56933,0.54501,0.55927,0.52085,0.58002,0.66189,0.66506,0.65157,0.72223,0.78729,0.83948,0.87139,0.90606,0.93263,0.94143,0.95222,0.92811,0.90606,0.85252,0.79411,0.72931,0.64064,0.52340,0.49738,0.57860,0.61048
0.95398,0.95529,0.97093,0.95510,0.93295,0.93920,0.94227,0.91052,0.88609,0.89105,0.86476,0.89077,0.91652,0.94500,0.95645,0.97231,0.95715,0.96169,0.95375,0.94058,0.93084,0.90194,0.89961,0.91839,0.89599,0.86493,0.87717,0.88139,0.84058,0.81935,0.83484,0.81269,0.76496,0.74277,0.75253,0.66912,0.62671,0.52576,0.60039,0.60242,0.67747,0.76502,0.79568,0.85792,0.90268,0.93122,0.95674,0.96742,0.95505,0.95316,0.92549,0.90395,0.86949,0.84019,0.81679,0.76110,0.75304,0.75379,0.72126,0.67992,0.68397,0.67821,0.61435,0.61736,0.67200,0.63063,0.59222,0.59144,0.60821,0.66924,0.70240,0.76529,0.75014,0.79062,0.80251,0.85482,0.88456,0.93861,0.96819,0.96283,0.91430,0.92151,0.92241,0.85312,0.84090,0.87636,0.84166,0.76798,0.77288,0.73393,0.66186,0.55422,0.51114,0.45919,0.34837,0.28868,0.30231,0.17521,0.16083,0.08757,0.24364,0.33089,0.29685,0.31515,0.31054,0.41062,0.49760,0.60784,0.62299,0.68127,0.67938,0.69730,0.70065,0.77712,0.74600,0.70608,0.77978,0.83682,0.79081,0.82106,0.89706,0.88953,0.90514,0.83226,0.78454,0.84308,0.92411,0.91486,0.95065,0.95895,0.95160,0.90750,0.87635,0.84139,0.79402,0.75105,0.68143,0.62860,0.56717,0.52276,0.44802,0.42865,0.33587,0.32322,0.25518,0.21592,0.16443,0.17863,0.14130,0.13418,0.20165,0.19094,0.23173,0.27755,0.23711,0.27270,0.33562,0.36407,0.44357,0.45865,0.41160,0.43382,0.39462,0.37732,0.41789,0.37365,0.48464,0.55109,0.62936,0.60985,0.59613,0.62460,0.69419,0.71738,0.76975,0.77021,0.81115,0.79593,0.75567,0.75101,0.73334,0.76158,0.71003,0.75037,0.69509,0.68044,0.62626,0.53533,0.43575,0.41197,0.31277,0.26135,0.17795,0.11496,0.19375,0.19221,0.34974,0.42145,0.52529,0.53161,0.54827,0.55410,0.52130,0.52912,0.48394,0.54097,0.62421,0.62744,0.61853,0.69339,0.76101,0.81820,0.85615,0.89741,0.92730,0.94519,0.96189,0.94308,0.93075,0.88475,0.83529,0.77693,0.69446,0.58318,0.55922,0.63595,0.66413
0.95207,0.95479,0.97415,0.96579,0.94784,0.95649,0.96350,0.93814,0.91862,0.92867,0.90788,0.93161,0.95205,0.97349,0.98077,0.98866,0.97786,0.97618,0.96456,0.95323,0.95229,0.93033,0.93150,0.94283,0.91988,0.89879,0.90972,0.90484,0.86909,0.85694,0.86510,0.83559,0.79722,0.78316,0.78415,0.70257,0.64869,0.55117,0.62403,0.61085,0.67977,0.76537,0.79941,0.86643,0.90623,0.94097,0.95870,0.97635,0.97443,0.97779,0.95946,0.94411,0.91683,0.89205,0.87078,0.82336,0.81809,0.81917,0.79007,0.75339,0.75794,0.75266,0.69495,0.69797,0.74718,0.70964,0.67456,0.67280,0.68690,0.74302,0.77129,0.82613,0.81168,0.84517,0.85825,0.89981,0.92627,0.96623,0.98598,0.98378,0.95128,0.95722,0.95535,0.90070,0.89309,0.92125,0.89024,0.82834,0.83506,0.80209,0.73686,0.63911,0.59830,0.54695,0.44094,0.38246,0.39771,0.27491,0.26133,0.18980,0.34289,0.42873,0.39331,0.41272,0.40996,0.50550,0.58759,0.68926,0.70136,0.75175,0.74523,0.75829,0.75394,0.82086,0.78547,0.75855,0.82959,0.86981,0.82541,0.86308,0.92353,0.90503,0.90490,0.81339,0.75249,0.80756,0.90355,0.89853,0.94385,0.96671,0.97165,0.94039,0.91980,0.89128,0.85326,0.81652,0.75513,0.70766,0.65068,0.60975,0.53905,0.51946,0.43115,0.41582,0.34937,0.30630,0.25650,0.27446,0.24196,0.23738,0.30432,0.29361,0.33379,0.37823,0.33852,0.37272,0.43344,0.46076,0.53659,0.55010,0.50432,0.52207,0.48190,0.45956,0.49057,0.44015,0.54360,0.61294,0.68554,0.66595,0.65969,0.68348,0.74696,0.77277,0.82294,0.82752,0.86414,0.85220,0.81787,0.81431,0.79625,0.81797,0.76804,0.79910,0.74427,0.72130,0.67077,0.58502,0.49211,0.47872,0.38146,0.33621,0.24784,0.19344,0.27397,0.27189,0.42515,0.48359,0.58883,0.60393,0.62543,0.63577,0.60822,0.61684,0.57502,0.62782,0.70381,0.70687,0.69934,0.76677,0.82618,0.87503,0.90588,0.93756,0.95965,0.96741,0.97375,0.95333,0.92840,0.88112,0.82267,0.76064,0.67671,0.56409,0.53341,0.60562,0.63530
0.97124,0.97423,0.98831,0.98420,0.97229,0.97825,0.98153,0.96232,0.94643,0.94995,0.93141,0.94732,0.96326,0.97796,0.97960,0.98064,0.96601,0.95973,0.94140,0.92763,0.93092,0.90760,0.91199,0.91960,0.89022,0.87162,0.88381,0.87147,0.83215,0.82431,0.82852,0.79074,0.75233,0.74199,0.73775,0.64982,0.58716,0.48678,0.56183,0.54259,0.61475,0.70636,0.74398,0.82064,0.86570,0.90946,0.93041,0.95549,0.95812,0.96939,0.95573,0.94748,0.92641,0.90824,0.89293,0.84769,0.83793,0.83567,0.81125,0.77631,0.77497,0.76971,0.71277,0.71131,0.75669,0.71916,0.68161,0.67331,0.68231,0.74042,0.76367,0.81647,0.79867,0.82868,0.84807,0.88561,0.91812,0.95808,0.97908,0.98797,0.95920,0.96247,0.96941,0.92135,0.90743,0.93587,0.91373,0.85513,0.85431,0.81803,0.76091,0.66393,0.62666,0.58334,0.47917,0.42518,0.43396,0.30716,0.28349,0.21000,0.35556,0.43815,0.39071,0.41490,0.42313,0.52513,0.60260,0.69832,0.69982,0.74206,0.72533,0.73367,0.72005,0.78760,0.74450,0.72526,0.80440,0.83663,0.78749,0.83791,0.89847,0.87208,0.86720,0.76822,0.69879,0.76243,0.86983,0.85814,0.91180,0.94244,0.95435,0.92300,0.90987,0.88151,0.85049,0.81629,0.75697,0.71183,0.65130,0.61213,0.53937,0.51536,0.42722,0.40355,0.33584,0.28428,0.23651,0.26346,0.24147,0.24907,0.31760,0.31590,0.35345,0.39202,0.34988,0.38577,0.44399,0.46803,0.54526,0.55370,0.50243,0.51086,0.46499,0.43254,0.45407,0.39466,0.49681,0.57340,0.64685,0.62547,0.62643,0.64802,0.71266,0.74539,0.80114,0.81368,0.85395,0.84922,0.81513,0.80829,0.78344,0.79854,0.74143,0.76743,0.70582,0.67414,0.62196,0.53355,0.44057,0.43554,0.33614,0.29511,0.20178,0.15458,0.23783,0.23634,0.38884,0.43691,0.54922,0.57515,0.60633,0.62690,0.60905,0.62579,0.59229,0.64868,0.72472,0.72747,0.71332,0.77724,0.83542,0.88014,0.90495,0.93085,0.95117,0.95027,0.95249,0.92526,0.89205,0.83607,0.76891,0.70040,0.60902,0.48920,0.45726,0.53641,0.56870
0.97083,0.97280,0.98403,0.97221,0.95570,0.96017,0.95983,0.93354,0.91325,0.91288,0.88840,0.90755,0.92885,0.95147,0.95779,0.96742,0.94900,0.94946,0.93609,0.92050,0.91476,0.88491,0.88561,0.90098,0.87306,0.84451,0.85796,0.85567,0.81187,0.79480,0.80704,0.77735,0.72990,0.71142,0.71662,0.62805,0.57756,0.47571,0.55227,0.54842,0.62657,0.71843,0.75166,0.82233,0.87085,0.90701,0.93509,0.95200,0.94360,0.94858,0.92509,0.90995,0.88092,0.85768,0.83918,0.78553,0.77395,0.77153,0.74315,0.70357,0.70257,0.69666,0.63373,0.63310,0.68422,0.64299,0.60260,0.59627,0.60862,0.67119,0.70005,0.76107,0.74346,0.78110,0.79890,0.84821,0.88319,0.93716,0.96707,0.97128,0.92631,0.93068,0.93853,0.87539,0.85792,0.89271,0.86538,0.79515,0.79382,0.75257,0.68766,0.58085,0.54063,0.49513,0.38495,0.32952,0.33778,0.20673,0.18344,0.10790,0.25964,0.34549,0.30101,0.32306,0.32786,0.43310,0.51590,0.62082,0.62704,0.67816,0.66747,0.68097,0.67657,0.75328,0.71597,0.68343,0.76397,0.81389,0.76451,0.80574,0.88131,0.86733,0.87744,0.79638,0.74230,0.80674,0.89661,0.88280,0.92631,0.94149,0.94066,0.89687,0.87205,0.83702,0.79581,0.75496,0.68734,0.63653,0.57249,0.52950,0.45311,0.43008,0.33814,0.31848,0.24961,0.20331,0.15357,0.17552,0.14718,0.15017,0.21925,0.21616,0.25444,0.29505,0.25257,0.28927,0.34951,0.37542,0.45600,0.46702,0.41562,0.43001,0.38598,0.35998,0.39240,0.34026,0.44994,0.52239,0.60096,0.57947,0.57179,0.59805,0.66817,0.69758,0.75446,0.76177,0.80558,0.79625,0.75635,0.74952,0.72621,0.74888,0.69151,0.72737,0.66603,0.64395,0.58932,0.49627,0.39690,0.38015,0.27910,0.23167,0.14419,0.08753,0.16898,0.16825,0.32493,0.38730,0.49692,0.51246,0.53736,0.55200,0.52752,0.54196,0.50388,0.56373,0.64665,0.64948,0.63503,0.70671,0.77287,0.82656,0.85889,0.89505,0.92331,0.93351,0.94668,0.92196,0.90249,0.84953,0.79215,0.72856,0.63985,0.52179,0.49520,0.57713,0.60665
0.95291,0.95546,0.97208,0.95972,0.94038,0.94823,0.95208,0.92349,0.90305,0.90995,0.88579,0.90989,0.93216,0.95680,0.96560,0.97723,0.96326,0.96431,0.95463,0.94152,0.93630,0.91040,0.91016,0.92530,0.90208,0.87591,0.88792,0.88764,0.84891,0.83260,0.84510,0.81876,0.77542,0.75785,0.76362,0.68147,0.63338,0.53710,0.61047,0.60463,0.67731,0.76263,0.79383,0.85893,0.90099,0.93241,0.95496,0.96879,0.96104,0.96205,0.93895,0.92110,0.89045,0.86425,0.84191,0.79027,0.78335,0.78337,0.75300,0.71433,0.71800,0.71200,0.65134,0.65431,0.70585,0.66623,0.62912,0.62726,0.64240,0.70148,0.73199,0.79118,0.77683,0.81443,0.82835,0.87679,0.90615,0.95439,0.97884,0.97607,0.93502,0.94034,0.93980,0.87789,0.86719,0.89817,0.86542,0.79791,0.80327,0.76747,0.69951,0.59640,0.55469,0.50373,0.39423,0.33641,0.35048,0.22446,0.20960,0.13514,0.29050,0.37895,0.34343,0.36187,0.35911,0.45688,0.54077,0.64632,0.65954,0.71336,0.70857,0.72335,0.72314,0.79526,0.76258,0.73010,0.80298,0.85190,0.80752,0.84217,0.91114,0.89926,0.90570,0.82210,0.77035,0.82662,0.91216,0.90542,0.94674,0.96126,0.96015,0.92165,0.89546,0.86276,0.82042,0.77998,0.71439,0.66406,0.60480,0.56181,0.48890,0.46952,0.38016,0.36588,0.29902,0.25813,0.20810,0.22454,0.18997,0.18419,0.25142,0.24161,0.28139,0.32570,0.28554,0.31997,0.38085,0.40878,0.48651,0.50085,0.45467,0.47452,0.43481,0.41451,0.45033,0.40274,0.50975,0.57728,0.65216,0.63185,0.62163,0.64730,0.71404,0.73884,0.79022,0.79296,0.83181,0.81803,0.78064,0.77726,0.75918,0.78446,0.73384,0.77004,0.71382,0.69507,0.64421,0.55577,0.45962,0.44062,0.34237,0.29424,0.20933,0.15106,0.23086,0.22968,0.38449,0.44915,0.55298,0.56346,0.58311,0.59160,0.56181,0.57015,0.52732,0.58247,0.66202,0.66480,0.65594,0.72720,0.79062,0.84383,0.87745,0.91392,0.94046,0.95310,0.96536,0.94520,0.92728,0.88080,0.82651,0.76703,0.68365,0.57038,0.54163,0.61633,0.64375
0.95744,0.96151,0.97873,0.97616,0.96449,0.97289,0.97863,0.96017,0.94615,0.95439,0.93703,0.95425,0.96874,0.98235,0.98389,0.98357,0.97168,0.96388,0.94654,0.93407,0.93984,0.92035,0.92520,0.93082,0.90368,0.88891,0.90022,0.88673,0.85116,0.84631,0.84925,0.81102,0.77715,0.76974,0.76402,0.68061,0.61606,0.52203,0.59468,0.57017,0.63821,0.72496,0.76136,0.83629,0.87626,0.91881,0.93515,0.96004,0.96547,0.97636,0.96530,0.95792,0.93795,0.92006,0.90348,0.86146,0.85473,0.85311,0.82895,0.79615,0.79685,0.79139,0.73758,0.73789,0.78162,0.74594,0.71097,0.70445,0.71400,0.76897,0.79160,0.84131,0.82574,0.85429,0.87291,0.90804,0.93769,0.97195,0.98738,0.99436,0.97114,0.97358,0.97562,0.93216,0.92233,0.94635,0.92269,0.86885,0.87142,0.83972,0.78352,0.69137,0.65442,0.60878,0.50576,0.45191,0.46344,0.33981,0.32009,0.24656,0.39458,0.47894,0.43520,0.45730,0.46289,0.55930,0.63523,0.72842,0.73236,0.77341,0.75806,0.76531,0.75224,0.81518,0.77395,0.75861,0.83327,0.86077,0.81578,0.86489,0.91792,0.89074,0.87943,0.77501,0.70445,0.76139,0.86822,0.86139,0.91606,0.95016,0.96498,0.93915,0.92774,0.90164,0.87272,0.84016,0.78430,0.74087,0.68433,0.64614,0.57640,0.55434,0.46968,0.44821,0.38262,0.33362,0.28651,0.31172,0.28818,0.29190,0.35917,0.35462,0.39202,0.43121,0.39074,0.42495,0.48156,0.50628,0.58072,0.59046,0.54246,0.55250,0.50888,0.47793,0.49883,0.44016,0.53819,0.61239,0.68176,0.66043,0.66173,0.68144,0.74237,0.77365,0.82571,0.83705,0.87339,0.86702,0.83598,0.83189,0.80977,0.82453,0.77159,0.79508,0.73627,0.70449,0.65622,0.57201,0.48294,0.47935,0.38216,0.34308,0.25102,0.20586,0.28831,0.28704,0.43622,0.48139,0.59014,0.61535,0.64513,0.66388,0.64505,0.65879,0.62418,0.67680,0.74895,0.75133,0.74014,0.80158,0.85588,0.89807,0.92115,0.94473,0.96248,0.96026,0.95956,0.93410,0.89912,0.84666,0.77882,0.71236,0.62393,0.50626,0.47074,0.54514,0.57502
0.97558,0.97915,0.98913,0.98731,0.97988,0.98433,0.98429,0.96903,0.95638,0.95603,0.93823,0.94890,0.96142,0.97188,0.96982,0.96640,0.94821,0.93895,0.91660,0.90080,0.90653,0.88222,0.88859,0.89413,0.86080,0.84350,0.85662,0.84021,0.79833,0.79331,0.79587,0.75283,0.71443,0.70677,0.69989,0.60921,0.54125,0.44234,0.51873,0.49605,0.57021,0.66388,0.70237,0.78458,0.83239,0.88070,0.90430,0.93342,0.93821,0.95461,0.94357,0.94035,0.92320,0.90970,0.89810,0.85422,0.84159,0.83630,0.81533,0.78205,0.77650,0.77085,0.71472,0.71038,0.75286,0.71527,0.67628,0.66361,0.66926,0.72868,0.74868,0.80033,0.78112,0.80951,0.83394,0.87008,0.90763,0.94891,0.97058,0.98712,0.95961,0.95984,0.97221,0.92797,0.90956,0.93739,0.92095,0.86482,0.85895,0.82094,0.76951,0.67319,0.63858,0.60071,0.49688,0.44714,0.45119,0.32107,0.29094,0.21401,0.35664,0.43917,0.38430,0.41067,0.42633,0.53128,0.60497,0.69634,0.69110,0.72780,0.70447,0.70923,0.69058,0.75854,0.71159,0.69769,0.78194,0.80984,0.75936,0.81774,0.87875,0.84943,0.84077,0.73804,0.66502,0.73299,0.84439,0.82782,0.88615,0.92091,0.93652,0.90422,0.89503,0.86599,0.83967,0.80656,0.74866,0.70488,0.64261,0.60446,0.53074,0.50435,0.41785,0.38923,0.32169,0.26610,0.22021,0.25257,0.23717,0.25183,0.32127,0.32595,0.36080,0.39472,0.35117,0.38794,0.44308,0.46498,0.54269,0.54814,0.49405,0.49667,0.44770,0.40909,0.42501,0.36032,0.46070,0.54082,0.61374,0.59062,0.59569,0.61540,0.68030,0.71721,0.77605,0.79358,0.83581,0.83504,0.80127,0.79340,0.76464,0.77589,0.71495,0.73785,0.67208,0.63539,0.58344,0.49421,0.40182,0.40145,0.30116,0.26377,0.16933,0.12657,0.21136,0.21093,0.36134,0.40227,0.51773,0.54975,0.58685,0.61356,0.60215,0.62367,0.59574,0.65414,0.72978,0.73197,0.71346,0.77488,0.83201,0.87410,0.89466,0.91700,0.93667,0.93092,0.93104,0.89921,0.86216,0.80152,0.72927,0.65814,0.56309,0.43902,0.40532,0.48816,0.52007
0.97502,0.97685,0.98381,0.97284,0.95970,0.96206,0.95801,0.93429,0.91539,0.90998,0.88572,0.90009,0.91952,0.93927,0.94292,0.94987,0.92754,0.92614,0.90965,0.89186,0.88723,0.85521,0.85693,0.87161,0.84018,0.81117,0.82542,0.82078,0.77381,0.75774,0.76951,0.73633,0.68701,0.66910,0.67357,0.58224,0.52745,0.42576,0.50491,0.50217,0.58318,0.67757,0.71110,0.78562,0.83769,0.87708,0.90911,0.92846,0.92033,0.92921,0.90627,0.89488,0.86799,0.84806,0.83280,0.77866,0.76390,0.75873,0.73271,0.69381,0.68882,0.68249,0.61886,0.61528,0.66483,0.62269,0.58055,0.57050,0.58032,0.64503,0.67197,0.73329,0.71404,0.75118,0.77332,0.82329,0.86371,0.92161,0.95478,0.96598,0.91841,0.91995,0.93364,0.87148,0.84899,0.88475,0.86233,0.79182,0.78525,0.74105,0.68012,0.57186,0.53409,0.49300,0.38272,0.33104,0.33405,0.19839,0.16851,0.09132,0.24281,0.32654,0.27456,0.29866,0.31033,0.41878,0.49937,0.60186,0.60222,0.64966,0.63386,0.64513,0.63726,0.71622,0.67600,0.64578,0.73147,0.78047,0.72979,0.77666,0.85512,0.83977,0.85063,0.77104,0.71566,0.78386,0.87464,0.85564,0.90071,0.91789,0.91830,0.87134,0.84833,0.81186,0.77279,0.73221,0.66433,0.61371,0.54733,0.50480,0.42676,0.40146,0.30968,0.28572,0.21660,0.16679,0.11823,0.14482,0.12165,0.13252,0.20207,0.20438,0.24081,0.27779,0.23353,0.27152,0.32861,0.35325,0.43482,0.44331,0.38881,0.39918,0.35213,0.32125,0.35003,0.29447,0.40375,0.47902,0.55824,0.53565,0.53037,0.55592,0.62721,0.66038,0.72070,0.73170,0.77762,0.77123,0.73165,0.72339,0.69651,0.71602,0.65427,0.68806,0.62387,0.59883,0.54346,0.44887,0.34908,0.33482,0.23248,0.18725,0.09961,0.04544,0.12734,0.12716,0.28335,0.34157,0.45401,0.47363,0.50263,0.52242,0.50296,0.52187,0.48837,0.55115,0.63533,0.63736,0.61853,0.68938,0.75607,0.80890,0.83862,0.87332,0.90269,0.91037,0.92288,0.89455,0.87338,0.81653,0.75612,0.69090,0.59946,0.47849,0.45199,0.53962,0.56721
0.98224,0.98408,0.98424,0.97535,0.96725,0.96649,0.95755,0.93847,0.92233,0.90874,0.88537,0.89281,0.90920,0.92401,0.92309,0.92559,0.89816,0.89379,0.87212,0.85131,0.84841,0.81332,0.81754,0.83052,0.79321,0.76430,0.78008,0.77065,0.71934,0.70513,0.71493,0.67602,0.62483,0.60886,0.61041,0.51292,0.45380,0.34965,0.43075,0.42615,0.51132,0.61090,0.64668,0.72841,0.78655,0.83244,0.86944,0.89379,0.88738,0.90255,0.88164,0.87563,0.85348,0.83899,0.82902,0.77563,0.75593,0.74709,0.72532,0.68756,0.67659,0.67009,0.60644,0.59866,0.64519,0.60240,0.55753,0.54152,0.54679,0.61384,0.63667,0.69749,0.67524,0.71067,0.73880,0.78753,0.83434,0.89546,0.93203,0.95283,0.90517,0.90420,0.92724,0.86834,0.83845,0.87577,0.86136,0.79198,0.77756,0.72926,0.67558,0.56676,0.53286,0.50101,0.39249,0.34626,0.34246,0.20347,0.16331,0.08314,0.22560,0.30576,0.24322,0.27113,0.29303,0.40761,0.48386,0.58121,0.57197,0.61277,0.58825,0.59597,0.58113,0.66241,0.61640,0.59080,0.68433,0.72951,0.67446,0.73145,0.81374,0.79469,0.80351,0.72069,0.66222,0.73946,0.83555,0.80980,0.86023,0.88077,0.88475,0.83460,0.81635,0.77847,0.74458,0.70471,0.63760,0.58832,0.51817,0.47690,0.39685,0.36748,0.27600,0.24449,0.17476,0.11837,0.07260,0.10709,0.09316,0.11429,0.18411,0.19479,0.22823,0.25970,0.21312,0.25310,0.30795,0.32923,0.41240,0.41648,0.35709,0.35863,0.30668,0.26779,0.28945,0.22739,0.33615,0.41673,0.49728,0.47298,0.47303,0.49734,0.57036,0.60910,0.67509,0.69287,0.74340,0.74353,0.70228,0.69039,0.65692,0.67186,0.60336,0.63470,0.56413,0.53293,0.47602,0.37847,0.27796,0.26901,0.16508,0.12369,0.03427,-0.01503,0.06828,0.06872,0.22321,0.27410,0.39157,0.41915,0.45606,0.48467,0.47370,0.50014,0.47481,0.54136,0.62644,0.62803,0.60243,0.67093,0.73781,0.78821,0.81351,0.84478,0.87456,0.87641,0.88723,0.85304,0.82737,0.76293,0.69720,0.62736,0.53015,0.40341,0.37773,0.47262,0.50367
0.95892,0.95979,0.95992,0.93975,0.92327,0.92249,0.91159,0.88142,0.85840,0.84404,0.81331,0.82828,0.85301,0.87997,0.88720,0.90314,0.87422,0.87965,0.86725,0.84620,0.83088,0.78981,0.78800,0.81171,0.78015,0.73928,0.75544,0.76128,0.70780,0.68107,0.70149,0.67656,0.61600,0.58888,0.60367,0.51065,0.46933,0.36576,0.44652,0.46329,0.55145,0.64710,0.67603,0.74491,0.80358,0.83593,0.87845,0.88977,0.86879,0.87237,0.83811,0.82087,0.78670,0.76311,0.74683,0.68342,0.66431,0.65743,0.62886,0.58528,0.57802,0.57105,0.50096,0.49658,0.55115,0.50465,0.45865,0.44850,0.46015,0.53017,0.56188,0.63201,0.61200,0.65709,0.67952,0.74293,0.78863,0.86475,0.90990,0.91980,0.85245,0.85415,0.87321,0.79448,0.76422,0.80861,0.78400,0.70003,0.68887,0.63745,0.57138,0.45249,0.41405,0.37481,0.25973,0.20981,0.20866,0.06807,0.03365,-0.04417,0.11079,0.19309,0.14064,0.16355,0.17538,0.28848,0.37258,0.48203,0.48405,0.53855,0.52663,0.54275,0.54324,0.63299,0.59807,0.55394,0.64327,0.71134,0.65950,0.69829,0.79525,0.79464,0.82214,0.76213,0.72843,0.80146,0.87134,0.84721,0.88155,0.88061,0.86696,0.80383,0.76851,0.72387,0.67502,0.62731,0.55079,0.49456,0.42344,0.37760,0.29557,0.26964,0.17496,0.15318,0.08347,0.03786,-0.01083,0.01263,-0.01432,-0.00335,0.06613,0.06981,0.10531,0.14226,0.09717,0.13679,0.19325,0.21826,0.30311,0.31250,0.25655,0.27072,0.22441,0.19859,0.23714,0.18918,0.30559,0.37641,0.46104,0.43849,0.42495,0.45567,0.53312,0.56434,0.62741,0.63390,0.68527,0.67634,0.63011,0.61995,0.59259,0.61880,0.55441,0.59860,0.53386,0.51847,0.46051,0.36069,0.25462,0.22801,0.12479,0.07412,-0.00524,-0.06812,0.00981,0.01046,0.16877,0.24079,0.34996,0.35969,0.38358,0.39979,0.37613,0.39532,0.36053,0.42806,0.51986,0.52174,0.49976,0.57791,0.65345,0.71533,0.75206,0.79733,0.83676,0.85585,0.88047,0.85328,0.84725,0.79128,0.74210,0.68174,0.59332,0.47476,0.45619,0.55001,0.57445
0.95709,0.95946,0.96864,0.95206,0.93402,0.93816,0.93475,0.90496,0.88294,0.88003,0.85229,0.87229,0.89614,0.92223,0.93036,0.94440,0.92339,0.92643,0.91612,0.89916,0.88888,0.85595,0.85466,0.87437,0.84764,0.81439,0.82828,0.83144,0.78574,0.76436,0.78107,0.75557,0.70381,0.68147,0.69235,0.60577,0.55910,0.46027,0.53847,0.54549,0.62486,0.71446,0.74390,0.81016,0.85975,0.89133,0.92285,0.93501,0.92064,0.92231,0.89335,0.87577,0.84256,0.81716,0.79745,0.73964,0.72730,0.72383,0.69403,0.65295,0.65149,0.64488,0.57955,0.57920,0.63260,0.58957,0.54841,0.54292,0.55685,0.62119,0.65284,0.71746,0.70106,0.74277,0.76088,0.81779,0.85526,0.91780,0.95184,0.95536,0.90041,0.90319,0.91124,0.84040,0.82075,0.85792,0.82837,0.75225,0.75006,0.70713,0.63962,0.52867,0.48839,0.44151,0.32836,0.27404,0.28087,0.14643,0.12253,0.04618,0.20707,0.29254,0.24859,0.26855,0.27249,0.37727,0.46169,0.56956,0.57818,0.63282,0.62516,0.64077,0.64169,0.72248,0.68962,0.65152,0.73193,0.79067,0.74416,0.77958,0.86122,0.85620,0.87254,0.79883,0.75821,0.82170,0.89859,0.88348,0.92082,0.92793,0.92026,0.86979,0.83809,0.79940,0.75295,0.70878,0.63778,0.58415,0.51967,0.47510,0.39779,0.37535,0.28353,0.26690,0.19864,0.15575,0.10604,0.12489,0.09283,0.09532,0.16424,0.16010,0.19789,0.23925,0.19666,0.23393,0.29157,0.31879,0.39995,0.41236,0.36170,0.38042,0.33796,0.31557,0.35341,0.30623,0.41783,0.48634,0.56549,0.54414,0.53161,0.55987,0.63143,0.65920,0.71574,0.71897,0.76343,0.75108,0.71008,0.70416,0.68233,0.70858,0.65185,0.69168,0.63213,0.61555,0.56201,0.46844,0.36757,0.34404,0.24296,0.19356,0.11236,0.05081,0.12947,0.12914,0.28654,0.35535,0.46138,0.47054,0.49120,0.50272,0.47530,0.48819,0.44839,0.50913,0.59467,0.59675,0.58202,0.65702,0.72641,0.78413,0.81971,0.86111,0.89439,0.91116,0.92921,0.90616,0.89436,0.84415,0.79268,0.73366,0.64878,0.53420,0.50950,0.59336,0.61627
0.97392,0.97760,0.98405,0.97996,0.97285,0.97615,0.97275,0.95651,0.94360,0.93809,0.91846,0.92788,0.94155,0.95291,0.95048,0.94876,0.92756,0.91905,0.89763,0.87952,0.88295,0.85550,0.86141,0.86933,0.83480,0.81448,0.82841,0.81390,0.76950,0.76217,0.76713,0.72503,0.68286,0.67338,0.66933,0.57709,0.51083,0.41161,0.48997,0.47408,0.55142,0.64552,0.68230,0.76410,0.81481,0.86217,0.88942,0.91665,0.91825,0.93432,0.92027,0.91686,0.89828,0.88477,0.87364,0.82710,0.81265,0.80570,0.78498,0.75091,0.74342,0.73734,0.67946,0.67419,0.71757,0.67877,0.63827,0.62452,0.62975,0.69090,0.71142,0.76536,0.74612,0.77694,0.80360,0.84505,0.88586,0.93337,0.95837,0.97679,0.94320,0.94176,0.95679,0.90861,0.88669,0.91658,0.90071,0.84093,0.83250,0.79208,0.74139,0.64229,0.60905,0.57404,0.46960,0.42209,0.42400,0.29143,0.25757,0.17870,0.32163,0.40156,0.34358,0.36986,0.38809,0.49556,0.56893,0.66100,0.65436,0.69134,0.66748,0.67253,0.65508,0.72692,0.68134,0.66529,0.75187,0.78453,0.73442,0.79246,0.85872,0.83421,0.82758,0.72561,0.66212,0.73222,0.83576,0.81850,0.87506,0.90529,0.91787,0.88037,0.86828,0.83619,0.80791,0.77220,0.71236,0.66705,0.60321,0.56447,0.48952,0.46197,0.37520,0.34578,0.27824,0.22218,0.17765,0.21067,0.19562,0.21183,0.28120,0.28790,0.32154,0.35453,0.30999,0.34765,0.40171,0.42370,0.50267,0.50787,0.45251,0.45484,0.40514,0.36662,0.38418,0.32037,0.42227,0.50190,0.57589,0.55219,0.55555,0.57628,0.64299,0.68081,0.74167,0.75899,0.80357,0.80292,0.76668,0.75801,0.72785,0.74079,0.67796,0.70313,0.63559,0.60030,0.54903,0.45819,0.36422,0.36097,0.26003,0.22249,0.13150,0.08614,0.16992,0.16968,0.32069,0.36402,0.47902,0.50919,0.54591,0.57368,0.56287,0.58563,0.55924,0.61939,0.69704,0.69862,0.67780,0.74093,0.80044,0.84469,0.86620,0.89118,0.91470,0.91110,0.91388,0.88146,0.84786,0.78666,0.71649,0.64673,0.55191,0.42746,0.39510,0.48192,0.51305
0.97074,0.97283,0.97108,0.95981,0.95127,0.95031,0.93919,0.91860,0.90251,0.88626,0.86113,0.86868,0.88634,0.90280,0.90205,0.90667,0.87768,0.87450,0.85467,0.83259,0.82728,0.79034,0.79373,0.80906,0.77204,0.74073,0.75700,0.75015,0.69777,0.68132,0.69347,0.65645,0.60291,0.58539,0.58979,0.49320,0.43729,0.33374,0.41496,0.41607,0.50256,0.60051,0.63431,0.71417,0.77337,0.81697,0.85593,0.87801,0.86848,0.88209,0.85848,0.85156,0.82768,0.81242,0.80203,0.74677,0.72660,0.71692,0.69524,0.65678,0.64513,0.63847,0.57390,0.56617,0.61366,0.57017,0.52482,0.50879,0.51432,0.58184,0.60547,0.66783,0.64649,0.68425,0.71329,0.76651,0.81482,0.88010,0.91753,0.93813,0.88648,0.88457,0.90798,0.84558,0.81383,0.85231,0.83706,0.76487,0.74967,0.70066,0.64732,0.53733,0.50447,0.47410,0.36552,0.32078,0.31692,0.17808,0.13698,0.05601,0.19860,0.27625,0.21300,0.24005,0.26233,0.37705,0.45268,0.55049,0.54181,0.58363,0.56002,0.56809,0.55578,0.63922,0.59597,0.56847,0.66178,0.71090,0.65757,0.71252,0.79779,0.78448,0.79324,0.70910,0.66218,0.73986,0.82746,0.80257,0.85136,0.86658,0.86777,0.81395,0.79242,0.75215,0.71645,0.67425,0.60605,0.55574,0.48555,0.44400,0.36383,0.33415,0.24386,0.21348,0.14440,0.08937,0.04497,0.07777,0.06229,0.08234,0.15271,0.16396,0.19616,0.22714,0.18051,0.22018,0.27476,0.29597,0.37916,0.38365,0.32479,0.32775,0.27637,0.23918,0.26336,0.20340,0.31244,0.39088,0.47113,0.44676,0.44441,0.46942,0.54327,0.58149,0.64767,0.66387,0.71526,0.71435,0.67111,0.65950,0.62619,0.64370,0.57558,0.60934,0.53846,0.50953,0.45450,0.35713,0.25634,0.24387,0.14070,0.09873,0.01356,-0.03868,0.04302,0.04380,0.19755,0.25131,0.36650,0.39088,0.42630,0.45392,0.44202,0.46793,0.44273,0.50938,0.59504,0.59635,0.57016,0.63976,0.70809,0.76024,0.78674,0.82049,0.85303,0.85765,0.87131,0.83745,0.81586,0.75228,0.68977,0.62215,0.52710,0.40165,0.37718,0.47324,0.50235
0.93912,0.94069,0.94619,0.92495,0.90506,0.90753,0.90046,0.86721,0.84324,0.83532,0.80444,0.82499,0.85180,0.88183,0.89198,0.91139,0.88691,0.89349,0.88613,0.86746,0.85155,0.81429,0.81090,0.83540,0.80923,0.76984,0.78462,0.79392,0.74539,0.71827,0.73996,0.71946,0.66202,0.63494,0.65185,0.56554,0.52648,0.42739,0.50630,0.52485,0.60780,0.69650,0.72284,0.78477,0.83734,0.86387,0.90042,0.90725,0.88576,0.88403,0.84895,0.82803,0.79076,0.76319,0.74239,0.67986,0.66593,0.66157,0.63089,0.58758,0.58509,0.57823,0.50993,0.50938,0.56521,0.52027,0.47779,0.47285,0.48793,0.55429,0.58855,0.65745,0.64128,0.68751,0.70577,0.77049,0.81037,0.88221,0.92111,0.92300,0.85811,0.86063,0.87073,0.79141,0.76809,0.80896,0.77767,0.69490,0.69088,0.64505,0.57553,0.45995,0.42014,0.37495,0.26057,0.20788,0.21338,0.07819,0.05259,-0.02360,0.13818,0.22044,0.17665,0.19526,0.19876,0.30453,0.38981,0.50057,0.51086,0.56902,0.56399,0.58222,0.58851,0.67450,0.64593,0.60037,0.68170,0.75070,0.70470,0.73499,0.82583,0.83010,0.85335,0.78883,0.76299,0.82757,0.89031,0.87407,0.90524,0.90150,0.88652,0.82749,0.78918,0.74606,0.69458,0.64640,0.57134,0.51498,0.44903,0.40314,0.32452,0.30195,0.20987,0.19513,0.12739,0.08767,0.03871,0.05490,0.02000,0.02092,0.08909,0.08501,0.12207,0.16346,0.12086,0.15787,0.21668,0.24357,0.32564,0.33890,0.28861,0.30984,0.26835,0.24967,0.29311,0.25082,0.36495,0.42997,0.51101,0.48973,0.47225,0.50303,0.57723,0.60328,0.66045,0.66110,0.70786,0.69363,0.64873,0.64242,0.62072,0.65118,0.59424,0.64012,0.58063,0.56969,0.51624,0.42106,0.31769,0.28731,0.18674,0.13483,0.05995,-0.00659,0.06902,0.06919,0.22588,0.30203,0.40490,0.40771,0.42483,0.43393,0.40384,0.41613,0.37553,0.43792,0.52627,0.52821,0.51239,0.59091,0.66465,0.72695,0.76607,0.81323,0.85187,0.87504,0.89991,0.87829,0.87541,0.82652,0.78210,0.72661,0.64480,0.53271,0.51201,0.59797,0.61881
0.94566,0.94979,0.96324,0.95485,0.94116,0.94845,0.94980,0.92685,0.91047,0.91323,0.89180,0.91032,0.92886,0.94724,0.95062,0.95615,0.94058,0.93623,0.92351,0.90852,0.90811,0.88406,0.88660,0.89793,0.87159,0.85033,0.86245,0.85601,0.81747,0.80661,0.81560,0.78276,0.74245,0.73008,0.73176,0.64911,0.59107,0.49754,0.57303,0.56301,0.63495,0.71943,0.75132,0.82093,0.86376,0.90049,0.92150,0.94025,0.93787,0.94441,0.92607,0.91511,0.88981,0.86885,0.85031,0.80236,0.79451,0.79139,0.76589,0.73107,0.73104,0.72471,0.66763,0.66845,0.71535,0.67768,0.64131,0.63587,0.64711,0.70420,0.73009,0.78471,0.77061,0.80494,0.82442,0.87069,0.90329,0.94827,0.96790,0.97359,0.93853,0.93914,0.94228,0.88829,0.87512,0.90285,0.87612,0.81407,0.81562,0.78146,0.72280,0.62525,0.58901,0.54429,0.43899,0.38677,0.39764,0.27152,0.25013,0.17480,0.32841,0.40928,0.36536,0.38560,0.39055,0.48806,0.56523,0.66248,0.66923,0.71442,0.70259,0.71245,0.70611,0.77510,0.73988,0.71732,0.79246,0.83179,0.78968,0.83198,0.89405,0.87908,0.87345,0.77370,0.72348,0.78069,0.86946,0.86322,0.91140,0.93361,0.94000,0.90503,0.88495,0.85369,0.81794,0.78020,0.72000,0.67292,0.61551,0.57551,0.50452,0.48238,0.39722,0.37882,0.31366,0.26776,0.22203,0.24351,0.21574,0.21734,0.28461,0.27947,0.31560,0.35559,0.31463,0.34947,0.40525,0.43135,0.50720,0.51873,0.47101,0.48510,0.44314,0.41684,0.44479,0.39172,0.49306,0.56284,0.63345,0.61185,0.60695,0.62947,0.69307,0.72270,0.77539,0.78239,0.82119,0.81140,0.77592,0.77254,0.75117,0.77206,0.71928,0.74876,0.69052,0.66537,0.61871,0.53253,0.44062,0.42837,0.33106,0.28974,0.20594,0.15358,0.23294,0.23227,0.38261,0.43666,0.54129,0.55847,0.58325,0.59886,0.57653,0.58855,0.55244,0.60638,0.68193,0.68343,0.67144,0.73742,0.79627,0.84381,0.87145,0.90218,0.92696,0.93294,0.93898,0.91566,0.89039,0.84058,0.78029,0.71901,0.63495,0.52045,0.48767,0.56436,0.59022
0.95864,0.96297,0.96743,0.96666,0.96334,0.96668,0.96198,0.95007,0.94115,0.93311,0.91583,0.92147,0.93180,0.93851,0.93212,0.92577,0.90409,0.89171,0.86831,0.84913,0.85645,0.83115,0.83928,0.84385,0.80750,0.79145,0.80549,0.78640,0.74299,0.73997,0.74204,0.69560,0.65687,0.65178,0.64418,0.55255,0.48088,0.38482,0.46315,0.44254,0.51884,0.61020,0.64714,0.73134,0.78134,0.83204,0.85745,0.88860,0.89438,0.91439,0.90453,0.90592,0.89195,0.88253,0.87381,0.83102,0.81644,0.80761,0.79056,0.76001,0.75039,0.74424,0.69008,0.68336,0.72268,0.68592,0.64648,0.63038,0.63294,0.69166,0.70821,0.75795,0.73907,0.76700,0.79696,0.83544,0.87719,0.92026,0.94070,0.96410,0.93721,0.93338,0.95041,0.90897,0.88619,0.91305,0.90137,0.84699,0.83662,0.79841,0.75498,0.66182,0.63284,0.60324,0.50351,0.46073,0.46089,0.33165,0.29427,0.21609,0.35209,0.42579,0.36295,0.39038,0.41368,0.51910,0.58665,0.67138,0.66043,0.69082,0.66223,0.66326,0.64157,0.70994,0.66285,0.65516,0.74169,0.76582,0.71680,0.77937,0.83968,0.81171,0.79621,0.68288,0.62006,0.68999,0.79566,0.77989,0.84242,0.87824,0.89650,0.86259,0.85576,0.82525,0.80286,0.76944,0.71468,0.67270,0.61116,0.57502,0.50251,0.47358,0.39114,0.35866,0.29331,0.23452,0.19378,0.23012,0.22027,0.24093,0.30935,0.31897,0.35010,0.37905,0.33500,0.37230,0.42164,0.44241,0.51881,0.52195,0.46645,0.46455,0.41361,0.37140,0.38294,0.31542,0.41185,0.49203,0.56193,0.53735,0.54480,0.56236,0.62640,0.66683,0.72764,0.74893,0.79267,0.79547,0.76094,0.75206,0.71957,0.72911,0.66610,0.68622,0.61760,0.57799,0.53072,0.44248,0.35297,0.35504,0.25616,0.22325,0.13299,0.09378,0.17637,0.17700,0.32254,0.35796,0.47171,0.50645,0.54695,0.57958,0.57395,0.59878,0.57747,0.63588,0.70936,0.71014,0.68766,0.74593,0.80078,0.84017,0.85693,0.87688,0.89813,0.88899,0.88774,0.85305,0.81389,0.75107,0.67734,0.60669,0.51306,0.38720,0.35168,0.43835,0.46993
0.92841,0.93035,0.93184,0.91213,0.89587,0.89732,0.88704,0.85717,0.83673,0.82441,0.79398,0.81023,0.83419,0.86090,0.86743,0.88297,0.85577,0.85964,0.85022,0.82901,0.81498,0.77733,0.77540,0.79856,0.76955,0.73166,0.74738,0.75375,0.70385,0.67911,0.69968,0.67563,0.61861,0.59437,0.60953,0.52236,0.48034,0.38373,0.46344,0.47984,0.56464,0.65147,0.67680,0.74198,0.79575,0.82545,0.86350,0.87346,0.85394,0.85606,0.82307,0.80645,0.77270,0.74906,0.73104,0.67018,0.65422,0.64695,0.61972,0.57892,0.57304,0.56607,0.49968,0.49696,0.54962,0.50544,0.46241,0.45409,0.46646,0.53246,0.56319,0.63019,0.61366,0.65893,0.68129,0.74568,0.78900,0.86127,0.89885,0.90631,0.84385,0.84356,0.85799,0.78218,0.75547,0.79533,0.76854,0.68847,0.68064,0.63453,0.57167,0.45893,0.42256,0.38409,0.27309,0.22571,0.22807,0.09370,0.06221,-0.01531,0.13823,0.21689,0.16672,0.18683,0.19696,0.30303,0.38321,0.48849,0.49335,0.54608,0.53594,0.55061,0.55326,0.63883,0.60877,0.56898,0.65261,0.71737,0.67140,0.70685,0.79707,0.80048,0.81815,0.74858,0.72474,0.79034,0.85230,0.83485,0.87014,0.86926,0.85751,0.79798,0.76295,0.71924,0.67201,0.62415,0.55198,0.49756,0.43161,0.38717,0.30948,0.28544,0.19669,0.17783,0.11131,0.06864,0.02369,0.04346,0.01497,0.02037,0.08851,0.08962,0.12360,0.16028,0.11755,0.15464,0.20782,0.23382,0.31491,0.32595,0.27410,0.29076,0.24694,0.22499,0.26378,0.21773,0.32863,0.39468,0.47339,0.45070,0.43621,0.46458,0.53823,0.56681,0.62538,0.63078,0.67911,0.66782,0.62214,0.61547,0.59050,0.61910,0.56038,0.60298,0.54082,0.52689,0.47617,0.38147,0.28034,0.25342,0.15384,0.10506,0.03231,-0.03009,0.04510,0.04671,0.19888,0.26959,0.37164,0.37829,0.39940,0.41382,0.38914,0.40466,0.36951,0.43223,0.51892,0.51984,0.50058,0.57602,0.64742,0.70688,0.74253,0.78649,0.82479,0.84415,0.86732,0.84180,0.83600,0.78510,0.73804,0.68245,0.60059,0.48637,0.46449,0.55232,0.57396
0.88426,0.88768,0.90622,0.88555,0.86046,0.87086,0.87415,0.83765,0.81432,0.82319,0.79433,0.82560,0.85332,0.88653,0.90109,0.92257,0.90982,0.91639,0.91771,0.90473,0.89165,0.86591,0.86089,0.88337,0.86851,0.83747,0.84860,0.86086,0.82577,0.80270,0.82338,0.80924,0.76382,0.74131,0.75804,0.68873,0.65353,0.56892,0.63902,0.64947,0.71859,0.78955,0.81048,0.85914,0.89454,0.91131,0.93205,0.93338,0.91657,0.90653,0.87489,0.84944,0.81018,0.77697,0.74790,0.69220,0.69016,0.69109,0.65703,0.61814,0.62672,0.62012,0.55986,0.56802,0.62272,0.58359,0.55005,0.55534,0.57625,0.63169,0.66797,0.72951,0.72168,0.76605,0.77499,0.83542,0.86076,0.91519,0.93698,0.92360,0.87266,0.87673,0.86745,0.79471,0.78816,0.81853,0.77585,0.70246,0.71436,0.68336,0.61050,0.50876,0.46693,0.41056,0.30171,0.24458,0.26464,0.14544,0.13906,0.06813,0.23444,0.31863,0.29495,0.30533,0.29207,0.37758,0.46197,0.57042,0.59648,0.65753,0.66515,0.68512,0.69950,0.77152,0.75403,0.71248,0.77375,0.83589,0.80362,0.81890,0.88900,0.89747,0.90673,0.83092,0.81060,0.85196,0.90552,0.90904,0.93638,0.93503,0.92244,0.87959,0.84028,0.80462,0.75227,0.70715,0.64065,0.58753,0.53523,0.49102,0.42322,0.40939,0.32578,0.32332,0.26198,0.23384,0.18690,0.19044,0.14393,0.12459,0.18816,0.16856,0.20751,0.25573,0.21942,0.25067,0.30643,0.33888,0.41208,0.43284,0.39500,0.42815,0.39693,0.39180,0.44104,0.40799,0.51254,0.56514,0.63432,0.61564,0.59357,0.62157,0.68517,0.70118,0.74371,0.73494,0.76889,0.74442,0.70626,0.70922,0.70004,0.73576,0.69554,0.73794,0.69216,0.68838,0.64635,0.56359,0.47108,0.43825,0.34591,0.29507,0.22746,0.16025,0.23080,0.23091,0.37950,0.45758,0.54450,0.53717,0.54204,0.53776,0.49703,0.49473,0.44480,0.49333,0.57093,0.57224,0.56981,0.64425,0.70811,0.76625,0.80722,0.85262,0.88524,0.91201,0.93167,0.92064,0.91823,0.88578,0.84761,0.80257,0.73576,0.63785,0.61131,0.67689,0.69339
0.88036,0.88690,0.90772,0.90910,0.90017,0.91295,0.92212,0.90750,0.89939,0.91341,0.89991,0.91865,0.92919,0.93806,0.93649,0.93117,0.92560,0.91313,0.89992,0.88838,0.90059,0.89063,0.89743,0.89785,0.87555,0.87144,0.88090,0.86363,0.83808,0.84137,0.84076,0.80143,0.77919,0.78145,0.77184,0.70157,0.63487,0.55601,0.62176,0.58900,0.64546,0.71559,0.74676,0.81476,0.84263,0.88203,0.88625,0.91183,0.92510,0.93577,0.93160,0.92876,0.91400,0.89858,0.88044,0.84881,0.84913,0.84712,0.82707,0.80287,0.80679,0.80124,0.75847,0.76251,0.79883,0.77034,0.74315,0.73977,0.74839,0.79197,0.80974,0.84872,0.84015,0.86378,0.88205,0.91261,0.93435,0.95196,0.94993,0.95557,0.94943,0.94784,0.94034,0.91061,0.90936,0.92191,0.89743,0.85718,0.86678,0.84791,0.80228,0.72895,0.69891,0.65681,0.56649,0.51822,0.53715,0.43071,0.41785,0.34645,0.48236,0.55720,0.51956,0.53729,0.54059,0.62013,0.68482,0.76403,0.77102,0.80364,0.78999,0.79185,0.77864,0.82764,0.79361,0.79304,0.85348,0.86506,0.83397,0.87942,0.91011,0.88454,0.84931,0.71969,0.66297,0.70321,0.79928,0.80957,0.86823,0.90940,0.93291,0.92179,0.91572,0.89606,0.87563,0.84743,0.80498,0.76851,0.72487,0.69224,0.63455,0.61658,0.54545,0.52764,0.47074,0.42668,0.38900,0.41085,0.38628,0.38191,0.44339,0.43454,0.46763,0.50423,0.46901,0.49824,0.54486,0.57125,0.63536,0.64731,0.60813,0.61901,0.58094,0.55398,0.57097,0.51412,0.59630,0.66118,0.71530,0.69398,0.69734,0.71075,0.76024,0.78797,0.83074,0.84115,0.86817,0.85916,0.83470,0.83701,0.82007,0.83400,0.79199,0.80666,0.75477,0.72231,0.68983,0.61899,0.54471,0.54611,0.45981,0.42870,0.34816,0.30946,0.38543,0.38625,0.51873,0.55275,0.64689,0.67048,0.69691,0.71391,0.69651,0.70393,0.67209,0.71258,0.77064,0.77091,0.76521,0.81622,0.85693,0.88968,0.90657,0.92244,0.93459,0.92739,0.91784,0.89651,0.85624,0.81322,0.74625,0.68743,0.61180,0.50447,0.46124,0.52132,0.54910
0.90388,0.90746,0.91173,0.90251,0.89287,0.89675,0.89094,0.87051,0.85834,0.85123,0.82809,0.84083,0.85665,0.87275,0.87234,0.87623,0.85436,0.84973,0.83640,0.81595,0.81395,0.78552,0.78887,0.80179,0.77178,0.74808,0.76269,0.75639,0.71410,0.70229,0.71355,0.67921,0.63528,0.62404,0.62771,0.54524,0.49139,0.40056,0.47531,0.47205,0.54764,0.62841,0.65565,0.72592,0.77220,0.80898,0.83639,0.85603,0.85131,0.86126,0.84159,0.83473,0.81197,0.79595,0.78084,0.73291,0.72097,0.71289,0.69214,0.65982,0.65407,0.64736,0.59183,0.58963,0.63264,0.59571,0.55724,0.54711,0.55454,0.61194,0.63395,0.68869,0.67429,0.70969,0.73507,0.78586,0.82390,0.87548,0.89792,0.91118,0.87214,0.86858,0.87995,0.82519,0.80375,0.83279,0.81210,0.74927,0.74374,0.70721,0.65761,0.56212,0.53162,0.49848,0.39878,0.35558,0.36109,0.23902,0.20779,0.13455,0.27394,0.34198,0.28836,0.31007,0.32529,0.42315,0.49332,0.58339,0.58233,0.62190,0.60480,0.61120,0.60359,0.67544,0.64166,0.62256,0.70023,0.74016,0.69899,0.74363,0.81066,0.80067,0.79262,0.68940,0.65663,0.71569,0.79189,0.78569,0.83588,0.85413,0.85914,0.81761,0.79650,0.76154,0.72992,0.68999,0.63151,0.58603,0.52773,0.48932,0.41983,0.39547,0.31580,0.29200,0.22995,0.18339,0.14372,0.16823,0.14828,0.15625,0.22260,0.22542,0.25629,0.28865,0.24806,0.28285,0.32735,0.35283,0.42775,0.43658,0.38722,0.39538,0.35083,0.32273,0.34753,0.29323,0.39018,0.45820,0.52663,0.50292,0.49876,0.52001,0.58435,0.61540,0.67066,0.68314,0.72488,0.71850,0.68096,0.67663,0.65084,0.67059,0.61550,0.64500,0.58226,0.55645,0.51504,0.42907,0.33983,0.32794,0.23443,0.19574,0.12009,0.07057,0.14625,0.14913,0.29006,0.34066,0.44050,0.45820,0.48554,0.50795,0.49204,0.50896,0.48096,0.53631,0.61067,0.61098,0.59266,0.65572,0.71353,0.75976,0.78461,0.81428,0.84234,0.84699,0.85574,0.82769,0.80496,0.75330,0.69552,0.63664,0.55603,0.44101,0.40806,0.48802,0.51472
0.92179,0.92584,0.91620,0.92370,0.93344,0.93021,0.91656,0.91796,0.91898,0.89583,0.88294,0.87272,0.87340,0.86628,0.84823,0.82818,0.79871,0.77854,0.74444,0.71912,0.73393,0.70569,0.71959,0.71752,0.67017,0.65896,0.67547,0.64366,0.59485,0.60007,0.59570,0.53523,0.49737,0.50127,0.48458,0.38622,0.30665,0.21090,0.28808,0.25844,0.33807,0.43328,0.47237,0.57020,0.62809,0.69210,0.72406,0.76756,0.78137,0.81645,0.81577,0.83174,0.83193,0.83689,0.84033,0.80506,0.78181,0.76518,0.76033,0.73656,0.71467,0.70863,0.66044,0.64519,0.67288,0.63936,0.59729,0.56856,0.55947,0.61767,0.62162,0.66424,0.64070,0.66097,0.70396,0.73484,0.78659,0.82770,0.84836,0.89344,0.87562,0.86500,0.89947,0.87344,0.83780,0.86303,0.87026,0.82599,0.80064,0.75869,0.73705,0.65244,0.63518,0.62986,0.54319,0.51525,0.50373,0.37944,0.32179,0.24240,0.34349,0.40073,0.31590,0.35142,0.39813,0.50995,0.56102,0.62620,0.59294,0.60373,0.55623,0.54571,0.50766,0.57428,0.51649,0.52661,0.62354,0.63018,0.57606,0.66105,0.71894,0.67914,0.65113,0.52366,0.45794,0.53965,0.65343,0.63079,0.70757,0.75396,0.78439,0.75072,0.75845,0.72872,0.72423,0.69514,0.64894,0.61466,0.54993,0.52019,0.44923,0.41315,0.33883,0.28895,0.22662,0.15588,0.12409,0.17675,0.18976,0.23267,0.29910,0.32902,0.35058,0.36370,0.31793,0.35628,0.39388,0.40730,0.48178,0.47489,0.41247,0.38839,0.32816,0.26929,0.26106,0.17959,0.26574,0.35455,0.42077,0.39263,0.41325,0.42488,0.48782,0.53970,0.60900,0.64708,0.69670,0.71427,0.67964,0.66480,0.61937,0.61625,0.54272,0.55346,0.47234,0.41791,0.37363,0.28566,0.20235,0.22053,0.12586,0.10482,0.01438,-0.00913,0.07326,0.07665,0.20748,0.21933,0.33762,0.39046,0.44789,0.50135,0.51728,0.55764,0.55632,0.61808,0.68620,0.68590,0.65013,0.69678,0.74481,0.77327,0.77661,0.78365,0.80140,0.77528,0.76706,0.72022,0.66869,0.59274,0.50726,0.42965,0.32786,0.19426,0.15703,0.25150,0.29195
0.88137,0.88160,0.85273,0.84803,0.85712,0.84338,0.81331,0.80907,0.80506,0.75792,0.73579,0.71804,0.72459,0.72501,0.70874,0.69916,0.65241,0.64197,0.60907,0.57515,0.57345,0.52593,0.53573,0.54714,0.49340,0.46106,0.48242,0.46393,0.39886,0.38726,0.39608,0.34444,0.28484,0.27392,0.27205,0.16531,0.10616,0.00516,0.08521,0.08898,0.18451,0.28737,0.32075,0.41517,0.49064,0.54863,0.60520,0.64004,0.63292,0.66582,0.64801,0.65979,0.65225,0.65683,0.66518,0.61512,0.57836,0.55525,0.55059,0.51972,0.48714,0.48020,0.42056,0.39849,0.43107,0.38998,0.33837,0.30278,0.29201,0.36197,0.36928,0.42644,0.39736,0.42853,0.47732,0.52723,0.59544,0.67158,0.71881,0.77194,0.71904,0.70717,0.76195,0.71121,0.65439,0.69642,0.70904,0.64385,0.60222,0.54221,0.51918,0.41549,0.39981,0.40705,0.31556,0.29674,0.26964,0.13620,0.06118,-0.01891,0.07303,0.12289,0.02614,0.06462,0.12283,0.24829,0.30042,0.37168,0.32992,0.34606,0.29643,0.29040,0.25951,0.34729,0.29175,0.28164,0.39251,0.42914,0.36740,0.44863,0.54392,0.52331,0.52899,0.44545,0.40767,0.50419,0.58685,0.54594,0.60740,0.62476,0.63313,0.56752,0.56002,0.51550,0.50007,0.46039,0.39966,0.35780,0.28060,0.24717,0.16726,0.12670,0.04816,-0.00662,-0.07028,-0.14002,-0.17048,-0.11590,-0.09748,-0.04191,0.02420,0.06772,0.08466,0.09008,0.04083,0.08295,0.11773,0.12709,0.20780,0.19671,0.12662,0.09933,0.03532,-0.02360,-0.02355,-0.09772,-0.00139,0.08552,0.16287,0.13387,0.14592,0.16490,0.24056,0.29447,0.37405,0.41291,0.47547,0.49587,0.44925,0.42691,0.37370,0.37609,0.29155,0.31771,0.22869,0.18463,0.13192,0.03384,-0.06035,-0.05694,-0.15243,-0.17972,-0.25849,-0.29074,-0.21442,-0.20956,-0.07950,-0.05200,0.06572,0.11056,0.16777,0.22369,0.24199,0.29155,0.29694,0.37164,0.45372,0.45306,0.40423,0.46050,0.52403,0.56530,0.57588,0.59699,0.63104,0.61852,0.63123,0.57935,0.55098,0.46937,0.39912,0.32611,0.22362,0.08961,0.06923,0.18306,0.22000
0.91805,0.91810,0.89381,0.88700,0.89166,0.87990,0.85300,0.84484,0.83725,0.79418,0.77088,0.75803,0.76777,0.77201,0.75943,0.75357,0.70953,0.70175,0.67118,0.63963,0.63599,0.58888,0.59659,0.60967,0.55874,0.52435,0.54451,0.52929,0.46540,0.45107,0.46097,0.41265,0.35216,0.33820,0.33858,0.23084,0.17267,0.06762,0.15124,0.15607,0.25203,0.35698,0.39143,0.48377,0.55833,0.61407,0.66838,0.70014,0.69111,0.72003,0.69962,0.70705,0.69533,0.69526,0.70036,0.64716,0.61234,0.59210,0.58307,0.54900,0.52010,0.51314,0.45022,0.43039,0.46756,0.42435,0.37270,0.34070,0.33358,0.40504,0.41672,0.47722,0.44796,0.48158,0.52672,0.57830,0.64473,0.72163,0.77010,0.81682,0.76090,0.75196,0.80194,0.74602,0.69287,0.73657,0.74352,0.67417,0.63643,0.57657,0.54506,0.43599,0.41559,0.41416,0.31565,0.29081,0.26637,0.12732,0.05766,-0.02167,0.08422,0.14100,0.04929,0.08634,0.13813,0.26411,0.32366,0.40334,0.36818,0.39162,0.34715,0.34483,0.31794,0.40741,0.35303,0.33671,0.44708,0.48923,0.42645,0.50236,0.59989,0.58056,0.59212,0.51410,0.47073,0.56579,0.65206,0.61102,0.66879,0.68463,0.68981,0.62401,0.61225,0.56729,0.54610,0.50536,0.44054,0.39550,0.31724,0.28102,0.19918,0.15995,0.07520,0.02500,-0.04137,-0.10868,-0.14447,-0.09333,-0.08243,-0.03221,0.03600,0.07284,0.09387,0.10569,0.05613,0.09895,0.13978,0.15149,0.23428,0.22593,0.15616,0.13563,0.07300,0.01800,0.02412,-0.04709,0.05497,0.14176,0.22224,0.19429,0.20296,0.22406,0.30117,0.35267,0.43179,0.46710,0.52846,0.54465,0.49802,0.47643,0.42638,0.43170,0.34776,0.37686,0.29082,0.24992,0.19404,0.09417,-0.00475,-0.00555,-0.10421,-0.13605,-0.21778,-0.25532,-0.17722,-0.17363,-0.03581,-0.00079,0.11892,0.15968,0.21332,0.26356,0.27482,0.32074,0.31938,0.39489,0.48060,0.48082,0.43570,0.49678,0.56394,0.60940,0.62413,0.64916,0.68460,0.67636,0.69050,0.64301,0.61648,0.53694,0.46770,0.39468,0.29208,0.15717,0.13788,0.25481,0.29104
0.84075,0.83873,0.80113,0.78925,0.79620,0.77740,0.74037,0.73247,0.72407,0.66550,0.63870,0.61770,0.62820,0.63296,0.61918,0.61639,0.56199,0.55800,0.52619,0.49012,0.47874,0.42167,0.42868,0.44726,0.39242,0.34857,0.37128,0.36134,0.28990,0.26889,0.28483,0.24058,0.17082,0.15092,0.15795,0.05000,0.00418,-0.09491,-0.01554,0.00374,0.10512,0.21023,0.23948,0.32895,0.41188,0.46445,0.53221,0.55988,0.54105,0.57128,0.54413,0.55263,0.54059,0.54409,0.55475,0.49742,0.45446,0.42983,0.42398,0.38881,0.35185,0.34456,0.27961,0.25473,0.28988,0.24438,0.18865,0.15077,0.14026,0.21588,0.22621,0.29073,0.25871,0.29513,0.34448,0.40160,0.47732,0.57093,0.63347,0.68823,0.61650,0.60571,0.66953,0.60613,0.53981,0.59048,0.60516,0.52999,0.48042,0.41155,0.38605,0.27340,0.25775,0.26858,0.17458,0.16011,0.12398,-0.01328,-0.09499,-0.17107,-0.08276,-0.03383,-0.13386,-0.09516,-0.03381,0.09476,0.14850,0.22293,0.17944,0.19991,0.15151,0.14920,0.12334,0.22028,0.16729,0.14378,0.25909,0.31292,0.24789,0.32335,0.43717,0.42704,0.45673,0.41027,0.38154,0.48093,0.54621,0.49416,0.54310,0.54356,0.53841,0.45725,0.44119,0.39024,0.36728,0.32397,0.25558,0.20996,0.12755,0.09240,0.00932,-0.03194,-0.11195,-0.16619,-0.22873,-0.29493,-0.32481,-0.27191,-0.25328,-0.19271,-0.12860,-0.08097,-0.06577,-0.06285,-0.11259,-0.07069,-0.03631,-0.02940,0.05241,0.03978,-0.03266,-0.05847,-0.12191,-0.17877,-0.17287,-0.23959,-0.13954,-0.05623,0.02574,-0.00175,0.00528,0.02807,0.10764,0.16026,0.24256,0.27941,0.34640,0.36664,0.31581,0.29085,0.23605,0.24110,0.15283,0.18674,0.09776,0.06167,0.00364,-0.09614,-0.19435,-0.19971,-0.29322,-0.32437,-0.39550,-0.43249,-0.36102,-0.35548,-0.22952,-0.19338,-0.07935,-0.04038,0.01508,0.06880,0.08605,0.13875,0.14621,0.22659,0.31523,0.31432,0.26062,0.32152,0.39282,0.44072,0.45550,0.48423,0.52624,0.52221,0.54634,0.49482,0.48047,0.39848,0.33854,0.27026,0.17047,0.04086,0.03273,0.15970,0.19052
0.79710,0.79730,0.75601,0.76173,0.78483,0.76540,0.72849,0.74058,0.74677,0.68533,0.67130,0.63476,0.62982,0.61286,0.58366,0.55749,0.50501,0.48472,0.43947,0.40240,0.41087,0.36425,0.38115,0.38232,0.31876,0.29562,0.31754,0.28304,0.21657,0.21671,0.21543,0.14932,0.09685,0.09680,0.08218,-0.02601,-0.09751,-0.19008,-0.11613,-0.12706,-0.03472,0.06944,0.10671,0.21276,0.29349,0.36599,0.42490,0.47279,0.47690,0.52633,0.52181,0.55097,0.56093,0.58217,0.60565,0.56795,0.52350,0.49407,0.50305,0.48055,0.43562,0.42947,0.37978,0.34860,0.36662,0.33011,0.27826,0.22937,0.20572,0.27228,0.26479,0.30976,0.27613,0.29512,0.35545,0.38900,0.46613,0.53466,0.58091,0.65544,0.61719,0.59982,0.67179,0.64435,0.57644,0.61404,0.64903,0.60161,0.54405,0.48227,0.48567,0.39767,0.39504,0.42572,0.35303,0.35189,0.30946,0.18632,0.09282,0.01945,0.07225,0.10370,-0.01312,0.03270,0.11269,0.23693,0.26834,0.31389,0.24928,0.24170,0.17192,0.15317,0.10257,0.18111,0.11446,0.12603,0.24247,0.25494,0.19016,0.29364,0.37875,0.34207,0.33693,0.24832,0.19886,0.30189,0.39699,0.34520,0.41949,0.45188,0.47585,0.41635,0.42832,0.38885,0.39367,0.36474,0.31750,0.28745,0.21094,0.18702,0.11254,0.06511,-0.00063,-0.06990,-0.12697,-0.20827,-0.22622,-0.15560,-0.11288,-0.03311,0.02740,0.08955,0.09591,0.08477,0.03525,0.07587,0.09919,0.09787,0.17085,0.14749,0.07210,0.02387,-0.04659,-0.12354,-0.14789,-0.23391,-0.15550,-0.06232,0.00636,-0.02318,0.00585,0.01578,0.08360,0.14763,0.23236,0.28745,0.35148,0.38796,0.34687,0.31917,0.25465,0.24014,0.14813,0.15799,0.06298,0.00278,-0.04616,-0.13551,-0.21692,-0.19370,-0.27941,-0.29151,-0.36945,-0.38056,-0.30767,-0.30199,-0.19447,-0.19743,-0.07958,-0.01316,0.06255,0.13716,0.17910,0.24367,0.27180,0.34696,0.41857,0.41668,0.35585,0.39472,0.44658,0.47169,0.46500,0.46887,0.49537,0.46261,0.46439,0.40135,0.35707,0.26374,0.18209,0.10341,-0.00314,-0.13801,-0.15645,-0.03103,0.00745
0.86206,0.86503,0.83754,0.85369,0.87842,0.86642,0.84148,0.85898,0.86899,0.82457,0.81789,0.78548,0.77547,0.75176,0.71992,0.68415,0.64335,0.61471,0.56526,0.53427,0.55659,0.52324,0.54399,0.53445,0.47299,0.46570,0.48485,0.43834,0.38152,0.39508,0.38308,0.30714,0.26962,0.28074,0.25336,0.14647,0.05507,-0.03780,0.03839,0.00136,0.08384,0.18726,0.23138,0.34458,0.41422,0.49491,0.53711,0.59408,0.61489,0.66840,0.67754,0.71152,0.72803,0.75065,0.77191,0.74475,0.70886,0.68340,0.69234,0.67430,0.63601,0.63048,0.58754,0.55997,0.57463,0.54246,0.49641,0.45068,0.42755,0.48776,0.47750,0.51251,0.48101,0.49148,0.54948,0.56751,0.63543,0.67832,0.70609,0.77756,0.76592,0.74942,0.80871,0.80052,0.74661,0.77211,0.80507,0.77309,0.72575,0.67546,0.67967,0.60265,0.59807,0.62016,0.54853,0.54008,0.50700,0.38504,0.30296,0.22493,0.28611,0.32848,0.21704,0.26131,0.33553,0.45455,0.48645,0.52885,0.46778,0.45593,0.38447,0.36175,0.30294,0.36785,0.29535,0.32272,0.43399,0.42314,0.36009,0.47135,0.53123,0.47636,0.44801,0.33117,0.24848,0.34548,0.47327,0.42819,0.51549,0.57251,0.61458,0.57818,0.60370,0.57460,0.58855,0.56797,0.52995,0.50454,0.43451,0.41243,0.34161,0.29637,0.22997,0.16115,0.10285,0.01753,-0.00386,0.06911,0.10979,0.18317,0.24626,0.30062,0.31144,0.30540,0.25596,0.29440,0.32507,0.32542,0.39631,0.37471,0.30218,0.25379,0.18359,0.10263,0.06971,-0.02584,0.04800,0.14710,0.21009,0.18038,0.21824,0.22275,0.28339,0.34891,0.42875,0.48612,0.54231,0.57801,0.54545,0.52229,0.46117,0.44123,0.35382,0.35181,0.25852,0.18716,0.14142,0.05630,-0.01996,0.01677,-0.07222,-0.07951,-0.16992,-0.17462,-0.09395,-0.08940,0.02312,0.00648,0.13090,0.20734,0.28721,0.36258,0.40483,0.46529,0.48949,0.55772,0.62140,0.62017,0.56694,0.59986,0.64204,0.65796,0.64463,0.63703,0.65071,0.60589,0.59101,0.52925,0.46547,0.37304,0.27507,0.18879,0.07735,-0.06318,-0.09470,0.02106,0.06397
0.92897,0.93118,0.90847,0.91310,0.92638,0.91565,0.89210,0.89545,0.89506,0.85476,0.83974,0.81939,0.82032,0.81174,0.79091,0.77031,0.72949,0.71095,0.67048,0.64049,0.65000,0.61097,0.62563,0.62681,0.57085,0.55064,0.56976,0.53807,0.47803,0.47769,0.47556,0.41284,0.36440,0.36241,0.34745,0.23716,0.15958,0.05607,0.13780,0.11927,0.20885,0.31656,0.35859,0.46335,0.53641,0.60648,0.65259,0.69861,0.70583,0.74659,0.74099,0.76010,0.76132,0.77087,0.78253,0.74148,0.70713,0.68587,0.68362,0.65611,0.62435,0.61818,0.56364,0.54091,0.56920,0.53045,0.48096,0.44314,0.42929,0.49650,0.49888,0.54793,0.51686,0.53912,0.58885,0.62294,0.68835,0.74705,0.78537,0.84265,0.80956,0.79817,0.85099,0.81790,0.76658,0.80193,0.81985,0.76744,0.72683,0.67167,0.65368,0.55792,0.54229,0.54800,0.45799,0.43754,0.41012,0.27483,0.20109,0.11933,0.21029,0.26768,0.16849,0.20950,0.26959,0.39464,0.44530,0.51105,0.46496,0.47336,0.41594,0.40506,0.36159,0.43953,0.37361,0.37778,0.48991,0.50555,0.44078,0.53524,0.61332,0.57379,0.56533,0.46310,0.39329,0.49346,0.60944,0.56485,0.63824,0.67767,0.70300,0.65345,0.66045,0.62391,0.61836,0.58781,0.53459,0.49780,0.42228,0.39151,0.31292,0.27070,0.19114,0.13238,0.06721,-0.01121,-0.04274,0.01906,0.04334,0.10300,0.17088,0.21461,0.23325,0.23917,0.18885,0.23166,0.26896,0.27674,0.35632,0.34239,0.27012,0.23748,0.17058,0.10223,0.08987,0.00470,0.09682,0.19267,0.26731,0.23864,0.26233,0.27632,0.34670,0.40541,0.48519,0.53022,0.58977,0.61547,0.57484,0.55230,0.49711,0.49070,0.40439,0.41772,0.32815,0.27124,0.21675,0.12152,0.03104,0.04903,-0.04899,-0.07050,-0.16256,-0.18541,-0.10270,-0.09997,0.03282,0.04444,0.17115,0.23082,0.29780,0.35925,0.38386,0.43622,0.44420,0.51722,0.59408,0.59423,0.54674,0.59606,0.65228,0.68427,0.68663,0.69639,0.72028,0.69421,0.69185,0.63760,0.58956,0.50183,0.41581,0.33325,0.22312,0.08361,0.05866,0.17421,0.21567
0.95399,0.95740,0.94404,0.95207,0.96366,0.95774,0.94158,0.94501,0.94492,0.91642,0.90400,0.88871,0.88877,0.87949,0.85985,0.83749,0.80424,0.78351,0.74354,0.71815,0.73274,0.70092,0.71629,0.71340,0.66114,0.64784,0.66510,0.63020,0.57640,0.58099,0.57503,0.51100,0.47014,0.47226,0.45318,0.34660,0.26310,0.16104,0.24130,0.21134,0.29461,0.39948,0.44348,0.54811,0.61335,0.68366,0.72055,0.76819,0.78200,0.82139,0.82088,0.83920,0.84114,0.84870,0.85670,0.81980,0.79163,0.77388,0.76942,0.74336,0.71751,0.71171,0.66010,0.64104,0.66939,0.63272,0.58697,0.55355,0.54207,0.60537,0.60852,0.65351,0.62492,0.64422,0.68968,0.71730,0.77525,0.82145,0.85005,0.90135,0.87989,0.87030,0.91328,0.88702,0.84524,0.87474,0.88798,0.84176,0.80927,0.76069,0.73961,0.64911,0.63084,0.62780,0.53702,0.51027,0.49041,0.35714,0.29321,0.21067,0.31043,0.37495,0.28344,0.32229,0.37469,0.49482,0.54792,0.61482,0.57486,0.58430,0.53043,0.51985,0.47585,0.54662,0.48072,0.48921,0.59527,0.60285,0.54105,0.63398,0.69939,0.65415,0.63583,0.52130,0.43930,0.53195,0.65910,0.62223,0.69947,0.74818,0.77961,0.74156,0.75222,0.72112,0.71701,0.68968,0.63988,0.60454,0.53361,0.50315,0.42698,0.38742,0.30786,0.25297,0.18727,0.11001,0.07637,0.13560,0.15425,0.20623,0.27427,0.30968,0.33210,0.34360,0.29431,0.33570,0.37686,0.38717,0.46525,0.45434,0.38583,0.35707,0.29250,0.22634,0.21370,0.12750,0.21807,0.31383,0.38564,0.35794,0.38280,0.39524,0.46174,0.51821,0.59339,0.63556,0.68961,0.71215,0.67632,0.65717,0.60677,0.59971,0.51865,0.52825,0.44273,0.38391,0.33094,0.23866,0.15066,0.17199,0.07320,0.05200,-0.04542,-0.06732,0.01827,0.01973,0.15561,0.16519,0.29256,0.35300,0.41782,0.47572,0.49622,0.54331,0.54562,0.61365,0.68697,0.68727,0.64638,0.69429,0.74622,0.77550,0.77716,0.78348,0.80155,0.77274,0.76425,0.71294,0.65831,0.57444,0.48419,0.40043,0.29069,0.15128,0.11976,0.22662,0.26834
0.93998,0.94281,0.92348,0.93220,0.94721,0.93840,0.91793,0.92416,0.92580,0.89105,0.87875,0.85789,0.85594,0.84384,0.82133,0.79659,0.75896,0.73701,0.69330,0.66589,0.68064,0.64579,0.66240,0.65910,0.60260,0.58817,0.60665,0.56952,0.51214,0.51688,0.51035,0.44378,0.40065,0.40304,0.38299,0.27336,0.18994,0.08747,0.16747,0.13815,0.22437,0.33215,0.37675,0.48491,0.55440,0.62779,0.67007,0.71996,0.73351,0.77713,0.77732,0.79919,0.80404,0.81557,0.82782,0.79114,0.75879,0.73858,0.73731,0.71165,0.68109,0.67532,0.62360,0.60103,0.62695,0.58983,0.54194,0.50397,0.48929,0.55432,0.55455,0.59945,0.56846,0.58686,0.63606,0.66291,0.72577,0.77550,0.80830,0.86683,0.84356,0.83226,0.88294,0.85816,0.81023,0.84139,0.86101,0.81527,0.77637,0.72415,0.70840,0.61762,0.60241,0.60691,0.51872,0.49624,0.47086,0.33681,0.26605,0.18186,0.27094,0.33319,0.23535,0.27672,0.33668,0.46041,0.50940,0.57186,0.52459,0.52920,0.46948,0.45643,0.40812,0.48088,0.41163,0.42204,0.53300,0.53969,0.47529,0.57447,0.64398,0.59750,0.58172,0.47290,0.38956,0.48733,0.61438,0.57152,0.65022,0.69852,0.73034,0.68832,0.70162,0.66911,0.66833,0.64154,0.59196,0.55786,0.48417,0.45475,0.37743,0.33554,0.25747,0.19723,0.13203,0.05139,0.02089,0.08551,0.11065,0.17024,0.23757,0.28025,0.29971,0.30577,0.25532,0.29700,0.33581,0.34313,0.42174,0.40743,0.33604,0.30075,0.23335,0.16182,0.14430,0.05487,0.14412,0.24225,0.31493,0.28641,0.31423,0.32634,0.39382,0.45343,0.53252,0.57914,0.63647,0.66344,0.62669,0.60507,0.55018,0.53980,0.45445,0.46282,0.37322,0.31154,0.25677,0.16289,0.07506,0.09955,0.00151,-0.01706,-0.11400,-0.13173,-0.04657,-0.04419,0.08765,0.09215,0.22136,0.28660,0.35678,0.42035,0.44733,0.49996,0.50864,0.57929,0.65305,0.65308,0.60689,0.65289,0.70514,0.73308,0.73168,0.73599,0.75449,0.72244,0.71485,0.65925,0.60411,0.51566,0.42389,0.33841,0.22553,0.08336,0.05391,0.16522,0.20823
0.89813,0.90159,0.87898,0.89596,0.91901,0.90869,0.88771,0.90394,0.91216,0.87460,0.86876,0.83990,0.83018,0.80712,0.77714,0.74182,0.70451,0.67515,0.62495,0.59680,0.62034,0.58999,0.61123,0.59996,0.53960,0.53446,0.55231,0.50431,0.44994,0.46377,0.44897,0.37347,0.33848,0.34941,0.31960,0.21044,0.11830,0.02031,0.09646,0.05309,0.13434,0.24055,0.28827,0.40286,0.47194,0.55384,0.59226,0.65123,0.67520,0.72805,0.73844,0.77076,0.78668,0.80732,0.82653,0.79952,0.76582,0.74305,0.74933,0.73046,0.69546,0.69023,0.64645,0.62039,0.63702,0.60471,0.55926,0.51564,0.49435,0.55408,0.54544,0.58062,0.54832,0.55802,0.61224,0.62696,0.69088,0.72902,0.75490,0.82420,0.81622,0.80160,0.85762,0.85016,0.80071,0.82615,0.85662,0.82425,0.78083,0.73201,0.73081,0.65291,0.64492,0.66129,0.58499,0.57089,0.54093,0.41524,0.33867,0.25642,0.32246,0.37525,0.27011,0.31480,0.38407,0.50443,0.54209,0.58885,0.53082,0.52093,0.45063,0.42998,0.36970,0.43316,0.35742,0.38387,0.49544,0.48293,0.41863,0.53050,0.58682,0.52933,0.49820,0.37440,0.28164,0.38199,0.52068,0.47675,0.56561,0.62724,0.67179,0.63961,0.66647,0.63970,0.65291,0.63341,0.59447,0.56839,0.49813,0.47496,0.40323,0.35896,0.28902,0.22115,0.15997,0.07326,0.04856,0.12112,0.15988,0.22936,0.29353,0.34449,0.35888,0.35697,0.30804,0.34854,0.38030,0.38225,0.45486,0.43484,0.36268,0.31541,0.24558,0.16475,0.13218,0.03475,0.11201,0.21340,0.27878,0.24979,0.28814,0.29441,0.35581,0.42111,0.50002,0.55564,0.61121,0.64709,0.61466,0.59069,0.53117,0.51099,0.42394,0.42127,0.32958,0.25708,0.20654,0.11907,0.04094,0.07920,-0.01284,-0.02185,-0.12033,-0.12396,-0.04031,-0.03828,0.08108,0.06617,0.19534,0.27333,0.35263,0.42652,0.46604,0.52474,0.54477,0.61242,0.67710,0.67674,0.62674,0.66126,0.70385,0.72035,0.70812,0.70008,0.71167,0.66638,0.64807,0.58744,0.51982,0.42637,0.32553,0.23619,0.12104,-0.02161,-0.05335,0.05682,0.10581
0.89094,0.89609,0.88125,0.90425,0.92822,0.92217,0.90823,0.92810,0.93945,0.91190,0.91090,0.88452,0.87164,0.84461,0.81352,0.77332,0.74371,0.71003,0.65981,0.63524,0.66625,0.64504,0.66839,0.65089,0.59393,0.59889,0.61475,0.56084,0.51449,0.53635,0.51574,0.43668,0.41234,0.43065,0.39419,0.29073,0.19073,0.09848,0.17093,0.11320,0.18564,0.28594,0.33484,0.44941,0.50949,0.59309,0.62008,0.68270,0.71589,0.76957,0.78795,0.82267,0.84282,0.86436,0.88189,0.86293,0.83548,0.81514,0.82220,0.80786,0.77743,0.77258,0.73556,0.71263,0.72550,0.69784,0.65776,0.61725,0.59636,0.64909,0.63807,0.66525,0.63609,0.64007,0.69169,0.69718,0.75298,0.77438,0.78745,0.85304,0.86178,0.84729,0.89403,0.89936,0.85973,0.87660,0.90519,0.88418,0.84806,0.80817,0.80963,0.74289,0.73551,0.74750,0.67540,0.65889,0.63615,0.51792,0.44891,0.36898,0.43638,0.48955,0.39054,0.43320,0.49757,0.60965,0.64435,0.68537,0.63069,0.61687,0.54778,0.52452,0.46135,0.51370,0.43806,0.47479,0.57808,0.55107,0.49172,0.60426,0.64200,0.57668,0.52952,0.38725,0.28493,0.37668,0.52568,0.49092,0.58595,0.66005,0.71424,0.69717,0.73134,0.71194,0.73118,0.71709,0.68646,0.66498,0.60206,0.58176,0.51599,0.47422,0.40874,0.34294,0.28431,0.19856,0.17480,0.24592,0.28346,0.34733,0.40955,0.45477,0.47052,0.47086,0.42401,0.46192,0.49319,0.49639,0.56409,0.54562,0.47824,0.43148,0.36422,0.28393,0.24647,0.14693,0.21695,0.31740,0.37586,0.34758,0.38988,0.39206,0.44644,0.51044,0.58291,0.63802,0.68668,0.72179,0.69570,0.67519,0.61951,0.59663,0.51598,0.50619,0.41874,0.34202,0.29700,0.21621,0.14528,0.19030,0.10145,0.09661,-0.00465,-0.00312,0.08143,0.08343,0.19874,0.17516,0.30173,0.38277,0.46159,0.53435,0.57365,0.62808,0.64640,0.70670,0.76315,0.76265,0.71871,0.74710,0.78090,0.79049,0.77425,0.75894,0.76272,0.71114,0.68336,0.62530,0.54806,0.45856,0.35254,0.26284,0.14976,0.00972,-0.02947,0.06955,0.11960
0.80866,0.81539,0.80334,0.83956,0.87263,0.86838,0.85959,0.89296,0.91358,0.89161,0.90159,0.86778,0.84434,0.80290,0.76359,0.70865,0.68636,0.64241,0.58580,0.56483,0.60998,0.60121,0.62995,0.59936,0.54228,0.56469,0.57782,0.50875,0.47225,0.51016,0.47675,0.38692,0.38024,0.41332,0.36199,0.26648,0.15356,0.07320,0.13675,0.05439,0.11263,0.20439,0.25621,0.37421,0.42436,0.51667,0.53074,0.60437,0.65498,0.71846,0.75429,0.80086,0.83620,0.86834,0.89235,0.89103,0.86717,0.84671,0.86276,0.85936,0.82806,0.82460,0.80264,0.77830,0.77751,0.75889,0.72654,0.68313,0.65607,0.69670,0.67397,0.68317,0.65529,0.64459,0.69811,0.68170,0.73117,0.72655,0.72305,0.79601,0.83409,0.81691,0.86159,0.89642,0.86330,0.86676,0.90599,0.90978,0.87408,0.84519,0.86510,0.82336,0.82457,0.84594,0.79306,0.78393,0.76120,0.66113,0.59312,0.52017,0.56100,0.60433,0.50392,0.54762,0.61771,0.71694,0.73467,0.75202,0.68850,0.65614,0.57813,0.54478,0.46797,0.50007,0.41871,0.47950,0.57400,0.51529,0.46060,0.58488,0.59333,0.51112,0.44005,0.28021,0.15676,0.24184,0.40828,0.37706,0.48373,0.57994,0.65375,0.65908,0.71378,0.70694,0.74633,0.74533,0.73344,0.72529,0.67338,0.66261,0.60889,0.56787,0.51626,0.44483,0.39424,0.30426,0.28834,0.36649,0.41676,0.48627,0.54221,0.59199,0.60222,0.59400,0.55132,0.58451,0.60753,0.60598,0.66185,0.63826,0.57558,0.51717,0.45055,0.36173,0.30491,0.19775,0.24666,0.34743,0.39098,0.36349,0.41946,0.41138,0.45176,0.51884,0.58519,0.64876,0.68885,0.73173,0.71729,0.69790,0.64161,0.60565,0.52994,0.50206,0.41805,0.32829,0.29270,0.22678,0.17416,0.23898,0.16131,0.17123,0.06901,0.09040,0.17116,0.17305,0.26739,0.21544,0.33667,0.43258,0.52033,0.60101,0.65364,0.71057,0.73988,0.78998,0.82838,0.82733,0.78442,0.79444,0.81004,0.80133,0.77003,0.73588,0.72502,0.65424,0.60956,0.54957,0.45328,0.36393,0.24734,0.15599,0.04607,-0.08794,-0.13379,-0.04598,0.00629
0.75643,0.76446,0.76175,0.80528,0.83964,0.84031,0.83999,0.87816,0.90269,0.89263,0.90914,0.87790,0.84999,0.80364,0.76337,0.70295,0.69047,0.64200,0.58633,0.57090,0.62454,0.62755,0.65834,0.61991,0.56827,0.60331,0.61303,0.53768,0.51276,0.55990,0.51951,0.42818,0.43562,0.47714,0.41836,0.33390,0.21402,0.14395,0.20011,0.10155,0.14637,0.22791,0.28019,0.39459,0.43143,0.52336,0.52333,0.59936,0.66088,0.72469,0.77061,0.82002,0.86081,0.89448,0.91723,0.92719,0.91104,0.89425,0.91194,0.91447,0.88896,0.88659,0.87473,0.85399,0.84726,0.83555,0.81101,0.77204,0.74513,0.77523,0.74894,0.74651,0.72286,0.70405,0.75303,0.72351,0.76237,0.73647,0.71723,0.78509,0.84372,0.82715,0.86066,0.91243,0.89121,0.88335,0.92139,0.94094,0.91403,0.89734,0.92230,0.89760,0.90073,0.91784,0.87518,0.86500,0.84999,0.76432,0.70660,0.64138,0.67764,0.71762,0.62631,0.66665,0.72997,0.81421,0.82565,0.83260,0.77334,0.73503,0.65945,0.62332,0.54386,0.56013,0.48095,0.55334,0.63469,0.55832,0.51151,0.63332,0.61776,0.52687,0.43973,0.26660,0.13256,0.20161,0.37627,0.35668,0.46755,0.57659,0.66112,0.68552,0.74952,0.75256,0.80001,0.80738,0.80714,0.80645,0.76570,0.75980,0.71607,0.67912,0.63649,0.56935,0.52459,0.43817,0.42482,0.49948,0.54877,0.61160,0.66299,0.70521,0.71525,0.70867,0.67086,0.69879,0.71987,0.71829,0.76466,0.74253,0.68775,0.63029,0.56911,0.48298,0.41996,0.31358,0.34939,0.44549,0.47773,0.45275,0.51315,0.49969,0.52818,0.59194,0.64878,0.71052,0.74064,0.78221,0.77694,0.76208,0.71182,0.67154,0.60573,0.56773,0.49297,0.40020,0.37263,0.31909,0.27924,0.35217,0.28247,0.29858,0.19695,0.22631,0.30435,0.30532,0.38852,0.32467,0.43793,0.53636,0.62102,0.69939,0.75183,0.80276,0.83113,0.87014,0.89566,0.89459,0.85956,0.85979,0.86302,0.84437,0.80727,0.76372,0.74248,0.66484,0.60929,0.55369,0.44791,0.36609,0.24657,0.15785,0.05497,-0.07015,-0.12325,-0.05161,-0.00082
0.65291,0.66117,0.65479,0.70670,0.74956,0.74874,0.74761,0.79673,0.82871,0.81611,0.83995,0.79973,0.76352,0.70607,0.65858,0.58782,0.57661,0.52148,0.46055,0.44610,0.50800,0.51696,0.55175,0.50495,0.45140,0.49661,0.50509,0.41974,0.39991,0.45686,0.40848,0.31084,0.32862,0.37937,0.31150,0.23355,0.10810,0.04974,0.09724,-0.01331,0.02159,0.09602,0.14877,0.26440,0.29708,0.39435,0.38967,0.47248,0.54361,0.61555,0.67242,0.73211,0.78457,0.82816,0.85851,0.88072,0.86410,0.84530,0.87162,0.88267,0.85318,0.85168,0.85120,0.82718,0.80866,0.80387,0.78400,0.74046,0.70674,0.72826,0.69201,0.67662,0.65302,0.62367,0.67597,0.63238,0.66973,0.62975,0.60293,0.68007,0.75531,0.73568,0.77362,0.84496,0.82335,0.80803,0.85780,0.89419,0.86306,0.85171,0.89428,0.88863,0.90079,0.93112,0.90697,0.90781,0.88834,0.81911,0.75734,0.69958,0.70626,0.73190,0.63640,0.67819,0.75024,0.82441,0.81940,0.80482,0.73488,0.68024,0.59592,0.55185,0.46238,0.46522,0.38285,0.47133,0.54786,0.45112,0.40715,0.53764,0.50547,0.40428,0.30486,0.12716,-0.01422,0.05205,0.23168,0.21126,0.32805,0.44818,0.54403,0.57982,0.65785,0.66829,0.73090,0.74784,0.76155,0.77147,0.73793,0.74031,0.70637,0.66876,0.63981,0.56712,0.53086,0.44213,0.43776,0.51854,0.58131,0.65348,0.69690,0.74654,0.74925,0.73232,0.69785,0.72190,0.73404,0.72604,0.76191,0.73388,0.68190,0.61283,0.55236,0.45929,0.38037,0.27015,0.28774,0.38203,0.40256,0.37853,0.44905,0.42815,0.44618,0.51286,0.56662,0.63624,0.66202,0.71173,0.71358,0.69743,0.64430,0.59324,0.52976,0.47890,0.40649,0.30571,0.28536,0.24367,0.21924,0.30570,0.24779,0.27606,0.17948,0.22458,0.29627,0.29787,0.35914,0.27302,0.37888,0.48803,0.57952,0.66607,0.73166,0.78735,0.82839,0.86079,0.87250,0.87066,0.83306,0.81815,0.80838,0.77598,0.72701,0.66998,0.64019,0.54978,0.48460,0.42577,0.31000,0.22731,0.10373,0.01564,-0.08304,-0.20058,-0.25469,-0.18997,-0.13771
0.64391,0.65195,0.64292,0.69471,0.73876,0.73698,0.73376,0.78358,0.81677,0.80122,0.82444,0.78235,0.74558,0.68739,0.63877,0.56776,0.55446,0.49919,0.43752,0.42190,0.48353,0.49092,0.52597,0.47951,0.42475,0.46910,0.47811,0.39272,0.37152,0.42812,0.38018,0.28183,0.29840,0.34926,0.28164,0.20300,0.07871,0.02115,0.06849,-0.04124,-0.00493,0.06973,0.12173,0.23826,0.27241,0.37002,0.36771,0.45080,0.52123,0.59416,0.65066,0.71134,0.76475,0.80967,0.84115,0.86330,0.84510,0.82500,0.85260,0.86408,0.83265,0.83085,0.83039,0.80527,0.78573,0.78086,0.76034,0.71530,0.68047,0.70266,0.66554,0.65035,0.62641,0.59738,0.65151,0.60892,0.64848,0.61091,0.58520,0.66468,0.73859,0.71774,0.75829,0.82952,0.80520,0.79032,0.84192,0.87812,0.84467,0.83230,0.87730,0.87138,0.88529,0.91905,0.89625,0.89977,0.87840,0.80960,0.74493,0.68684,0.68927,0.71195,0.61400,0.65636,0.73116,0.80620,0.79938,0.78278,0.71052,0.65421,0.56811,0.52309,0.43285,0.43666,0.35395,0.44334,0.52133,0.42499,0.38075,0.51279,0.48307,0.38232,0.28327,0.10646,-0.03139,0.03676,0.21303,0.19105,0.30830,0.42685,0.52252,0.55609,0.63412,0.64343,0.70713,0.72354,0.73724,0.74742,0.71312,0.71572,0.68153,0.64334,0.61581,0.54120,0.50582,0.41644,0.41388,0.49607,0.56084,0.63477,0.67792,0.73010,0.73180,0.71268,0.67777,0.70157,0.71214,0.70332,0.73919,0.71032,0.65783,0.58648,0.52522,0.43081,0.35071,0.23981,0.25679,0.35105,0.37147,0.34697,0.41798,0.39696,0.41573,0.48304,0.53810,0.60927,0.63625,0.68752,0.68806,0.67115,0.61635,0.56511,0.50064,0.45037,0.37573,0.27421,0.25457,0.21245,0.18831,0.27495,0.21762,0.24679,0.15194,0.19771,0.26913,0.27153,0.33043,0.24305,0.34858,0.45827,0.55128,0.63992,0.70758,0.76498,0.80854,0.84171,0.85345,0.85132,0.81175,0.79630,0.78670,0.75404,0.70412,0.64681,0.61802,0.52730,0.46282,0.40232,0.28730,0.20368,0.08016,-0.00782,-0.10686,-0.22564,-0.27970,-0.21355,-0.16099
0.66398,0.67294,0.67445,0.72539,0.76360,0.76698,0.77168,0.81686,0.84714,0.84408,0.86731,0.83470,0.80087,0.74736,0.70370,0.63659,0.63132,0.57785,0.52163,0.51016,0.57218,0.58516,0.61839,0.57205,0.52415,0.57113,0.57799,0.49576,0.48095,0.53772,0.49012,0.39626,0.41714,0.46789,0.40135,0.32845,0.20539,0.14846,0.19489,0.08157,0.11255,0.18276,0.23439,0.34480,0.37066,0.46282,0.45159,0.53072,0.60230,0.66848,0.72474,0.77956,0.82851,0.86686,0.89128,0.91386,0.90288,0.88765,0.90992,0.92045,0.89735,0.89588,0.89581,0.87639,0.86063,0.85678,0.83991,0.80253,0.77322,0.79217,0.75974,0.74430,0.72413,0.69610,0.74308,0.70003,0.73071,0.68554,0.65251,0.71972,0.79821,0.78035,0.80771,0.87803,0.86473,0.84639,0.88768,0.92452,0.90209,0.89633,0.93198,0.92699,0.93587,0.95670,0.92967,0.92449,0.91346,0.84651,0.79468,0.73828,0.75652,0.78615,0.70040,0.73834,0.80016,0.86903,0.86848,0.85875,0.79888,0.75024,0.67401,0.63303,0.54912,0.54876,0.47124,0.55777,0.62674,0.53118,0.49196,0.61379,0.57619,0.47748,0.37446,0.19183,0.05194,0.10954,0.28677,0.27531,0.38981,0.50932,0.60441,0.64550,0.72024,0.73263,0.79136,0.80770,0.82128,0.82995,0.80038,0.80122,0.76914,0.73559,0.70602,0.64004,0.60378,0.52019,0.51308,0.58703,0.63993,0.70006,0.74408,0.78428,0.79088,0.78071,0.74806,0.77068,0.78575,0.78172,0.81682,0.79388,0.74683,0.68562,0.62927,0.54324,0.47042,0.36468,0.38361,0.47392,0.49303,0.46998,0.53654,0.51649,0.53275,0.59368,0.64259,0.70617,0.72745,0.77102,0.77412,0.76194,0.71506,0.66870,0.61175,0.56297,0.49516,0.39842,0.38056,0.34084,0.31662,0.39920,0.34128,0.36651,0.26998,0.31034,0.38256,0.38350,0.44820,0.36805,0.47084,0.57338,0.65820,0.73691,0.79418,0.84219,0.87522,0.90336,0.91402,0.91243,0.88197,0.86937,0.85881,0.82802,0.78262,0.72779,0.69675,0.61061,0.54478,0.49154,0.37724,0.30144,0.18055,0.09543,0.00066,-0.11396,-0.17145,-0.11449,-0.06358
0.56344,0.57311,0.57670,0.63417,0.67678,0.68147,0.68957,0.74171,0.77699,0.77853,0.80824,0.77256,0.73302,0.67227,0.62522,0.55105,0.55148,0.49362,0.43625,0.42787,0.49679,0.51833,0.55403,0.50048,0.45523,0.51269,0.51711,0.42828,0.42202,0.48724,0.43286,0.33697,0.36994,0.42852,0.35493,0.29241,0.16657,0.12201,0.15872,0.03489,0.05326,0.11250,0.16316,0.26957,0.28663,0.37960,0.35925,0.44180,0.52203,0.59125,0.65693,0.71762,0.77450,0.81815,0.84596,0.88026,0.87271,0.85829,0.88589,0.90391,0.88166,0.88125,0.89230,0.87311,0.84832,0.85164,0.84149,0.80433,0.77195,0.78067,0.74153,0.71365,0.69590,0.65879,0.70439,0.64819,0.67223,0.61017,0.56673,0.63500,0.73045,0.71184,0.73599,0.82336,0.81583,0.78868,0.83521,0.88771,0.86723,0.87026,0.91747,0.93160,0.94617,0.97236,0.96158,0.96226,0.95211,0.90313,0.85566,0.80771,0.80438,0.82451,0.74333,0.77982,0.84186,0.89673,0.88380,0.85737,0.79469,0.73535,0.65714,0.61133,0.52251,0.50701,0.43045,0.52955,0.58780,0.47442,0.44170,0.56447,0.50699,0.40160,0.28595,0.09761,-0.04675,0.00149,0.18123,0.17467,0.29141,0.42058,0.52461,0.58008,0.66497,0.68588,0.75556,0.78069,0.80758,0.82564,0.80596,0.81391,0.79290,0.76182,0.74436,0.67882,0.65051,0.56886,0.56825,0.64248,0.70180,0.76227,0.79870,0.83929,0.84142,0.82620,0.79875,0.81692,0.82443,0.81715,0.84117,0.81593,0.77503,0.70914,0.65707,0.57040,0.48761,0.38277,0.38482,0.46969,0.47645,0.45563,0.52828,0.50211,0.50664,0.56622,0.60751,0.67316,0.68690,0.73316,0.74470,0.73434,0.68987,0.63657,0.58690,0.52726,0.46675,0.36645,0.35676,0.33045,0.32144,0.41337,0.36722,0.40168,0.31029,0.36283,0.42792,0.42846,0.47432,0.37830,0.47071,0.57786,0.66347,0.74349,0.80676,0.85364,0.89265,0.91129,0.90787,0.90603,0.87845,0.85288,0.82922,0.78670,0.73322,0.66779,0.62794,0.53336,0.45865,0.40707,0.28537,0.21425,0.09293,0.01181,-0.07488,-0.17736,-0.23682,-0.19287,-0.14321
0.45622,0.46566,0.46336,0.52615,0.57582,0.57792,0.58313,0.64378,0.68525,0.68138,0.71612,0.67191,0.62608,0.55678,0.50375,0.42231,0.42172,0.35981,0.29863,0.28980,0.36345,0.38778,0.42627,0.36762,0.32033,0.38376,0.38770,0.29264,0.28907,0.36030,0.30112,0.20154,0.24089,0.30546,0.22649,0.16998,0.04328,0.00956,0.03834,-0.09095,-0.07971,-0.02744,0.02193,0.12763,0.14292,0.23866,0.21717,0.30401,0.38957,0.46511,0.53777,0.60667,0.67271,0.72478,0.75956,0.80284,0.79327,0.77612,0.81168,0.83646,0.80949,0.80986,0.82976,0.80709,0.77240,0.78122,0.77428,0.73234,0.69391,0.69608,0.64861,0.61107,0.59318,0.54846,0.59738,0.53183,0.55641,0.48675,0.43996,0.51676,0.62186,0.60010,0.63027,0.73155,0.72118,0.68938,0.74654,0.81109,0.78503,0.79070,0.85375,0.88280,0.90584,0.94561,0.95161,0.96384,0.94792,0.91402,0.86122,0.82036,0.78793,0.79316,0.70783,0.74558,0.81635,0.86281,0.83520,0.79009,0.71743,0.64429,0.55883,0.50683,0.41078,0.38581,0.30779,0.41869,0.47299,0.34605,0.31626,0.44462,0.37715,0.26614,0.14383,-0.04332,-0.18638,-0.13924,0.03762,0.02888,0.14818,0.28198,0.39256,0.45388,0.54822,0.57368,0.65516,0.68711,0.72490,0.75152,0.73721,0.75215,0.73944,0.70752,0.70251,0.63193,0.61165,0.52920,0.53719,0.61616,0.68817,0.75774,0.78659,0.83536,0.83001,0.80443,0.78004,0.79463,0.79262,0.77942,0.79439,0.76360,0.72496,0.64855,0.59725,0.50549,0.41031,0.30400,0.29068,0.37250,0.36971,0.34983,0.42962,0.39780,0.39430,0.45594,0.49526,0.56710,0.57830,0.63171,0.64797,0.63584,0.58842,0.52707,0.47917,0.41072,0.35147,0.24618,0.24289,0.22640,0.23025,0.33146,0.29676,0.34108,0.25705,0.32248,0.38007,0.38129,0.40636,0.29322,0.37729,0.49157,0.58226,0.66950,0.74440,0.79612,0.84722,0.86101,0.84664,0.84411,0.81292,0.77493,0.74139,0.68828,0.62554,0.55047,0.50561,0.40224,0.32180,0.26731,0.14092,0.06920,-0.05258,-0.13104,-0.21304,-0.30769,-0.36556,-0.32620,-0.27658
0.44529,0.45521,0.45761,0.52006,0.56735,0.57219,0.58092,0.63977,0.68108,0.68308,0.71790,0.67790,0.63296,0.56540,0.51427,0.43476,0.43808,0.37679,0.31908,0.31216,0.38610,0.41381,0.45154,0.39281,0.34954,0.41492,0.41763,0.32433,0.32479,0.39657,0.33761,0.24054,0.28303,0.34844,0.26990,0.21855,0.09371,0.06320,0.08989,-0.04132,-0.03392,0.01336,0.06125,0.16234,0.17239,0.26447,0.23807,0.32250,0.40885,0.48089,0.55401,0.62044,0.68504,0.73452,0.76590,0.81057,0.80501,0.78989,0.82376,0.84923,0.82623,0.82660,0.84824,0.82863,0.79441,0.80473,0.80049,0.76249,0.72641,0.72554,0.67970,0.64067,0.62566,0.58109,0.62673,0.56088,0.58052,0.50614,0.45409,0.52514,0.63371,0.61262,0.63559,0.73784,0.73325,0.69837,0.75064,0.81712,0.79682,0.80704,0.86774,0.89974,0.92172,0.95672,0.96344,0.97335,0.96293,0.93354,0.88716,0.84898,0.82104,0.82554,0.74664,0.78165,0.84615,0.88676,0.85988,0.81545,0.74890,0.67801,0.59756,0.54670,0.45404,0.42553,0.35145,0.46250,0.51058,0.38277,0.35716,0.47999,0.40694,0.29765,0.17136,-0.02015,-0.16011,-0.12036,0.05284,0.05130,0.16906,0.30289,0.41356,0.47948,0.57252,0.59983,0.68007,0.71230,0.75167,0.77848,0.76820,0.78318,0.77330,0.74424,0.74126,0.67515,0.65645,0.57829,0.58609,0.66052,0.72718,0.78888,0.81659,0.85932,0.85542,0.83321,0.81073,0.82376,0.82197,0.81075,0.82348,0.79572,0.76126,0.68965,0.64180,0.55489,0.46262,0.35973,0.34449,0.42239,0.41673,0.39750,0.47511,0.44303,0.43679,0.49425,0.52962,0.59801,0.60553,0.65533,0.67294,0.66358,0.62025,0.56148,0.51904,0.45075,0.39560,0.29306,0.29312,0.27989,0.28616,0.38566,0.35296,0.39657,0.31449,0.37831,0.43478,0.43594,0.45986,0.34877,0.42827,0.53829,0.62421,0.70680,0.77699,0.82352,0.87053,0.88026,0.86335,0.86064,0.83418,0.79604,0.76025,0.70692,0.64551,0.57084,0.52466,0.42360,0.34199,0.29116,0.16558,0.09930,-0.01989,-0.09529,-0.17280,-0.26369,-0.32396,-0.29099,-0.24355
0.42113,0.43178,0.44372,0.50672,0.54988,0.55941,0.57579,0.63209,0.67184,0.68567,0.72221,0.68940,0.64573,0.58076,0.53355,0.45613,0.46785,0.40744,0.35455,0.35259,0.42804,0.46278,0.49902,0.43890,0.40293,0.47292,0.47288,0.38136,0.38998,0.46348,0.40335,0.31097,0.36044,0.42714,0.34841,0.30604,0.18241,0.15724,0.17985,0.04490,0.04330,0.08251,0.12903,0.22221,0.22211,0.30866,0.27244,0.35337,0.44233,0.50870,0.58350,0.64608,0.70835,0.75333,0.77974,0.82782,0.82938,0.81887,0.84945,0.87619,0.86055,0.86131,0.88655,0.87211,0.83863,0.85170,0.85284,0.82188,0.79005,0.78338,0.74000,0.69722,0.68620,0.63997,0.67827,0.60854,0.61832,0.53306,0.47266,0.53319,0.64922,0.63099,0.64188,0.74733,0.75371,0.71347,0.75848,0.82963,0.81920,0.83765,0.89325,0.93165,0.95064,0.97594,0.98446,0.98971,0.98749,0.96560,0.93225,0.89846,0.87750,0.88541,0.81962,0.84982,0.90243,0.93231,0.90745,0.86377,0.80747,0.74069,0.66887,0.62065,0.53301,0.49651,0.42795,0.53855,0.57509,0.44430,0.42490,0.53776,0.45280,0.34401,0.21358,0.02043,-0.12201,-0.09474,0.07808,0.08588,0.20009,0.33588,0.44712,0.52294,0.61533,0.64777,0.72619,0.76090,0.80382,0.83197,0.82899,0.84456,0.84001,0.81605,0.81527,0.75767,0.74128,0.66989,0.67579,0.74236,0.80020,0.85005,0.87540,0.90761,0.90665,0.89065,0.87193,0.88178,0.88182,0.87351,0.88169,0.85830,0.83086,0.76754,0.72595,0.64710,0.55910,0.46243,0.44337,0.51493,0.50430,0.48757,0.56227,0.52950,0.51741,0.56860,0.59538,0.65695,0.65671,0.70019,0.72294,0.71817,0.68291,0.62658,0.59349,0.52374,0.47801,0.37988,0.38359,0.37721,0.38851,0.48623,0.45728,0.49993,0.41952,0.48179,0.53577,0.53564,0.55743,0.44892,0.52159,0.62557,0.70362,0.77692,0.83941,0.87715,0.91652,0.91905,0.89680,0.89448,0.87693,0.83748,0.79723,0.74244,0.68300,0.60816,0.55775,0.45906,0.37497,0.33128,0.20592,0.14891,0.03360,-0.03686,-0.10675,-0.18873,-0.25137,-0.23015,-0.18597
0.30970,0.32022,0.32752,0.39502,0.44407,0.45152,0.46596,0.52948,0.57419,0.58453,0.62569,0.58573,0.53668,0.46441,0.41259,0.32907,0.34092,0.27738,0.22193,0.22040,0.29950,0.33759,0.37607,0.31129,0.27466,0.35033,0.34942,0.25285,0.26497,0.34390,0.27950,0.18516,0.24117,0.31303,0.22977,0.19458,0.07115,0.05708,0.07110,-0.06744,-0.07737,-0.04600,-0.00116,0.08941,0.08631,0.17421,0.13594,0.21986,0.31329,0.38442,0.46552,0.53482,0.60493,0.65700,0.68947,0.74615,0.74666,0.73439,0.77194,0.80493,0.78586,0.78755,0.82155,0.80434,0.76179,0.78035,0.78514,0.75082,0.71415,0.70052,0.64983,0.59744,0.58665,0.53318,0.57340,0.49445,0.50351,0.41042,0.34662,0.41300,0.53820,0.51789,0.53299,0.65119,0.65610,0.61136,0.66554,0.74815,0.73335,0.75518,0.82459,0.87799,0.90453,0.94169,0.96659,0.98125,0.97439,0.96836,0.93239,0.90638,0.85764,0.85222,0.78489,0.81562,0.87449,0.89508,0.85629,0.79519,0.73104,0.65220,0.57522,0.52184,0.42878,0.38241,0.31354,0.43428,0.46505,0.32191,0.30583,0.42201,0.32687,0.21443,0.07869,-0.11146,-0.25220,-0.22721,-0.05797,-0.05243,0.06239,0.20184,0.31835,0.40021,0.50068,0.53792,0.62647,0.66804,0.72154,0.75810,0.76120,0.78345,0.78753,0.76363,0.77499,0.71451,0.70587,0.63458,0.64865,0.71838,0.78634,0.84299,0.86058,0.89923,0.89187,0.86680,0.85189,0.85820,0.84877,0.83523,0.83400,0.80608,0.78185,0.71048,0.67073,0.58877,0.49012,0.39414,0.35984,0.42677,0.40632,0.39112,0.47156,0.43370,0.41320,0.46509,0.48843,0.55437,0.55089,0.60010,0.62800,0.62221,0.58542,0.52202,0.49197,0.41377,0.37148,0.27024,0.28037,0.28449,0.30878,0.41430,0.39715,0.44899,0.37639,0.45030,0.49587,0.49609,0.49741,0.37379,0.43718,0.54641,0.62760,0.70555,0.77760,0.81875,0.86822,0.86513,0.83186,0.82904,0.80926,0.75801,0.70813,0.64348,0.57603,0.49256,0.43714,0.33106,0.24226,0.19719,0.06827,0.01241,-0.10146,-0.16812,-0.23135,-0.30306,-0.36351,-0.34823,-0.30547
0.18714,0.19754,0.20185,0.27188,0.32455,0.33113,0.34442,0.41263,0.46185,0.47041,0.51513,0.47092,0.41807,0.34115,0.28665,0.20007,0.21329,0.14833,0.09388,0.09299,0.17386,0.21554,0.25508,0.18755,0.15298,0.23321,0.23120,0.13319,0.15012,0.23253,0.16576,0.07291,0.13521,0.21094,0.12563,0.10103,-0.01772,-0.01879,-0.01465,-0.15445,-0.17317,-0.15308,-0.11240,-0.02866,-0.03686,0.04796,0.00666,0.09028,0.18621,0.25836,0.34368,0.41690,0.49252,0.54929,0.58520,0.64959,0.65085,0.63771,0.68037,0.71943,0.69901,0.70131,0.74423,0.72638,0.67583,0.70013,0.70965,0.67456,0.63478,0.61309,0.55706,0.49608,0.48769,0.42886,0.46896,0.38337,0.38940,0.28914,0.22068,0.28898,0.42140,0.39918,0.41472,0.54304,0.54883,0.49902,0.55855,0.65139,0.63537,0.66209,0.74269,0.81077,0.84411,0.88952,0.92955,0.95286,0.94484,0.95723,0.92163,0.90586,0.83341,0.81348,0.74838,0.77756,0.83870,0.84671,0.79530,0.71868,0.65106,0.56334,0.48543,0.42845,0.33391,0.27758,0.21246,0.34071,0.36226,0.21008,0.20030,0.31411,0.20889,0.09692,-0.04376,-0.22986,-0.36176,-0.34451,-0.18637,-0.17794,-0.06537,0.07375,0.19257,0.28028,0.38560,0.42719,0.52315,0.57002,0.63335,0.67708,0.68821,0.71673,0.73075,0.70861,0.73313,0.67328,0.67353,0.60645,0.62796,0.69682,0.77102,0.82973,0.83893,0.88023,0.86663,0.83489,0.82497,0.82702,0.80766,0.79039,0.77868,0.74844,0.72992,0.65417,0.61887,0.53808,0.43295,0.34124,0.29186,0.35090,0.31976,0.30646,0.38967,0.34747,0.31775,0.36675,0.38464,0.45206,0.44383,0.49604,0.52821,0.52305,0.48745,0.42003,0.39630,0.31208,0.27555,0.17521,0.19354,0.20945,0.24694,0.35640,0.35237,0.41161,0.34977,0.43294,0.46859,0.46929,0.44973,0.31536,0.36524,0.47465,0.55482,0.63380,0.71138,0.75230,0.80920,0.79880,0.75434,0.75069,0.73119,0.66947,0.61004,0.53714,0.46404,0.37447,0.31514,0.20569,0.11392,0.07026,-0.05818,-0.10904,-0.21737,-0.27695,-0.33007,-0.38897,-0.44777,-0.44150,-0.40173
0.17588,0.18655,0.20071,0.26956,0.31612,0.32777,0.34856,0.41213,0.45893,0.47906,0.52408,0.48900,0.43912,0.36686,0.31749,0.23514,0.25666,0.19415,0.14618,0.15000,0.23039,0.27784,0.31491,0.24797,0.22133,0.30400,0.29951,0.20596,0.23029,0.31225,0.24622,0.15965,0.22689,0.30226,0.21885,0.20288,0.08811,0.09135,0.09181,-0.04982,-0.07591,-0.06316,-0.02449,0.05034,0.03283,0.11024,0.06003,0.13833,0.23450,0.29897,0.38390,0.45079,0.52235,0.57282,0.60185,0.66748,0.67619,0.66787,0.70568,0.74480,0.73282,0.73541,0.78025,0.76840,0.72052,0.74659,0.76082,0.73377,0.69934,0.67279,0.62088,0.55844,0.55460,0.49646,0.52854,0.44245,0.43861,0.33021,0.25432,0.30983,0.44674,0.42764,0.42989,0.55766,0.57471,0.52088,0.57033,0.66482,0.65991,0.69393,0.76694,0.83865,0.86825,0.90225,0.94170,0.95769,0.96104,0.98160,0.95999,0.94920,0.88512,0.86719,0.81625,0.83988,0.88744,0.88591,0.83861,0.76615,0.71112,0.63020,0.56287,0.50958,0.42258,0.36058,0.30252,0.42765,0.43777,0.28645,0.28288,0.38465,0.27063,0.16183,0.01851,-0.16936,-0.29922,-0.29373,-0.14006,-0.12078,-0.01302,0.12444,0.24152,0.33694,0.43863,0.48372,0.57517,0.62249,0.68707,0.73027,0.74788,0.77571,0.79384,0.77712,0.80269,0.75233,0.75402,0.69515,0.71432,0.77376,0.83622,0.88015,0.88802,0.91716,0.90723,0.88313,0.87671,0.87614,0.85960,0.84645,0.83169,0.80730,0.79597,0.73052,0.70170,0.63085,0.53295,0.44864,0.39808,0.45018,0.41578,0.40469,0.48281,0.44133,0.40765,0.44857,0.45838,0.51788,0.50292,0.54757,0.58245,0.58216,0.55493,0.49278,0.47853,0.39600,0.36820,0.27419,0.29595,0.31680,0.35688,0.46163,0.46022,0.51657,0.45671,0.53513,0.56909,0.56898,0.55014,0.42235,0.46527,0.56586,0.63664,0.70461,0.77202,0.80275,0.85003,0.83313,0.78546,0.78216,0.77209,0.71168,0.64972,0.57787,0.50889,0.42174,0.36023,0.25616,0.16372,0.12833,0.00271,-0.03823,-0.14108,-0.19530,-0.24069,-0.29214,-0.35285,-0.35767,-0.31911
0.16107,0.17187,0.18735,0.25688,0.30352,0.31531,0.33751,0.40174,0.44796,0.46977,0.51586,0.48093,0.43062,0.35782,0.30867,0.22580,0.24897,0.18622,0.13809,0.14332,0.22440,0.27348,0.31035,0.24254,0.21703,0.30105,0.29577,0.20168,0.22776,0.31075,0.24368,0.15763,0.22684,0.30259,0.21841,0.20450,0.08898,0.09344,0.09223,-0.05091,-0.07954,-0.06768,-0.02889,0.04479,0.02562,0.10303,0.05104,0.12924,0.22636,0.29083,0.37679,0.44401,0.51591,0.56649,0.59588,0.66301,0.67252,0.66504,0.70295,0.74258,0.73140,0.73439,0.78026,0.76866,0.72021,0.74703,0.76243,0.73608,0.70194,0.67402,0.62195,0.55779,0.55390,0.49411,0.52475,0.43599,0.43041,0.31948,0.24261,0.29712,0.43615,0.41785,0.41933,0.54875,0.56718,0.51284,0.56265,0.65867,0.65448,0.68990,0.76307,0.83760,0.86736,0.90098,0.94374,0.95924,0.96164,0.98379,0.96368,0.95543,0.89112,0.87218,0.82310,0.84654,0.89286,0.88882,0.84036,0.76647,0.71206,0.63064,0.56399,0.51088,0.42349,0.35896,0.30121,0.42660,0.43457,0.28112,0.27812,0.37905,0.26165,0.15188,0.00857,-0.17648,-0.30934,-0.30502,-0.14940,-0.13101,-0.02470,0.11471,0.23262,0.33032,0.43307,0.47986,0.57188,0.62113,0.68732,0.73160,0.75056,0.77924,0.79888,0.78288,0.80920,0.76019,0.76282,0.70464,0.72409,0.78300,0.84521,0.88933,0.89565,0.92355,0.91344,0.88913,0.88373,0.88261,0.86611,0.85256,0.83601,0.81139,0.80116,0.73669,0.70919,0.63884,0.54054,0.45740,0.40470,0.45566,0.41967,0.40953,0.48808,0.44601,0.41028,0.45094,0.45878,0.51758,0.50107,0.54522,0.58236,0.58216,0.55637,0.49288,0.47981,0.39510,0.37031,0.27658,0.29866,0.32196,0.36419,0.46973,0.46985,0.52693,0.46757,0.54710,0.57987,0.57943,0.55846,0.42936,0.47061,0.57126,0.64115,0.70795,0.77520,0.80511,0.85213,0.83372,0.78440,0.78122,0.77227,0.71035,0.64690,0.57374,0.50424,0.41588,0.35288,0.24814,0.15455,0.12010,-0.00625,-0.04613,-0.14859,-0.20221,-0.24595,-0.29399,-0.35395,-0.36069,-0.32425
0.02505,0.03601,0.04623,0.11754,0.16899,0.17868,0.19799,0.26733,0.31776,0.33583,0.38512,0.34413,0.28941,0.21140,0.15910,0.07313,0.09544,0.03115,-0.01724,-0.01206,0.07018,0.12178,0.15991,0.08950,0.06490,0.15271,0.14680,0.05095,0.08051,0.16690,0.09769,0.01311,0.08801,0.16711,0.08123,0.07723,-0.03337,-0.01423,-0.02494,-0.16707,-0.20411,-0.20380,-0.16968,-0.10315,-0.12637,-0.05133,-0.10451,-0.02628,0.07251,0.13928,0.22892,0.30126,0.37888,0.43527,0.46980,0.54436,0.55300,0.54382,0.58792,0.63363,0.61932,0.62297,0.67777,0.66415,0.60674,0.63900,0.65854,0.63003,0.59206,0.55682,0.49874,0.42610,0.42361,0.35832,0.38998,0.29442,0.28810,0.17245,0.09332,0.15184,0.29603,0.27548,0.28011,0.41927,0.43613,0.37764,0.43505,0.54096,0.53293,0.57195,0.65777,0.74673,0.78362,0.82789,0.88649,0.91315,0.91011,0.94803,0.92661,0.92601,0.83712,0.80623,0.75798,0.78065,0.83177,0.81547,0.75341,0.66219,0.60219,0.51055,0.44149,0.38475,0.29516,0.22127,0.16646,0.29881,0.29899,0.13778,0.14070,0.24048,0.11506,0.00710,-0.13849,-0.31392,-0.43841,-0.43995,-0.29680,-0.27981,-0.17736,-0.03866,0.08028,0.18171,0.28913,0.33955,0.43925,0.49415,0.57018,0.62224,0.64845,0.68351,0.71281,0.69824,0.73834,0.68879,0.70076,0.64613,0.67399,0.73292,0.80386,0.85239,0.85003,0.88298,0.86598,0.83318,0.83245,0.82741,0.79887,0.78086,0.75361,0.72535,0.72014,0.65006,0.62634,0.55598,0.45007,0.37154,0.30305,0.34606,0.29946,0.29135,0.37308,0.32645,0.28163,0.32097,0.32343,0.38397,0.36308,0.41109,0.45314,0.45305,0.42776,0.35931,0.35152,0.26065,0.24114,0.14823,0.17766,0.21309,0.26908,0.37897,0.39271,0.45804,0.41151,0.50034,0.52171,0.52190,0.47789,0.33704,0.36480,0.46652,0.53627,0.60526,0.67980,0.71120,0.76750,0.74266,0.68224,0.67832,0.66802,0.59485,0.52212,0.44053,0.36479,0.27027,0.20419,0.09574,-0.00003,-0.03427,-0.15936,-0.19478,-0.29116,-0.33695,-0.37043,-0.40385,-0.46002,-0.47469,-0.44457
-0.07118,-0.06053,-0.04617,0.02389,0.07207,0.08437,0.10719,0.17441,0.22515,0.24913,0.29925,0.26283,0.20907,0.13372,0.08466,0.00200,0.03004,-0.03164,-0.07289,-0.06495,0.01546,0.07190,0.10806,0.03849,0.02171,0.11168,0.10373,0.01322,0.05030,0.13599,0.06844,-0.00810,0.07218,0.15165,0.06856,0.07780,-0.02182,0.01015,-0.00965,-0.14923,-0.19609,-0.20997,-0.18195,-0.12879,-0.16182,-0.09697,-0.15659,-0.08522,0.01204,0.07190,0.16139,0.22984,0.30620,0.35990,0.39073,0.46950,0.48358,0.47715,0.52037,0.56910,0.56012,0.56406,0.62484,0.61582,0.55627,0.59282,0.61830,0.59551,0.56012,0.51697,0.45966,0.38215,0.38477,0.31871,0.34428,0.24713,0.23202,0.10925,0.02370,0.07348,0.22121,0.20179,0.19712,0.33882,0.36369,0.30018,0.35242,0.46372,0.46318,0.50948,0.59551,0.69444,0.73238,0.77421,0.84019,0.86794,0.87270,0.92807,0.91764,0.92445,0.82586,0.78982,0.75494,0.77161,0.81307,0.78210,0.71573,0.61897,0.56701,0.47631,0.41620,0.36105,0.27882,0.19654,0.15133,0.28286,0.26872,0.10723,0.11922,0.20620,0.07188,-0.02951,-0.17617,-0.34453,-0.45566,-0.47257,-0.34786,-0.31995,-0.22556,-0.09354,0.02175,0.12939,0.23424,0.28808,0.38725,0.44374,0.52536,0.58065,0.61640,0.65423,0.69254,0.68401,0.73356,0.69135,0.71051,0.66662,0.69847,0.74842,0.81311,0.85121,0.84148,0.86705,0.84861,0.81697,0.82217,0.81212,0.77923,0.76216,0.72634,0.70165,0.70603,0.64131,0.62559,0.56534,0.46298,0.39497,0.31716,0.34820,0.29301,0.28768,0.36446,0.31674,0.26448,0.29585,0.28865,0.34215,0.31391,0.35743,0.40244,0.40660,0.38880,0.32403,0.32806,0.23779,0.22796,0.14308,0.18003,0.22580,0.29111,0.39721,0.42214,0.48834,0.45183,0.54202,0.55490,0.55471,0.49702,0.35736,0.36982,0.46224,0.52270,0.58310,0.65239,0.67569,0.72891,0.69500,0.62606,0.62183,0.61853,0.54106,0.46201,0.37800,0.30325,0.20909,0.14102,0.03763,-0.05732,-0.08395,-0.20187,-0.22489,-0.31055,-0.34545,-0.36523,-0.38386,-0.43856,-0.46741,-0.43966
-0.02839,-0.01815,0.00221,0.07121,0.11483,0.12941,0.15684,0.22048,0.26764,0.29712,0.34661,0.31616,0.26580,0.19418,0.14859,0.06876,0.10074,0.04060,0.00206,0.01239,0.09213,0.15026,0.18451,0.11611,0.10250,0.19196,0.18274,0.09472,0.13412,0.21819,0.15153,0.07742,0.15765,0.23533,0.15349,0.16266,0.06306,0.09120,0.07276,-0.06728,-0.11479,-0.12664,-0.09770,-0.04601,-0.08070,-0.01780,-0.08107,-0.01189,0.08464,0.14051,0.22827,0.29220,0.36463,0.41343,0.43998,0.51626,0.53368,0.53011,0.56906,0.61559,0.61128,0.61535,0.67363,0.66755,0.61270,0.64810,0.67393,0.65525,0.62355,0.58096,0.52751,0.45224,0.45600,0.39177,0.41300,0.31818,0.29901,0.17425,0.08689,0.12968,0.27741,0.26064,0.24977,0.38704,0.41716,0.35440,0.39999,0.50766,0.51287,0.56066,0.63878,0.73432,0.76845,0.80225,0.86465,0.88410,0.89513,0.94885,0.94406,0.95340,0.86626,0.83169,0.80212,0.81726,0.85117,0.82065,0.76071,0.67216,0.62738,0.54335,0.48859,0.43676,0.35845,0.27686,0.23323,0.36037,0.34415,0.18583,0.19810,0.27997,0.14446,0.04377,-0.10230,-0.27344,-0.38759,-0.40606,-0.27784,-0.24595,-0.15265,-0.02069,0.09337,0.20277,0.30425,0.35873,0.45284,0.50785,0.58650,0.63888,0.67451,0.70995,0.74645,0.73954,0.78374,0.74610,0.76227,0.72020,0.74774,0.79347,0.85055,0.88110,0.87469,0.89372,0.87901,0.85355,0.85842,0.84863,0.82158,0.80790,0.77450,0.75330,0.75871,0.70045,0.68613,0.63019,0.53339,0.46714,0.39438,0.42563,0.37337,0.36860,0.44235,0.39648,0.34606,0.37422,0.36516,0.41456,0.38558,0.42417,0.46876,0.47477,0.46049,0.39943,0.40499,0.31670,0.30997,0.22776,0.26319,0.30654,0.36791,0.47056,0.49185,0.55358,0.51255,0.59740,0.61380,0.61316,0.56399,0.43138,0.44596,0.53450,0.59090,0.64571,0.70809,0.72676,0.77246,0.73827,0.67214,0.66836,0.66950,0.59656,0.52003,0.43929,0.36873,0.27795,0.21032,0.11042,0.01576,-0.00667,-0.12404,-0.14536,-0.23038,-0.26594,-0.28567,-0.30470,-0.36024,-0.39062,-0.36083
-0.08980,-0.07921,-0.06314,0.00740,0.05483,0.06721,0.09214,0.15970,0.20867,0.23452,0.28588,0.25007,0.19681,0.12124,0.07309,-0.00925,0.02085,-0.04075,-0.08168,-0.07138,0.00919,0.06753,0.10282,0.03271,0.01774,0.10885,0.09958,0.00922,0.04864,0.13505,0.06649,-0.00858,0.07387,0.15303,0.06966,0.08147,-0.01920,0.01488,-0.00654,-0.14652,-0.19639,-0.21148,-0.18399,-0.13344,-0.16803,-0.10374,-0.16604,-0.09514,0.00259,0.06187,0.15196,0.21992,0.29591,0.34905,0.38015,0.45978,0.47516,0.47019,0.51285,0.56191,0.55418,0.55872,0.62089,0.61199,0.55198,0.58935,0.61630,0.59491,0.56053,0.51584,0.45884,0.37962,0.38244,0.31473,0.33788,0.23816,0.22119,0.09607,0.00969,0.05682,0.20614,0.18825,0.18213,0.32475,0.35172,0.28814,0.33999,0.45212,0.45234,0.50025,0.58554,0.68745,0.72549,0.76507,0.83556,0.86143,0.86507,0.92231,0.91352,0.92821,0.83242,0.79202,0.75940,0.77550,0.81494,0.77984,0.71301,0.61516,0.56488,0.47474,0.41630,0.36217,0.28050,0.19513,0.15065,0.28132,0.26391,0.10116,0.11443,0.19845,0.06022,-0.04131,-0.18623,-0.34934,-0.46457,-0.48201,-0.35472,-0.32926,-0.23758,-0.10351,0.01144,0.12142,0.22632,0.28236,0.38078,0.43961,0.52262,0.57889,0.61641,0.65487,0.69479,0.68747,0.73746,0.69822,0.71857,0.67577,0.70641,0.75390,0.81852,0.85481,0.84504,0.86930,0.85124,0.82007,0.82628,0.81550,0.78180,0.76500,0.72714,0.70262,0.70856,0.64662,0.63297,0.57404,0.47151,0.40605,0.32593,0.35513,0.29854,0.29489,0.37160,0.32370,0.26891,0.29822,0.28828,0.34047,0.31010,0.35211,0.40040,0.40500,0.38943,0.32349,0.32924,0.23641,0.23143,0.14790,0.18488,0.23383,0.30145,0.40743,0.43399,0.50096,0.46584,0.55616,0.56685,0.56702,0.50685,0.36631,0.37662,0.46828,0.52692,0.58480,0.65280,0.67453,0.72654,0.69075,0.62012,0.61606,0.61466,0.53601,0.45556,0.37029,0.29582,0.20134,0.13209,0.02853,-0.06749,-0.09157,-0.21013,-0.23203,-0.31598,-0.34941,-0.36598,-0.37824,-0.43111,-0.46118,-0.43857
-0.22485,-0.21415,-0.20058,-0.13180,-0.08376,-0.07200,-0.04853,0.01947,0.07020,0.09523,0.14734,0.11030,0.05583,-0.01961,-0.06726,-0.14767,-0.11673,-0.17637,-0.21258,-0.20166,-0.12384,-0.06343,-0.02915,-0.09852,-0.10898,-0.01726,-0.02748,-0.11397,-0.07036,0.01549,-0.05153,-0.11976,-0.03378,0.04563,-0.03501,-0.01079,-0.10012,-0.05119,-0.08245,-0.21542,-0.27371,-0.30310,-0.28271,-0.24442,-0.28521,-0.22913,-0.29305,-0.22747,-0.13220,-0.07629,0.01327,0.08113,0.15812,0.21246,0.24451,0.32874,0.34523,0.34033,0.38582,0.43876,0.43130,0.43616,0.50515,0.49735,0.43213,0.47400,0.50556,0.48578,0.45073,0.39885,0.33983,0.25517,0.26117,0.19166,0.21251,0.11103,0.09023,-0.03736,-0.12578,-0.08082,0.06889,0.05021,0.04250,0.18867,0.21689,0.15013,0.20331,0.32122,0.32198,0.37413,0.46595,0.57903,0.62132,0.66636,0.74856,0.78288,0.78566,0.85957,0.85455,0.87586,0.76201,0.71361,0.68849,0.70077,0.73828,0.68903,0.61265,0.50322,0.45420,0.35997,0.30565,0.25105,0.17371,0.08116,0.04469,0.17608,0.14761,-0.01563,0.00569,0.08097,-0.06234,-0.15614,-0.29917,-0.44868,-0.54674,-0.57585,-0.47075,-0.44102,-0.35850,-0.23225,-0.12159,-0.00994,0.09378,0.15180,0.25237,0.31368,0.40339,0.46472,0.51034,0.55343,0.60278,0.59917,0.66201,0.62692,0.65631,0.62208,0.65968,0.70205,0.76790,0.80188,0.78220,0.80572,0.78245,0.74709,0.75911,0.74403,0.70021,0.68159,0.63377,0.60908,0.62252,0.56119,0.55401,0.50142,0.39857,0.34300,0.25018,0.26755,0.20119,0.19993,0.27428,0.22414,0.16126,0.18530,0.16820,0.21694,0.18117,0.22248,0.27374,0.28019,0.26861,0.20321,0.21784,0.12378,0.12651,0.04997,0.09476,0.15537,0.23461,0.33867,0.37881,0.44967,0.42957,0.52406,0.52242,0.52275,0.44240,0.29891,0.29233,0.37755,0.43008,0.48399,0.55268,0.57122,0.62695,0.58370,0.50377,0.49905,0.49972,0.41380,0.32654,0.23710,0.16112,0.06549,-0.00450,-0.10496,-0.19898,-0.21939,-0.33006,-0.34233,-0.41448,-0.43621,-0.43876,-0.43387,-0.48233,-0.52299,-0.50721
-0.24945,-0.23912,-0.21967,-0.15368,-0.11142,-0.09653,-0.06849,-0.00551,0.04270,0.07439,0.12541,0.09549,0.04482,-0.02524,-0.06788,-0.14324,-0.10688,-0.16282,-0.19205,-0.17852,-0.10365,-0.04069,-0.00900,-0.07578,-0.07956,0.01149,-0.00017,-0.08040,-0.03198,0.05127,-0.01279,-0.07374,0.01382,0.09133,0.01483,0.04671,-0.03408,0.01964,-0.01561,-0.14489,-0.20806,-0.24476,-0.22823,-0.19947,-0.24699,-0.19937,-0.26865,-0.20999,-0.11753,-0.06947,0.01730,0.07856,0.15101,0.19956,0.22597,0.30976,0.33141,0.32989,0.37133,0.42374,0.42256,0.42750,0.49720,0.49443,0.43226,0.47498,0.50959,0.49621,0.46556,0.41050,0.35548,0.27105,0.28088,0.21361,0.22837,0.12931,0.10164,-0.02933,-0.12165,-0.08735,0.06201,0.04563,0.02834,0.17096,0.20662,0.13801,0.18281,0.29976,0.30875,0.36539,0.45060,0.56529,0.60496,0.64257,0.72452,0.75430,0.76597,0.84802,0.85362,0.87869,0.76832,0.72048,0.70731,0.71441,0.74076,0.68353,0.60994,0.50455,0.46603,0.37843,0.33387,0.28311,0.21424,0.11895,0.09022,0.21643,0.17840,0.01990,0.04646,0.10991,-0.03648,-0.12400,-0.26491,-0.41002,-0.49902,-0.53995,-0.44713,-0.40739,-0.33149,-0.21199,-0.10624,0.00825,0.10650,0.16547,0.26082,0.32092,0.41042,0.47060,0.52108,0.56341,0.61584,0.61689,0.68145,0.65423,0.68543,0.65936,0.69693,0.73080,0.78606,0.80843,0.78577,0.79969,0.77847,0.74870,0.76364,0.74574,0.70430,0.68889,0.63862,0.61892,0.63854,0.58569,0.58411,0.54144,0.44652,0.39933,0.30607,0.31579,0.24711,0.24751,0.31528,0.26638,0.20119,0.21817,0.19499,0.23615,0.19580,0.23019,0.28186,0.29246,0.28765,0.22850,0.25110,0.16108,0.17042,0.10169,0.14999,0.21440,0.29535,0.39287,0.43652,0.50352,0.48703,0.57665,0.57264,0.57226,0.49074,0.35562,0.34107,0.41653,0.46025,0.50429,0.56411,0.57429,0.62244,0.57443,0.49264,0.48799,0.49552,0.41156,0.32369,0.23666,0.16523,0.07380,0.00432,-0.08903,-0.18065,-0.19387,-0.29751,-0.30046,-0.36439,-0.37932,-0.37328,-0.36069,-0.40833,-0.45604,-0.44079
-0.19310,-0.18246,-0.16147,-0.09506,-0.05327,-0.03801,-0.00869,0.05399,0.10067,0.13319,0.18421,0.15490,0.10500,0.03481,-0.00778,-0.08412,-0.04720,-0.10405,-0.13497,-0.12124,-0.04571,0.01696,0.04904,-0.01808,-0.02340,0.06773,0.05632,-0.02567,0.02144,0.10516,0.04008,-0.02337,0.06311,0.14021,0.06228,0.08922,0.00226,0.04986,0.01847,-0.11337,-0.17339,-0.20384,-0.18444,-0.15123,-0.19615,-0.14456,-0.21445,-0.15324,-0.05915,-0.00976,0.07732,0.13851,0.21027,0.25808,0.28422,0.36590,0.38740,0.38637,0.42634,0.47722,0.47639,0.48139,0.54855,0.54535,0.48513,0.52617,0.55913,0.54544,0.51541,0.46312,0.40906,0.32644,0.33480,0.26800,0.28307,0.18402,0.15741,0.02692,-0.06457,-0.03009,0.11939,0.10397,0.08708,0.22814,0.26383,0.19735,0.24160,0.35567,0.36426,0.41927,0.50122,0.61157,0.64938,0.68325,0.76118,0.78637,0.79762,0.87215,0.87585,0.90102,0.80011,0.75560,0.73954,0.74850,0.77526,0.72336,0.65425,0.55386,0.51509,0.42965,0.38375,0.33351,0.26283,0.16986,0.13756,0.26321,0.22924,0.07048,0.09397,0.16034,0.01453,-0.07629,-0.21713,-0.36730,-0.46527,-0.50148,-0.39702,-0.36014,-0.28148,-0.15677,-0.04905,0.06553,0.16394,0.22277,0.31647,0.37633,0.46345,0.52167,0.56901,0.60947,0.65792,0.65787,0.71654,0.68841,0.71561,0.68589,0.71970,0.75531,0.81001,0.83321,0.81501,0.82909,0.81080,0.78339,0.79581,0.78067,0.74022,0.72716,0.68101,0.66152,0.67817,0.62617,0.62221,0.57689,0.48181,0.43096,0.34283,0.35745,0.29287,0.29291,0.36183,0.31379,0.25132,0.27010,0.24967,0.29189,0.25327,0.28756,0.33892,0.34879,0.34307,0.28296,0.30178,0.21041,0.21866,0.14771,0.19214,0.25229,0.32860,0.42725,0.46535,0.53078,0.50816,0.59582,0.59589,0.59529,0.52250,0.38852,0.38102,0.45930,0.50514,0.55028,0.60924,0.62041,0.66636,0.62125,0.54338,0.53910,0.54632,0.46527,0.37972,0.29423,0.22386,0.13302,0.06389,-0.03094,-0.12414,-0.13790,-0.24608,-0.25314,-0.32161,-0.34102,-0.33969,-0.33172,-0.37991,-0.42212,-0.40608
-0.27827,-0.26785,-0.25049,-0.18432,-0.14016,-0.12680,-0.10002,-0.03534,0.01295,0.04278,0.09481,0.06200,0.00989,-0.06228,-0.10607,-0.18241,-0.14653,-0.20263,-0.23336,-0.21945,-0.14523,-0.08235,-0.05025,-0.11762,-0.12223,-0.03078,-0.04252,-0.12392,-0.07593,0.00803,-0.05720,-0.11804,-0.02989,0.04721,-0.03028,0.00254,-0.08077,-0.02565,-0.06226,-0.18966,-0.25403,-0.29045,-0.27424,-0.24627,-0.29287,-0.24365,-0.31212,-0.25199,-0.15896,-0.10908,-0.02144,0.04175,0.11540,0.16602,0.19531,0.27978,0.30009,0.29816,0.34118,0.39455,0.39152,0.39687,0.46823,0.46347,0.39868,0.44225,0.47743,0.46277,0.43114,0.37534,0.31872,0.23247,0.24094,0.17175,0.18675,0.08493,0.05849,-0.07159,-0.16168,-0.12547,0.02348,0.00738,-0.00660,0.13752,0.17116,0.10387,0.15241,0.27003,0.27539,0.33135,0.41963,0.53669,0.57783,0.61688,0.70331,0.73501,0.74127,0.82322,0.82579,0.85677,0.74417,0.69347,0.67784,0.68641,0.71606,0.65749,0.58146,0.47188,0.42999,0.33993,0.29328,0.24205,0.17136,0.07449,0.04435,0.17099,0.13307,-0.02714,-0.00085,0.06282,-0.08487,-0.17346,-0.31092,-0.44948,-0.54175,-0.58043,-0.48402,-0.45062,-0.37703,-0.25418,-0.14852,-0.03431,0.06502,0.12495,0.22109,0.28409,0.37543,0.43740,0.48815,0.53185,0.58542,0.58624,0.65202,0.62437,0.65707,0.63023,0.66737,0.70240,0.76194,0.78866,0.76474,0.78160,0.75944,0.72766,0.74295,0.72622,0.67720,0.66234,0.61032,0.58871,0.60791,0.55448,0.55324,0.50837,0.41031,0.36344,0.26697,0.27644,0.20656,0.20829,0.27803,0.22822,0.16084,0.17835,0.15530,0.19846,0.15760,0.19398,0.24804,0.25704,0.25162,0.18870,0.21012,0.11567,0.12830,0.05960,0.10691,0.17381,0.25724,0.35651,0.40257,0.47192,0.45848,0.55021,0.54213,0.54215,0.45629,0.31727,0.30164,0.37923,0.42387,0.46933,0.53172,0.54386,0.59470,0.54662,0.46333,0.45880,0.46486,0.37839,0.28879,0.19976,0.12697,0.03417,-0.03581,-0.13078,-0.22314,-0.23697,-0.34232,-0.34646,-0.40939,-0.42351,-0.41563,-0.39774,-0.44251,-0.48911,-0.47945
-0.38714,-0.37709,-0.35978,-0.29731,-0.25563,-0.24188,-0.21510,-0.15328,-0.10547,-0.07405,-0.02303,-0.05328,-0.10377,-0.17215,-0.21280,-0.28415,-0.24669,-0.29895,-0.32290,-0.30803,-0.23808,-0.17403,-0.14437,-0.20888,-0.20735,-0.11754,-0.13028,-0.20465,-0.15240,-0.07160,-0.13334,-0.18499,-0.09495,-0.01989,-0.09208,-0.04720,-0.11647,-0.04842,-0.09378,-0.21277,-0.28405,-0.33360,-0.32462,-0.31010,-0.36337,-0.32476,-0.39471,-0.34258,-0.25480,-0.21132,-0.12695,-0.06745,0.00345,0.05186,0.07889,0.16516,0.18801,0.18732,0.23012,0.28515,0.28459,0.29000,0.36535,0.36330,0.29708,0.34384,0.38319,0.37239,0.34244,0.28085,0.22551,0.13694,0.14946,0.08136,0.09207,-0.00789,-0.03943,-0.17006,-0.26135,-0.23125,-0.08531,-0.10131,-0.12011,0.02262,0.05939,-0.01031,0.03495,0.15465,0.16381,0.22359,0.31289,0.43671,0.47962,0.51952,0.61340,0.64932,0.65778,0.75395,0.76424,0.80003,0.67833,0.62164,0.61680,0.62035,0.64357,0.57198,0.49093,0.37620,0.34036,0.25134,0.21244,0.16322,0.10049,-0.00089,-0.02096,0.10188,0.05271,-0.10281,-0.06887,-0.01711,-0.16676,-0.24454,-0.37815,-0.50289,-0.57555,-0.62625,-0.55463,-0.51470,-0.45159,-0.34096,-0.24253,-0.12827,-0.03405,0.02625,0.12049,0.18321,0.27771,0.34183,0.39976,0.44579,0.50720,0.51237,0.58751,0.56698,0.60683,0.59050,0.63254,0.65950,0.71436,0.73422,0.70236,0.71518,0.68982,0.65717,0.67810,0.65653,0.60383,0.58754,0.52748,0.50795,0.53501,0.48631,0.49232,0.45719,0.36437,0.32930,0.22448,0.22146,0.14421,0.14826,0.21214,0.16220,0.08924,0.09981,0.06851,0.10487,0.05877,0.09067,0.14637,0.15870,0.15912,0.10069,0.13190,0.04064,0.06131,0.00199,0.05625,0.13226,0.22379,0.31673,0.37361,0.44320,0.44321,0.53436,0.51655,0.51659,0.41639,0.28139,0.24949,0.31665,0.35236,0.38963,0.44780,0.45375,0.50365,0.44893,0.35918,0.35429,0.36455,0.27498,0.18188,0.09234,0.02163,-0.06860,-0.13739,-0.22526,-0.31337,-0.32197,-0.41597,-0.40894,-0.45851,-0.46082,-0.43946,-0.40643,-0.44735,-0.50479,-0.50190
-0.40373,-0.39358,-0.38184,-0.31827,-0.27226,-0.26113,-0.23888,-0.17366,-0.12324,-0.09753,-0.04593,-0.08146,-0.13483,-0.20682,-0.25089,-0.32506,-0.29167,-0.34551,-0.37334,-0.36043,-0.28957,-0.22777,-0.19660,-0.26225,-0.26470,-0.17512,-0.18689,-0.26431,-0.21506,-0.13338,-0.19641,-0.25110,-0.16250,-0.08641,-0.16020,-0.11802,-0.18948,-0.12207,-0.16712,-0.28600,-0.35529,-0.40261,-0.39218,-0.37401,-0.42348,-0.38129,-0.44647,-0.39093,-0.30265,-0.25445,-0.16874,-0.10478,-0.03069,0.02207,0.05345,0.14074,0.15964,0.15629,0.20263,0.25873,0.25344,0.25887,0.33497,0.32928,0.25990,0.30686,0.34471,0.32952,0.29612,0.23536,0.17660,0.08713,0.09767,0.02799,0.04258,-0.05846,-0.08569,-0.21324,-0.30117,-0.26387,-0.11876,-0.13687,-0.14842,-0.00311,0.02768,-0.04116,0.01068,0.13182,0.13483,0.19199,0.28782,0.41246,0.45826,0.50578,0.60287,0.64362,0.64615,0.74092,0.74394,0.77818,0.64768,0.58770,0.57609,0.58279,0.61362,0.54512,0.45971,0.33977,0.29625,0.20173,0.15662,0.10459,0.03712,-0.06335,-0.08684,0.03943,-0.00522,-0.16316,-0.13139,-0.07350,-0.22054,-0.30038,-0.43421,-0.55867,-0.63139,-0.67530,-0.60193,-0.56818,-0.50264,-0.39072,-0.29072,-0.17915,-0.08184,-0.02226,0.07591,0.13963,0.23526,0.30129,0.35718,0.40473,0.46580,0.46826,0.54525,0.51973,0.56040,0.54025,0.58414,0.61594,0.67878,0.70680,0.67494,0.69500,0.66666,0.62844,0.64831,0.62764,0.57190,0.55222,0.49208,0.46880,0.49302,0.43745,0.44086,0.40028,0.30210,0.26371,0.15625,0.15596,0.07850,0.08157,0.14908,0.09790,0.02548,0.03994,0.01207,0.05289,0.01018,0.04723,0.10208,0.11142,0.10722,0.04496,0.07225,-0.02120,-0.00427,-0.06729,-0.01343,0.06186,0.15481,0.25131,0.30891,0.38205,0.38321,0.47820,0.45924,0.45927,0.35595,0.21482,0.18455,0.25684,0.29728,0.34107,0.40617,0.41774,0.47418,0.42143,0.33098,0.32611,0.33132,0.23889,0.14522,0.05346,-0.02070,-0.11363,-0.18236,-0.27409,-0.36267,-0.37589,-0.47184,-0.46936,-0.52129,-0.52597,-0.50776,-0.47702,-0.51744,-0.57318,-0.57013
-0.48541,-0.47623,-0.46838,-0.40739,-0.36100,-0.35178,-0.33292,-0.26843,-0.21683,-0.19485,-0.14436,-0.18123,-0.23464,-0.30510,-0.34838,-0.41965,-0.38800,-0.43888,-0.46404,-0.45160,-0.38458,-0.32439,-0.29487,-0.35814,-0.35872,-0.27203,-0.28402,-0.35722,-0.30778,-0.22938,-0.28963,-0.33924,-0.25208,-0.17837,-0.24853,-0.20073,-0.26302,-0.18862,-0.23868,-0.34881,-0.42022,-0.47410,-0.46758,-0.45669,-0.50711,-0.47061,-0.53240,-0.48129,-0.39785,-0.35203,-0.26923,-0.20633,-0.13304,-0.07995,-0.04755,0.04002,0.05775,0.05357,0.10116,0.15827,0.15172,0.15724,0.23505,0.22875,0.15781,0.20613,0.24491,0.22976,0.19614,0.13327,0.07394,-0.01625,-0.00474,-0.07410,-0.06043,-0.15939,-0.18668,-0.31002,-0.39463,-0.35792,-0.21823,-0.23685,-0.24667,-0.10312,-0.07471,-0.14310,-0.08993,0.03137,0.03269,0.08995,0.18882,0.31632,0.36370,0.41530,0.51795,0.56461,0.56477,0.66669,0.66918,0.70820,0.56747,0.50104,0.49234,0.49764,0.52868,0.45448,0.36451,0.23969,0.19563,0.10019,0.05734,0.00594,-0.05767,-0.15905,-0.17767,-0.05455,-0.10343,-0.25683,-0.22242,-0.17065,-0.31439,-0.38837,-0.51528,-0.62473,-0.68420,-0.73059,-0.67283,-0.64085,-0.58260,-0.47992,-0.38591,-0.27831,-0.18384,-0.12527,-0.02779,0.03569,0.13259,0.20037,0.25862,0.30782,0.37272,0.37659,0.45948,0.43582,0.48128,0.46615,0.51308,0.54156,0.60621,0.63512,0.59788,0.61977,0.58776,0.54586,0.56858,0.54577,0.48582,0.46380,0.39928,0.37523,0.40238,0.34699,0.35368,0.31675,0.22021,0.18825,0.07525,0.06827,-0.01261,-0.00822,0.05645,0.00526,-0.06948,-0.05773,-0.08792,-0.04846,-0.09194,-0.05488,-0.00042,0.00835,0.00511,-0.05609,-0.02564,-0.11729,-0.09699,-0.15481,-0.09779,-0.01791,0.07984,0.17305,0.23761,0.31186,0.32254,0.41844,0.39166,0.39179,0.27801,0.13780,0.09849,0.16596,0.20260,0.24412,0.30972,0.32092,0.37992,0.32501,0.23145,0.22651,0.23116,0.13626,0.04149,-0.05051,-0.12421,-0.21557,-0.28245,-0.37015,-0.45429,-0.46656,-0.55427,-0.54713,-0.59037,-0.58824,-0.56292,-0.52359,-0.55952,-0.61992,-0.61966
-0.52022,-0.51071,-0.50484,-0.44683,-0.40111,-0.39214,-0.37557,-0.31305,-0.26164,-0.24168,-0.19335,-0.23048,-0.28233,-0.35097,-0.39364,-0.46274,-0.43261,-0.48184,-0.50402,-0.49293,-0.42908,-0.37012,-0.34162,-0.40238,-0.40209,-0.31802,-0.32989,-0.40002,-0.35127,-0.27521,-0.33344,-0.38027,-0.29456,-0.22322,-0.29050,-0.23984,-0.29932,-0.22229,-0.27392,-0.37608,-0.44833,-0.50516,-0.50071,-0.49368,-0.54260,-0.50900,-0.56904,-0.52006,-0.44039,-0.39699,-0.31706,-0.25506,-0.18378,-0.13145,-0.09924,-0.01310,0.00421,-0.00044,0.04753,0.10438,0.09722,0.10287,0.18069,0.17428,0.10375,0.15228,0.19051,0.17540,0.14182,0.07919,0.02005,-0.06945,-0.05664,-0.12438,-0.11107,-0.20689,-0.23397,-0.35334,-0.43497,-0.39917,-0.26445,-0.28328,-0.29226,-0.15316,-0.12596,-0.19218,-0.13975,-0.02170,-0.02116,0.03543,0.13495,0.26328,0.31113,0.36393,0.46860,0.51710,0.51564,0.62066,0.62273,0.66601,0.52549,0.45129,0.44330,0.44881,0.47998,0.40296,0.31130,0.18542,0.14208,0.04778,0.00702,-0.04345,-0.10424,-0.20508,-0.22008,-0.09902,-0.15028,-0.30045,-0.26406,-0.21587,-0.35686,-0.42616,-0.55059,-0.66431,-0.70709,-0.75066,-0.70258,-0.67036,-0.61472,-0.51761,-0.42756,-0.32368,-0.23339,-0.17598,-0.08070,-0.01885,0.07804,0.14561,0.20403,0.25340,0.31899,0.32225,0.40831,0.38770,0.43456,0.42160,0.47049,0.49680,0.56151,0.59095,0.55081,0.57377,0.53903,0.49520,0.51853,0.49591,0.43273,0.41092,0.34527,0.32136,0.34920,0.29729,0.30612,0.27142,0.17704,0.14968,0.03567,0.02470,-0.05755,-0.05297,0.00900,-0.04159,-0.11658,-0.10651,-0.13725,-0.09935,-0.14324,-0.10718,-0.05349,-0.04444,-0.04695,-0.10685,-0.07441,-0.16484,-0.14256,-0.19659,-0.13669,-0.05541,0.04333,0.13219,0.19895,0.27252,0.28914,0.38303,0.35247,0.35292,0.23673,0.10036,0.05581,0.11932,0.15332,0.19200,0.25649,0.26682,0.32655,0.27102,0.17732,0.17211,0.17647,0.08172,-0.01264,-0.10382,-0.17558,-0.26429,-0.32867,-0.41252,-0.49382,-0.50580,-0.58896,-0.58053,-0.61798,-0.61211,-0.58196,-0.53710,-0.57078,-0.63093,-0.63705
-0.48063,-0.47129,-0.47307,-0.41236,-0.36058,-0.35574,-0.34499,-0.27726,-0.22300,-0.21266,-0.16330,-0.20807,-0.26343,-0.33765,-0.38512,-0.45935,-0.43587,-0.48824,-0.51797,-0.51049,-0.44421,-0.38970,-0.35821,-0.42098,-0.42880,-0.34567,-0.35553,-0.43173,-0.38915,-0.31189,-0.37271,-0.42716,-0.34533,-0.27250,-0.34380,-0.30349,-0.36815,-0.30035,-0.34739,-0.45219,-0.51825,-0.56505,-0.55587,-0.53765,-0.57710,-0.53381,-0.58699,-0.53060,-0.44895,-0.39740,-0.31548,-0.24785,-0.17124,-0.11288,-0.07471,0.01055,0.02121,0.01262,0.06461,0.12163,0.10759,0.11313,0.18866,0.17681,0.10414,0.15108,0.18508,0.16264,0.12382,0.06527,0.00219,-0.08601,-0.07800,-0.14712,-0.12681,-0.22329,-0.24295,-0.35725,-0.43349,-0.38516,-0.25142,-0.27284,-0.26977,-0.12883,-0.11079,-0.17360,-0.11195,0.00517,-0.00368,0.04635,0.15277,0.27692,0.32734,0.38975,0.49378,0.54660,0.53757,0.63487,0.62424,0.66144,0.51129,0.43532,0.41457,0.42637,0.46957,0.40462,0.31076,0.18269,0.12740,0.02611,-0.02614,-0.08044,-0.15049,-0.24612,-0.27079,-0.14491,-0.18381,-0.33763,-0.30862,-0.24701,-0.38186,-0.45833,-0.58415,-0.70362,-0.75420,-0.78190,-0.72106,-0.69895,-0.63476,-0.53317,-0.43818,-0.33918,-0.24333,-0.18813,-0.08725,-0.02555,0.06995,0.13787,0.18948,0.23925,0.30020,0.29785,0.38049,0.34889,0.39260,0.36997,0.42009,0.45706,0.53226,0.57461,0.53833,0.57229,0.53556,0.48546,0.50540,0.48648,0.42240,0.39677,0.33543,0.30619,0.32629,0.26234,0.26367,0.21805,0.11569,0.07780,-0.03316,-0.03453,-0.11165,-0.10942,-0.04081,-0.09180,-0.16118,-0.14342,-0.16619,-0.11902,-0.15517,-0.11060,-0.06088,-0.05752,-0.06911,-0.13422,-0.11207,-0.20394,-0.19191,-0.25502,-0.20042,-0.12646,-0.03214,0.06342,0.12533,0.20176,0.21169,0.31098,0.28531,0.28601,0.17314,0.02940,-0.00441,0.06976,0.11457,0.16522,0.23992,0.26023,0.32825,0.27938,0.18921,0.18412,0.17983,0.08431,-0.00774,-0.10024,-0.17651,-0.26873,-0.33244,-0.42330,-0.50651,-0.52586,-0.61629,-0.61971,-0.66571,-0.66858,-0.64971,-0.61625,-0.64906,-0.70201,-0.69832
-0.35657,-0.34673,-0.34519,-0.27843,-0.22470,-0.21871,-0.20481,-0.13321,-0.07836,-0.06591,-0.01373,-0.05952,-0.11701,-0.19564,-0.24635,-0.32657,-0.30238,-0.36010,-0.39694,-0.38948,-0.31569,-0.26002,-0.22559,-0.29309,-0.30599,-0.21814,-0.22730,-0.31187,-0.27132,-0.18832,-0.25354,-0.31849,-0.23549,-0.15792,-0.23586,-0.20653,-0.28594,-0.22894,-0.26701,-0.38701,-0.44734,-0.48318,-0.46707,-0.43424,-0.47164,-0.41795,-0.47335,-0.40912,-0.31944,-0.26146,-0.17391,-0.10246,-0.02188,0.03842,0.07713,0.16278,0.17337,0.16418,0.21578,0.27188,0.25727,0.26241,0.33527,0.32252,0.25096,0.29545,0.32732,0.30234,0.26222,0.20757,0.14382,0.05656,0.06156,-0.00944,0.01488,-0.08583,-0.10231,-0.22156,-0.30203,-0.24869,-0.10648,-0.12842,-0.12469,0.02219,0.04041,-0.02416,0.03909,0.15841,0.14921,0.19810,0.30274,0.42173,0.47048,0.52977,0.62412,0.67202,0.66471,0.74856,0.73384,0.76187,0.62393,0.55972,0.53023,0.54412,0.59131,0.53811,0.44940,0.32657,0.26765,0.16481,0.10561,0.04861,-0.02953,-0.12279,-0.15709,-0.02484,-0.05410,-0.21559,-0.19296,-0.11862,-0.25635,-0.34494,-0.47966,-0.61291,-0.69091,-0.71576,-0.62827,-0.60710,-0.53062,-0.41464,-0.30920,-0.20535,-0.10198,-0.04588,0.05901,0.12168,0.21516,0.28120,0.32821,0.37597,0.43070,0.42517,0.49855,0.45985,0.49680,0.46473,0.51009,0.55471,0.63153,0.67758,0.64991,0.68457,0.65218,0.60510,0.62025,0.60352,0.54867,0.52334,0.46869,0.43851,0.45250,0.38317,0.37740,0.32315,0.21563,0.16463,0.06120,0.07229,0.00080,0.00063,0.07568,0.02406,-0.04163,-0.01639,-0.03367,0.01858,-0.01472,0.03278,0.08305,0.08521,0.06952,0.00076,0.01482,-0.07978,-0.07606,-0.15025,-0.10160,-0.03529,0.05222,0.15596,0.20710,0.28357,0.27730,0.37856,0.36561,0.36665,0.26732,0.11762,0.09993,0.18487,0.23820,0.29699,0.37478,0.39931,0.46661,0.42265,0.33704,0.33201,0.32590,0.23286,0.14269,0.04971,-0.02998,-0.12680,-0.19399,-0.29343,-0.38349,-0.40702,-0.51054,-0.52255,-0.58531,-0.60052,-0.59614,-0.58079,-0.62181,-0.66646,-0.65384
-0.35579,-0.34540,-0.33997,-0.27406,-0.22304,-0.21436,-0.19767,-0.12860,-0.07460,-0.05720,-0.00586,-0.04785,-0.10352,-0.17979,-0.22872,-0.30726,-0.28013,-0.33733,-0.37085,-0.36229,-0.28864,-0.23055,-0.19711,-0.26407,-0.27374,-0.18503,-0.19482,-0.27752,-0.23450,-0.15114,-0.21553,-0.27868,-0.19366,-0.11592,-0.19262,-0.15987,-0.23891,-0.17881,-0.21744,-0.33797,-0.40021,-0.43990,-0.42554,-0.39621,-0.43717,-0.38671,-0.44589,-0.38416,-0.29456,-0.23968,-0.15265,-0.08335,-0.00534,0.05231,0.08797,0.17384,0.18781,0.18018,0.22985,0.28591,0.27447,0.27947,0.35292,0.34282,0.27278,0.31774,0.35099,0.32919,0.29139,0.23571,0.17353,0.08598,0.09341,0.02337,0.04530,-0.05475,-0.07445,-0.19679,-0.28045,-0.23250,-0.08883,-0.10984,-0.11232,0.03347,0.05659,-0.00963,0.04859,0.16805,0.16345,0.21538,0.31621,0.43675,0.48387,0.53825,0.63109,0.67653,0.67318,0.75897,0.75036,0.77988,0.64862,0.58549,0.56092,0.57254,0.61438,0.55676,0.46990,0.34922,0.29594,0.19678,0.14249,0.08691,0.01246,-0.08275,-0.11304,0.01808,-0.01609,-0.17710,-0.15170,-0.08193,-0.22258,-0.30920,-0.44566,-0.58334,-0.65742,-0.68789,-0.60436,-0.57765,-0.50227,-0.38666,-0.28239,-0.17587,-0.07475,-0.01774,0.08496,0.14678,0.24068,0.30609,0.35547,0.40253,0.45832,0.45469,0.52882,0.49484,0.53232,0.50339,0.54795,0.58818,0.66028,0.69932,0.67102,0.70072,0.66983,0.62592,0.64165,0.62327,0.57031,0.54739,0.49215,0.46472,0.48153,0.41831,0.41516,0.36484,0.26091,0.21307,0.10981,0.11784,0.04473,0.04479,0.11692,0.06543,-0.00194,0.01982,0.00045,0.04892,0.01232,0.05546,0.10711,0.11261,0.10070,0.03458,0.05306,-0.04110,-0.03418,-0.10534,-0.05362,0.01477,0.10269,0.20345,0.25483,0.32992,0.32523,0.42378,0.41004,0.41148,0.31310,0.16704,0.14606,0.22686,0.27642,0.32997,0.40281,0.42272,0.48582,0.43951,0.35314,0.34791,0.34578,0.25382,0.16291,0.07062,-0.00699,-0.10243,-0.16987,-0.26706,-0.35684,-0.37752,-0.47943,-0.48736,-0.54787,-0.56046,-0.55211,-0.53407,-0.57727,-0.62362,-0.61605
-0.41402,-0.40442,-0.40869,-0.34662,-0.29335,-0.28924,-0.28049,-0.21135,-0.15649,-0.14966,-0.10094,-0.14804,-0.20331,-0.27930,-0.32975,-0.40642,-0.38632,-0.44120,-0.47413,-0.46993,-0.40168,-0.34970,-0.31667,-0.37983,-0.39238,-0.30983,-0.31806,-0.39783,-0.35960,-0.28068,-0.34194,-0.40284,-0.32344,-0.24929,-0.32228,-0.29035,-0.36096,-0.30017,-0.34082,-0.44881,-0.50812,-0.54806,-0.53622,-0.50922,-0.54331,-0.49436,-0.54490,-0.48444,-0.40124,-0.34564,-0.26322,-0.19255,-0.11467,-0.05467,-0.01533,0.06799,0.07632,0.06534,0.11833,0.17424,0.15722,0.16225,0.23465,0.22095,0.14938,0.19395,0.22451,0.19863,0.15780,0.10384,0.03971,-0.04581,-0.03965,-0.10754,-0.08213,-0.17612,-0.19045,-0.30225,-0.37723,-0.32345,-0.18975,-0.21295,-0.20629,-0.06610,-0.05184,-0.11305,-0.04967,0.06500,0.05303,0.09966,0.20648,0.32557,0.37637,0.44160,0.54007,0.59299,0.58217,0.67155,0.65496,0.68573,0.53872,0.46474,0.43498,0.44931,0.49832,0.44243,0.35011,0.22488,0.16523,0.06317,0.00595,-0.05046,-0.12423,-0.21499,-0.24396,-0.11498,-0.14634,-0.30134,-0.27627,-0.20639,-0.33720,-0.41730,-0.54663,-0.67858,-0.73243,-0.75420,-0.68583,-0.66477,-0.59303,-0.48747,-0.38923,-0.29320,-0.19558,-0.14278,-0.04048,0.01882,0.11167,0.17766,0.22421,0.27235,0.32799,0.32193,0.40003,0.36340,0.40291,0.37370,0.42334,0.46548,0.54377,0.59001,0.55860,0.59675,0.56051,0.50952,0.52534,0.50795,0.44816,0.42261,0.36680,0.33632,0.35127,0.28363,0.27965,0.22830,0.12388,0.07876,-0.02676,-0.02098,-0.09378,-0.09425,-0.02315,-0.07381,-0.13891,-0.11674,-0.13266,-0.08176,-0.11341,-0.06680,-0.02024,-0.01757,-0.03365,-0.09942,-0.08355,-0.17543,-0.17088,-0.23947,-0.18668,-0.11910,-0.03070,0.06706,0.12249,0.19875,0.20195,0.30058,0.28152,0.28336,0.17845,0.03354,0.00824,0.08771,0.13857,0.19510,0.27278,0.29723,0.36717,0.32351,0.23826,0.23253,0.22438,0.13146,0.04253,-0.04892,-0.12629,-0.21916,-0.28142,-0.37552,-0.45989,-0.48382,-0.57885,-0.58921,-0.64269,-0.65194,-0.64103,-0.61891,-0.65526,-0.69817,-0.69180
-0.25348,-0.24448,-0.25481,-0.18744,-0.12809,-0.12780,-0.12364,-0.04865,0.00846,0.00558,0.05505,0.00004,-0.05867,-0.14113,-0.19804,-0.28296,-0.27076,-0.33158,-0.37721,-0.37773,-0.30356,-0.25804,-0.22071,-0.28723,-0.31245,-0.23063,-0.23575,-0.32571,-0.29808,-0.21641,-0.28148,-0.35754,-0.28501,-0.20825,-0.28801,-0.27785,-0.36454,-0.32363,-0.35053,-0.46998,-0.51375,-0.53182,-0.50972,-0.45908,-0.47925,-0.41351,-0.45537,-0.38261,-0.29396,-0.22621,-0.14023,-0.06236,0.02129,0.08742,0.13256,0.21220,0.21240,0.19667,0.25206,0.30513,0.27998,0.28426,0.34898,0.32878,0.25863,0.29740,0.31947,0.28387,0.23772,0.19438,0.12733,0.04750,0.04565,-0.02236,0.01389,-0.08047,-0.08199,-0.18722,-0.25610,-0.18634,-0.05297,-0.07872,-0.05800,0.08358,0.08654,0.03014,0.10278,0.21369,0.19145,0.22771,0.33666,0.44176,0.49218,0.56371,0.64925,0.70137,0.68376,0.75043,0.71671,0.73218,0.58939,0.52507,0.47368,0.49677,0.56144,0.53023,0.44316,0.32429,0.25034,0.14342,0.06995,0.00891,-0.07900,-0.15818,-0.20398,-0.06924,-0.07733,-0.23625,-0.22604,-0.13291,-0.25248,-0.34681,-0.47980,-0.62406,-0.70544,-0.70627,-0.60722,-0.59893,-0.51051,-0.39283,-0.28485,-0.19466,-0.08875,-0.04022,0.06749,0.12481,0.21082,0.27309,0.30589,0.35087,0.39366,0.37859,0.44313,0.38995,0.41908,0.37302,0.41792,0.47660,0.56506,0.62816,0.60867,0.65857,0.62467,0.57095,0.57772,0.56696,0.51522,0.48706,0.44418,0.40788,0.40817,0.32576,0.30773,0.23889,0.12507,0.05967,-0.03234,-0.00588,-0.06582,-0.07101,0.00996,-0.04008,-0.09367,-0.05718,-0.05812,0.00598,-0.01398,0.04292,0.08367,0.07910,0.04970,-0.02261,-0.02569,-0.11781,-0.13218,-0.21696,-0.17600,-0.12519,-0.05060,0.05733,0.09657,0.17271,0.15599,0.25730,0.25469,0.25678,0.17059,0.01850,0.01911,0.11635,0.18453,0.25868,0.34734,0.38569,0.46222,0.43200,0.35814,0.35272,0.33332,0.24517,0.16395,0.07435,-0.00796,-0.10485,-0.16646,-0.27160,-0.35994,-0.39594,-0.50468,-0.53468,-0.60941,-0.63756,-0.65124,-0.65854,-0.69960,-0.72239,-0.69914
-0.12002,-0.10980,-0.11197,-0.04171,0.01542,0.02002,0.03003,0.10377,0.15981,0.16514,0.21475,0.16454,0.10631,0.02446,-0.03181,-0.11871,-0.10299,-0.16651,-0.21424,-0.21327,-0.13413,-0.08611,-0.04768,-0.11663,-0.14284,-0.05765,-0.06256,-0.15665,-0.12906,-0.04401,-0.11150,-0.19369,-0.11999,-0.04068,-0.12416,-0.12157,-0.22127,-0.18961,-0.20811,-0.33950,-0.37903,-0.38856,-0.36105,-0.30092,-0.32219,-0.25089,-0.29727,-0.22055,-0.12633,-0.05748,0.03137,0.10825,0.19065,0.25399,0.29513,0.37307,0.37657,0.36265,0.41403,0.46448,0.44300,0.44670,0.50740,0.48949,0.42414,0.46010,0.48061,0.44684,0.40335,0.36405,0.29982,0.22291,0.22078,0.15375,0.18989,0.09465,0.09228,-0.01752,-0.09172,-0.02459,0.11448,0.08995,0.10443,0.24661,0.25488,0.19670,0.26367,0.37353,0.35664,0.39372,0.49403,0.59211,0.63693,0.69722,0.76913,0.81127,0.80022,0.85289,0.82244,0.82952,0.71135,0.66229,0.60948,0.63300,0.69396,0.67073,0.59403,0.48652,0.41678,0.31492,0.24147,0.18095,0.09072,0.01413,-0.03650,0.09955,0.09671,-0.06525,-0.05872,0.03995,-0.08209,-0.18397,-0.32475,-0.48669,-0.58812,-0.58988,-0.47023,-0.45730,-0.35964,-0.23103,-0.11641,-0.02089,0.08719,0.13617,0.24227,0.29806,0.38013,0.43819,0.46762,0.50848,0.54465,0.52909,0.58344,0.52966,0.55102,0.50002,0.53734,0.59794,0.68070,0.73913,0.72829,0.77266,0.74511,0.69930,0.70215,0.69390,0.65180,0.62803,0.59273,0.55939,0.55635,0.47737,0.45537,0.38372,0.27171,0.19791,0.11646,0.15191,0.09786,0.09027,0.17273,0.12351,0.07406,0.11327,0.11535,0.17949,0.15966,0.21366,0.25488,0.25240,0.22342,0.15210,0.14568,0.05373,0.03474,-0.05564,-0.01923,0.02404,0.09006,0.20048,0.22749,0.29977,0.26860,0.36626,0.37573,0.37792,0.30992,0.16024,0.17445,0.27573,0.34671,0.42106,0.50533,0.54186,0.61094,0.58363,0.51547,0.51056,0.49410,0.41198,0.33401,0.24733,0.16651,0.06937,0.00535,-0.10301,-0.19564,-0.23247,-0.35017,-0.38364,-0.47039,-0.50764,-0.53204,-0.55458,-0.60509,-0.62331,-0.59634
-0.17042,-0.15994,-0.16308,-0.09573,-0.03977,-0.03490,-0.02598,0.04545,0.10127,0.10613,0.15404,0.10500,0.04843,-0.03112,-0.08642,-0.17033,-0.15459,-0.21621,-0.25952,-0.25936,-0.18346,-0.13552,-0.09817,-0.16488,-0.18865,-0.10510,-0.11001,-0.20045,-0.17182,-0.08861,-0.15349,-0.23147,-0.15804,-0.08024,-0.16058,-0.15265,-0.24608,-0.20946,-0.23175,-0.35594,-0.39740,-0.41310,-0.38942,-0.33582,-0.35861,-0.29231,-0.33904,-0.26603,-0.17520,-0.10961,-0.02360,0.05169,0.13207,0.19408,0.23389,0.31176,0.31613,0.30223,0.35384,0.40502,0.38428,0.38790,0.45008,0.43346,0.36797,0.40512,0.42691,0.39469,0.35168,0.31047,0.24646,0.16908,0.16932,0.10385,0.13870,0.04698,0.04289,-0.06581,-0.13976,-0.07548,0.06105,0.03614,0.04861,0.18799,0.19697,0.13885,0.20379,0.31250,0.29679,0.33538,0.43643,0.53748,0.58348,0.64538,0.72209,0.76608,0.75558,0.81533,0.78766,0.79788,0.67443,0.61936,0.57029,0.59217,0.65092,0.62185,0.54227,0.43265,0.36541,0.26470,0.19501,0.13537,0.04955,-0.02801,-0.07296,0.06137,0.05313,-0.10584,-0.09452,-0.00175,-0.12401,-0.21929,-0.35889,-0.52123,-0.60618,-0.61181,-0.50602,-0.48923,-0.39578,-0.27356,-0.16307,-0.06932,0.03457,0.08306,0.18719,0.24173,0.32513,0.38377,0.41590,0.45756,0.49650,0.48247,0.54157,0.49158,0.51597,0.46872,0.50948,0.56571,0.64740,0.70195,0.68713,0.73057,0.70109,0.65442,0.65926,0.64965,0.60374,0.58062,0.54249,0.51054,0.51082,0.43530,0.41661,0.34956,0.24049,0.17281,0.08789,0.11719,0.05989,0.05270,0.13183,0.08272,0.03117,0.06682,0.06660,0.12748,0.10604,0.15761,0.19775,0.19730,0.17057,0.10232,0.10050,0.00953,-0.00583,-0.09107,-0.04994,-0.00302,0.06621,0.17238,0.20386,0.27595,0.25226,0.34837,0.35228,0.35471,0.28160,0.13534,0.14139,0.23706,0.30357,0.37394,0.45607,0.48979,0.55877,0.52894,0.45862,0.45294,0.43791,0.35494,0.27575,0.18919,0.11031,0.01557,-0.04639,-0.15068,-0.24057,-0.27529,-0.38757,-0.41644,-0.49597,-0.52712,-0.54399,-0.55817,-0.60603,-0.62737,-0.60591
-0.14422,-0.13579,-0.15563,-0.09047,-0.02833,-0.03258,-0.03705,0.03766,0.09478,0.07821,0.12279,0.06156,0.00404,-0.07850,-0.13912,-0.22477,-0.22359,-0.28493,-0.33585,-0.34382,-0.27219,-0.23710,-0.19858,-0.26182,-0.29712,-0.22339,-0.22450,-0.31620,-0.30143,-0.22362,-0.28567,-0.36901,-0.30911,-0.23579,-0.31412,-0.32132,-0.41413,-0.38890,-0.40406,-0.51668,-0.54318,-0.54492,-0.51888,-0.45380,-0.45813,-0.38395,-0.41248,-0.33475,-0.25045,-0.17684,-0.09594,-0.01514,0.06751,0.13603,0.18469,0.25551,0.24689,0.22571,0.28221,0.33034,0.29687,0.30007,0.35504,0.32910,0.26341,0.29549,0.30803,0.26445,0.21471,0.18346,0.11620,0.04628,0.03888,-0.02337,0.02268,-0.06113,-0.04887,-0.13735,-0.19414,-0.11241,0.00809,-0.02054,0.01388,0.14501,0.13423,0.08696,0.16460,0.26317,0.22997,0.25398,0.36238,0.45092,0.50108,0.57961,0.65381,0.70675,0.68086,0.72828,0.67809,0.68242,0.54561,0.48381,0.41353,0.44328,0.52133,0.51068,0.42868,0.31857,0.23445,0.12835,0.04516,-0.01735,-0.11018,-0.17311,-0.22685,-0.09491,-0.08389,-0.23447,-0.23395,-0.12788,-0.22778,-0.32289,-0.45029,-0.60291,-0.68127,-0.66440,-0.55870,-0.56000,-0.46338,-0.34786,-0.24124,-0.16671,-0.06349,-0.02409,0.08136,0.13130,0.20723,0.26313,0.28237,0.32299,0.35295,0.32999,0.38408,0.32076,0.34110,0.28324,0.32611,0.39447,0.49020,0.56607,0.55495,0.61639,0.58213,0.52509,0.52432,0.51995,0.47193,0.44315,0.41247,0.37275,0.36079,0.27186,0.24312,0.16387,0.04939,-0.02663,-0.10469,-0.06558,-0.11326,-0.12342,-0.04068,-0.08720,-0.12829,-0.08233,-0.06831,0.00317,-0.00467,0.05702,0.08804,0.07867,0.03857,-0.03335,-0.05142,-0.13874,-0.16848,-0.25918,-0.22600,-0.19073,-0.13055,-0.02330,0.00307,0.07544,0.04949,0.14689,0.15363,0.15724,0.08745,-0.06040,-0.04334,0.06072,0.13889,0.22386,0.31823,0.36704,0.44833,0.43152,0.37113,0.36519,0.33484,0.25497,0.18482,0.10178,0.02095,-0.07159,-0.12534,-0.23159,-0.31488,-0.36103,-0.47073,-0.51526,-0.59802,-0.63655,-0.66521,-0.69197,-0.73298,-0.73420,-0.70722
0.06775,0.07669,0.05989,0.12756,0.18957,0.18630,0.18335,0.25774,0.31261,0.29679,0.34023,0.27990,0.22302,0.13996,0.07806,-0.01140,-0.01256,-0.07749,-0.13617,-0.14563,-0.06965,-0.03818,0.00262,-0.06216,-0.10533,-0.03241,-0.03121,-0.12937,-0.12225,-0.04306,-0.10719,-0.20195,-0.14779,-0.07407,-0.15667,-0.18365,-0.29414,-0.29023,-0.28924,-0.41277,-0.42530,-0.40586,-0.36977,-0.28486,-0.28026,-0.19330,-0.21857,-0.13259,-0.04388,0.03573,0.11791,0.19968,0.28150,0.34890,0.39678,0.46061,0.44944,0.42748,0.48027,0.52243,0.48767,0.48999,0.53451,0.50697,0.44856,0.47344,0.47847,0.43141,0.38223,0.36247,0.29821,0.23693,0.22442,0.16514,0.21626,0.13489,0.15467,0.07082,0.01656,0.10345,0.22294,0.19469,0.23249,0.35953,0.34550,0.30244,0.37911,0.46981,0.43486,0.45167,0.55084,0.62118,0.66481,0.73541,0.78841,0.83080,0.80506,0.82438,0.76726,0.75579,0.64762,0.60521,0.52250,0.55797,0.64050,0.65211,0.58492,0.49218,0.40514,0.30412,0.21375,0.15116,0.05089,-0.00014,-0.06674,0.06481,0.09446,-0.05501,-0.06718,0.05445,-0.03632,-0.14258,-0.27348,-0.44426,-0.55073,-0.51913,-0.38143,-0.38860,-0.27822,-0.15014,-0.03672,0.03497,0.14088,0.17634,0.27941,0.32519,0.39067,0.43882,0.44553,0.47911,0.49426,0.46538,0.50058,0.42914,0.43555,0.36473,0.39708,0.47501,0.56875,0.65001,0.65410,0.71690,0.69054,0.64006,0.62993,0.63284,0.59738,0.57230,0.55729,0.51744,0.49352,0.40221,0.36250,0.27236,0.15767,0.06517,0.00695,0.06495,0.03223,0.01792,0.10478,0.06137,0.03257,0.08796,0.11373,0.19104,0.19114,0.25490,0.28192,0.26952,0.22271,0.14953,0.11728,0.03227,-0.01132,-0.11311,-0.09248,-0.07522,-0.03322,0.07809,0.08335,0.14984,0.10139,0.19274,0.21880,0.22209,0.18243,0.03798,0.08183,0.19686,0.28542,0.37801,0.47237,0.52697,0.60358,0.59861,0.55268,0.54773,0.51324,0.44428,0.38431,0.30795,0.22875,0.13731,0.08440,-0.02700,-0.11307,-0.16602,-0.28766,-0.34640,-0.44843,-0.50456,-0.55583,-0.61095,-0.65978,-0.64303,-0.60505
0.19543,0.20567,0.19721,0.26360,0.32045,0.32178,0.32424,0.39296,0.44412,0.43720,0.47795,0.42564,0.37285,0.29475,0.23572,0.14889,0.15104,0.08616,0.02915,0.02032,0.09697,0.12927,0.16946,0.10605,0.06398,0.13650,0.13814,0.04077,0.04726,0.12599,0.06312,-0.03350,0.01904,0.09183,0.00979,-0.02332,-0.14132,-0.14621,-0.13724,-0.26499,-0.27239,-0.24622,-0.20697,-0.11722,-0.11329,-0.02501,-0.05366,0.03236,0.12207,0.19866,0.27901,0.35622,0.43236,0.49327,0.53447,0.59322,0.58591,0.56647,0.61300,0.65065,0.62119,0.62273,0.66110,0.63751,0.58671,0.60764,0.61075,0.56764,0.52321,0.50842,0.44983,0.39448,0.38301,0.32846,0.37747,0.30106,0.31922,0.23502,0.17788,0.25809,0.37724,0.35099,0.38033,0.50102,0.49269,0.45027,0.51720,0.60143,0.57372,0.59065,0.67725,0.73743,0.77399,0.83117,0.86888,0.89971,0.88224,0.88799,0.83713,0.81694,0.73679,0.70923,0.62896,0.66363,0.73858,0.75736,0.70299,0.62571,0.54714,0.45614,0.37025,0.31069,0.21356,0.16792,0.10045,0.22803,0.26077,0.11559,0.10173,0.22297,0.13382,0.02646,-0.10818,-0.29622,-0.41016,-0.37916,-0.23026,-0.23107,-0.11584,0.01644,0.13090,0.20367,0.30541,0.33914,0.43506,0.47637,0.53525,0.57686,0.57989,0.60751,0.61549,0.58716,0.61145,0.54305,0.54155,0.46882,0.49380,0.56931,0.65249,0.72483,0.73711,0.79171,0.77264,0.73250,0.71868,0.72457,0.69842,0.67962,0.67307,0.63842,0.61249,0.52949,0.48769,0.39939,0.29217,0.19608,0.15096,0.21479,0.18903,0.17252,0.25612,0.21545,0.19267,0.24772,0.27574,0.34915,0.34979,0.40725,0.43224,0.42308,0.37877,0.31108,0.27772,0.19663,0.15040,0.04824,0.06520,0.07380,0.10528,0.21292,0.20625,0.26544,0.20570,0.28818,0.32447,0.32729,0.30875,0.17474,0.22919,0.34198,0.42888,0.51722,0.60257,0.65252,0.71842,0.71649,0.67846,0.67373,0.64357,0.58395,0.52993,0.46012,0.38678,0.30025,0.24858,0.14000,0.05374,0.00205,-0.12289,-0.18229,-0.29032,-0.35207,-0.41034,-0.47670,-0.53251,-0.51207,-0.47343
0.20500,0.21411,0.19379,0.25475,0.31345,0.30956,0.30162,0.36821,0.41911,0.39742,0.43270,0.37465,0.32405,0.24826,0.18748,0.10388,0.09510,0.03302,-0.02476,-0.04022,0.02954,0.05104,0.09039,0.03299,-0.01531,0.04689,0.05196,-0.04159,-0.04561,0.02623,-0.03061,-0.12710,-0.08667,-0.01982,-0.09606,-0.13693,-0.24901,-0.26009,-0.24664,-0.35907,-0.35428,-0.32158,-0.28404,-0.19107,-0.17500,-0.08592,-0.10079,-0.01581,0.06481,0.14298,0.21531,0.29284,0.36636,0.42886,0.47358,0.52471,0.50913,0.48456,0.53303,0.56719,0.53016,0.53099,0.56263,0.53428,0.48583,0.50248,0.49875,0.44974,0.40276,0.39589,0.33702,0.28955,0.27480,0.22633,0.28228,0.21793,0.24735,0.18163,0.13745,0.22584,0.32826,0.29918,0.34108,0.44953,0.42801,0.39458,0.46585,0.53840,0.50037,0.50690,0.59555,0.64481,0.68342,0.75101,0.78626,0.82209,0.79588,0.79405,0.73007,0.70567,0.61893,0.58595,0.49363,0.53218,0.61756,0.64768,0.59294,0.51850,0.43190,0.34172,0.25094,0.19132,0.09524,0.06215,-0.00626,0.11507,0.15885,0.02655,0.00799,0.13254,0.06309,-0.03626,-0.15867,-0.33863,-0.43503,-0.39233,-0.25586,-0.26603,-0.15223,-0.03206,0.07441,0.12971,0.22456,0.24961,0.34184,0.37608,0.42760,0.46522,0.45943,0.48495,0.48624,0.45326,0.47451,0.40047,0.39629,0.31967,0.34676,0.42672,0.51536,0.59702,0.61123,0.67637,0.65410,0.60840,0.59108,0.60038,0.57157,0.55122,0.55060,0.51281,0.47993,0.39263,0.34578,0.25369,0.14828,0.05129,0.01290,0.07974,0.06083,0.04191,0.12346,0.08594,0.07139,0.12979,0.16736,0.24439,0.25468,0.31488,0.33100,0.31833,0.26692,0.20162,0.15963,0.08511,0.02970,-0.07080,-0.05696,-0.05632,-0.03243,0.06944,0.05911,0.11557,0.05928,0.13779,0.17378,0.17807,0.16312,0.03562,0.09344,0.20545,0.29604,0.39005,0.47947,0.53717,0.60870,0.61563,0.58589,0.58036,0.54106,0.48673,0.44099,0.37712,0.30633,0.22601,0.18350,0.07941,0.00207,-0.05560,-0.17265,-0.23886,-0.34360,-0.40623,-0.46847,-0.54097,-0.59101,-0.55654,-0.51878
0.25623,0.26329,0.23066,0.28821,0.34982,0.33842,0.31994,0.38745,0.43662,0.39801,0.42966,0.36318,0.31307,0.23725,0.17452,0.09154,0.07063,0.01046,-0.05373,-0.07467,-0.01016,-0.00111,0.03834,-0.01482,-0.07269,-0.02107,-0.01282,-0.10535,-0.12227,-0.05736,-0.11066,-0.20984,-0.18306,-0.12265,-0.19529,-0.25137,-0.36257,-0.38769,-0.36543,-0.46592,-0.44633,-0.39858,-0.35812,-0.25499,-0.22300,-0.12772,-0.12580,-0.03875,0.03422,0.11779,0.18377,0.26328,0.33608,0.40180,0.45242,0.49438,0.46782,0.43814,0.48798,0.51714,0.47044,0.47080,0.49339,0.45772,0.41213,0.42225,0.40959,0.35233,0.30140,0.30562,0.24716,0.20904,0.18697,0.14290,0.20689,0.15051,0.19400,0.14889,0.12192,0.22277,0.30738,0.27700,0.33684,0.43411,0.39603,0.37370,0.45350,0.51386,0.46162,0.45426,0.54366,0.57706,0.61621,0.69223,0.71992,0.75996,0.72053,0.70185,0.62003,0.58933,0.50284,0.47077,0.36120,0.40599,0.50559,0.55423,0.50226,0.43311,0.33470,0.24423,0.14396,0.08449,-0.01588,-0.03357,-0.10964,0.00440,0.06647,-0.05380,-0.08410,0.05039,0.00421,-0.09431,-0.20078,-0.36434,-0.46095,-0.39853,-0.25972,-0.28782,-0.17396,-0.06085,0.03969,0.07655,0.16857,0.18459,0.27393,0.30337,0.34445,0.37705,0.35826,0.38085,0.37192,0.33134,0.34364,0.25975,0.24982,0.16443,0.18985,0.27908,0.37698,0.47628,0.49488,0.57285,0.54893,0.49725,0.47432,0.48894,0.46223,0.43821,0.44631,0.40284,0.35850,0.26256,0.20709,0.10580,-0.00040,-0.10369,-0.13118,-0.05496,-0.06233,-0.08340,-0.00087,-0.03453,-0.03761,0.03027,0.07984,0.16369,0.18623,0.25375,0.26228,0.24117,0.17927,0.11177,0.05432,-0.01448,-0.08117,-0.18443,-0.18128,-0.19372,-0.18133,-0.08111,-0.10026,-0.04632,-0.10628,-0.03053,0.01013,0.01505,0.00845,-0.11575,-0.04538,0.07233,0.17130,0.27564,0.37217,0.44172,0.51996,0.53982,0.52213,0.51718,0.46565,0.41771,0.38325,0.32601,0.25599,0.18043,0.14586,0.04268,-0.02668,-0.09314,-0.20606,-0.28559,-0.39330,-0.46316,-0.53729,-0.62241,-0.66587,-0.61309,-0.57028
0.46135,0.46955,0.44774,0.50429,0.55935,0.55245,0.54123,0.60233,0.64481,0.61734,0.64604,0.58954,0.54444,0.47465,0.41650,0.33640,0.31908,0.25898,0.19347,0.17456,0.24026,0.24924,0.28810,0.23608,0.17756,0.22775,0.23642,0.14367,0.12414,0.18762,0.13429,0.03135,0.05464,0.11269,0.03943,-0.03010,-0.15268,-0.19609,-0.16050,-0.26874,-0.24136,-0.17802,-0.12942,-0.01588,0.01865,0.11909,0.11834,0.20777,0.28277,0.36415,0.42800,0.50124,0.56678,0.62427,0.66733,0.70085,0.67775,0.65193,0.69257,0.71409,0.67352,0.67300,0.68496,0.65321,0.61900,0.62215,0.60520,0.55206,0.50756,0.52067,0.47057,0.44215,0.41810,0.37946,0.44034,0.38833,0.43114,0.38752,0.36029,0.45405,0.53654,0.51004,0.56236,0.65028,0.61816,0.59926,0.66793,0.71800,0.67338,0.66341,0.73407,0.74934,0.77701,0.83416,0.83747,0.86096,0.82930,0.78502,0.70868,0.66463,0.61953,0.61233,0.50422,0.55037,0.64104,0.70488,0.67339,0.62828,0.53938,0.46269,0.36596,0.31162,0.21223,0.20420,0.12173,0.22817,0.29985,0.18616,0.14727,0.28537,0.24495,0.14081,0.03327,-0.14658,-0.26674,-0.19640,-0.03076,-0.05788,0.06242,0.18343,0.28598,0.32298,0.41113,0.42508,0.50491,0.52911,0.55843,0.58128,0.55405,0.56740,0.54575,0.50455,0.49713,0.41459,0.39123,0.30026,0.31174,0.40103,0.48624,0.57749,0.60935,0.67730,0.66538,0.62822,0.59867,0.61926,0.60826,0.59165,0.61420,0.57628,0.52604,0.43888,0.37826,0.27628,0.17881,0.06751,0.06142,0.15006,0.15671,0.13329,0.21374,0.18519,0.19305,0.26265,0.31737,0.39825,0.42387,0.48569,0.49118,0.47095,0.40998,0.34783,0.28463,0.22167,0.14891,0.04230,0.03380,0.00578,0.00024,0.09780,0.05852,0.10226,0.02262,0.08582,0.14310,0.14661,0.17334,0.06249,0.15378,0.27238,0.37226,0.47264,0.55832,0.62456,0.68803,0.71524,0.71138,0.70783,0.66053,0.62690,0.60321,0.55582,0.49357,0.42453,0.39146,0.29061,0.22016,0.15403,0.03473,-0.05061,-0.17008,-0.25229,-0.34177,-0.44591,-0.49625,-0.43562,-0.38636
0.61320,0.62138,0.60403,0.65017,0.69531,0.69071,0.67945,0.72664,0.76087,0.73529,0.75367,0.70859,0.67398,0.61821,0.56849,0.50086,0.48069,0.42737,0.36910,0.34710,0.40337,0.40470,0.43875,0.39720,0.34022,0.37760,0.38839,0.30738,0.28074,0.33262,0.28964,0.19311,0.20263,0.25005,0.18823,0.11000,-0.00855,-0.06711,-0.01970,-0.11364,-0.07113,0.00147,0.04965,0.16383,0.20488,0.29966,0.30541,0.38677,0.44984,0.52151,0.57134,0.63215,0.68285,0.72804,0.76112,0.77824,0.75565,0.73127,0.76112,0.77190,0.73583,0.73385,0.73084,0.70331,0.68466,0.67866,0.65459,0.60663,0.57019,0.59535,0.55775,0.54662,0.52337,0.49917,0.55765,0.52631,0.57100,0.54615,0.52810,0.61153,0.67234,0.64866,0.69553,0.75693,0.72484,0.71569,0.76886,0.79604,0.75709,0.73974,0.78888,0.77890,0.79489,0.83544,0.81342,0.82343,0.79839,0.73151,0.65802,0.60352,0.60118,0.60853,0.50375,0.54969,0.63048,0.70818,0.69751,0.68106,0.60526,0.54933,0.46259,0.41748,0.33058,0.34114,0.26318,0.35045,0.43046,0.34217,0.29985,0.42854,0.40938,0.31764,0.22092,0.03204,-0.06987,0.00413,0.16108,0.14081,0.25751,0.36554,0.45491,0.47673,0.54662,0.55023,0.61064,0.62093,0.63241,0.64094,0.60340,0.60546,0.56979,0.52837,0.50378,0.42816,0.39317,0.30393,0.30461,0.38678,0.45487,0.53547,0.57805,0.63663,0.63245,0.60795,0.57290,0.59988,0.60108,0.59269,0.63030,0.60049,0.54534,0.47382,0.41148,0.31779,0.24178,0.13405,0.15202,0.24382,0.26568,0.23944,0.30627,0.28748,0.30965,0.37715,0.43717,0.50897,0.54035,0.59176,0.58785,0.56918,0.51092,0.46241,0.39510,0.34955,0.27195,0.17451,0.15898,0.11443,0.08833,0.16762,0.11191,0.13907,0.05354,0.09446,0.16167,0.16564,0.22319,0.14221,0.24339,0.34814,0.43926,0.53040,0.59952,0.65973,0.70707,0.74335,0.75783,0.75472,0.71016,0.69656,0.69019,0.66076,0.61389,0.56218,0.54091,0.45590,0.39746,0.33403,0.22602,0.14044,0.02419,-0.06033,-0.15583,-0.27290,-0.32541,-0.25519,-0.20874
0.69571,0.70107,0.66965,0.70003,0.73898,0.72671,0.70133,0.73605,0.76139,0.71650,0.72136,0.67618,0.65227,0.60972,0.56563,0.51294,0.47674,0.43525,0.38041,0.34947,0.38700,0.36693,0.39537,0.37096,0.30807,0.32017,0.33678,0.27234,0.22640,0.25800,0.23186,0.14444,0.12643,0.15535,0.11195,0.01831,-0.08435,-0.15902,-0.09856,-0.15715,-0.09095,-0.00344,0.04063,0.15583,0.21694,0.30544,0.33654,0.40703,0.44616,0.51169,0.53964,0.59064,0.62641,0.66458,0.69609,0.69038,0.65629,0.62729,0.65102,0.64902,0.60596,0.60175,0.57958,0.54813,0.54308,0.52457,0.48713,0.43589,0.40249,0.44600,0.41868,0.43050,0.40221,0.39549,0.45877,0.45579,0.51739,0.53305,0.54248,0.62804,0.64771,0.62420,0.68614,0.71140,0.66009,0.67127,0.72067,0.71636,0.66587,0.62813,0.66308,0.62086,0.63159,0.67355,0.63313,0.64168,0.60568,0.51447,0.42667,0.36289,0.37852,0.39083,0.27438,0.32311,0.41007,0.51081,0.51501,0.52110,0.44437,0.40487,0.32038,0.28348,0.20839,0.24908,0.17392,0.23320,0.33204,0.28323,0.23103,0.35394,0.37962,0.30967,0.24689,0.08889,0.01403,0.10613,0.23846,0.20363,0.30700,0.38607,0.45000,0.43598,0.48321,0.46768,0.50827,0.50113,0.48880,0.48195,0.42623,0.41790,0.36460,0.31806,0.27708,0.20036,0.15588,0.06604,0.06063,0.14221,0.20473,0.29061,0.34097,0.40667,0.40508,0.38194,0.33891,0.37310,0.38029,0.37456,0.42861,0.39937,0.33317,0.26716,0.19855,0.10745,0.04938,-0.05327,-0.01032,0.08479,0.12653,0.09714,0.15015,0.14265,0.18552,0.25481,0.32912,0.39834,0.44603,0.49466,0.47335,0.44939,0.38464,0.34798,0.26702,0.24331,0.15397,0.06874,0.04075,-0.02478,-0.07420,-0.01601,-0.08557,-0.07238,-0.15484,-0.13429,-0.06412,-0.05775,0.02086,-0.03114,0.07897,0.17112,0.25978,0.34937,0.41167,0.47777,0.52138,0.57534,0.61387,0.61100,0.55587,0.56311,0.58070,0.57282,0.54053,0.51026,0.50992,0.44370,0.40999,0.34309,0.25892,0.16583,0.06126,-0.02318,-0.12576,-0.25455,-0.29512,-0.19964,-0.15567
0.76550,0.77002,0.74543,0.76206,0.78687,0.77819,0.75511,0.77185,0.78693,0.74845,0.74267,0.71445,0.70325,0.67898,0.64705,0.61263,0.57723,0.54725,0.50588,0.47437,0.49827,0.47248,0.49343,0.48247,0.42752,0.42566,0.44297,0.39752,0.34937,0.36575,0.35345,0.28171,0.25193,0.26746,0.24022,0.14781,0.06245,-0.01827,0.04810,0.01129,0.08474,0.17088,0.20879,0.31117,0.37133,0.44336,0.47787,0.53232,0.55546,0.60476,0.61551,0.64938,0.66665,0.68886,0.70619,0.68530,0.65563,0.63065,0.64178,0.63011,0.59631,0.59093,0.55688,0.53351,0.54389,0.51882,0.47882,0.43822,0.41599,0.46570,0.45321,0.48027,0.45597,0.46486,0.51958,0.53885,0.59647,0.62821,0.64443,0.71115,0.70827,0.68900,0.73873,0.73525,0.68905,0.70790,0.73649,0.71046,0.67159,0.63133,0.64253,0.58069,0.57968,0.60387,0.54517,0.54023,0.51599,0.41495,0.33971,0.27008,0.31788,0.34397,0.24307,0.28496,0.35293,0.45642,0.48038,0.51271,0.45663,0.44099,0.37580,0.35118,0.29765,0.35233,0.29059,0.32530,0.42100,0.40328,0.35482,0.45507,0.49846,0.45114,0.40440,0.25609,0.20615,0.29123,0.39948,0.37488,0.46245,0.51909,0.56274,0.53472,0.55827,0.53371,0.55195,0.53146,0.50322,0.48344,0.42445,0.40622,0.34597,0.30482,0.25181,0.18895,0.13829,0.06058,0.04581,0.11177,0.15149,0.21554,0.27040,0.32043,0.32682,0.31916,0.27523,0.31111,0.32819,0.33214,0.39470,0.37650,0.31382,0.26827,0.20550,0.13320,0.10154,0.01278,0.07405,0.16138,0.21299,0.18331,0.21724,0.21909,0.27195,0.33119,0.40337,0.45687,0.50586,0.53846,0.50838,0.48941,0.43390,0.41593,0.34078,0.33572,0.25077,0.18361,0.15262,0.07770,0.01423,0.04889,-0.02933,-0.03205,-0.11043,-0.11220,-0.04017,-0.03365,0.06482,0.04638,0.15308,0.22146,0.29195,0.36376,0.40349,0.45655,0.48056,0.53730,0.58911,0.58674,0.53973,0.56568,0.59752,0.60799,0.59393,0.58378,0.59575,0.55223,0.53435,0.47744,0.41429,0.33218,0.24299,0.16614,0.06960,-0.05854,-0.09752,-0.00520,0.03522
0.68009,0.67828,0.65463,0.62904,0.62114,0.61123,0.58137,0.55491,0.54074,0.50084,0.46538,0.46836,0.49095,0.51555,0.51642,0.53478,0.49305,0.50205,0.49832,0.46701,0.44193,0.39224,0.38898,0.41964,0.38738,0.33785,0.35644,0.37089,0.31381,0.28129,0.31054,0.29360,0.22704,0.19913,0.22337,0.14632,0.13163,0.05141,0.11639,0.16484,0.24963,0.32169,0.33441,0.38511,0.44790,0.46683,0.52395,0.52616,0.49188,0.49495,0.45429,0.44290,0.41216,0.39713,0.38864,0.32886,0.30168,0.28428,0.26975,0.23474,0.21525,0.20825,0.14816,0.13827,0.18065,0.14064,0.09567,0.07883,0.08222,0.14506,0.16595,0.23033,0.21514,0.26203,0.29304,0.36924,0.42053,0.50978,0.56132,0.58345,0.50322,0.49699,0.53090,0.44884,0.40329,0.45011,0.43681,0.35318,0.32909,0.27641,0.23812,0.13544,0.11437,0.10891,0.02578,0.00471,-0.00893,-0.11442,-0.16298,-0.22917,-0.13670,-0.09954,-0.15971,-0.13634,-0.10802,-0.01016,0.04500,0.12642,0.11541,0.15582,0.14079,0.14926,0.15638,0.24525,0.22600,0.18608,0.26627,0.33981,0.30072,0.33040,0.43528,0.45575,0.48727,0.43594,0.47455,0.54210,0.54794,0.53126,0.55430,0.52446,0.49960,0.41940,0.37762,0.32768,0.28705,0.23550,0.16901,0.12152,0.05685,0.02013,-0.04872,-0.07476,-0.14181,-0.16718,-0.21990,-0.25619,-0.28026,-0.25880,-0.27009,-0.25027,-0.19933,-0.17866,-0.16100,-0.14614,-0.18561,-0.15195,-0.12376,-0.10376,-0.03243,-0.02839,-0.07756,-0.07388,-0.11564,-0.13587,-0.10223,-0.13674,-0.04407,0.00792,0.07746,0.05362,0.03572,0.06219,0.13299,0.15904,0.22188,0.23205,0.28593,0.28178,0.22983,0.21947,0.18725,0.21549,0.15888,0.20383,0.13968,0.13409,0.09721,0.01199,-0.07603,-0.10867,-0.18611,-0.22667,-0.26693,-0.32403,-0.27186,-0.26535,-0.15027,-0.08402,-0.00771,-0.00797,0.01206,0.03481,0.02352,0.04809,0.03453,0.09635,0.17547,0.17384,0.14136,0.20663,0.27417,0.32941,0.36055,0.40638,0.45417,0.47879,0.51671,0.48647,0.50072,0.45222,0.42864,0.38838,0.32566,0.23211,0.22456,0.31227,0.32809
0.15614,0.15421,0.11367,0.10092,0.11177,0.09577,0.05803,0.05518,0.06187,0.00900,-0.01053,-0.03070,-0.02714,-0.02610,-0.04039,-0.03797,-0.07829,-0.07823,-0.08117,-0.11267,-0.12765,-0.16327,-0.16098,-0.14368,-0.17091,-0.20057,-0.18541,-0.18044,-0.21962,-0.23538,-0.21515,-0.22998,-0.27092,-0.27953,-0.26468,-0.30164,-0.29942,-0.31985,-0.29490,-0.25396,-0.20471,-0.17927,-0.18373,-0.15763,-0.11516,-0.10562,-0.05855,-0.05566,-0.07912,-0.06690,-0.08786,-0.07843,-0.08191,-0.07282,-0.06291,-0.08848,-0.11589,-0.14003,-0.12885,-0.13721,-0.16686,-0.17134,-0.19389,-0.20866,-0.20203,-0.21830,-0.24356,-0.26759,-0.28133,-0.25148,-0.25670,-0.22928,-0.23649,-0.21286,-0.17629,-0.12801,-0.08521,-0.02566,0.00684,0.04550,-0.00329,-0.02019,0.02070,-0.01536,-0.06179,-0.03815,-0.02421,-0.06121,-0.09504,-0.12729,-0.11238,-0.15149,-0.14062,-0.10145,-0.11835,-0.09538,-0.11952,-0.15123,-0.20412,-0.23845,-0.25470,-0.27405,-0.33082,-0.31465,-0.26840,-0.22080,-0.22382,-0.21411,-0.24640,-0.24997,-0.27457,-0.28474,-0.28681,-0.23853,-0.24353,-0.24861,-0.20202,-0.16887,-0.18209,-0.15499,-0.09234,-0.07147,-0.06325,-0.09610,-0.01937,0.01265,-0.03199,-0.03659,-0.01912,-0.04925,-0.06225,-0.11960,-0.13736,-0.17103,-0.17445,-0.20429,-0.22822,-0.24374,-0.27598,-0.28455,-0.31236,-0.33252,-0.34116,-0.37041,-0.38363,-0.40416,-0.39323,-0.37228,-0.34820,-0.31643,-0.30307,-0.26557,-0.27711,-0.29578,-0.31473,-0.29870,-0.31043,-0.31033,-0.28309,-0.29249,-0.31962,-0.34112,-0.36716,-0.38758,-0.38668,-0.40676,-0.38007,-0.35909,-0.33619,-0.35387,-0.35896,-0.35213,-0.31921,-0.29740,-0.25620,-0.23759,-0.20194,-0.18950,-0.22390,-0.23329,-0.26382,-0.25426,-0.28767,-0.26843,-0.31269,-0.31910,-0.32007,-0.35587,-0.38681,-0.39955,-0.42070,-0.42689,-0.42113,-0.43626,-0.42445,-0.41370,-0.39155,-0.37788,-0.35646,-0.35162,-0.33079,-0.29724,-0.27874,-0.25044,-0.22696,-0.19403,-0.16288,-0.16890,-0.20462,-0.18592,-0.15946,-0.14060,-0.13758,-0.12194,-0.09005,-0.08417,-0.05869,-0.08680,-0.07208,-0.10190,-0.10655,-0.11786,-0.14130,-0.18384,-0.18606,-0.13522,-0.13337
-0.04791,-0.05553,-0.09623,-0.14113,-0.15574,-0.17440,-0.21554,-0.24873,-0.26547,-0.31922,-0.35655,-0.35625,-0.32839,-0.29167,-0.27818,-0.23418,-0.27513,-0.24228,-0.21742,-0.24347,-0.29804,-0.34880,-0.36641,-0.31830,-0.32397,-0.38877,-0.37527,-0.32263,-0.36306,-0.41709,-0.36780,-0.33211,-0.39630,-0.44111,-0.38711,-0.40145,-0.33710,-0.34918,-0.33458,-0.22534,-0.17913,-0.17232,-0.19829,-0.22248,-0.18204,-0.21667,-0.15543,-0.19548,-0.26330,-0.28826,-0.34791,-0.37436,-0.41176,-0.42906,-0.43500,-0.48556,-0.51066,-0.52561,-0.53397,-0.55734,-0.57464,-0.57888,-0.61486,-0.62102,-0.59459,-0.61785,-0.64277,-0.64702,-0.64103,-0.60851,-0.58848,-0.53920,-0.54157,-0.49507,-0.48402,-0.40360,-0.37078,-0.27120,-0.20824,-0.20767,-0.31358,-0.31771,-0.28702,-0.37762,-0.42221,-0.37689,-0.38932,-0.46317,-0.48799,-0.52845,-0.54893,-0.60867,-0.61006,-0.59281,-0.61644,-0.60293,-0.62304,-0.64463,-0.67541,-0.68412,-0.67735,-0.70083,-0.71725,-0.71729,-0.70540,-0.67534,-0.66084,-0.62355,-0.62125,-0.58567,-0.56924,-0.55131,-0.50693,-0.44270,-0.41363,-0.47956,-0.45450,-0.35456,-0.35794,-0.39295,-0.29021,-0.21473,-0.13533,-0.06325,0.07385,0.09497,-0.02892,-0.04111,-0.08502,-0.18343,-0.25439,-0.34592,-0.41222,-0.45981,-0.50762,-0.55246,-0.59902,-0.62969,-0.65948,-0.67722,-0.70244,-0.70843,-0.72151,-0.71602,-0.72227,-0.70455,-0.70096,-0.71567,-0.72898,-0.72544,-0.72529,-0.70963,-0.71849,-0.72424,-0.73249,-0.72086,-0.72892,-0.72245,-0.69973,-0.69531,-0.70705,-0.69018,-0.69301,-0.67037,-0.62062,-0.58887,-0.55066,-0.56716,-0.53722,-0.54317,-0.58706,-0.56161,-0.52388,-0.53076,-0.50649,-0.52197,-0.48924,-0.50212,-0.54543,-0.55251,-0.56140,-0.52311,-0.53807,-0.48379,-0.49923,-0.45371,-0.46074,-0.49308,-0.53065,-0.59484,-0.60200,-0.63233,-0.58862,-0.63715,-0.65187,-0.64419,-0.62840,-0.55501,-0.56973,-0.61927,-0.64077,-0.65226,-0.67079,-0.66582,-0.66835,-0.63765,-0.59451,-0.59836,-0.62024,-0.57985,-0.53247,-0.48456,-0.44799,-0.39241,-0.33672,-0.27754,-0.21114,-0.21247,-0.13494,-0.13382,-0.07832,-0.05333,-0.04039,-0.03762,-0.00411,0.03467,0.01502
-0.42911,-0.43712,-0.47969,-0.51235,-0.51745,-0.53660,-0.57362,-0.58902,-0.59320,-0.64351,-0.66468,-0.67544,-0.66205,-0.64152,-0.63421,-0.60247,-0.63291,-0.60611,-0.58093,-0.59903,-0.64329,-0.67665,-0.69027,-0.65600,-0.65273,-0.69686,-0.68996,-0.64586,-0.66542,-0.70447,-0.66814,-0.62825,-0.66498,-0.69528,-0.65338,-0.63357,-0.55833,-0.53049,-0.54956,-0.45519,-0.44576,-0.47237,-0.50662,-0.55101,-0.53176,-0.57275,-0.52952,-0.56787,-0.62201,-0.64283,-0.68386,-0.69875,-0.71645,-0.71938,-0.71493,-0.73594,-0.75515,-0.76815,-0.76222,-0.76663,-0.78372,-0.78547,-0.79192,-0.79795,-0.79667,-0.80021,-0.80697,-0.81082,-0.81332,-0.80913,-0.80490,-0.78700,-0.78424,-0.76041,-0.75560,-0.70763,-0.69059,-0.62453,-0.58060,-0.57762,-0.65085,-0.65699,-0.62919,-0.68063,-0.71502,-0.68861,-0.68550,-0.71988,-0.74396,-0.76491,-0.75421,-0.76211,-0.74643,-0.70867,-0.68341,-0.64704,-0.66872,-0.63299,-0.65467,-0.62857,-0.69279,-0.75164,-0.75216,-0.76038,-0.74868,-0.76148,-0.78478,-0.79678,-0.80161,-0.79527,-0.78121,-0.77254,-0.73621,-0.71160,-0.67550,-0.71616,-0.72336,-0.65923,-0.64680,-0.68742,-0.62597,-0.55865,-0.49669,-0.40775,-0.26737,-0.26831,-0.40706,-0.41490,-0.46655,-0.55587,-0.61471,-0.67771,-0.72104,-0.74861,-0.77075,-0.79229,-0.80499,-0.81029,-0.81193,-0.80922,-0.80127,-0.80008,-0.77288,-0.76430,-0.74324,-0.71303,-0.68797,-0.70453,-0.69839,-0.69067,-0.72263,-0.70557,-0.73040,-0.75238,-0.74267,-0.74642,-0.77593,-0.78433,-0.79678,-0.79953,-0.79129,-0.78738,-0.77468,-0.74830,-0.72173,-0.67750,-0.68935,-0.72956,-0.73397,-0.73097,-0.76270,-0.75145,-0.74564,-0.76079,-0.75888,-0.77075,-0.75738,-0.75970,-0.78403,-0.79105,-0.79341,-0.77235,-0.76570,-0.73355,-0.72625,-0.68084,-0.66689,-0.65902,-0.65285,-0.69763,-0.66332,-0.66994,-0.60149,-0.61538,-0.65949,-0.65218,-0.70286,-0.66769,-0.72157,-0.76605,-0.79057,-0.80215,-0.80385,-0.80153,-0.78451,-0.78003,-0.77580,-0.78118,-0.79709,-0.79253,-0.77802,-0.75940,-0.74302,-0.71117,-0.67525,-0.63143,-0.58040,-0.57466,-0.50198,-0.48447,-0.41675,-0.37295,-0.33021,-0.28549,-0.24559,-0.24259,-0.26257
-0.63875,-0.64436,-0.67176,-0.68558,-0.68433,-0.69548,-0.71531,-0.71596,-0.70768,-0.73389,-0.73712,-0.74736,-0.74685,-0.74250,-0.74121,-0.72491,-0.73436,-0.71901,-0.69190,-0.69945,-0.72357,-0.72890,-0.73594,-0.72104,-0.70546,-0.71865,-0.71928,-0.69102,-0.68271,-0.69795,-0.67904,-0.64369,-0.64519,-0.65252,-0.62935,-0.57925,-0.51375,-0.45751,-0.49905,-0.44011,-0.46316,-0.52234,-0.55917,-0.61545,-0.62753,-0.66963,-0.66016,-0.69113,-0.71938,-0.73699,-0.75187,-0.75637,-0.75569,-0.75041,-0.74518,-0.73470,-0.73762,-0.74406,-0.72865,-0.71455,-0.72141,-0.72082,-0.69850,-0.69762,-0.71672,-0.70033,-0.68573,-0.68229,-0.68878,-0.71373,-0.72362,-0.73840,-0.72523,-0.72371,-0.72635,-0.71308,-0.71947,-0.70814,-0.70224,-0.70660,-0.72419,-0.73106,-0.72637,-0.73042,-0.73948,-0.74266,-0.73640,-0.72591,-0.73328,-0.72382,-0.69040,-0.64897,-0.62384,-0.58212,-0.51930,-0.47629,-0.48160,-0.39650,-0.39281,-0.35371,-0.46702,-0.53734,-0.51747,-0.53518,-0.53452,-0.58672,-0.63558,-0.68483,-0.68612,-0.70192,-0.68559,-0.68819,-0.66048,-0.67773,-0.63602,-0.64202,-0.68380,-0.66603,-0.63173,-0.67555,-0.67424,-0.62617,-0.60216,-0.53764,-0.41597,-0.45465,-0.58522,-0.56992,-0.61218,-0.67470,-0.70821,-0.72496,-0.74218,-0.74470,-0.74141,-0.74105,-0.71935,-0.70213,-0.67462,-0.65555,-0.61826,-0.60571,-0.54795,-0.53279,-0.49221,-0.45315,-0.41416,-0.43997,-0.42564,-0.43748,-0.48455,-0.47823,-0.50636,-0.53242,-0.50912,-0.52863,-0.56472,-0.57968,-0.62033,-0.62279,-0.59398,-0.59457,-0.56859,-0.53672,-0.53234,-0.48354,-0.53706,-0.59194,-0.63068,-0.62134,-0.63974,-0.64440,-0.67072,-0.69700,-0.71789,-0.72889,-0.73843,-0.73949,-0.74543,-0.74153,-0.73227,-0.72085,-0.68776,-0.68146,-0.65604,-0.61934,-0.58195,-0.53550,-0.49017,-0.51114,-0.44849,-0.43525,-0.35822,-0.34544,-0.40659,-0.40177,-0.49233,-0.49363,-0.57435,-0.61143,-0.63964,-0.65338,-0.64808,-0.65741,-0.63365,-0.65853,-0.69132,-0.69721,-0.69703,-0.72311,-0.74364,-0.75455,-0.75672,-0.75073,-0.74036,-0.71758,-0.69225,-0.67692,-0.62615,-0.59000,-0.52502,-0.46996,-0.40466,-0.33394,-0.30453,-0.33732,-0.35742
-0.66302,-0.66323,-0.68732,-0.66760,-0.64151,-0.64862,-0.65979,-0.62703,-0.59488,-0.61361,-0.59319,-0.62528,-0.65045,-0.68324,-0.70727,-0.73198,-0.73104,-0.74530,-0.74209,-0.74657,-0.73198,-0.71292,-0.70133,-0.72026,-0.71612,-0.68787,-0.69169,-0.70946,-0.68677,-0.66021,-0.67501,-0.67979,-0.64387,-0.61430,-0.63176,-0.58003,-0.56527,-0.49589,-0.54618,-0.55414,-0.59720,-0.65788,-0.67895,-0.70616,-0.72956,-0.73675,-0.75166,-0.74515,-0.72775,-0.71360,-0.68580,-0.65427,-0.61699,-0.58372,-0.55961,-0.51258,-0.51196,-0.52263,-0.48596,-0.44902,-0.46340,-0.46096,-0.41111,-0.41817,-0.46567,-0.43295,-0.40925,-0.42022,-0.44520,-0.48833,-0.52641,-0.57717,-0.56536,-0.59616,-0.58511,-0.61909,-0.62846,-0.67163,-0.70116,-0.67706,-0.62838,-0.64471,-0.63586,-0.57320,-0.57553,-0.60555,-0.56953,-0.50858,-0.52115,-0.49303,-0.41665,-0.33063,-0.28704,-0.22478,-0.13342,-0.07603,-0.08657,0.01839,0.01105,0.05717,-0.09626,-0.18690,-0.19063,-0.19549,-0.16831,-0.23080,-0.31170,-0.40728,-0.43858,-0.49928,-0.51570,-0.54503,-0.56082,-0.61636,-0.59994,-0.54145,-0.58623,-0.64684,-0.61077,-0.60896,-0.66807,-0.67246,-0.71285,-0.72524,-0.66181,-0.69852,-0.76182,-0.74241,-0.73831,-0.73609,-0.71421,-0.68251,-0.64933,-0.62643,-0.57460,-0.54768,-0.48764,-0.44363,-0.40299,-0.36603,-0.31318,-0.30841,-0.22948,-0.23668,-0.18834,-0.17445,-0.12236,-0.11799,-0.07143,-0.05119,-0.10280,-0.07947,-0.11802,-0.16328,-0.13864,-0.16046,-0.21520,-0.23952,-0.29479,-0.31208,-0.28537,-0.31952,-0.30298,-0.30565,-0.35237,-0.33817,-0.42639,-0.46336,-0.52576,-0.51920,-0.49834,-0.52608,-0.57551,-0.58346,-0.60484,-0.58815,-0.60944,-0.58650,-0.56745,-0.56493,-0.56703,-0.59137,-0.56214,-0.59878,-0.58050,-0.58724,-0.53401,-0.46861,-0.39404,-0.36346,-0.29204,-0.24590,-0.18771,-0.13174,-0.18408,-0.17981,-0.29678,-0.36585,-0.43683,-0.42616,-0.42063,-0.40311,-0.36058,-0.35420,-0.30191,-0.33984,-0.40322,-0.41027,-0.41590,-0.47926,-0.53572,-0.58681,-0.62577,-0.66553,-0.68660,-0.71417,-0.73503,-0.73564,-0.74444,-0.72395,-0.70241,-0.66686,-0.61423,-0.55482,-0.54993,-0.58832,-0.60111
-0.48624,-0.48162,-0.49154,-0.45137,-0.41541,-0.41317,-0.41194,-0.36500,-0.32123,-0.32293,-0.29116,-0.32550,-0.36295,-0.41282,-0.44826,-0.49574,-0.48452,-0.51854,-0.52806,-0.52969,-0.48899,-0.45318,-0.43077,-0.47059,-0.47259,-0.41718,-0.42251,-0.46944,-0.43809,-0.38552,-0.42155,-0.45488,-0.39758,-0.34486,-0.38926,-0.34682,-0.37343,-0.31118,-0.35504,-0.41427,-0.46196,-0.51315,-0.51867,-0.51969,-0.55092,-0.53316,-0.56878,-0.53744,-0.48639,-0.45483,-0.40135,-0.35393,-0.30038,-0.25796,-0.23136,-0.16819,-0.16043,-0.17039,-0.12807,-0.08252,-0.09439,-0.09132,-0.03209,-0.03886,-0.09485,-0.05729,-0.03064,-0.04547,-0.07567,-0.12305,-0.17188,-0.23721,-0.22545,-0.27072,-0.25330,-0.31062,-0.32441,-0.40408,-0.46123,-0.42703,-0.33453,-0.35394,-0.35428,-0.25721,-0.24629,-0.29308,-0.25184,-0.16702,-0.17261,-0.13315,-0.04764,0.05033,0.09572,0.15489,0.24205,0.29387,0.29334,0.38983,0.38366,0.41571,0.27081,0.19218,0.17820,0.18239,0.21502,0.15674,0.07557,-0.02790,-0.06718,-0.14285,-0.17478,-0.21692,-0.25724,-0.32892,-0.33257,-0.23844,-0.27825,-0.38240,-0.34846,-0.31563,-0.40970,-0.44877,-0.53961,-0.62833,-0.61517,-0.65156,-0.65599,-0.62223,-0.58025,-0.53029,-0.46919,-0.40524,-0.34400,-0.30727,-0.23333,-0.19478,-0.12035,-0.06837,-0.02452,0.01538,0.06689,0.06860,0.14608,0.12579,0.16711,0.16115,0.21051,0.22988,0.28548,0.30802,0.26953,0.29439,0.26049,0.21925,0.23871,0.21959,0.16327,0.14325,0.09154,0.07230,0.09463,0.04808,0.05440,0.03189,-0.03904,-0.05439,-0.14615,-0.16177,-0.22755,-0.22518,-0.18235,-0.22040,-0.27583,-0.27301,-0.29026,-0.25986,-0.28704,-0.25681,-0.22745,-0.22106,-0.22803,-0.26686,-0.24207,-0.30038,-0.29211,-0.32907,-0.27378,-0.20911,-0.13140,-0.07078,-0.01138,0.04571,0.07535,0.14635,0.11466,0.11739,0.01369,-0.08682,-0.13360,-0.09352,-0.06785,-0.03367,0.02025,0.03109,0.08625,0.04496,-0.02666,-0.03381,-0.03724,-0.11088,-0.18157,-0.24931,-0.30400,-0.36710,-0.40695,-0.46535,-0.51650,-0.52631,-0.57901,-0.57063,-0.58659,-0.57280,-0.54111,-0.50710,-0.52676,-0.56469,-0.56461
-0.52708,-0.51950,-0.50779,-0.46299,-0.43273,-0.41930,-0.39989,-0.35441,-0.31134,-0.28470,-0.24642,-0.26557,-0.30384,-0.35273,-0.38204,-0.42949,-0.39811,-0.43409,-0.43731,-0.42607,-0.37636,-0.32156,-0.30102,-0.34772,-0.33527,-0.26455,-0.27633,-0.32441,-0.27331,-0.21214,-0.25469,-0.28168,-0.20459,-0.14419,-0.19363,-0.13268,-0.16071,-0.08164,-0.13643,-0.21694,-0.28739,-0.35638,-0.36357,-0.37789,-0.43319,-0.42339,-0.48401,-0.45566,-0.39340,-0.37062,-0.30754,-0.26562,-0.21196,-0.17625,-0.15990,-0.08457,-0.06006,-0.06063,-0.02374,0.02725,0.03149,0.03517,0.10573,0.11016,0.05211,0.09745,0.13751,0.13705,0.11505,0.05282,0.00634,-0.07084,-0.05013,-0.10219,-0.09904,-0.17167,-0.20772,-0.31849,-0.39903,-0.38580,-0.26799,-0.28279,-0.31072,-0.19737,-0.15982,-0.22301,-0.19505,-0.09284,-0.07610,-0.01634,0.06190,0.17934,0.21894,0.25957,0.35324,0.39300,0.41133,0.52527,0.54952,0.58255,0.44596,0.38361,0.39893,0.39312,0.40184,0.31965,0.23963,0.13348,0.11395,0.04206,0.02517,-0.01407,-0.04855,-0.14178,-0.13639,-0.03676,-0.10102,-0.22146,-0.17424,-0.15586,-0.28267,-0.32588,-0.43476,-0.53237,-0.53914,-0.60157,-0.59779,-0.54472,-0.50594,-0.44260,-0.37432,-0.28160,-0.21502,-0.16480,-0.08891,-0.04184,0.04376,0.10096,0.16267,0.20536,0.27054,0.28409,0.36819,0.36327,0.41043,0.41673,0.46445,0.46881,0.50884,0.50316,0.46139,0.46549,0.43812,0.40804,0.43462,0.40853,0.35593,0.34123,0.27810,0.26788,0.30657,0.27362,0.29266,0.28347,0.21628,0.20869,0.10544,0.07854,-0.00080,0.00524,0.04663,0.00402,-0.06628,-0.07539,-0.11255,-0.09391,-0.13791,-0.11907,-0.07829,-0.06032,-0.05093,-0.08633,-0.04022,-0.10657,-0.07962,-0.11211,-0.04786,0.03209,0.12346,0.18655,0.25438,0.31430,0.34333,0.41602,0.38163,0.38325,0.27369,0.16964,0.10978,0.14274,0.15508,0.17266,0.21354,0.20643,0.24728,0.18816,0.10095,0.09487,0.11103,0.03111,-0.05350,-0.12852,-0.18335,-0.25268,-0.30574,-0.36526,-0.42866,-0.42407,-0.48263,-0.45589,-0.47031,-0.44891,-0.40516,-0.35451,-0.38326,-0.45462,-0.45751
-0.44421,-0.43505,-0.42385,-0.36723,-0.32713,-0.31407,-0.29339,-0.23597,-0.18664,-0.16039,-0.11451,-0.14334,-0.19063,-0.25369,-0.29286,-0.35729,-0.32536,-0.37306,-0.39070,-0.37950,-0.31588,-0.25650,-0.22922,-0.28761,-0.28479,-0.20217,-0.21385,-0.28066,-0.23058,-0.15617,-0.21153,-0.25727,-0.17251,-0.10120,-0.16626,-0.11746,-0.17154,-0.09994,-0.14852,-0.25361,-0.32342,-0.37998,-0.37574,-0.36921,-0.42011,-0.39016,-0.45430,-0.40798,-0.32924,-0.29069,-0.21349,-0.15778,-0.09073,-0.04440,-0.01977,0.06390,0.08532,0.08218,0.12555,0.18052,0.17877,0.18325,0.25714,0.25571,0.19097,0.23738,0.27601,0.26615,0.23671,0.17547,0.12018,0.03533,0.05082,-0.01159,-0.00023,-0.08904,-0.12000,-0.24215,-0.32811,-0.30009,-0.16385,-0.18173,-0.20098,-0.06739,-0.03325,-0.10079,-0.05912,0.05529,0.06458,0.12370,0.21337,0.33605,0.37899,0.42580,0.52010,0.56130,0.57320,0.67740,0.68973,0.71930,0.58055,0.51955,0.51893,0.52107,0.54388,0.47091,0.38658,0.27199,0.23746,0.15120,0.11688,0.06855,0.01401,-0.08406,-0.09596,0.02274,-0.02979,-0.17504,-0.13659,-0.09252,-0.23213,-0.29868,-0.42664,-0.55170,-0.59392,-0.64341,-0.59722,-0.55357,-0.49467,-0.40219,-0.31333,-0.20866,-0.12297,-0.06712,0.02401,0.07959,0.17207,0.23479,0.29278,0.33842,0.40099,0.40725,0.48797,0.46963,0.51266,0.50258,0.54922,0.57081,0.62527,0.63809,0.60254,0.61699,0.58855,0.55246,0.57481,0.55157,0.49980,0.48074,0.41991,0.40191,0.43160,0.38357,0.39305,0.36417,0.27759,0.24976,0.14426,0.13374,0.05534,0.05843,0.11650,0.06801,-0.00257,0.00197,-0.02831,0.00491,-0.03744,-0.00680,0.04027,0.05341,0.05332,0.00276,0.03794,-0.04399,-0.02603,-0.07859,-0.01848,0.05768,0.14951,0.23330,0.29450,0.36327,0.37497,0.46152,0.43782,0.43909,0.33377,0.20671,0.16501,0.22171,0.25272,0.28661,0.34305,0.34746,0.39859,0.34329,0.25374,0.24828,0.25759,0.16985,0.07938,-0.00619,-0.07340,-0.15764,-0.22017,-0.30025,-0.37991,-0.38659,-0.46925,-0.45829,-0.49645,-0.49205,-0.46502,-0.42966,-0.46734,-0.53069,-0.52590
-0.23422,-0.22322,-0.20688,-0.14391,-0.10143,-0.08607,-0.06145,-0.00085,0.04867,0.07841,0.12628,0.09689,0.04763,-0.02054,-0.06404,-0.13750,-0.10449,-0.15957,-0.18702,-0.17633,-0.10388,-0.04343,-0.01197,-0.07622,-0.08136,0.00651,-0.00396,-0.08276,-0.03741,0.04384,-0.01854,-0.08033,0.00422,0.08036,0.00508,0.03456,-0.04530,0.00485,-0.02819,-0.15154,-0.21113,-0.24684,-0.23008,-0.20071,-0.24430,-0.19649,-0.26254,-0.20301,-0.11350,-0.06582,0.01799,0.07883,0.14933,0.19729,0.22277,0.30395,0.32450,0.32100,0.36281,0.41462,0.41213,0.41630,0.48366,0.48029,0.41967,0.46158,0.49447,0.48033,0.44952,0.39670,0.34121,0.25953,0.27022,0.20613,0.22288,0.12989,0.10430,-0.02155,-0.11100,-0.07597,0.06931,0.05131,0.03466,0.17221,0.20567,0.13962,0.18303,0.29536,0.30325,0.35852,0.44367,0.55464,0.59400,0.63460,0.71449,0.74432,0.75628,0.83651,0.84198,0.86121,0.74840,0.69813,0.68338,0.69296,0.72142,0.66814,0.59527,0.49223,0.45258,0.36653,0.32178,0.27035,0.20330,0.11149,0.08373,0.21024,0.17418,0.01847,0.04553,0.10963,-0.03145,-0.11538,-0.25788,-0.41854,-0.49375,-0.52571,-0.43551,-0.39676,-0.31859,-0.20312,-0.09941,0.00985,0.10391,0.16003,0.25392,0.30967,0.39753,0.45599,0.50378,0.54471,0.59500,0.59484,0.65830,0.63071,0.66013,0.63314,0.67082,0.70557,0.76104,0.78149,0.76026,0.77749,0.75603,0.72517,0.73854,0.72341,0.68012,0.66530,0.61803,0.59887,0.61700,0.56476,0.56231,0.51915,0.42663,0.37854,0.28793,0.29828,0.23141,0.22994,0.29671,0.24834,0.18668,0.20236,0.18327,0.22536,0.18880,0.22298,0.26921,0.28004,0.27294,0.21707,0.23844,0.15116,0.15679,0.08821,0.13830,0.19922,0.27688,0.37157,0.41277,0.47936,0.46458,0.55193,0.54707,0.54714,0.47029,0.33906,0.32533,0.39889,0.44331,0.48718,0.54693,0.55797,0.60655,0.56064,0.48125,0.47640,0.48246,0.40104,0.31539,0.23064,0.16125,0.07255,0.00674,-0.08452,-0.17382,-0.18877,-0.29196,-0.29696,-0.35975,-0.37544,-0.37076,-0.36196,-0.40988,-0.45671,-0.44208
-0.37750,-0.36728,-0.34831,-0.28878,-0.25038,-0.23388,-0.20655,-0.14888,-0.10157,-0.06694,-0.01865,-0.04380,-0.09115,-0.15528,-0.19396,-0.26142,-0.22410,-0.27453,-0.29462,-0.27956,-0.21127,-0.14744,-0.11917,-0.18108,-0.17715,-0.08961,-0.10234,-0.17274,-0.11973,-0.04122,-0.10036,-0.14974,-0.06066,0.01285,-0.05638,-0.00931,-0.07598,-0.00696,-0.05115,-0.16560,-0.23836,-0.29140,-0.28296,-0.27120,-0.32523,-0.29120,-0.36119,-0.31262,-0.22833,-0.18902,-0.10770,-0.05172,0.01558,0.06006,0.08265,0.16682,0.19221,0.19190,0.23286,0.28704,0.28904,0.29376,0.36738,0.36746,0.30439,0.35053,0.38983,0.38184,0.35444,0.29354,0.24013,0.15434,0.17005,0.10514,0.11416,0.01948,-0.01392,-0.14298,-0.23424,-0.21054,-0.06704,-0.08256,-0.10718,0.03057,0.07043,0.00060,0.03956,0.15654,0.16993,0.23127,0.31672,0.43840,0.47899,0.51655,0.60727,0.64063,0.65509,0.75335,0.77090,0.80198,0.68192,0.62448,0.62525,0.62713,0.64532,0.57247,0.49405,0.38381,0.35373,0.26981,0.23624,0.18853,0.13151,0.03089,0.01517,0.13569,0.08316,-0.06818,-0.03165,0.01570,-0.13058,-0.20395,-0.33968,-0.47476,-0.53531,-0.58380,-0.51812,-0.47462,-0.41167,-0.30786,-0.21291,-0.10085,-0.01194,0.04739,0.13765,0.19631,0.28901,0.35063,0.40894,0.45308,0.51399,0.52045,0.59557,0.57966,0.61880,0.60614,0.64783,0.67133,0.71859,0.72893,0.69752,0.70625,0.68320,0.65326,0.67345,0.65106,0.60477,0.58837,0.52985,0.51371,0.54272,0.49947,0.50804,0.47759,0.39105,0.35904,0.25638,0.25017,0.17305,0.17636,0.23635,0.18730,0.11645,0.12137,0.08979,0.12338,0.07792,0.10590,0.15825,0.17299,0.17505,0.12234,0.15738,0.07160,0.09070,0.03438,0.09235,0.16787,0.25750,0.34484,0.40010,0.46765,0.47053,0.55603,0.53824,0.53832,0.44268,0.31468,0.27981,0.34028,0.37276,0.40425,0.45729,0.45932,0.50492,0.44908,0.36062,0.35589,0.36887,0.28288,0.19185,0.10552,0.03842,-0.04824,-0.11469,-0.19759,-0.28278,-0.28879,-0.37934,-0.36999,-0.41623,-0.41734,-0.39415,-0.36250,-0.40484,-0.46552,-0.46249
-0.27700,-0.26723,-0.23445,-0.17566,-0.14537,-0.12378,-0.08655,-0.03569,0.00621,0.05496,0.10283,0.09105,0.04891,-0.00803,-0.03978,-0.10061,-0.05293,-0.09966,-0.11606,-0.09492,-0.02660,0.04148,0.06649,0.00519,0.01517,0.10287,0.08654,0.01969,0.07784,0.15203,0.09145,0.04677,0.13667,0.20643,0.13713,0.18037,0.11475,0.16220,0.12485,0.00610,-0.06877,-0.11347,-0.09697,-0.08569,-0.14287,-0.11092,-0.18907,-0.14181,-0.05618,-0.02433,0.05539,0.10123,0.16163,0.19626,0.21008,0.29039,0.32217,0.32936,0.36093,0.40984,0.42260,0.42836,0.49665,0.50243,0.44860,0.49326,0.53351,0.53448,0.51499,0.45377,0.40827,0.32655,0.34258,0.27990,0.27758,0.18381,0.13891,0.00361,-0.09045,-0.07983,0.06563,0.05580,0.01951,0.14905,0.20072,0.13342,0.15898,0.26888,0.29591,0.36052,0.42842,0.54133,0.57063,0.58906,0.66880,0.68492,0.71282,0.80535,0.83896,0.87431,0.77640,0.72392,0.73969,0.74084,0.74209,0.67271,0.61089,0.51961,0.50337,0.43187,0.40786,0.36731,0.31526,0.21622,0.19951,0.31151,0.25665,0.10938,0.14270,0.18076,0.03138,-0.04643,-0.18227,-0.33031,-0.40415,-0.44321,-0.35642,-0.31007,-0.24853,-0.14219,-0.04729,0.07134,0.15551,0.21720,0.29897,0.35607,0.44263,0.49934,0.55655,0.59562,0.65387,0.66266,0.72278,0.71311,0.74503,0.73494,0.76361,0.78172,0.81662,0.81317,0.78653,0.78264,0.76779,0.75098,0.77123,0.75236,0.71800,0.70826,0.65584,0.64620,0.67577,0.64156,0.65240,0.62838,0.55158,0.52069,0.43090,0.42793,0.35902,0.36328,0.41870,0.37421,0.30911,0.31004,0.27821,0.30697,0.25985,0.28231,0.33208,0.34563,0.35345,0.30539,0.34142,0.26013,0.28370,0.22966,0.27973,0.34691,0.42683,0.50928,0.55449,0.61355,0.60383,0.68305,0.67233,0.66903,0.59361,0.47882,0.45338,0.50881,0.53448,0.55638,0.59669,0.59037,0.61995,0.56371,0.48050,0.47881,0.50176,0.42453,0.33861,0.25855,0.19993,0.11889,0.05041,-0.02667,-0.11367,-0.11311,-0.20574,-0.19421,-0.24247,-0.25024,-0.23330,-0.20828,-0.25298,-0.32324,-0.30634
-0.12359,-0.11306,-0.07446,-0.01491,0.01304,0.03768,0.07816,0.12631,0.16610,0.21981,0.26566,0.25802,0.21736,0.16255,0.13193,0.07042,0.11801,0.06924,0.05073,0.07093,0.14165,0.20910,0.23525,0.17376,0.18103,0.26868,0.25390,0.18445,0.23942,0.31497,0.25478,0.20423,0.29144,0.36191,0.29137,0.32419,0.24735,0.28568,0.25709,0.13017,0.06459,0.03047,0.05121,0.07330,0.01824,0.05580,-0.02313,0.02685,0.11499,0.14787,0.22727,0.27175,0.32939,0.36072,0.37037,0.44550,0.47868,0.48647,0.51339,0.55772,0.57253,0.57724,0.63830,0.64588,0.59880,0.63839,0.67495,0.67641,0.65934,0.60539,0.56426,0.48906,0.50368,0.44512,0.44483,0.35489,0.31269,0.17864,0.08246,0.09228,0.23790,0.22875,0.18890,0.31467,0.36773,0.30059,0.32088,0.42569,0.45593,0.51861,0.57683,0.67730,0.70019,0.70812,0.76931,0.77613,0.80861,0.88158,0.91479,0.93650,0.86760,0.83614,0.84730,0.84860,0.84817,0.79084,0.74151,0.66454,0.65161,0.58693,0.56219,0.52279,0.46945,0.37795,0.35637,0.46713,0.42101,0.27660,0.30515,0.34952,0.20385,0.12050,-0.01810,-0.17978,-0.26965,-0.31042,-0.20804,-0.15714,-0.08705,0.02683,0.12531,0.24363,0.32731,0.38623,0.46394,0.51699,0.59582,0.64592,0.69675,0.72969,0.77807,0.78547,0.83361,0.82230,0.84494,0.82868,0.85041,0.87043,0.89926,0.89273,0.87620,0.86776,0.86037,0.85156,0.86591,0.84998,0.82694,0.82160,0.77953,0.77277,0.79716,0.76649,0.77168,0.74469,0.67174,0.63221,0.55676,0.56428,0.50406,0.50545,0.56060,0.51850,0.46028,0.46509,0.43791,0.46583,0.42158,0.44115,0.48933,0.50440,0.51101,0.46599,0.49690,0.41893,0.43525,0.37658,0.42041,0.47658,0.54435,0.62697,0.65786,0.71078,0.68597,0.75785,0.76076,0.75754,0.70419,0.59568,0.58592,0.64465,0.67323,0.69661,0.73212,0.72559,0.74772,0.69751,0.62415,0.62218,0.64570,0.57772,0.49889,0.42489,0.36890,0.29044,0.22290,0.14463,0.05670,0.05506,-0.04362,-0.03703,-0.09689,-0.11352,-0.10856,-0.10126,-0.15443,-0.21496,-0.19486
-0.09314,-0.08179,-0.03645,0.01676,0.03651,0.06556,0.10996,0.14858,0.18301,0.24449,0.28581,0.28687,0.25281,0.20710,0.18295,0.12980,0.18082,0.13729,0.12621,0.14847,0.21313,0.28009,0.30342,0.24714,0.26009,0.34350,0.32834,0.26707,0.32315,0.39405,0.33870,0.29520,0.38045,0.44570,0.38142,0.41860,0.34503,0.38255,0.35580,0.23891,0.17165,0.13485,0.15304,0.16757,0.10933,0.13936,0.05798,0.10091,0.18313,0.20691,0.27961,0.31571,0.36346,0.38606,0.38851,0.45763,0.49508,0.50652,0.52681,0.56678,0.58810,0.59233,0.64876,0.66093,0.62152,0.65860,0.69510,0.70335,0.69310,0.64131,0.60749,0.53796,0.55613,0.50342,0.49698,0.41431,0.36871,0.23915,0.14370,0.14023,0.27762,0.27191,0.22244,0.33702,0.39609,0.33114,0.34001,0.43554,0.47336,0.53743,0.58334,0.67669,0.69328,0.68652,0.73839,0.73676,0.77568,0.84517,0.88959,0.91309,0.86986,0.84269,0.86351,0.86103,0.84924,0.78819,0.74882,0.68436,0.68474,0.63272,0.61966,0.58603,0.54338,0.45455,0.43997,0.54050,0.48836,0.35538,0.38738,0.42022,0.27882,0.20551,0.07204,-0.09018,-0.16930,-0.21327,-0.11830,-0.06409,-0.00095,0.10549,0.19528,0.31042,0.38280,0.43980,0.50565,0.55424,0.62724,0.67165,0.72302,0.75134,0.79715,0.80766,0.85115,0.85057,0.87042,0.86093,0.87791,0.88929,0.90324,0.88551,0.87088,0.85161,0.84858,0.84870,0.86343,0.84825,0.82803,0.82914,0.78993,0.78962,0.81694,0.80144,0.81091,0.79377,0.73384,0.70310,0.63501,0.63737,0.57980,0.58210,0.62819,0.58991,0.53352,0.53125,0.50077,0.52016,0.47294,0.48253,0.53026,0.55009,0.56347,0.52623,0.56300,0.49225,0.51311,0.46398,0.50759,0.56268,0.62505,0.69660,0.72362,0.76864,0.74623,0.80601,0.80958,0.80548,0.76255,0.67061,0.65757,0.70443,0.72402,0.73445,0.75694,0.74122,0.75155,0.70042,0.63196,0.63034,0.66025,0.60049,0.52665,0.46042,0.41373,0.34439,0.28080,0.21355,0.13148,0.13595,0.04446,0.05774,0.00612,-0.00599,0.00539,0.01674,-0.03605,-0.09433,-0.08585
-0.05923,-0.04838,-0.01187,0.04486,0.07107,0.09546,0.13313,0.17774,0.21623,0.26604,0.30839,0.30077,0.26315,0.21103,0.18023,0.12070,0.16423,0.11600,0.09771,0.11490,0.18257,0.24504,0.27154,0.21260,0.21676,0.29983,0.28624,0.21782,0.26771,0.34016,0.28085,0.22783,0.30974,0.37705,0.30744,0.33346,0.25287,0.28041,0.25994,0.14069,0.07988,0.05322,0.07692,0.10395,0.05757,0.09834,0.02407,0.07601,0.16122,0.19436,0.26931,0.31309,0.36707,0.39664,0.40627,0.47563,0.50564,0.51214,0.53818,0.57873,0.59172,0.59584,0.65058,0.65651,0.61409,0.65011,0.68167,0.68125,0.66427,0.61671,0.57693,0.50809,0.52150,0.46698,0.46863,0.38567,0.34802,0.22313,0.13388,0.14505,0.28182,0.27276,0.23671,0.35336,0.40268,0.34238,0.36111,0.45515,0.48318,0.54029,0.59482,0.68525,0.70606,0.71306,0.76635,0.77054,0.80092,0.86536,0.89601,0.91520,0.85645,0.81961,0.82512,0.83144,0.83414,0.78507,0.74154,0.67266,0.65924,0.59873,0.57263,0.53371,0.48037,0.39632,0.37133,0.47898,0.44069,0.30220,0.32598,0.37469,0.23983,0.15853,0.02048,-0.15720,-0.23847,-0.26055,-0.15351,-0.10984,-0.03671,0.07493,0.17130,0.28126,0.35984,0.41458,0.48765,0.53601,0.60881,0.65449,0.69849,0.72815,0.76940,0.77282,0.81470,0.80187,0.81837,0.79761,0.81704,0.84084,0.86796,0.86555,0.85371,0.84817,0.84098,0.83348,0.84425,0.83329,0.80973,0.80711,0.77236,0.76573,0.78419,0.75577,0.75685,0.72707,0.65711,0.61477,0.54828,0.56084,0.50784,0.50720,0.56131,0.52179,0.47161,0.47812,0.45779,0.48882,0.45007,0.46950,0.51148,0.52532,0.52824,0.48453,0.50996,0.43637,0.44535,0.38565,0.42576,0.47408,0.53246,0.61151,0.63399,0.68233,0.65431,0.72041,0.72864,0.72463,0.68448,0.58361,0.58150,0.64070,0.67316,0.69630,0.73046,0.72627,0.74701,0.70302,0.63734,0.63625,0.65638,0.59468,0.52236,0.45335,0.40153,0.32786,0.26558,0.19042,0.10420,0.09915,-0.00037,-0.00088,-0.06185,-0.08282,-0.08314,-0.08340,-0.13487,-0.18258,-0.16295
0.09006,0.10093,0.13282,0.19424,0.22668,0.24789,0.28184,0.33225,0.37297,0.41575,0.45844,0.44420,0.40257,0.34391,0.30721,0.23913,0.27588,0.22145,0.19132,0.20418,0.27828,0.33630,0.36656,0.30440,0.29710,0.38074,0.37072,0.29242,0.33305,0.40922,0.34762,0.28082,0.35658,0.42742,0.35191,0.35851,0.26420,0.27790,0.26771,0.13346,0.08912,0.08104,0.11206,0.16058,0.12437,0.17994,0.11309,0.17482,0.26595,0.31053,0.38985,0.44069,0.50050,0.53595,0.54977,0.61674,0.64070,0.64277,0.67061,0.70936,0.71529,0.71842,0.76723,0.76822,0.72622,0.75704,0.78163,0.77258,0.75072,0.71261,0.67010,0.60584,0.61278,0.55835,0.57099,0.48771,0.46155,0.34062,0.25363,0.28024,0.41955,0.40715,0.38224,0.50195,0.54160,0.48279,0.50951,0.60297,0.62234,0.67124,0.72771,0.80777,0.82895,0.84221,0.88374,0.88785,0.91277,0.95498,0.96874,0.96929,0.91279,0.89513,0.88141,0.89338,0.90986,0.88328,0.84357,0.77910,0.75277,0.68719,0.64592,0.60256,0.53639,0.46272,0.42381,0.53752,0.52000,0.37704,0.38938,0.45965,0.33194,0.23813,0.09563,-0.08888,-0.19833,-0.21324,-0.08244,-0.04342,0.04599,0.16967,0.27551,0.38203,0.46969,0.52037,0.59948,0.64564,0.71279,0.75521,0.78790,0.81458,0.84441,0.84146,0.87196,0.84442,0.85225,0.81622,0.83300,0.86995,0.90671,0.91682,0.91627,0.92116,0.91660,0.90652,0.90875,0.90183,0.88633,0.88240,0.85856,0.84734,0.85396,0.81257,0.80098,0.75549,0.67720,0.61567,0.56048,0.59149,0.54840,0.54289,0.60578,0.56638,0.52476,0.54453,0.53622,0.57692,0.54828,0.57555,0.61281,0.62233,0.61469,0.56642,0.57587,0.50036,0.49370,0.41963,0.45054,0.48440,0.53154,0.62041,0.62932,0.67837,0.63161,0.70049,0.72414,0.72188,0.69753,0.58836,0.60880,0.68422,0.73123,0.77122,0.81532,0.82284,0.84943,0.81664,0.76084,0.75891,0.76950,0.71154,0.64509,0.57711,0.51996,0.44169,0.37892,0.29270,0.20326,0.18698,0.07627,0.06000,-0.02166,-0.05874,-0.08209,-0.10957,-0.16825,-0.20163,-0.16762
0.20962,0.22134,0.26220,0.31747,0.34094,0.36688,0.40574,0.44569,0.47928,0.53198,0.56858,0.56500,0.53035,0.48240,0.45287,0.39374,0.43297,0.38374,0.35890,0.37343,0.44220,0.49814,0.52550,0.46928,0.46574,0.54340,0.53450,0.46409,0.50238,0.57324,0.51845,0.45647,0.52644,0.59126,0.52281,0.52625,0.43112,0.44030,0.43717,0.30767,0.26981,0.26602,0.29600,0.34347,0.30485,0.35500,0.28782,0.34271,0.42754,0.46367,0.53517,0.57621,0.62457,0.64979,0.65425,0.71145,0.73965,0.74527,0.76314,0.79449,0.80726,0.80916,0.84861,0.85504,0.82443,0.84905,0.87126,0.86913,0.85546,0.82450,0.79277,0.73911,0.74789,0.70239,0.71058,0.63768,0.61051,0.49689,0.41082,0.42473,0.55390,0.54487,0.50908,0.61474,0.66009,0.60341,0.61594,0.69779,0.72572,0.77347,0.81077,0.87503,0.88555,0.87815,0.89793,0.88870,0.92146,0.94565,0.96800,0.95852,0.94705,0.95377,0.94660,0.95323,0.95746,0.93636,0.91428,0.87099,0.85898,0.81043,0.78005,0.74391,0.68819,0.62362,0.58930,0.68973,0.67275,0.54576,0.55822,0.61920,0.50041,0.41409,0.28015,0.09983,-0.01321,-0.03718,0.09345,0.13803,0.22332,0.34208,0.43967,0.54118,0.61733,0.66322,0.72788,0.76672,0.82182,0.85396,0.88286,0.90109,0.92200,0.92194,0.94004,0.92081,0.92115,0.88897,0.89595,0.92492,0.94373,0.94074,0.94810,0.94007,0.94496,0.94793,0.94733,0.94197,0.93884,0.94240,0.92780,0.92453,0.93107,0.90477,0.89419,0.85646,0.79405,0.73588,0.69749,0.72978,0.69559,0.68935,0.74278,0.70929,0.67371,0.68997,0.68058,0.71121,0.68195,0.69831,0.73433,0.74862,0.74718,0.70902,0.71993,0.65496,0.64831,0.58172,0.60712,0.63224,0.66631,0.74374,0.73997,0.77772,0.72430,0.77629,0.80897,0.80734,0.80497,0.71593,0.74306,0.80812,0.84719,0.87648,0.90514,0.90437,0.91515,0.88604,0.84181,0.83972,0.85641,0.81301,0.75668,0.70086,0.65431,0.58717,0.52919,0.45379,0.37215,0.36071,0.25643,0.24474,0.16404,0.12655,0.10047,0.06523,0.00160,-0.02691,-0.00193
0.32104,0.33256,0.37330,0.42150,0.43881,0.46484,0.50170,0.53293,0.56020,0.61115,0.64084,0.64168,0.61458,0.57530,0.54933,0.49768,0.53225,0.48734,0.46487,0.47678,0.53807,0.58627,0.61134,0.56241,0.55734,0.62495,0.61815,0.55453,0.58499,0.64794,0.59941,0.53887,0.59828,0.65530,0.59331,0.58668,0.49243,0.48768,0.49562,0.37866,0.35202,0.35853,0.38980,0.44046,0.41051,0.46013,0.40011,0.45219,0.52864,0.56074,0.62254,0.65686,0.69614,0.71441,0.71450,0.75977,0.78578,0.79143,0.80350,0.82713,0.84039,0.84132,0.86948,0.87644,0.85598,0.87317,0.88863,0.88721,0.87756,0.85699,0.83221,0.79100,0.79832,0.76242,0.77110,0.71153,0.69058,0.59315,0.51630,0.52583,0.63854,0.63116,0.59586,0.68369,0.72556,0.67790,0.68321,0.74817,0.77582,0.81591,0.84057,0.88523,0.88923,0.87359,0.87590,0.85839,0.89188,0.89917,0.92061,0.90486,0.92026,0.93282,0.92206,0.93038,0.93228,0.92434,0.91584,0.89102,0.88406,0.84818,0.82135,0.78960,0.73992,0.68956,0.65431,0.74318,0.73487,0.62484,0.63208,0.69201,0.59200,0.51414,0.38995,0.20717,0.10065,0.09042,0.22081,0.25885,0.34206,0.45283,0.54122,0.62881,0.69332,0.73092,0.78363,0.81287,0.85522,0.87783,0.89715,0.90776,0.91716,0.91520,0.92031,0.90281,0.89376,0.85954,0.85985,0.88845,0.89752,0.89134,0.90732,0.89802,0.90759,0.91676,0.91059,0.91110,0.91467,0.92356,0.92081,0.92072,0.92129,0.90293,0.88828,0.85183,0.80035,0.74192,0.72117,0.75868,0.73691,0.72841,0.77483,0.74765,0.72380,0.73999,0.73799,0.76667,0.74357,0.75577,0.78387,0.79788,0.79476,0.76402,0.76909,0.71518,0.70098,0.63847,0.65591,0.66811,0.68632,0.75341,0.73625,0.76424,0.70500,0.74282,0.78368,0.78158,0.80149,0.73024,0.76821,0.82759,0.86693,0.89176,0.91259,0.91138,0.91395,0.89377,0.86389,0.86224,0.87740,0.84791,0.80427,0.76031,0.72349,0.66779,0.61919,0.55311,0.47948,0.46714,0.36865,0.35229,0.27293,0.23152,0.19871,0.15237,0.09151,0.07955,0.10151
0.40041,0.41138,0.43638,0.49192,0.52196,0.53993,0.56558,0.60890,0.64316,0.67377,0.70612,0.68969,0.65510,0.60282,0.56541,0.50045,0.52287,0.47020,0.43290,0.43652,0.50440,0.54447,0.57552,0.52151,0.49942,0.56728,0.56452,0.48648,0.50393,0.57207,0.51818,0.43977,0.49183,0.55427,0.48371,0.45587,0.34734,0.32806,0.34520,0.21896,0.20843,0.23418,0.27371,0.34840,0.33564,0.40501,0.35804,0.42584,0.50843,0.55800,0.62593,0.67431,0.72547,0.75705,0.77019,0.81568,0.82855,0.82530,0.84662,0.87139,0.86965,0.87006,0.89500,0.89131,0.86532,0.87954,0.88642,0.86918,0.84778,0.83602,0.80166,0.76124,0.75912,0.71949,0.74478,0.68250,0.67896,0.58928,0.52085,0.55711,0.67110,0.65745,0.64573,0.74120,0.76395,0.72093,0.74566,0.81194,0.81992,0.84791,0.88820,0.92686,0.93878,0.94435,0.94661,0.93973,0.95756,0.94993,0.94230,0.91487,0.90885,0.91833,0.87704,0.89762,0.92692,0.94207,0.92677,0.89468,0.86180,0.81062,0.76013,0.71916,0.64976,0.60909,0.55604,0.65734,0.67355,0.55311,0.54611,0.63470,0.54506,0.45167,0.32263,0.12717,0.00481,0.01676,0.16919,0.19291,0.29499,0.41725,0.51800,0.59788,0.67574,0.70946,0.77520,0.80497,0.84637,0.87072,0.87676,0.88900,0.88914,0.87513,0.87573,0.83601,0.82128,0.76638,0.76951,0.81855,0.85131,0.87341,0.89635,0.90891,0.91410,0.91082,0.89657,0.90304,0.90520,0.90667,0.91232,0.90095,0.88577,0.84365,0.81349,0.75381,0.68375,0.60329,0.58613,0.64318,0.62921,0.61559,0.67611,0.64666,0.63139,0.66562,0.68203,0.72917,0.71984,0.74853,0.77073,0.77477,0.75312,0.71118,0.69486,0.63461,0.59989,0.51824,0.52815,0.52793,0.53952,0.62211,0.59699,0.63127,0.55931,0.60843,0.65808,0.65739,0.68239,0.59284,0.65167,0.73457,0.79595,0.84671,0.88904,0.90859,0.92982,0.92285,0.89909,0.89678,0.89415,0.86127,0.82055,0.77245,0.72459,0.66006,0.61185,0.52888,0.45060,0.42164,0.30833,0.26931,0.17038,0.11236,0.05861,-0.01155,-0.07409,-0.06360,-0.02634
0.45088,0.46216,0.48963,0.54354,0.57171,0.59042,0.61709,0.65743,0.68886,0.72195,0.75242,0.73930,0.70680,0.65727,0.62189,0.55903,0.58136,0.52953,0.49223,0.49604,0.56313,0.60240,0.63239,0.58003,0.55789,0.62407,0.62170,0.54469,0.56097,0.62736,0.57458,0.49678,0.54691,0.60711,0.53806,0.50603,0.39616,0.37215,0.39316,0.26730,0.26057,0.29010,0.33066,0.40714,0.39549,0.46541,0.41851,0.48614,0.56761,0.61552,0.68122,0.72758,0.77504,0.80363,0.81430,0.85638,0.86982,0.86724,0.88557,0.90767,0.90715,0.90745,0.92876,0.92583,0.90347,0.91511,0.92083,0.90505,0.88589,0.87717,0.84591,0.80929,0.80692,0.76985,0.79432,0.73506,0.73152,0.64421,0.57751,0.61189,0.72281,0.71003,0.69665,0.78744,0.81104,0.76953,0.79097,0.85286,0.86279,0.88906,0.92339,0.95559,0.96368,0.96450,0.96060,0.94872,0.96701,0.95083,0.94489,0.90914,0.91589,0.93704,0.89706,0.91753,0.94428,0.96376,0.95425,0.92965,0.89947,0.85328,0.80449,0.76631,0.69836,0.66168,0.60805,0.70537,0.72437,0.60884,0.60016,0.68782,0.60169,0.50883,0.38201,0.18540,0.06062,0.07275,0.22797,0.25266,0.35460,0.47713,0.57620,0.65460,0.72976,0.76183,0.82272,0.85050,0.88751,0.90825,0.91164,0.92082,0.91731,0.90330,0.89813,0.85984,0.84126,0.78492,0.78501,0.83248,0.86144,0.88098,0.90776,0.91815,0.92646,0.92744,0.91163,0.91995,0.92649,0.92933,0.93893,0.92917,0.91241,0.87365,0.84261,0.78401,0.71808,0.63708,0.62635,0.68602,0.67614,0.66190,0.72078,0.69336,0.68139,0.71643,0.73329,0.77730,0.76952,0.79491,0.81571,0.82099,0.80045,0.76148,0.74381,0.68618,0.65074,0.56952,0.57615,0.57154,0.57799,0.65777,0.62726,0.65777,0.58122,0.62562,0.67916,0.67797,0.71243,0.62899,0.69226,0.77369,0.83331,0.88258,0.92088,0.93946,0.95627,0.95177,0.93254,0.93066,0.92904,0.90100,0.86437,0.82014,0.77570,0.71468,0.66819,0.58799,0.51012,0.48118,0.36871,0.32898,0.22846,0.16886,0.11124,0.03791,-0.02570,-0.01488,0.02162
0.57252,0.58353,0.61916,0.66137,0.67663,0.69902,0.72875,0.75326,0.77397,0.81400,0.83467,0.83575,0.81450,0.78164,0.75758,0.71024,0.73261,0.69030,0.66207,0.66616,0.72200,0.75519,0.77933,0.73822,0.72166,0.77481,0.77355,0.71181,0.72392,0.77725,0.73570,0.66945,0.70770,0.75528,0.69991,0.66372,0.56178,0.52705,0.55824,0.44878,0.45201,0.48735,0.52539,0.59593,0.58588,0.64514,0.60228,0.65744,0.72519,0.75999,0.81056,0.84169,0.87166,0.88544,0.88414,0.90998,0.92657,0.92813,0.93332,0.94425,0.95175,0.95070,0.95799,0.96121,0.95488,0.95791,0.95912,0.95224,0.94411,0.94506,0.92895,0.90918,0.90812,0.88519,0.90258,0.86152,0.85677,0.78667,0.72846,0.74625,0.83461,0.82708,0.80378,0.86782,0.89562,0.86271,0.86541,0.90566,0.92477,0.94653,0.95475,0.96335,0.95785,0.93541,0.90534,0.87805,0.90411,0.86657,0.86972,0.82848,0.88552,0.92683,0.89676,0.91264,0.92360,0.95093,0.96451,0.96907,0.95755,0.93510,0.90170,0.87546,0.82430,0.80299,0.75702,0.83026,0.85158,0.76479,0.75446,0.82570,0.75890,0.68153,0.57286,0.38726,0.27160,0.28108,0.42695,0.45514,0.54561,0.65289,0.73481,0.80000,0.85487,0.87840,0.91722,0.93284,0.95179,0.95825,0.95499,0.95280,0.93802,0.92719,0.90525,0.87844,0.85038,0.80140,0.78831,0.82398,0.83143,0.83567,0.87090,0.86672,0.88490,0.90111,0.88234,0.89472,0.91383,0.92621,0.94789,0.94782,0.93038,0.91152,0.88293,0.83714,0.79540,0.72349,0.73527,0.79348,0.79695,0.78249,0.82563,0.80795,0.80702,0.83532,0.85267,0.88342,0.87776,0.88967,0.90441,0.91313,0.90010,0.87572,0.85875,0.81805,0.78448,0.71731,0.71538,0.69837,0.68672,0.74656,0.70139,0.71541,0.63561,0.65688,0.71729,0.71555,0.77759,0.72568,0.79468,0.85817,0.90465,0.93842,0.95569,0.96406,0.96082,0.96255,0.96007,0.95886,0.96374,0.95588,0.93570,0.91034,0.88280,0.84036,0.80432,0.74363,0.67951,0.65820,0.56120,0.52721,0.43481,0.37723,0.31852,0.23928,0.17612,0.19292,0.22329
0.72651,0.73646,0.76202,0.79636,0.81031,0.82692,0.84651,0.86513,0.88086,0.90543,0.91731,0.91625,0.90051,0.87388,0.85075,0.80949,0.81822,0.78002,0.74857,0.74491,0.79206,0.80929,0.83202,0.79971,0.77331,0.81066,0.81424,0.75766,0.75292,0.79485,0.76155,0.69329,0.71130,0.74851,0.70066,0.64296,0.54173,0.48566,0.53268,0.43811,0.46444,0.52108,0.56289,0.64647,0.65625,0.72074,0.69639,0.75171,0.80799,0.84430,0.88235,0.91015,0.93264,0.94385,0.94309,0.95176,0.95810,0.95494,0.95606,0.95688,0.95710,0.95441,0.94469,0.94329,0.94775,0.93982,0.92802,0.91502,0.90645,0.92493,0.91489,0.91322,0.90543,0.89439,0.91961,0.89708,0.90854,0.86710,0.82840,0.85480,0.91692,0.90820,0.89978,0.94031,0.95162,0.93450,0.93724,0.95397,0.96244,0.96698,0.96514,0.94490,0.93460,0.91302,0.86102,0.83051,0.84853,0.78072,0.76595,0.71218,0.79085,0.83968,0.79215,0.81529,0.83557,0.89090,0.91880,0.94363,0.92626,0.91362,0.87468,0.85237,0.80211,0.80583,0.75313,0.81150,0.85671,0.79310,0.76909,0.84777,0.81371,0.74199,0.65058,0.46862,0.35924,0.39159,0.53872,0.55448,0.64703,0.74298,0.81530,0.85571,0.89964,0.90873,0.93618,0.93946,0.93917,0.93326,0.91112,0.89969,0.86656,0.84742,0.80740,0.77212,0.73155,0.67300,0.65228,0.69478,0.70355,0.71909,0.76623,0.76980,0.79117,0.80928,0.78049,0.80184,0.82850,0.84321,0.88293,0.88155,0.84947,0.82849,0.78888,0.73679,0.70287,0.62349,0.65971,0.73163,0.75523,0.73613,0.77495,0.76537,0.78444,0.82106,0.85520,0.88930,0.89951,0.91398,0.91503,0.91674,0.89362,0.87416,0.83917,0.81212,0.76245,0.69461,0.67854,0.63826,0.60321,0.65437,0.59042,0.59354,0.50332,0.51193,0.58419,0.58310,0.67193,0.63698,0.72660,0.79079,0.84329,0.88446,0.90100,0.91867,0.91420,0.93438,0.95360,0.95291,0.94683,0.95575,0.95533,0.94529,0.92586,0.89617,0.87394,0.82037,0.76825,0.73847,0.64833,0.59955,0.50259,0.43452,0.35838,0.25651,0.19680,0.23810,0.27534
0.69999,0.70984,0.72799,0.77137,0.79570,0.80807,0.82388,0.85479,0.87724,0.89387,0.91234,0.89888,0.87456,0.83529,0.80330,0.74931,0.75468,0.70865,0.66635,0.66084,0.71670,0.73519,0.76274,0.72262,0.68828,0.73288,0.73708,0.66782,0.66137,0.71215,0.67097,0.59070,0.61346,0.65880,0.60069,0.53791,0.42519,0.37043,0.41619,0.30841,0.33398,0.39460,0.44120,0.53617,0.54992,0.62671,0.60414,0.67069,0.73668,0.78601,0.83447,0.87441,0.90952,0.93244,0.94172,0.95907,0.96007,0.95269,0.96288,0.96910,0.96104,0.95907,0.95530,0.94740,0.94230,0.93718,0.92500,0.90256,0.88555,0.90218,0.88182,0.87184,0.85966,0.83956,0.87305,0.83844,0.85544,0.80659,0.76607,0.80877,0.88366,0.87144,0.87506,0.93243,0.93666,0.91599,0.93448,0.96352,0.96147,0.96447,0.97893,0.96864,0.96616,0.96146,0.92148,0.90081,0.90856,0.84331,0.81634,0.75967,0.81147,0.85533,0.79448,0.82301,0.85888,0.91755,0.93254,0.94126,0.90709,0.87801,0.82352,0.79256,0.72695,0.72535,0.66195,0.73519,0.78829,0.70634,0.67711,0.77457,0.73323,0.64736,0.54627,0.36014,0.23216,0.27211,0.43593,0.44314,0.54668,0.65643,0.74167,0.78757,0.84744,0.86041,0.90326,0.91376,0.92174,0.92334,0.90018,0.89482,0.86396,0.84001,0.80541,0.75773,0.71965,0.65073,0.63608,0.69128,0.71833,0.74983,0.79564,0.81311,0.82870,0.83575,0.80609,0.82666,0.84972,0.85626,0.89258,0.88258,0.84570,0.80776,0.76178,0.69544,0.64332,0.55188,0.57864,0.65836,0.67816,0.65756,0.70989,0.69441,0.71007,0.75661,0.79472,0.84097,0.85378,0.87995,0.88354,0.88089,0.84903,0.81757,0.77538,0.73700,0.68103,0.59935,0.58329,0.54533,0.51711,0.58395,0.52334,0.53702,0.44212,0.46655,0.53956,0.53926,0.61694,0.56004,0.65474,0.73642,0.80264,0.85924,0.89293,0.92195,0.93273,0.95416,0.96724,0.96606,0.95166,0.94962,0.94235,0.92124,0.88947,0.84667,0.81797,0.74840,0.68729,0.64829,0.54517,0.48607,0.37691,0.30135,0.21730,0.11071,0.05022,0.09440,0.13799
0.70708,0.71695,0.74251,0.78232,0.80023,0.81593,0.83707,0.86176,0.87975,0.90525,0.92172,0.91669,0.89667,0.86401,0.83791,0.79007,0.80041,0.75830,0.72167,0.71935,0.77207,0.79251,0.81722,0.78002,0.75185,0.79482,0.79787,0.73495,0.73213,0.77961,0.74167,0.66852,0.69181,0.73375,0.68011,0.62237,0.51497,0.46108,0.50578,0.40178,0.42436,0.48115,0.52545,0.61296,0.62080,0.69020,0.66325,0.72332,0.78615,0.82798,0.87275,0.90568,0.93414,0.95006,0.95303,0.96790,0.97388,0.97036,0.97493,0.97872,0.97722,0.97519,0.97003,0.96686,0.96645,0.96082,0.95084,0.93525,0.92400,0.93951,0.92506,0.91746,0.90800,0.89108,0.91790,0.88634,0.89680,0.84673,0.80436,0.83562,0.90800,0.89915,0.89276,0.94413,0.95588,0.93447,0.94349,0.96921,0.97563,0.98202,0.98666,0.97435,0.96658,0.95053,0.90585,0.87796,0.89268,0.82779,0.81217,0.75593,0.82249,0.87459,0.82522,0.84853,0.87282,0.92660,0.94812,0.96496,0.94223,0.92235,0.87791,0.85183,0.79474,0.79277,0.73556,0.80110,0.84723,0.77233,0.74658,0.83258,0.78993,0.70982,0.61324,0.43371,0.30823,0.33864,0.49682,0.51049,0.60715,0.71208,0.79152,0.83893,0.89221,0.90546,0.94061,0.94929,0.95444,0.95292,0.93261,0.92493,0.89479,0.87517,0.83765,0.79897,0.76013,0.69820,0.67969,0.72641,0.74192,0.76170,0.80734,0.81419,0.83408,0.84838,0.82068,0.83974,0.86843,0.87842,0.91451,0.90975,0.87750,0.85036,0.80942,0.75221,0.70994,0.62579,0.65581,0.73021,0.75011,0.73129,0.77686,0.76403,0.77867,0.81938,0.85200,0.88960,0.89852,0.91688,0.92137,0.92250,0.89795,0.87264,0.83673,0.80274,0.75339,0.67942,0.66375,0.62704,0.59733,0.65670,0.59569,0.60429,0.51038,0.52786,0.60011,0.59900,0.68143,0.63513,0.72565,0.79773,0.85494,0.90120,0.92415,0.94482,0.94573,0.96410,0.97844,0.97763,0.97041,0.97299,0.96770,0.95111,0.92552,0.88816,0.86013,0.79824,0.74052,0.70826,0.61139,0.56028,0.45732,0.38615,0.30735,0.20596,0.14519,0.18322,0.22251
0.83162,0.83992,0.86372,0.88907,0.89648,0.91058,0.92694,0.93619,0.94293,0.96329,0.96745,0.97105,0.96328,0.94691,0.93032,0.89882,0.90130,0.87029,0.84022,0.83416,0.87118,0.87777,0.89619,0.87360,0.84528,0.86837,0.87454,0.82799,0.81322,0.84303,0.81890,0.75629,0.75926,0.78471,0.74709,0.67791,0.58232,0.51204,0.56916,0.49065,0.53111,0.60052,0.64309,0.72878,0.74845,0.81010,0.79746,0.84641,0.89026,0.92173,0.94713,0.96617,0.97736,0.98087,0.97613,0.97002,0.97209,0.96917,0.96270,0.95307,0.95284,0.94937,0.92583,0.92431,0.94050,0.92349,0.90395,0.89169,0.88825,0.91883,0.91802,0.93183,0.92022,0.92006,0.94483,0.93773,0.95546,0.93450,0.91136,0.93443,0.97429,0.96870,0.96408,0.98205,0.98693,0.98116,0.97747,0.97448,0.98060,0.97374,0.95565,0.91246,0.89359,0.86471,0.79494,0.75611,0.77096,0.68072,0.66339,0.59822,0.70124,0.76763,0.71901,0.74232,0.76008,0.83120,0.87422,0.92056,0.90800,0.91043,0.87579,0.86117,0.81885,0.84096,0.78823,0.82626,0.88420,0.84509,0.81213,0.88657,0.87748,0.81489,0.74556,0.58439,0.47643,0.51695,0.66068,0.66883,0.75365,0.83586,0.89434,0.91668,0.94750,0.94644,0.95856,0.95185,0.93438,0.91672,0.88268,0.86301,0.81705,0.79595,0.73960,0.70607,0.65599,0.59679,0.56725,0.60747,0.60768,0.62161,0.67683,0.67859,0.70592,0.73071,0.69697,0.72250,0.76228,0.77931,0.83118,0.83239,0.79339,0.77970,0.73649,0.68733,0.66757,0.59010,0.64681,0.72357,0.76236,0.74193,0.77253,0.77143,0.80389,0.84202,0.88296,0.91149,0.93060,0.93992,0.93142,0.93125,0.90711,0.89636,0.85308,0.83972,0.78483,0.72385,0.69593,0.64034,0.58733,0.62509,0.54830,0.53910,0.44253,0.43647,0.51533,0.51419,0.62539,0.61205,0.71246,0.76919,0.81824,0.85542,0.86290,0.88104,0.86799,0.89950,0.93592,0.93609,0.92756,0.95256,0.96919,0.97426,0.96612,0.95043,0.93856,0.89703,0.85813,0.82785,0.75026,0.69730,0.60357,0.53203,0.44733,0.33554,0.28154,0.33564,0.37281
0.86355,0.87127,0.88251,0.91035,0.92552,0.93320,0.94008,0.95596,0.96613,0.97076,0.97517,0.96701,0.95534,0.93218,0.90844,0.87046,0.86271,0.82801,0.78870,0.77672,0.81521,0.81428,0.83580,0.81203,0.77265,0.79295,0.80218,0.74891,0.72411,0.75489,0.72899,0.65665,0.65306,0.67929,0.63827,0.55638,0.45406,0.37596,0.43857,0.36011,0.41083,0.49206,0.53890,0.63807,0.67114,0.74418,0.74309,0.80032,0.84480,0.88676,0.91351,0.94067,0.95816,0.97005,0.97422,0.96651,0.95869,0.94941,0.94922,0.93945,0.92822,0.92440,0.89793,0.88847,0.90163,0.88186,0.85563,0.83242,0.82159,0.85899,0.85252,0.86838,0.85030,0.84904,0.88447,0.87788,0.90890,0.89804,0.88401,0.92432,0.95947,0.94995,0.96322,0.98238,0.97252,0.97225,0.98170,0.97655,0.96786,0.95114,0.94273,0.89387,0.87982,0.86623,0.79683,0.76616,0.76787,0.66810,0.63156,0.56163,0.65081,0.71162,0.64293,0.67438,0.71008,0.79568,0.83442,0.87613,0.84660,0.84024,0.79076,0.77087,0.71746,0.74749,0.68411,0.72695,0.80132,0.75980,0.71718,0.80927,0.81173,0.74302,0.67550,0.51350,0.40000,0.45965,0.61310,0.60609,0.69922,0.78476,0.84695,0.85969,0.89631,0.89085,0.90938,0.90230,0.88272,0.86550,0.82196,0.80294,0.75053,0.72150,0.66268,0.61564,0.56248,0.49113,0.46411,0.51764,0.53336,0.56626,0.62478,0.64306,0.66604,0.68160,0.64284,0.67263,0.70918,0.72102,0.77813,0.77151,0.72193,0.69386,0.64098,0.57772,0.54754,0.45853,0.51798,0.60572,0.65049,0.62682,0.66494,0.66324,0.70217,0.75092,0.80351,0.84411,0.87287,0.89316,0.87987,0.87258,0.83622,0.81848,0.76157,0.74615,0.67830,0.60735,0.57379,0.51009,0.45208,0.49706,0.41542,0.41019,0.30904,0.30898,0.39179,0.39187,0.50407,0.48161,0.59362,0.66335,0.72602,0.77846,0.79992,0.83206,0.83166,0.87262,0.91414,0.91404,0.89287,0.91668,0.93686,0.94048,0.92647,0.90717,0.89793,0.84817,0.80920,0.76788,0.68451,0.61681,0.51384,0.43330,0.33635,0.21218,0.16078,0.23040,0.27379
0.81803,0.82633,0.83883,0.87347,0.89320,0.90158,0.91102,0.93389,0.94867,0.95609,0.96606,0.95423,0.93711,0.90675,0.87900,0.83389,0.82947,0.78972,0.74685,0.73670,0.78229,0.78728,0.81173,0.78142,0.74181,0.77086,0.77879,0.71798,0.69824,0.73674,0.70450,0.62703,0.63238,0.66561,0.61706,0.53901,0.43018,0.35847,0.41673,0.32669,0.36933,0.44623,0.49476,0.59581,0.62392,0.70104,0.69395,0.75660,0.80954,0.85642,0.89188,0.92506,0.95018,0.96741,0.97482,0.97621,0.96992,0.96083,0.96526,0.96074,0.94899,0.94584,0.92690,0.91671,0.92291,0.90790,0.88558,0.86078,0.84659,0.87781,0.86544,0.87228,0.85479,0.84610,0.88222,0.86416,0.89207,0.86817,0.84613,0.89008,0.93976,0.92932,0.94184,0.97565,0.96913,0.96202,0.97699,0.98449,0.97612,0.96454,0.96526,0.92901,0.91892,0.91022,0.85123,0.82434,0.82563,0.73563,0.70043,0.63282,0.70701,0.76390,0.69512,0.72704,0.76549,0.84446,0.87471,0.90426,0.87023,0.85441,0.80043,0.77569,0.71515,0.73509,0.66851,0.72299,0.79338,0.73632,0.69555,0.79389,0.78236,0.70474,0.62563,0.45625,0.33168,0.38792,0.55050,0.54475,0.64359,0.73989,0.81146,0.83539,0.88243,0.88332,0.91195,0.91149,0.90125,0.89085,0.85271,0.83876,0.79259,0.76420,0.71265,0.66278,0.61356,0.54037,0.51735,0.57390,0.59643,0.63215,0.68717,0.70802,0.72849,0.73973,0.70306,0.72985,0.76350,0.77194,0.82279,0.81349,0.76631,0.73213,0.67971,0.61219,0.57176,0.47921,0.52801,0.61566,0.65298,0.62989,0.67503,0.66833,0.70014,0.75054,0.79964,0.84451,0.86914,0.89367,0.88585,0.87897,0.84223,0.81795,0.76369,0.73962,0.67311,0.59586,0.56675,0.51060,0.46196,0.51669,0.44082,0.44290,0.34142,0.35126,0.43233,0.43227,0.53359,0.49643,0.60588,0.68317,0.75012,0.80660,0.83489,0.86846,0.87386,0.90946,0.94201,0.94169,0.92108,0.93551,0.94673,0.94104,0.91954,0.89059,0.87387,0.81500,0.76745,0.72461,0.63237,0.56458,0.45645,0.37488,0.27891,0.15809,0.10342,0.16586,0.21093
0.86983,0.87743,0.89484,0.92016,0.93023,0.94056,0.95172,0.96279,0.96948,0.98133,0.98417,0.98252,0.97424,0.95625,0.93745,0.90460,0.90057,0.86890,0.83387,0.82441,0.86036,0.86090,0.88027,0.85878,0.82416,0.84323,0.85142,0.80298,0.78102,0.80905,0.78559,0.71884,0.71567,0.73887,0.70103,0.62264,0.52319,0.44547,0.50798,0.43325,0.48117,0.55985,0.60568,0.69919,0.72787,0.79528,0.79121,0.84350,0.88520,0.92141,0.94527,0.96679,0.97892,0.98523,0.98435,0.97461,0.97062,0.96493,0.96025,0.94809,0.94210,0.93834,0.91018,0.90445,0.92170,0.90150,0.87682,0.85888,0.85241,0.88926,0.88731,0.90513,0.88909,0.89008,0.91986,0.91519,0.94097,0.92936,0.91450,0.94579,0.97877,0.97224,0.97786,0.99174,0.98815,0.98776,0.98953,0.98146,0.97963,0.96487,0.94797,0.89708,0.87800,0.85482,0.78188,0.74487,0.75184,0.65222,0.62504,0.55542,0.65622,0.72399,0.66467,0.69294,0.71937,0.80139,0.84590,0.89431,0.87371,0.87480,0.83333,0.81788,0.77068,0.80063,0.74156,0.77762,0.84715,0.81144,0.77067,0.85415,0.85656,0.79144,0.72797,0.57083,0.45853,0.51201,0.66225,0.65945,0.74750,0.82894,0.88691,0.90078,0.93243,0.92735,0.93984,0.93122,0.90907,0.88953,0.84775,0.82682,0.77457,0.74894,0.68783,0.64754,0.59317,0.52687,0.49613,0.54241,0.54949,0.57370,0.63243,0.64280,0.66977,0.69152,0.65402,0.68267,0.72373,0.73829,0.79553,0.79294,0.74678,0.72723,0.67792,0.62179,0.59892,0.51574,0.57840,0.66241,0.70787,0.68559,0.71851,0.71870,0.75749,0.80147,0.84989,0.88411,0.91001,0.92428,0.91156,0.90704,0.87611,0.86295,0.81100,0.79914,0.73631,0.67148,0.63761,0.57464,0.51502,0.55416,0.47162,0.46194,0.36123,0.35489,0.43736,0.43622,0.55315,0.53920,0.64895,0.71153,0.76700,0.81119,0.82412,0.84995,0.84159,0.88041,0.92317,0.92366,0.90822,0.93586,0.95801,0.96516,0.95625,0.94124,0.93236,0.88880,0.85236,0.81572,0.73732,0.67533,0.57720,0.49943,0.40603,0.28610,0.23442,0.29832,0.33837
0.92838,0.93461,0.94457,0.96182,0.96924,0.97538,0.97898,0.98404,0.98591,0.98707,0.98287,0.98030,0.97741,0.96595,0.94951,0.92339,0.91050,0.88438,0.84985,0.83569,0.86239,0.85162,0.86828,0.85509,0.81617,0.82216,0.83343,0.79248,0.75961,0.77747,0.76194,0.69862,0.68082,0.69446,0.66535,0.57708,0.48408,0.39520,0.46557,0.40785,0.46953,0.55843,0.60352,0.69957,0.74020,0.80645,0.81599,0.86423,0.89436,0.92851,0.94148,0.95836,0.96325,0.96641,0.96547,0.94340,0.93268,0.92446,0.91659,0.89727,0.88706,0.88251,0.84366,0.83502,0.85963,0.83232,0.79989,0.77919,0.77382,0.82133,0.82443,0.85463,0.83498,0.84492,0.87786,0.88749,0.92286,0.93283,0.93361,0.96756,0.97874,0.97253,0.98742,0.98257,0.96797,0.97913,0.98006,0.95489,0.94548,0.91915,0.89469,0.82593,0.80411,0.78187,0.69773,0.65940,0.66041,0.54539,0.50902,0.43431,0.54554,0.61637,0.54922,0.58004,0.61077,0.70706,0.75958,0.82091,0.79856,0.80789,0.76601,0.75482,0.71246,0.75872,0.69915,0.72115,0.80265,0.78660,0.73917,0.82185,0.84778,0.79191,0.74673,0.60501,0.50353,0.56922,0.71119,0.69840,0.78080,0.84897,0.89493,0.88969,0.91004,0.89491,0.89693,0.87974,0.84482,0.81696,0.76428,0.73765,0.67511,0.64588,0.57455,0.53230,0.47200,0.40378,0.36913,0.41682,0.42239,0.45140,0.51526,0.53024,0.55824,0.58037,0.53834,0.57200,0.61577,0.63169,0.69858,0.69571,0.64222,0.62436,0.57092,0.51427,0.50022,0.41750,0.49446,0.58215,0.63931,0.61520,0.64219,0.64856,0.69858,0.74493,0.80229,0.83605,0.87147,0.88495,0.86352,0.85520,0.81982,0.81199,0.75085,0.74911,0.67970,0.61988,0.57780,0.50231,0.42911,0.45816,0.36690,0.34959,0.24888,0.23267,0.31816,0.31813,0.44782,0.44845,0.56543,0.62350,0.67911,0.72383,0.73427,0.76432,0.75449,0.80394,0.86018,0.86093,0.83915,0.87798,0.91329,0.93174,0.93021,0.92614,0.92812,0.89342,0.86874,0.82925,0.76121,0.69322,0.59924,0.51971,0.42041,0.29291,0.24772,0.32666,0.36616
0.89886,0.90544,0.90916,0.93510,0.95221,0.95529,0.95582,0.97224,0.98141,0.97595,0.97784,0.96409,0.95293,0.92953,0.90417,0.86625,0.85112,0.81748,0.77398,0.75832,0.79342,0.78483,0.80656,0.78546,0.73965,0.75347,0.76519,0.71197,0.67856,0.70541,0.68180,0.60712,0.59498,0.61711,0.57787,0.48620,0.38276,0.29572,0.36410,0.29352,0.35322,0.44461,0.49372,0.59971,0.64299,0.72046,0.73002,0.78919,0.82902,0.87459,0.89785,0.92625,0.94333,0.95734,0.96546,0.95213,0.93727,0.92514,0.92596,0.91251,0.89518,0.89119,0.85882,0.84461,0.85976,0.83593,0.80370,0.77482,0.76139,0.80624,0.79952,0.82117,0.79840,0.79967,0.83994,0.83778,0.87767,0.87931,0.87664,0.92489,0.94921,0.93929,0.96437,0.97661,0.95638,0.96348,0.97856,0.96581,0.94733,0.92078,0.91249,0.85394,0.83971,0.83154,0.75824,0.72917,0.72253,0.61248,0.56527,0.49150,0.57892,0.64094,0.56158,0.59771,0.64237,0.74007,0.78052,0.82577,0.78850,0.78208,0.72630,0.70664,0.65011,0.68997,0.62086,0.65877,0.74499,0.71063,0.66017,0.75963,0.77683,0.70799,0.65088,0.49882,0.38356,0.45644,0.61333,0.59413,0.68785,0.76985,0.82827,0.82950,0.86454,0.85367,0.87035,0.86028,0.83443,0.81415,0.76184,0.74101,0.68150,0.64800,0.58314,0.52967,0.47207,0.39460,0.36624,0.42580,0.44777,0.49132,0.55311,0.58004,0.60246,0.61437,0.57186,0.60524,0.64258,0.65243,0.71566,0.70533,0.64822,0.61520,0.55638,0.48671,0.45549,0.36175,0.42892,0.52317,0.57565,0.55026,0.58933,0.58996,0.63601,0.68989,0.75103,0.79640,0.83315,0.85759,0.83951,0.82751,0.78433,0.76517,0.69858,0.68584,0.61088,0.53813,0.49752,0.42520,0.35923,0.40344,0.31577,0.30864,0.20412,0.20302,0.28854,0.28883,0.40759,0.38719,0.50814,0.58222,0.65075,0.70927,0.73539,0.77522,0.77917,0.82852,0.87797,0.87829,0.84939,0.87727,0.90477,0.91227,0.89894,0.88245,0.87802,0.82832,0.79432,0.74710,0.66550,0.58883,0.48404,0.39834,0.29336,0.16206,0.11498,0.19692,0.24151
0.89279,0.89940,0.90739,0.93414,0.94965,0.95452,0.95845,0.97420,0.98272,0.98249,0.98529,0.97461,0.96386,0.94121,0.91746,0.88016,0.86871,0.83518,0.79309,0.77958,0.81590,0.81039,0.83164,0.80953,0.76657,0.78260,0.79301,0.74004,0.71012,0.73790,0.71315,0.63993,0.63101,0.65370,0.61377,0.52517,0.42157,0.33572,0.40258,0.32939,0.38533,0.47423,0.52367,0.62715,0.66660,0.74241,0.74769,0.80590,0.84748,0.89120,0.91564,0.94253,0.95903,0.97127,0.97737,0.96564,0.95372,0.94356,0.94311,0.93016,0.91600,0.91230,0.88136,0.86921,0.88469,0.86211,0.83195,0.80588,0.79404,0.83657,0.83075,0.85064,0.82916,0.82924,0.86623,0.86153,0.89706,0.89365,0.88768,0.93157,0.95963,0.95150,0.97145,0.98516,0.97011,0.97518,0.98729,0.97646,0.96245,0.93881,0.92820,0.87233,0.85660,0.84409,0.77164,0.74005,0.73688,0.62970,0.58830,0.51637,0.60659,0.66974,0.59578,0.63063,0.67039,0.76392,0.80579,0.85148,0.81810,0.81327,0.76071,0.74215,0.68705,0.72338,0.65562,0.69363,0.77560,0.73928,0.69038,0.78666,0.79893,0.72877,0.66982,0.51626,0.39869,0.46763,0.62630,0.61045,0.70281,0.78654,0.84611,0.85197,0.88733,0.87905,0.89530,0.88660,0.86219,0.84260,0.79300,0.77237,0.71481,0.68319,0.61895,0.56856,0.51151,0.43632,0.40651,0.46305,0.48195,0.52090,0.58207,0.60497,0.62900,0.64350,0.60213,0.63432,0.67326,0.68406,0.74568,0.73698,0.68252,0.65255,0.59592,0.52901,0.49897,0.40740,0.47313,0.56536,0.61615,0.59190,0.63029,0.63059,0.67454,0.72598,0.78424,0.82757,0.86116,0.88366,0.86768,0.85687,0.81662,0.79783,0.73481,0.72112,0.64981,0.57805,0.53837,0.46869,0.40463,0.44882,0.36230,0.35480,0.25008,0.24821,0.33312,0.33273,0.45127,0.43144,0.55040,0.62277,0.68843,0.74361,0.76670,0.80329,0.80404,0.85064,0.89796,0.89863,0.87340,0.90068,0.92644,0.93307,0.92040,0.90344,0.89692,0.84771,0.81182,0.76723,0.68497,0.61139,0.50747,0.42283,0.32032,0.19199,0.14368,0.22012,0.26433
0.94298,0.94829,0.95752,0.97292,0.97903,0.98398,0.98655,0.98965,0.98940,0.98903,0.98322,0.98154,0.98052,0.97130,0.95617,0.93243,0.91835,0.89427,0.86002,0.84565,0.86967,0.85644,0.87193,0.86099,0.82154,0.82409,0.83574,0.79714,0.76206,0.77659,0.76262,0.70101,0.67981,0.69028,0.66330,0.57231,0.48202,0.38861,0.46080,0.40766,0.47187,0.56429,0.61017,0.70615,0.74958,0.81504,0.82736,0.87429,0.90151,0.93442,0.94454,0.95922,0.96194,0.96354,0.96216,0.93695,0.92483,0.91663,0.90735,0.88588,0.87544,0.87079,0.82903,0.82015,0.84723,0.81808,0.78383,0.76315,0.75862,0.80861,0.81353,0.84684,0.82603,0.83799,0.87015,0.88221,0.91850,0.93316,0.93843,0.97179,0.97741,0.97271,0.98953,0.97900,0.96298,0.97782,0.97783,0.94782,0.93745,0.90778,0.87989,0.80635,0.78267,0.75930,0.67295,0.63272,0.63285,0.51447,0.47750,0.40229,0.51554,0.58766,0.52084,0.55271,0.58260,0.68221,0.73825,0.80399,0.78214,0.79451,0.75335,0.74422,0.70337,0.75349,0.69351,0.71045,0.79449,0.78389,0.73376,0.81530,0.84769,0.79323,0.75417,0.61891,0.51790,0.58763,0.72910,0.71311,0.79261,0.85739,0.89988,0.89040,0.90789,0.89104,0.88980,0.87071,0.83208,0.80215,0.74668,0.71836,0.65325,0.62358,0.54879,0.50670,0.44445,0.37622,0.33952,0.38693,0.39136,0.42063,0.48574,0.50150,0.53066,0.55354,0.51050,0.54522,0.59072,0.60711,0.67653,0.67376,0.61871,0.60203,0.54782,0.49177,0.48044,0.39868,0.47990,0.56845,0.62917,0.60503,0.63003,0.63848,0.69180,0.73790,0.79728,0.83055,0.86831,0.88131,0.85746,0.84771,0.81166,0.80525,0.74208,0.74299,0.67344,0.61531,0.56990,0.49106,0.41415,0.44048,0.34696,0.32685,0.22466,0.20585,0.29197,0.29148,0.42535,0.43053,0.55001,0.60661,0.66138,0.70522,0.71416,0.74469,0.73327,0.78535,0.84508,0.84642,0.82378,0.86575,0.90486,0.92637,0.92739,0.92654,0.93078,0.89890,0.87696,0.83755,0.77257,0.70330,0.61110,0.53069,0.42999,0.30144,0.25865,0.33927,0.37982
0.96134,0.96586,0.96615,0.97918,0.98764,0.98800,0.98333,0.98696,0.98630,0.97481,0.96657,0.95921,0.95853,0.94892,0.93176,0.90824,0.88646,0.86336,0.82569,0.80715,0.82775,0.80694,0.82265,0.81468,0.76932,0.76548,0.77952,0.74163,0.69850,0.70927,0.69781,0.63430,0.60499,0.61211,0.58738,0.48866,0.39994,0.30044,0.37631,0.33052,0.40328,0.50353,0.55013,0.65129,0.70443,0.77320,0.79577,0.84399,0.86647,0.90271,0.90900,0.92526,0.92801,0.93221,0.93480,0.90464,0.88576,0.87390,0.86636,0.84264,0.82585,0.82084,0.77452,0.76115,0.78897,0.75630,0.71683,0.69070,0.68345,0.73953,0.74371,0.78199,0.75733,0.77199,0.80933,0.82689,0.87207,0.89902,0.91439,0.95567,0.95063,0.94432,0.97268,0.95581,0.92888,0.95056,0.95641,0.91943,0.89973,0.86167,0.83588,0.75449,0.73238,0.71659,0.62764,0.59149,0.58336,0.45747,0.40934,0.33128,0.43987,0.50950,0.43249,0.46813,0.50729,0.61712,0.67280,0.73999,0.71020,0.72144,0.67423,0.66456,0.62147,0.68020,0.61630,0.62973,0.72392,0.72017,0.66412,0.75151,0.79742,0.74491,0.71415,0.58685,0.48950,0.57133,0.71159,0.68528,0.76489,0.82480,0.86347,0.84260,0.85803,0.83578,0.83341,0.81133,0.76763,0.73536,0.67255,0.64296,0.57243,0.53832,0.45987,0.41179,0.34722,0.27423,0.23809,0.29152,0.30217,0.34129,0.40813,0.43232,0.45933,0.47760,0.43151,0.46930,0.51363,0.52793,0.60207,0.59572,0.53418,0.51197,0.45296,0.39145,0.37902,0.29386,0.38031,0.47334,0.53988,0.51401,0.53975,0.55009,0.60954,0.66042,0.72729,0.76503,0.81013,0.82753,0.79862,0.78454,0.74207,0.73455,0.66283,0.66691,0.59032,0.53069,0.48062,0.39482,0.31219,0.33733,0.24002,0.21923,0.11677,0.09753,0.18491,0.18532,0.32183,0.32826,0.45335,0.51297,0.57296,0.62309,0.63721,0.67510,0.66909,0.72846,0.79442,0.79563,0.76525,0.81015,0.85507,0.87984,0.88097,0.88281,0.89220,0.86060,0.84363,0.79890,0.73672,0.65975,0.56689,0.48319,0.37650,0.24196,0.20370,0.29547,0.33796
0.92951,0.93459,0.93367,0.95580,0.97146,0.97130,0.96755,0.98112,0.98683,0.97486,0.97330,0.95892,0.95082,0.93087,0.90703,0.87302,0.85276,0.82237,0.77798,0.76042,0.79037,0.77496,0.79504,0.77847,0.72977,0.73588,0.74906,0.69992,0.66012,0.68071,0.66086,0.58828,0.56775,0.58391,0.54919,0.45117,0.35230,0.25684,0.32908,0.26773,0.33473,0.43388,0.48405,0.59214,0.64307,0.72024,0.73810,0.79525,0.82872,0.87372,0.89103,0.91653,0.93005,0.94246,0.95114,0.93087,0.91156,0.89807,0.89733,0.87971,0.85961,0.85538,0.81669,0.80047,0.81973,0.79172,0.75488,0.72411,0.71100,0.76200,0.75805,0.78666,0.76085,0.76646,0.80760,0.81183,0.85691,0.87079,0.87848,0.92843,0.94005,0.93139,0.96325,0.96445,0.93762,0.95259,0.96804,0.94529,0.92224,0.88784,0.87466,0.80592,0.78957,0.78192,0.70298,0.67275,0.66222,0.54393,0.49148,0.41647,0.50765,0.57052,0.48715,0.52557,0.57262,0.67914,0.72472,0.77724,0.73793,0.73601,0.67937,0.66269,0.60799,0.65710,0.58640,0.61517,0.70911,0.68628,0.62959,0.72914,0.76136,0.69606,0.65122,0.51179,0.39897,0.48126,0.63623,0.60919,0.69910,0.77311,0.82500,0.81531,0.84480,0.82890,0.84009,0.82586,0.79224,0.76764,0.70833,0.68443,0.61890,0.58281,0.51166,0.45647,0.39525,0.31605,0.28489,0.34572,0.36813,0.41500,0.47968,0.51001,0.53356,0.54540,0.50004,0.53620,0.57659,0.58600,0.65494,0.64375,0.58189,0.54870,0.48700,0.41671,0.38944,0.29606,0.37159,0.46857,0.52860,0.50255,0.53886,0.54345,0.59641,0.65197,0.71862,0.76430,0.80707,0.83241,0.80900,0.79339,0.74708,0.72998,0.65741,0.65048,0.57173,0.50127,0.45421,0.37431,0.30071,0.33991,0.24699,0.23561,0.12942,0.12352,0.21098,0.21130,0.33702,0.32434,0.45059,0.52313,0.59210,0.65168,0.67720,0.72054,0.72402,0.77986,0.83699,0.83793,0.80499,0.83915,0.87467,0.88834,0.87905,0.86858,0.86964,0.82446,0.79689,0.74764,0.67220,0.59092,0.48827,0.40039,0.29107,0.15575,0.11383,0.20279,0.24952
0.94651,0.95113,0.95351,0.97192,0.98302,0.98423,0.98219,0.99027,0.99266,0.98405,0.97972,0.97075,0.96652,0.95214,0.93254,0.90390,0.88489,0.85822,0.81827,0.80128,0.82724,0.81102,0.82861,0.81561,0.77012,0.77268,0.78559,0.74198,0.70247,0.71878,0.70244,0.63478,0.61170,0.62372,0.59332,0.49661,0.40206,0.30520,0.37800,0.32250,0.39052,0.48880,0.53763,0.64164,0.69169,0.76400,0.78189,0.83460,0.86365,0.90319,0.91588,0.93599,0.94372,0.95095,0.95543,0.93108,0.91369,0.90229,0.89743,0.87684,0.86015,0.85575,0.81384,0.80019,0.82417,0.79457,0.75738,0.73037,0.72085,0.77325,0.77371,0.80634,0.78204,0.79149,0.82885,0.83846,0.88101,0.89828,0.90760,0.95063,0.95642,0.95012,0.97723,0.97046,0.94642,0.96354,0.97242,0.94339,0.92466,0.89009,0.86914,0.79535,0.77466,0.75969,0.67558,0.64016,0.63366,0.51370,0.46623,0.39233,0.49468,0.56035,0.48266,0.51956,0.55984,0.66602,0.71752,0.77814,0.74586,0.75167,0.70169,0.68907,0.64074,0.69268,0.62614,0.64754,0.73919,0.72450,0.66866,0.76078,0.79703,0.73737,0.69739,0.55944,0.45432,0.53370,0.68255,0.65942,0.74525,0.81348,0.85980,0.84727,0.86997,0.85242,0.85656,0.83894,0.80106,0.77295,0.71320,0.68662,0.61932,0.58482,0.51044,0.46060,0.39733,0.32197,0.28724,0.34240,0.35704,0.39785,0.46468,0.48990,0.51568,0.53229,0.48719,0.52388,0.56730,0.57951,0.65036,0.64250,0.58191,0.55623,0.49668,0.43224,0.41299,0.32477,0.40531,0.49987,0.56236,0.53701,0.56764,0.57500,0.63014,0.68181,0.74692,0.78733,0.82945,0.84962,0.82473,0.81095,0.76816,0.75619,0.68602,0.68426,0.60815,0.54340,0.49576,0.41418,0.33671,0.36866,0.27407,0.25720,0.15146,0.13828,0.22602,0.22577,0.35789,0.35554,0.48047,0.54579,0.60874,0.66188,0.67987,0.71867,0.71544,0.77160,0.83225,0.83373,0.80414,0.84343,0.88268,0.90146,0.89794,0.89327,0.89701,0.85876,0.83543,0.78939,0.71960,0.64183,0.54410,0.45847,0.35149,0.21768,0.17637,0.26418,0.30834
0.96806,0.97215,0.97018,0.98111,0.98912,0.98845,0.98156,0.98349,0.98215,0.96788,0.95799,0.95015,0.95054,0.94228,0.92584,0.90400,0.87976,0.85829,0.82083,0.80112,0.81913,0.79548,0.81051,0.80459,0.75814,0.75112,0.76578,0.72979,0.68402,0.69210,0.68208,0.61949,0.58707,0.59158,0.56881,0.46829,0.38140,0.28016,0.35668,0.31549,0.39059,0.49270,0.53912,0.64066,0.69741,0.76602,0.79208,0.83995,0.85958,0.89527,0.89903,0.91420,0.91535,0.91899,0.92192,0.88878,0.86817,0.85578,0.84773,0.82250,0.80447,0.79937,0.75080,0.73649,0.76571,0.73161,0.69011,0.66298,0.65561,0.71419,0.71936,0.76022,0.73470,0.75116,0.78885,0.80924,0.85651,0.88888,0.90848,0.95033,0.93950,0.93352,0.96465,0.94366,0.91398,0.93907,0.94539,0.90358,0.88192,0.84071,0.81302,0.72765,0.70429,0.68825,0.59586,0.55941,0.54995,0.42181,0.37123,0.29384,0.40387,0.47345,0.39482,0.43238,0.47265,0.58559,0.64315,0.71298,0.68240,0.69547,0.64823,0.63981,0.59765,0.65950,0.59536,0.60532,0.70195,0.70277,0.64408,0.73135,0.78350,0.73372,0.70718,0.58124,0.48910,0.57619,0.71449,0.68484,0.76329,0.81971,0.85538,0.82992,0.84247,0.81824,0.81317,0.78961,0.74316,0.70922,0.64379,0.61304,0.54029,0.50486,0.42493,0.37654,0.31041,0.23683,0.19964,0.25357,0.26412,0.30621,0.37467,0.40019,0.42724,0.44531,0.39844,0.43847,0.48043,0.49489,0.57105,0.56423,0.50078,0.47906,0.41878,0.35710,0.34639,0.26209,0.35157,0.44539,0.51473,0.48888,0.51344,0.52522,0.58701,0.63786,0.70674,0.74458,0.79170,0.80952,0.77894,0.76372,0.72000,0.71309,0.63964,0.64625,0.56803,0.50969,0.45759,0.36933,0.28397,0.30638,0.20783,0.18517,0.08238,0.06092,0.14851,0.14887,0.28772,0.29769,0.42385,0.48246,0.54251,0.59275,0.60658,0.64602,0.64003,0.70196,0.77091,0.77249,0.74036,0.78743,0.83510,0.86230,0.86538,0.86973,0.88163,0.85239,0.83777,0.79206,0.73230,0.65338,0.56212,0.47796,0.37013,0.23486,0.19887,0.29372,0.33584
0.95170,0.95594,0.94877,0.96391,0.97749,0.97442,0.96469,0.97322,0.97554,0.95589,0.94919,0.93400,0.93014,0.91506,0.89333,0.86492,0.83812,0.81220,0.76880,0.74822,0.77042,0.74669,0.76471,0.75492,0.70366,0.69997,0.71539,0.67274,0.62547,0.63814,0.62393,0.55505,0.52463,0.53337,0.50540,0.40210,0.30987,0.20925,0.28550,0.23883,0.31302,0.41760,0.46629,0.57386,0.63344,0.70865,0.73607,0.78957,0.81383,0.85671,0.86557,0.88733,0.89558,0.90567,0.91441,0.88561,0.86163,0.84643,0.84357,0.82139,0.79845,0.79365,0.74809,0.73010,0.75402,0.72127,0.67924,0.64660,0.63447,0.69238,0.69188,0.72854,0.70057,0.71249,0.75524,0.76953,0.82078,0.85021,0.86939,0.92072,0.91587,0.90760,0.94598,0.93345,0.89912,0.92300,0.93811,0.90262,0.87475,0.83223,0.81382,0.73337,0.71538,0.70952,0.62359,0.59343,0.57797,0.45154,0.39445,0.31463,0.40870,0.47458,0.38817,0.42829,0.47790,0.59303,0.64319,0.70386,0.66364,0.66724,0.61095,0.59757,0.54721,0.60643,0.53639,0.55476,0.65582,0.64716,0.58579,0.68399,0.73303,0.67611,0.64557,0.51909,0.41695,0.51068,0.65722,0.62076,0.70427,0.76702,0.80893,0.78530,0.80605,0.78329,0.78655,0.76676,0.72474,0.69477,0.62856,0.60093,0.52917,0.49105,0.41429,0.35865,0.29418,0.21484,0.18237,0.24432,0.26451,0.31616,0.38194,0.41462,0.43863,0.45037,0.40259,0.44281,0.48228,0.49233,0.56710,0.55562,0.48940,0.45788,0.39417,0.32425,0.30369,0.21262,0.29695,0.39471,0.46200,0.43527,0.46684,0.47575,0.53604,0.59227,0.66423,0.70925,0.75841,0.78342,0.75374,0.73536,0.68618,0.67273,0.59516,0.59619,0.51342,0.44764,0.39548,0.30807,0.22620,0.25723,0.15993,0.14354,0.03979,0.02682,0.11456,0.11570,0.24769,0.24563,0.37453,0.44253,0.51099,0.56961,0.59331,0.63936,0.64215,0.70485,0.77066,0.77172,0.73449,0.77578,0.81989,0.84132,0.83746,0.83515,0.84430,0.80650,0.78769,0.73722,0.67070,0.58600,0.48854,0.40074,0.28915,0.15108,0.11584,0.21395,0.26029
0.93539,0.94022,0.93640,0.95622,0.97168,0.97045,0.96413,0.97634,0.98125,0.96651,0.96317,0.94779,0.94079,0.92203,0.89867,0.86598,0.84287,0.81374,0.76903,0.75063,0.77814,0.75966,0.77939,0.76475,0.71461,0.71748,0.73159,0.68419,0.64153,0.65958,0.64120,0.56932,0.54569,0.55946,0.52661,0.42667,0.33005,0.23307,0.30668,0.25061,0.31908,0.41967,0.46973,0.57803,0.63260,0.70986,0.73136,0.78778,0.81829,0.86330,0.87810,0.90273,0.91510,0.92729,0.93647,0.91361,0.89229,0.87823,0.87730,0.85813,0.83655,0.83214,0.79119,0.77396,0.79449,0.76492,0.72616,0.69406,0.68087,0.73429,0.73087,0.76186,0.73509,0.74237,0.78434,0.79127,0.83879,0.85795,0.87004,0.92146,0.92751,0.91901,0.95381,0.95075,0.92084,0.93907,0.95523,0.92843,0.90338,0.86582,0.85122,0.77880,0.76177,0.75570,0.67399,0.64452,0.63184,0.51087,0.45713,0.37845,0.46872,0.53401,0.44969,0.48942,0.53787,0.64779,0.69441,0.74899,0.70848,0.70771,0.65017,0.63443,0.58042,0.63249,0.56126,0.58692,0.68395,0.66512,0.60576,0.70686,0.74510,0.68233,0.64233,0.50719,0.39722,0.48587,0.63882,0.60683,0.69473,0.76483,0.81379,0.79927,0.82625,0.80819,0.81736,0.80167,0.76546,0.73939,0.67756,0.65254,0.58493,0.54777,0.47508,0.41921,0.35642,0.27616,0.24538,0.30785,0.32969,0.38006,0.44467,0.47628,0.50005,0.51152,0.46539,0.50333,0.54306,0.55167,0.62259,0.61078,0.54695,0.51343,0.45041,0.37934,0.35355,0.26040,0.33871,0.43644,0.49895,0.47282,0.50844,0.51446,0.56999,0.62587,0.69449,0.74052,0.78580,0.81203,0.78657,0.76950,0.72143,0.70487,0.63041,0.62643,0.54511,0.47539,0.42614,0.34384,0.26753,0.30463,0.21020,0.19741,0.09174,0.08369,0.17183,0.17244,0.29976,0.28984,0.41732,0.48932,0.55936,0.61901,0.64497,0.68995,0.69400,0.75239,0.81229,0.81336,0.77848,0.81457,0.85286,0.86879,0.86076,0.85258,0.85613,0.81285,0.78808,0.73769,0.66474,0.58144,0.48029,0.39203,0.28131,0.14498,0.10631,0.19817,0.24544
0.96198,0.96673,0.96510,0.97650,0.98528,0.98492,0.97835,0.98101,0.97901,0.96598,0.95654,0.94816,0.94812,0.93909,0.92262,0.89948,0.87570,0.85325,0.81508,0.79640,0.81488,0.79201,0.80721,0.80084,0.75426,0.74787,0.76284,0.72606,0.68081,0.68991,0.67906,0.61616,0.58500,0.58981,0.56608,0.46669,0.37704,0.27775,0.35353,0.31140,0.38399,0.48591,0.53305,0.63460,0.69099,0.76051,0.78616,0.83421,0.85460,0.89125,0.89628,0.91217,0.91402,0.91806,0.92166,0.88955,0.86902,0.85709,0.84973,0.82462,0.80656,0.80189,0.75401,0.73941,0.76814,0.73469,0.69351,0.66615,0.65854,0.71646,0.72069,0.76014,0.73466,0.74975,0.78702,0.80546,0.85164,0.88192,0.90111,0.94361,0.93478,0.92929,0.96063,0.94085,0.91166,0.93652,0.94363,0.90328,0.88153,0.84052,0.81358,0.73054,0.70803,0.69307,0.60391,0.56794,0.55644,0.42868,0.37980,0.30123,0.41081,0.47958,0.40193,0.43933,0.47959,0.59137,0.64768,0.71577,0.68485,0.69674,0.64865,0.64012,0.59685,0.65707,0.59238,0.60286,0.69936,0.69751,0.63823,0.72779,0.77774,0.72622,0.69926,0.57396,0.47814,0.56646,0.70767,0.67674,0.75520,0.81304,0.84990,0.82562,0.83944,0.81627,0.81234,0.79020,0.74483,0.71191,0.64691,0.61686,0.54468,0.50931,0.43002,0.38195,0.31591,0.24182,0.20621,0.26120,0.27199,0.31469,0.38126,0.40674,0.43392,0.45152,0.40463,0.44358,0.48702,0.50056,0.57594,0.56865,0.50535,0.48392,0.42385,0.36126,0.34947,0.26488,0.35283,0.44652,0.51500,0.48928,0.51473,0.52625,0.58707,0.63831,0.70645,0.74421,0.79090,0.80881,0.77980,0.76459,0.72106,0.71261,0.63947,0.64383,0.56682,0.50812,0.45653,0.36896,0.28470,0.30810,0.20976,0.18810,0.08572,0.06492,0.15272,0.15394,0.29117,0.29969,0.42559,0.48540,0.54617,0.59579,0.61051,0.64990,0.64450,0.70548,0.77318,0.77493,0.74313,0.78905,0.83570,0.86172,0.86411,0.86724,0.87787,0.84730,0.83231,0.78603,0.72519,0.64582,0.55420,0.47005,0.36264,0.23005,0.19485,0.28746,0.32810
0.96019,0.96469,0.96208,0.97083,0.97870,0.97613,0.96858,0.96922,0.96315,0.94864,0.93838,0.93049,0.93254,0.92608,0.91186,0.89139,0.86641,0.84619,0.80809,0.78919,0.80475,0.77943,0.79328,0.78930,0.74290,0.73306,0.74826,0.71434,0.66711,0.67272,0.66446,0.60522,0.57017,0.57075,0.55067,0.44992,0.36094,0.26044,0.33785,0.30358,0.37781,0.48098,0.52744,0.62697,0.68491,0.75293,0.78188,0.82812,0.84463,0.87982,0.88131,0.89495,0.89320,0.89540,0.89891,0.86275,0.84088,0.82931,0.82003,0.79276,0.77449,0.77011,0.71957,0.70450,0.73508,0.70025,0.65848,0.63203,0.62516,0.68456,0.69145,0.73373,0.70746,0.72424,0.75998,0.78131,0.82832,0.86440,0.88819,0.92982,0.91405,0.90997,0.94346,0.91779,0.88642,0.91496,0.92181,0.87626,0.85263,0.80867,0.77868,0.69229,0.66832,0.65097,0.56039,0.52356,0.50874,0.37645,0.32582,0.24957,0.36901,0.43830,0.35990,0.39684,0.43636,0.54892,0.60792,0.67919,0.64931,0.66464,0.61817,0.61298,0.57189,0.63600,0.57259,0.57536,0.67412,0.67908,0.61829,0.70435,0.75861,0.71080,0.69183,0.57952,0.48455,0.57329,0.71196,0.67757,0.75040,0.80540,0.83750,0.80825,0.81859,0.79346,0.78492,0.76160,0.71278,0.67772,0.61121,0.58040,0.50700,0.47079,0.38821,0.34214,0.27538,0.20175,0.16443,0.21788,0.22798,0.27269,0.34017,0.36550,0.39238,0.40989,0.36312,0.40299,0.44761,0.46099,0.53699,0.52920,0.46469,0.44657,0.38682,0.32578,0.31790,0.23596,0.32732,0.42022,0.49113,0.46608,0.48851,0.50255,0.56550,0.61761,0.68433,0.71871,0.76654,0.78259,0.75435,0.73830,0.69573,0.68868,0.61413,0.62070,0.54634,0.49088,0.43651,0.34668,0.25991,0.27966,0.17959,0.15540,0.05272,0.02993,0.11688,0.11817,0.25753,0.27152,0.39736,0.45441,0.51194,0.55993,0.57256,0.61171,0.60481,0.66740,0.73813,0.74040,0.70803,0.75690,0.80687,0.83619,0.84204,0.84896,0.86217,0.83535,0.82390,0.77795,0.72171,0.64275,0.55430,0.47104,0.36500,0.23717,0.20504,0.29523,0.33105
0.95896,0.96170,0.95641,0.95715,0.95948,0.95600,0.94565,0.93828,0.92822,0.91279,0.89586,0.89504,0.90329,0.90674,0.89822,0.88811,0.86138,0.84914,0.81772,0.79695,0.80353,0.77171,0.78183,0.78664,0.74330,0.72342,0.74029,0.71806,0.66775,0.66274,0.66340,0.61441,0.57054,0.56336,0.55345,0.45232,0.38534,0.28560,0.35954,0.33712,0.41670,0.51832,0.55916,0.65000,0.70952,0.76740,0.80241,0.83929,0.84398,0.87016,0.86106,0.86438,0.85451,0.84986,0.84745,0.80390,0.78207,0.77141,0.75722,0.72587,0.71010,0.70485,0.64848,0.63647,0.67340,0.63593,0.59303,0.57097,0.56869,0.63001,0.64270,0.69334,0.66866,0.69433,0.72659,0.76162,0.80696,0.85400,0.88402,0.91854,0.88844,0.88524,0.91620,0.87461,0.84287,0.87634,0.87432,0.81748,0.79786,0.75066,0.71108,0.61624,0.58869,0.57008,0.47434,0.43411,0.42503,0.29299,0.24773,0.16461,0.28309,0.35693,0.28749,0.32096,0.35241,0.46807,0.53244,0.61452,0.59224,0.61721,0.57891,0.57957,0.55027,0.62321,0.56673,0.55551,0.65366,0.67766,0.61799,0.69286,0.76182,0.72859,0.72208,0.62393,0.54636,0.63762,0.75430,0.72195,0.78384,0.81936,0.83757,0.79733,0.79496,0.76331,0.74550,0.71343,0.65593,0.61541,0.54710,0.51255,0.43731,0.40484,0.31873,0.27608,0.20845,0.14186,0.10370,0.14955,0.15268,0.18268,0.25087,0.27365,0.30254,0.32393,0.27751,0.31669,0.36624,0.38176,0.46073,0.45785,0.39590,0.38150,0.32474,0.27285,0.27701,0.20289,0.30248,0.38969,0.46549,0.43952,0.45252,0.47142,0.54190,0.58707,0.65349,0.68129,0.73511,0.74611,0.70634,0.69120,0.65074,0.65587,0.58377,0.60493,0.52816,0.48274,0.42688,0.33047,0.23675,0.24430,0.14340,0.11227,0.01535,-0.01680,0.07009,0.07328,0.21536,0.24482,0.36664,0.41076,0.46144,0.50143,0.50610,0.54054,0.52739,0.59153,0.66777,0.67018,0.63988,0.69689,0.75434,0.79303,0.80750,0.82545,0.84646,0.83211,0.83265,0.79100,0.75075,0.67699,0.60001,0.52312,0.41909,0.29186,0.26442,0.34597,0.38816
0.94982,0.95089,0.94169,0.94637,0.95174,0.94432,0.93262,0.93047,0.92026,0.89951,0.88590,0.88038,0.88651,0.88611,0.87523,0.86257,0.83460,0.82103,0.78471,0.76346,0.77284,0.74033,0.75168,0.75369,0.70711,0.68855,0.70506,0.67887,0.62738,0.62353,0.62124,0.56963,0.52534,0.51917,0.50642,0.40095,0.33335,0.22689,0.30245,0.27797,0.35890,0.46465,0.50845,0.60335,0.66553,0.72805,0.76448,0.80535,0.81266,0.84279,0.83612,0.84215,0.83630,0.83519,0.83713,0.79535,0.77040,0.75849,0.74676,0.71629,0.69723,0.69253,0.63693,0.62199,0.65622,0.61924,0.57620,0.55107,0.54607,0.60709,0.61738,0.66643,0.63816,0.66063,0.69454,0.72476,0.77247,0.81890,0.85138,0.89158,0.86320,0.86013,0.89753,0.86049,0.82496,0.85920,0.86336,0.80933,0.78484,0.73507,0.70012,0.60622,0.58086,0.56736,0.47439,0.43791,0.42510,0.29298,0.24121,0.16012,0.26820,0.33974,0.26483,0.30035,0.33738,0.45637,0.51813,0.59556,0.56662,0.58672,0.54322,0.54241,0.50699,0.58022,0.51862,0.50934,0.61193,0.63256,0.56830,0.64837,0.71788,0.67882,0.67397,0.58409,0.49650,0.59069,0.71510,0.67752,0.74095,0.77949,0.80126,0.76132,0.76471,0.73400,0.72057,0.69109,0.63487,0.59629,0.52653,0.49376,0.41884,0.38410,0.29709,0.24853,0.18149,0.11067,0.07301,0.12412,0.13493,0.17362,0.23940,0.26604,0.29314,0.31207,0.26571,0.30539,0.35604,0.36743,0.44591,0.43942,0.37440,0.35199,0.29256,0.23573,0.23416,0.15595,0.25418,0.34534,0.42239,0.39702,0.41407,0.43284,0.50319,0.55316,0.62185,0.65422,0.71036,0.72725,0.68787,0.66751,0.62305,0.62375,0.54658,0.56657,0.48677,0.43678,0.37678,0.27953,0.18675,0.19997,0.09942,0.07094,-0.02923,-0.05558,0.03096,0.03267,0.17154,0.19469,0.32040,0.37083,0.42603,0.47280,0.48372,0.52322,0.51530,0.58112,0.65665,0.65941,0.62545,0.67965,0.73655,0.77260,0.78369,0.79815,0.81767,0.79888,0.79669,0.75225,0.70834,0.63046,0.54977,0.46936,0.36170,0.23290,0.20819,0.29123,0.34041
0.97864,0.97851,0.97013,0.97521,0.97869,0.97159,0.96057,0.95720,0.94760,0.92543,0.91111,0.90629,0.91355,0.91363,0.90208,0.88966,0.86131,0.84800,0.81360,0.79175,0.80057,0.76790,0.77926,0.78139,0.73473,0.71565,0.73195,0.70602,0.65388,0.65017,0.64876,0.59540,0.55014,0.54400,0.53145,0.42517,0.35428,0.24470,0.32345,0.29990,0.38336,0.49122,0.53529,0.63220,0.69545,0.75763,0.79380,0.83387,0.84091,0.87057,0.86317,0.86967,0.86316,0.86101,0.86190,0.81871,0.79416,0.78197,0.76982,0.73826,0.71961,0.71451,0.65748,0.64269,0.67890,0.64088,0.59648,0.57124,0.56659,0.62962,0.64050,0.69109,0.66305,0.68693,0.72200,0.75476,0.80395,0.85169,0.88409,0.92260,0.89356,0.89052,0.92616,0.88779,0.85259,0.88740,0.88934,0.83354,0.80979,0.75977,0.72355,0.62659,0.60020,0.58427,0.48875,0.44953,0.43935,0.30711,0.25454,0.17815,0.28945,0.35567,0.27840,0.31420,0.35164,0.47300,0.53674,0.61698,0.58865,0.61075,0.56812,0.56664,0.53274,0.60773,0.54669,0.53882,0.64075,0.66251,0.59901,0.67793,0.74881,0.70884,0.70380,0.60591,0.52313,0.61502,0.73929,0.70502,0.77131,0.81008,0.83189,0.79104,0.79261,0.76102,0.74595,0.71523,0.65779,0.61799,0.54685,0.51283,0.43541,0.39957,0.31149,0.26331,0.19449,0.12316,0.08348,0.13414,0.14165,0.17952,0.24880,0.27504,0.30380,0.32376,0.27619,0.31684,0.36792,0.38157,0.46238,0.45694,0.39114,0.37018,0.30974,0.25351,0.25357,0.17442,0.27421,0.36670,0.44515,0.41939,0.43576,0.45421,0.52530,0.57466,0.64670,0.67991,0.73561,0.75161,0.71154,0.69219,0.64718,0.64866,0.57091,0.59067,0.50954,0.45934,0.39996,0.30246,0.20769,0.21991,0.11781,0.08746,-0.01324,-0.04327,0.04427,0.04520,0.18970,0.21482,0.34240,0.39190,0.44662,0.49402,0.50323,0.54272,0.53306,0.60036,0.67797,0.68019,0.64648,0.70264,0.76095,0.79822,0.80972,0.82533,0.84625,0.82791,0.82660,0.78244,0.73751,0.65908,0.57737,0.49562,0.38766,0.25385,0.22645,0.31889,0.36690
0.98854,0.98668,0.97684,0.98007,0.98167,0.97408,0.96235,0.95701,0.94632,0.92237,0.90655,0.90167,0.91079,0.91186,0.90074,0.88943,0.85915,0.84689,0.81290,0.79071,0.79767,0.76282,0.77338,0.77723,0.73018,0.70872,0.72523,0.70108,0.64727,0.64199,0.64179,0.58877,0.54172,0.53411,0.52261,0.41599,0.34769,0.23587,0.31499,0.29401,0.37898,0.48872,0.53285,0.62988,0.69527,0.75668,0.79459,0.83343,0.83864,0.86789,0.85888,0.86492,0.85739,0.85456,0.85524,0.81031,0.78495,0.77229,0.75955,0.72686,0.70775,0.70254,0.64399,0.62869,0.66612,0.62638,0.58025,0.55394,0.54961,0.61517,0.62691,0.67954,0.65095,0.67645,0.71200,0.74587,0.79794,0.84914,0.88455,0.92254,0.89025,0.88761,0.92405,0.88287,0.84602,0.88267,0.88444,0.82643,0.80177,0.75013,0.71272,0.61201,0.58526,0.56988,0.47183,0.43221,0.42222,0.28971,0.23724,0.15982,0.26678,0.33475,0.25664,0.29280,0.33082,0.45413,0.51926,0.60171,0.57341,0.59726,0.55501,0.55345,0.52033,0.59739,0.53648,0.52750,0.62995,0.65443,0.59006,0.66895,0.74473,0.70670,0.70530,0.61213,0.53071,0.62403,0.74662,0.70943,0.77505,0.81039,0.82952,0.78575,0.78563,0.75267,0.73571,0.70348,0.64423,0.60290,0.53008,0.49487,0.41531,0.37919,0.29035,0.24208,0.17245,0.10166,0.06155,0.11237,0.11688,0.15520,0.22570,0.25258,0.28217,0.30238,0.25399,0.29542,0.34741,0.36087,0.44338,0.43789,0.37114,0.35068,0.28956,0.23375,0.23502,0.15673,0.25814,0.35090,0.43115,0.40585,0.42123,0.44063,0.51307,0.56169,0.63605,0.66947,0.72492,0.74035,0.69974,0.68041,0.63492,0.63704,0.55850,0.58032,0.49727,0.44819,0.38735,0.28943,0.19292,0.20309,0.10082,0.06842,-0.03183,-0.06462,0.02294,0.02320,0.16963,0.19727,0.32564,0.37439,0.43018,0.47691,0.48538,0.52550,0.51543,0.58485,0.66474,0.66698,0.63218,0.69010,0.75057,0.78965,0.80212,0.81928,0.84167,0.82502,0.82569,0.78164,0.73868,0.65931,0.57904,0.49706,0.38880,0.25179,0.22711,0.32937,0.37769
0.99502,0.99317,0.98736,0.99115,0.99122,0.98520,0.97611,0.96996,0.95885,0.93834,0.92311,0.92025,0.92950,0.93117,0.92121,0.91006,0.88213,0.86948,0.83676,0.81588,0.82353,0.79136,0.80138,0.80457,0.75960,0.73978,0.75532,0.73110,0.67984,0.67532,0.67430,0.62177,0.57678,0.56952,0.55762,0.45314,0.38158,0.27085,0.35007,0.32690,0.41053,0.51880,0.56309,0.65929,0.72246,0.78326,0.81802,0.85617,0.86282,0.89094,0.88263,0.88784,0.87946,0.87527,0.87460,0.83023,0.80692,0.79574,0.78178,0.74893,0.73193,0.72695,0.66888,0.65478,0.69307,0.65380,0.60853,0.58402,0.58102,0.64576,0.65851,0.71039,0.68284,0.70781,0.74176,0.77466,0.82432,0.87260,0.90522,0.93999,0.90998,0.90840,0.94129,0.90085,0.86740,0.90275,0.90215,0.84486,0.82286,0.77337,0.73390,0.63421,0.60644,0.58661,0.48802,0.44577,0.43819,0.30624,0.25616,0.18256,0.29594,0.36304,0.28705,0.32249,0.35752,0.47804,0.54480,0.62861,0.60364,0.62922,0.58939,0.58848,0.55638,0.63137,0.57169,0.56266,0.66273,0.68617,0.62300,0.69951,0.77170,0.73261,0.72944,0.63215,0.54978,0.63835,0.76253,0.72975,0.79586,0.83356,0.85399,0.81318,0.81300,0.78141,0.76346,0.73193,0.67334,0.63194,0.56045,0.52501,0.44598,0.41071,0.32171,0.27640,0.20660,0.13722,0.09486,0.14283,0.14565,0.18189,0.25317,0.27662,0.30696,0.32959,0.28169,0.32273,0.37511,0.39003,0.47188,0.46758,0.40220,0.38575,0.32593,0.27194,0.27433,0.19754,0.29880,0.39076,0.46993,0.44525,0.46002,0.47925,0.55009,0.59759,0.66974,0.70138,0.75409,0.76745,0.72910,0.71118,0.66801,0.67012,0.59344,0.61360,0.53441,0.48625,0.42638,0.33034,0.23443,0.24396,0.14195,0.10869,0.00751,-0.02645,0.06094,0.06068,0.20878,0.23779,0.36545,0.41299,0.46621,0.51055,0.51595,0.55361,0.54074,0.60860,0.68791,0.69042,0.65808,0.71620,0.77590,0.81474,0.82810,0.84527,0.86651,0.85011,0.84925,0.80746,0.76284,0.68517,0.60465,0.52308,0.41637,0.28086,0.25416,0.35567,0.40189
