# 788,789,790,791,792,793,794,795,796,797,798,799,800,801,802,803,804,805,806,807,808,809,810,811,812,813,814,815,816,817,818,819,820,821,822,823,824,825,826,827,828,829,830,831,832,833,834,835,836,837,838,839,840,841,842,843,844,845,846,847,848,849,850,851,852,853,854,855,856,857,858,859,860,861,862,863,864,865,866,867,868,869,870,871,872,873,874,875,876,877,878,879,880,881,882,883,884,885,886,887,888,889,890,891,892,893,894,895,896,897,898,899,900,901,902,903,904,905,906,907,908,909,910,911,912,913,914,915,916,917,918,919,920,921,922,923,924,925,926,927,928,929,930,931,932,933,934,935,936,937,938,939,940,941,942,943,944,945,946,947,948,949,950,951,952,953,954,955,956,957,958,959,960,961,962,963,964,965,966,967,968,969,970,971,972,973,974,975,976,977,978,979,980,981,982,983,984,985,986,987,988,989,990,991,992,993,994,995,996,997,998,999,1000,1001,1002,1003,1004,1005,1006,1007,1008,1009,1010,1011,1012,1013,1014
0.98487,0.98070,0.98418,0.97282,0.95131,0.94917,0.94915,0.92030,0.89366,0.89003,0.86578,0.87456,0.89540,0.91488,0.91550,0.91589,0.87556,0.85954,0.82164,0.79224,0.80180,0.75142,0.76660,0.77594,0.70638,0.65339,0.68754,0.66346,0.55981,0.54198,0.56149,0.47752,0.36510,0.35467,0.34127,0.20252,0.17592,0.02670,0.08582,0.05513,0.17688,0.34435,0.42239,0.58862,0.67196,0.75472,0.81870,0.86346,0.85575,0.88369,0.85719,0.85027,0.82026,0.80116,0.79450,0.72575,0.68648,0.66175,0.62892,0.57477,0.53793,0.52031,0.42856,0.40550,0.45739,0.38127,0.28672,0.23309,0.21777,0.34950,0.36744,0.47947,0.45703,0.52746,0.58563,0.65254,0.72370,0.83384,0.90594,0.92833,0.85688,0.86281,0.88943,0.80003,0.76689,0.83024,0.82020,0.73616,0.68716,0.59792,0.50596,0.36741,0.29952,0.27151,0.13804,0.10361,0.06987,-0.12462,-0.15456,-0.29138,-0.18654,-0.12362,-0.21696,-0.15726,-0.08642,0.08056,0.17907,0.30794,0.25301,0.32485,0.27185,0.27964,0.28054,0.47262,0.32891,0.27022,0.47200,0.52563,0.40100,0.53596,0.70346,0.65618,0.68935,0.57679,0.54466,0.64073,0.73178,0.71392,0.80618,0.82848,0.83817,0.76026,0.74049,0.66566,0.61919,0.54358,0.42793,0.34672,0.21158,0.15508,0.02527,-0.02620,-0.15457,-0.22056,-0.31122,-0.38439,-0.41720,-0.37443,-0.36043,-0.31235,-0.19504,-0.13391,-0.09492,-0.07516,-0.15023,-0.10640,-0.04986,-0.03407,0.08695,0.06345,-0.05540,-0.08139,-0.19040,-0.21916,-0.20083,-0.26633,-0.13389,-0.01295,0.13282,0.09117,0.09237,0.12524,0.25620,0.28775,0.40022,0.39292,0.48966,0.46525,0.39250,0.42503,0.35762,0.42731,0.30619,0.36761,0.25536,0.19872,0.09215,-0.05600,-0.19530,-0.21772,-0.32417,-0.36619,-0.44245,-0.48565,-0.42785,-0.42694,-0.28820,-0.21740,-0.08200,-0.05874,-0.00038,0.10781,0.11622,0.20028,0.19908,0.32256,0.45459,0.47613,0.41219,0.51600,0.62367,0.70348,0.75067,0.79558,0.83710,0.82790,0.84731,0.78171,0.72350,0.61268,0.52045,0.39945,0.24725,0.14839,0.22940,0.30543,0.41725
0.98821,0.98593,0.99211,0.98512,0.96623,0.96631,0.96867,0.94335,0.91959,0.91897,0.89729,0.90705,0.92565,0.94201,0.94103,0.93667,0.89921,0.88031,0.84169,0.81216,0.82531,0.77872,0.79815,0.80326,0.73297,0.68821,0.72200,0.69132,0.59212,0.58152,0.59687,0.50803,0.40296,0.39831,0.37918,0.23815,0.20527,0.05047,0.11106,0.07312,0.19226,0.35922,0.43900,0.60805,0.68690,0.77330,0.83149,0.87967,0.87973,0.91051,0.89051,0.88629,0.85971,0.84170,0.83386,0.76959,0.73410,0.71218,0.67977,0.62725,0.59397,0.57738,0.48778,0.46638,0.51770,0.44339,0.35139,0.29915,0.28404,0.41349,0.42991,0.53751,0.51517,0.58065,0.63846,0.69931,0.76763,0.86673,0.92969,0.95114,0.89060,0.89659,0.91884,0.83772,0.80967,0.86762,0.85597,0.77677,0.73376,0.65119,0.56105,0.42572,0.35792,0.32673,0.19348,0.15706,0.12776,-0.06529,-0.09328,-0.23140,-0.12421,-0.05918,-0.15335,-0.09218,-0.02187,0.14446,0.24394,0.37178,0.31811,0.38831,0.33278,0.33686,0.33406,0.51803,0.36962,0.32062,0.52119,0.56373,0.44351,0.58365,0.73849,0.68872,0.70697,0.58275,0.54140,0.63481,0.73198,0.71812,0.81562,0.84864,0.86533,0.79714,0.78380,0.71391,0.67239,0.60110,0.48980,0.41070,0.27784,0.22176,0.09227,0.04092,-0.08850,-0.15624,-0.24936,-0.32642,-0.36012,-0.31497,-0.29988,-0.25126,-0.13223,-0.07214,-0.03210,-0.01104,-0.08633,-0.04254,0.01542,0.03203,0.15323,0.13044,0.01158,-0.01523,-0.12701,-0.15831,-0.14447,-0.21661,-0.08541,0.03976,0.18426,0.14178,0.14738,0.17766,0.30691,0.34306,0.45541,0.45164,0.54552,0.52296,0.45419,0.48586,0.41859,0.48320,0.36161,0.41666,0.30346,0.24102,0.13472,-0.01317,-0.15087,-0.16623,-0.27559,-0.31519,-0.39695,-0.43810,-0.37631,-0.37611,-0.23363,-0.16845,-0.02782,0.00147,0.06358,0.17457,0.18329,0.26600,0.26327,0.38408,0.51243,0.53334,0.47339,0.57446,0.67749,0.75268,0.79566,0.83461,0.87051,0.85580,0.86824,0.80096,0.73435,0.62431,0.52618,0.40354,0.25173,0.15238,0.22994,0.31295,0.42022
0.98040,0.97933,0.98827,0.98126,0.96116,0.96325,0.96759,0.94075,0.91674,0.91898,0.89706,0.91007,0.93023,0.94915,0.95065,0.94862,0.91519,0.89867,0.86273,0.83520,0.84703,0.80209,0.81995,0.82580,0.75872,0.71551,0.74756,0.71846,0.62276,0.61186,0.62683,0.54074,0.43798,0.43259,0.41456,0.27437,0.24157,0.08537,0.14706,0.10867,0.22742,0.39298,0.47185,0.63708,0.71279,0.79665,0.85081,0.89645,0.89709,0.92421,0.90366,0.89640,0.86731,0.84617,0.83506,0.77068,0.73780,0.71854,0.68332,0.62998,0.60045,0.58418,0.49450,0.47565,0.52902,0.45463,0.36423,0.31530,0.30334,0.43193,0.45170,0.56005,0.53949,0.60609,0.65992,0.72036,0.78355,0.87949,0.93979,0.95542,0.89564,0.90370,0.92093,0.83826,0.81412,0.87094,0.85507,0.77498,0.73618,0.65745,0.56362,0.42888,0.35964,0.32363,0.18957,0.15105,0.12671,-0.06238,-0.08755,-0.22169,-0.11338,-0.04470,-0.13411,-0.07592,-0.01120,0.15208,0.25394,0.38428,0.33693,0.41103,0.36071,0.36826,0.36644,0.54833,0.40427,0.35350,0.54987,0.59352,0.47403,0.60739,0.76032,0.71266,0.73128,0.60915,0.56586,0.65526,0.75101,0.73972,0.83439,0.86677,0.88280,0.81777,0.80209,0.73380,0.68944,0.61808,0.50617,0.42545,0.29456,0.23729,0.10865,0.06009,-0.06990,-0.13358,-0.22632,-0.30032,-0.33598,-0.29359,-0.28317,-0.23937,-0.12212,-0.06503,-0.02454,-0.00133,-0.07533,-0.03277,0.02668,0.04493,0.16550,0.14555,0.02971,0.00755,-0.10083,-0.12923,-0.11187,-0.18205,-0.04924,0.07487,0.21976,0.17748,0.18012,0.21091,0.33990,0.37310,0.48255,0.47660,0.56850,0.54425,0.47250,0.50662,0.44282,0.51032,0.39295,0.44949,0.33848,0.27817,0.17229,0.02457,-0.11416,-0.13208,-0.24273,-0.28421,-0.36656,-0.40958,-0.34712,-0.34653,-0.20197,-0.13359,0.00668,0.03261,0.09142,0.19728,0.20088,0.27895,0.27159,0.39011,0.51778,0.53839,0.48261,0.58533,0.68846,0.76475,0.81029,0.85072,0.88603,0.87448,0.88598,0.82196,0.75754,0.65175,0.55501,0.43445,0.28458,0.18600,0.26192,0.34418,0.44502
0.97616,0.97539,0.98767,0.98241,0.96195,0.96580,0.97359,0.94737,0.92437,0.93105,0.91060,0.92675,0.94698,0.96645,0.96908,0.96713,0.93796,0.92060,0.88636,0.85986,0.87358,0.83266,0.85125,0.85536,0.79087,0.75346,0.78454,0.75369,0.66297,0.65578,0.66873,0.58229,0.48479,0.48222,0.46220,0.32207,0.28726,0.12890,0.19163,0.14983,0.26571,0.42917,0.50787,0.67132,0.74173,0.82439,0.87258,0.91752,0.92182,0.94748,0.92948,0.92076,0.89107,0.86812,0.85398,0.79171,0.76315,0.74542,0.70892,0.65757,0.63252,0.61616,0.52831,0.51271,0.56671,0.49329,0.40540,0.36012,0.35105,0.47776,0.49988,0.60709,0.58754,0.65267,0.70362,0.76179,0.81942,0.90667,0.95863,0.96953,0.91643,0.92505,0.93505,0.85476,0.83749,0.89067,0.87031,0.79147,0.76010,0.68905,0.59391,0.46078,0.39011,0.34866,0.21437,0.17324,0.15465,-0.03080,-0.05251,-0.18454,-0.07375,-0.00156,-0.08807,-0.03133,0.02877,0.18928,0.29338,0.42530,0.38394,0.46024,0.41376,0.42151,0.41919,0.59645,0.45343,0.40633,0.59880,0.63811,0.52395,0.65379,0.79641,0.74943,0.76022,0.63238,0.58461,0.66885,0.76776,0.76057,0.85494,0.89213,0.90998,0.85231,0.83825,0.77460,0.73007,0.66031,0.54965,0.46844,0.34044,0.28207,0.15399,0.10761,-0.02337,-0.08504,-0.17839,-0.25175,-0.28902,-0.24780,-0.24044,-0.20063,-0.08375,-0.03020,0.01105,0.03674,-0.03744,0.00387,0.06582,0.08642,0.20704,0.18999,0.07685,0.05802,-0.04900,-0.07661,-0.05882,-0.13057,0.00283,0.12817,0.27254,0.23038,0.23304,0.26391,0.39202,0.42479,0.53183,0.52429,0.61027,0.58497,0.51481,0.55125,0.49139,0.55935,0.44452,0.49945,0.39000,0.32852,0.22282,0.07476,-0.06488,-0.08072,-0.19354,-0.23461,-0.31959,-0.36321,-0.29775,-0.29733,-0.14957,-0.08158,0.06077,0.08770,0.14586,0.24769,0.24723,0.32092,0.30905,0.42431,0.55008,0.57004,0.51962,0.62260,0.72319,0.79800,0.84386,0.88243,0.91418,0.90266,0.91047,0.84919,0.78260,0.68052,0.58183,0.46264,0.31511,0.21631,0.28661,0.37093,0.46170
0.95616,0.95457,0.97158,0.96096,0.93262,0.93845,0.95006,0.91550,0.88759,0.89984,0.87600,0.90020,0.92705,0.95674,0.96792,0.97704,0.95457,0.94381,0.91711,0.89508,0.90405,0.86515,0.87583,0.88551,0.83050,0.78851,0.81671,0.79706,0.71055,0.69540,0.71246,0.63742,0.53774,0.52798,0.51627,0.38201,0.35361,0.19998,0.26385,0.22790,0.34386,0.50351,0.57827,0.72944,0.79588,0.86698,0.91094,0.94525,0.94269,0.95593,0.92976,0.90960,0.86919,0.83738,0.81645,0.74911,0.72385,0.70927,0.66521,0.61112,0.59224,0.57526,0.48472,0.47438,0.53408,0.45835,0.37204,0.33504,0.33441,0.46142,0.49425,0.60780,0.59173,0.66454,0.70649,0.77064,0.81795,0.90844,0.96097,0.95792,0.89554,0.90832,0.90851,0.81515,0.80481,0.86090,0.83068,0.74323,0.71796,0.65166,0.54688,0.41010,0.33497,0.28428,0.14740,0.10312,0.09203,-0.08530,-0.10025,-0.22134,-0.11038,-0.03080,-0.10466,-0.05636,-0.00951,0.14354,0.25299,0.39241,0.36620,0.45499,0.42557,0.44491,0.44988,0.63101,0.50300,0.44183,0.62463,0.67868,0.56436,0.67080,0.81868,0.78022,0.80730,0.69447,0.65375,0.72965,0.81974,0.81503,0.89636,0.92116,0.92837,0.86901,0.84242,0.77893,0.72157,0.64707,0.52939,0.44205,0.31697,0.25448,0.12743,0.08775,-0.04351,-0.09351,-0.18336,-0.24526,-0.28597,-0.25411,-0.26022,-0.23355,-0.12237,-0.07633,-0.03467,-0.00442,-0.07693,-0.03845,0.02704,0.05138,0.17085,0.16040,0.05532,0.04972,-0.04672,-0.06483,-0.03302,-0.09293,0.04624,0.16490,0.31130,0.27111,0.26248,0.29921,0.42888,0.44931,0.54938,0.52895,0.60990,0.57637,0.49737,0.54219,0.49261,0.57345,0.46936,0.53490,0.43244,0.38194,0.27635,0.12798,-0.01716,-0.04533,-0.15889,-0.20709,-0.28900,-0.33960,-0.27643,-0.27531,-0.12483,-0.04222,0.09417,0.10707,0.15310,0.23811,0.22376,0.28699,0.26513,0.37723,0.50504,0.52494,0.48140,0.59174,0.69679,0.77913,0.83663,0.88528,0.92054,0.92287,0.93668,0.88729,0.83412,0.74155,0.65234,0.53969,0.39753,0.30061,0.36828,0.44332,0.52064
0.94419,0.94137,0.95965,0.94258,0.90800,0.91385,0.92548,0.88361,0.85112,0.86404,0.83585,0.86331,0.89529,0.93287,0.94966,0.96801,0.94664,0.94180,0.91909,0.89974,0.90352,0.86240,0.86571,0.88178,0.83216,0.78122,0.80840,0.79976,0.71169,0.68684,0.70975,0.64430,0.53758,0.51943,0.51677,0.38629,0.36557,0.21850,0.28251,0.25467,0.37404,0.53241,0.60374,0.74670,0.81452,0.87702,0.92323,0.94921,0.93720,0.94148,0.90582,0.87777,0.82902,0.79200,0.76840,0.69477,0.66751,0.65308,0.60497,0.54711,0.52843,0.51079,0.41621,0.40692,0.47038,0.39178,0.30457,0.27091,0.27459,0.40380,0.44352,0.56426,0.55034,0.63140,0.66889,0.74111,0.78511,0.88639,0.94670,0.93730,0.86126,0.87672,0.87506,0.76817,0.75708,0.81871,0.78454,0.68863,0.66181,0.59262,0.48083,0.33882,0.26114,0.20816,0.06917,0.02476,0.01420,-0.16062,-0.17324,-0.28758,-0.17794,-0.09576,-0.16232,-0.11980,-0.07977,0.06992,0.18196,0.32641,0.30714,0.40443,0.38596,0.41449,0.42555,0.61549,0.49911,0.42301,0.60227,0.67233,0.55453,0.64518,0.80522,0.77311,0.82064,0.72547,0.69599,0.76984,0.84917,0.84299,0.91301,0.92323,0.91945,0.85200,0.81373,0.74556,0.67744,0.59692,0.47168,0.37917,0.25359,0.18836,0.06135,0.02527,-0.10555,-0.14776,-0.23393,-0.28670,-0.32864,-0.30315,-0.31746,-0.29822,-0.19154,-0.14912,-0.10797,-0.07626,-0.14764,-0.11098,-0.04446,-0.01864,0.10028,0.09289,-0.00784,-0.00554,-0.09405,-0.10531,-0.06253,-0.11162,0.03193,0.14434,0.29300,0.25394,0.23516,0.27632,0.40925,0.42051,0.51740,0.48760,0.56945,0.52997,0.44181,0.49123,0.44650,0.53877,0.44064,0.51688,0.41851,0.37869,0.27309,0.12386,-0.02586,-0.06592,-0.17802,-0.23218,-0.30879,-0.36495,-0.30572,-0.30390,-0.15404,-0.05916,0.07051,0.07139,0.10813,0.18205,0.15988,0.21841,0.19240,0.30516,0.43742,0.45742,0.41455,0.53108,0.64246,0.73290,0.79988,0.85856,0.90011,0.91402,0.93661,0.89406,0.85495,0.76668,0.68694,0.57868,0.43868,0.34318,0.41323,0.47820,0.55340
0.92806,0.92587,0.94861,0.93290,0.89708,0.90546,0.92124,0.87915,0.84725,0.86563,0.83905,0.87114,0.90373,0.94252,0.96126,0.98076,0.96526,0.96039,0.94111,0.92381,0.92916,0.89393,0.89710,0.91161,0.86717,0.82282,0.84784,0.83867,0.75836,0.73687,0.75762,0.69426,0.59525,0.57927,0.57526,0.44802,0.42351,0.27769,0.34196,0.30895,0.42426,0.57796,0.64780,0.78536,0.84629,0.90555,0.94342,0.96753,0.95916,0.96010,0.92683,0.89648,0.84629,0.80647,0.77856,0.70808,0.68728,0.67630,0.62501,0.56909,0.55731,0.53984,0.44786,0.44304,0.50770,0.43077,0.34797,0.32039,0.32871,0.45406,0.49731,0.61509,0.60333,0.68262,0.71468,0.78329,0.81937,0.91014,0.96054,0.94323,0.87428,0.89149,0.88069,0.77738,0.77474,0.83079,0.79058,0.69746,0.68000,0.62019,0.50669,0.36845,0.28988,0.22945,0.09138,0.04384,0.04193,-0.12503,-0.13229,-0.24033,-0.12973,-0.04319,-0.10349,-0.06454,-0.03227,0.11118,0.22471,0.37011,0.36018,0.46014,0.44767,0.47763,0.48899,0.67051,0.55890,0.48638,0.65701,0.72279,0.61115,0.69457,0.84298,0.81242,0.85201,0.75263,0.71731,0.78321,0.86405,0.86373,0.93183,0.94636,0.94422,0.88586,0.84820,0.78634,0.71744,0.63990,0.51727,0.42498,0.30482,0.23856,0.11422,0.08198,-0.04849,-0.08573,-0.17120,-0.22137,-0.26511,-0.24205,-0.26199,-0.24884,-0.14480,-0.10802,-0.06666,-0.03167,-0.10181,-0.06730,0.00159,0.03010,0.14696,0.14376,0.04846,0.05653,-0.02827,-0.03718,0.00736,-0.04125,0.10222,0.21396,0.36034,0.32205,0.30276,0.34320,0.47305,0.48300,0.57442,0.54230,0.61700,0.57730,0.48920,0.54109,0.50241,0.59465,0.50249,0.57645,0.48216,0.44253,0.33909,0.19217,0.04306,0.00406,-0.10944,-0.16398,-0.24327,-0.30014,-0.23925,-0.23750,-0.08445,0.01122,0.14100,0.14068,0.17446,0.24185,0.21354,0.26458,0.23235,0.33909,0.46652,0.48568,0.45073,0.56722,0.67482,0.76316,0.83044,0.88761,0.92494,0.94031,0.95860,0.92117,0.88045,0.79919,0.71900,0.61399,0.47874,0.38448,0.44837,0.51525,0.57810
0.95548,0.95509,0.97304,0.96585,0.94063,0.94759,0.96033,0.92958,0.90458,0.91850,0.89723,0.92129,0.94547,0.97137,0.97981,0.98463,0.96370,0.94979,0.92216,0.89961,0.91156,0.87578,0.89000,0.89616,0.84039,0.80548,0.83379,0.80841,0.72549,0.71684,0.73057,0.65139,0.55838,0.55375,0.53715,0.40254,0.36752,0.21276,0.27680,0.23390,0.34694,0.50535,0.58099,0.73439,0.79724,0.87138,0.91121,0.94957,0.95271,0.96919,0.94830,0.93163,0.89525,0.86549,0.84457,0.78202,0.75980,0.74600,0.70326,0.65201,0.63531,0.61864,0.53096,0.52153,0.57959,0.50608,0.42260,0.38630,0.38506,0.50902,0.53961,0.64828,0.63246,0.70048,0.74288,0.80220,0.84876,0.93005,0.97437,0.97188,0.91913,0.93088,0.92849,0.84368,0.83655,0.88673,0.85647,0.77514,0.75428,0.69322,0.59188,0.45932,0.38534,0.33322,0.19773,0.15280,0.14447,-0.03118,-0.04519,-0.16697,-0.05472,0.02490,-0.05064,-0.00083,0.04635,0.19844,0.30652,0.44368,0.41735,0.50226,0.46914,0.48381,0.48597,0.65929,0.52730,0.47594,0.65709,0.70133,0.59184,0.70444,0.84109,0.79945,0.81247,0.68934,0.64065,0.71380,0.80920,0.80859,0.89478,0.92880,0.94216,0.89038,0.86988,0.81065,0.75844,0.68830,0.57578,0.49124,0.36882,0.30732,0.18142,0.14153,0.01046,-0.04145,-0.13270,-0.19832,-0.23841,-0.20361,-0.20757,-0.17946,-0.06717,-0.02209,0.01961,0.05011,-0.02262,0.01563,0.08146,0.10613,0.22491,0.21452,0.10973,0.10222,0.00320,-0.01798,0.00870,-0.05693,0.07990,0.20161,0.34549,0.30482,0.30105,0.33443,0.46173,0.48681,0.58623,0.56996,0.64787,0.61774,0.54284,0.58548,0.53602,0.61097,0.50616,0.56530,0.46265,0.40673,0.30242,0.15558,0.01293,-0.00855,-0.12288,-0.16790,-0.25401,-0.30175,-0.23595,-0.23503,-0.08283,-0.00649,0.13320,0.15176,0.20152,0.28995,0.27749,0.33999,0.31816,0.42730,0.55084,0.56967,0.52891,0.63600,0.73617,0.81360,0.86591,0.90891,0.93964,0.93654,0.94449,0.89310,0.83225,0.74055,0.64614,0.53243,0.39060,0.29300,0.35746,0.43859,0.51294
0.96891,0.96770,0.98162,0.97124,0.94583,0.95038,0.95862,0.92631,0.89981,0.90841,0.88426,0.90421,0.92885,0.95565,0.96344,0.96949,0.94271,0.93051,0.90037,0.87647,0.88545,0.84301,0.85550,0.86493,0.80532,0.76157,0.79203,0.77013,0.67902,0.66458,0.68222,0.60353,0.50104,0.49214,0.47932,0.34220,0.31247,0.15886,0.22283,0.18712,0.30512,0.46784,0.54391,0.70043,0.77052,0.84576,0.89450,0.93261,0.92955,0.94710,0.92130,0.90498,0.86780,0.83955,0.82220,0.75504,0.72600,0.70866,0.66791,0.61376,0.59029,0.57303,0.48161,0.46812,0.52607,0.45008,0.36199,0.32047,0.31596,0.44430,0.47315,0.58669,0.56929,0.64154,0.68851,0.75358,0.80745,0.90233,0.95826,0.96215,0.89869,0.90917,0.91561,0.82398,0.80781,0.86461,0.83953,0.75339,0.72267,0.65157,0.55000,0.41237,0.33860,0.29340,0.15673,0.11494,0.09801,-0.08516,-0.10391,-0.23018,-0.11932,-0.04337,-0.12322,-0.07143,-0.01823,0.13929,0.24635,0.38375,0.35003,0.43424,0.39774,0.41320,0.41668,0.60076,0.46719,0.40852,0.59756,0.65030,0.53416,0.64988,0.80138,0.76002,0.78591,0.67104,0.63063,0.71155,0.80280,0.79580,0.88111,0.90711,0.91587,0.85283,0.82873,0.76186,0.70767,0.63272,0.51560,0.42965,0.30169,0.24041,0.11207,0.06913,-0.06217,-0.11688,-0.20789,-0.27369,-0.31219,-0.27647,-0.27700,-0.24454,-0.13106,-0.08106,-0.04000,-0.01245,-0.08619,-0.04627,0.01758,0.03992,0.16048,0.14674,0.03764,0.02647,-0.07406,-0.09593,-0.06827,-0.13144,0.00652,0.12719,0.27382,0.23267,0.22677,0.26169,0.39322,0.41755,0.52142,0.50514,0.59042,0.55939,0.48172,0.52291,0.46867,0.54647,0.43715,0.50127,0.39570,0.34238,0.23605,0.08665,-0.05795,-0.08346,-0.19593,-0.24208,-0.32409,-0.37265,-0.30937,-0.30743,-0.15880,-0.08026,0.05744,0.07403,0.12469,0.21662,0.20812,0.27672,0.26019,0.37539,0.50468,0.52411,0.47570,0.58465,0.69015,0.77184,0.82622,0.87339,0.91002,0.90841,0.92292,0.86828,0.81256,0.71514,0.62335,0.50763,0.36191,0.26332,0.33447,0.41176,0.49811
0.94729,0.94525,0.96361,0.94760,0.91480,0.92150,0.93263,0.89236,0.86157,0.87472,0.84712,0.87375,0.90413,0.93990,0.95489,0.97097,0.94953,0.94334,0.91946,0.89964,0.90465,0.86406,0.86918,0.88391,0.83321,0.78466,0.81255,0.80142,0.71392,0.69180,0.71400,0.64644,0.54159,0.52566,0.52135,0.38964,0.36508,0.21750,0.28260,0.25290,0.37170,0.53013,0.60194,0.74639,0.81337,0.87769,0.92290,0.95070,0.94072,0.94681,0.91328,0.88722,0.84042,0.80481,0.78165,0.70979,0.68294,0.66864,0.62146,0.56456,0.54610,0.52854,0.43474,0.42528,0.48805,0.41021,0.32394,0.28981,0.29275,0.42115,0.45940,0.57843,0.56428,0.64392,0.68286,0.75373,0.79847,0.89726,0.95466,0.94661,0.87411,0.88864,0.88677,0.78353,0.77251,0.83158,0.79809,0.70457,0.67881,0.61104,0.50079,0.36019,0.28306,0.23038,0.09207,0.04797,0.03759,-0.13772,-0.15062,-0.26612,-0.15568,-0.07396,-0.14225,-0.09876,-0.05760,0.09258,0.20333,0.34686,0.32654,0.42153,0.40039,0.42618,0.43632,0.62391,0.50564,0.43387,0.61358,0.67985,0.56392,0.65842,0.81479,0.78130,0.82283,0.72297,0.69021,0.76349,0.84500,0.84045,0.91295,0.92675,0.92532,0.86016,0.82430,0.75708,0.69142,0.61225,0.48896,0.39781,0.27265,0.20785,0.08112,0.04463,-0.08619,-0.12975,-0.21681,-0.27155,-0.31272,-0.28535,-0.29820,-0.27745,-0.17022,-0.12749,-0.08648,-0.05501,-0.12681,-0.09025,-0.02383,0.00201,0.12082,0.11317,0.01199,0.01282,-0.07733,-0.09033,-0.05008,-0.10192,0.04081,0.15471,0.30211,0.26252,0.24593,0.28522,0.41808,0.43174,0.52894,0.50169,0.58417,0.54602,0.45949,0.50690,0.46121,0.55082,0.45137,0.52504,0.42611,0.38387,0.27868,0.12976,-0.01925,-0.05631,-0.16867,-0.22123,-0.29896,-0.35429,-0.29364,-0.29122,-0.14102,-0.04902,0.08211,0.08520,0.12416,0.20070,0.17991,0.23887,0.21380,0.32587,0.45689,0.47594,0.43334,0.54859,0.65824,0.74695,0.81125,0.86767,0.90781,0.91914,0.93967,0.89559,0.85336,0.76496,0.68258,0.57336,0.43293,0.33697,0.40650,0.47514,0.55101
0.94876,0.94872,0.96817,0.95959,0.93300,0.94120,0.95457,0.92224,0.89706,0.91266,0.89048,0.91623,0.94123,0.96891,0.97848,0.98506,0.96615,0.95330,0.92704,0.90557,0.91705,0.88237,0.89545,0.90247,0.84899,0.81412,0.84211,0.81863,0.73736,0.72794,0.74271,0.66595,0.57349,0.56798,0.55318,0.41965,0.38428,0.23080,0.29617,0.25409,0.36706,0.52383,0.59844,0.74865,0.80954,0.88093,0.91903,0.95494,0.95705,0.97088,0.94871,0.93012,0.89183,0.86058,0.83793,0.77511,0.75423,0.74125,0.69695,0.64573,0.63089,0.61392,0.52630,0.51813,0.57703,0.50347,0.42131,0.38732,0.38811,0.51162,0.54449,0.65381,0.63876,0.70827,0.74896,0.80919,0.85347,0.93430,0.97711,0.97149,0.91806,0.93056,0.92526,0.83900,0.83353,0.88283,0.85017,0.76788,0.74957,0.69069,0.58739,0.45499,0.38029,0.32591,0.19033,0.14477,0.13865,-0.03426,-0.04639,-0.16513,-0.05290,0.02841,-0.04426,0.00316,0.04694,0.19673,0.30516,0.44372,0.42132,0.50818,0.47868,0.49505,0.49878,0.67159,0.54347,0.49074,0.66893,0.71534,0.60766,0.71531,0.85081,0.81121,0.82552,0.70426,0.65583,0.72572,0.81958,0.82076,0.90410,0.93639,0.94798,0.89694,0.87399,0.81531,0.76112,0.69040,0.57707,0.49170,0.37070,0.30825,0.18319,0.14511,0.01453,-0.03442,-0.12475,-0.18780,-0.22833,-0.19504,-0.20214,-0.17709,-0.06678,-0.02392,0.01762,0.04928,-0.02302,0.01389,0.08037,0.10620,0.22414,0.21565,0.11329,0.10905,0.01283,-0.00650,0.02281,-0.04056,0.09676,0.21689,0.36015,0.31983,0.31398,0.34743,0.47465,0.49797,0.59559,0.57712,0.65439,0.62252,0.54564,0.58937,0.54210,0.61940,0.51721,0.57767,0.47684,0.42298,0.31961,0.17349,0.03035,0.00693,-0.10745,-0.15355,-0.23884,-0.28797,-0.22245,-0.22104,-0.06830,0.01040,0.14867,0.16426,0.21150,0.29595,0.28023,0.33968,0.31564,0.42326,0.54638,0.56449,0.52592,0.63415,0.73460,0.81300,0.86693,0.91144,0.94231,0.94190,0.95063,0.90188,0.84353,0.75522,0.66216,0.55028,0.41014,0.31321,0.37663,0.45742,0.52882
0.97405,0.97525,0.98747,0.98388,0.96686,0.97234,0.97943,0.95637,0.93662,0.94439,0.92509,0.94021,0.95776,0.97430,0.97428,0.96856,0.94027,0.92066,0.88485,0.85801,0.87368,0.83405,0.85556,0.85731,0.79141,0.75891,0.79133,0.75613,0.66729,0.66519,0.67660,0.58657,0.49340,0.49509,0.47186,0.33133,0.29113,0.13202,0.19586,0.15009,0.26370,0.42634,0.50575,0.67119,0.73854,0.82345,0.86922,0.91739,0.92537,0.95397,0.93948,0.93376,0.90734,0.88649,0.87290,0.81449,0.78732,0.76976,0.73479,0.68574,0.66179,0.64553,0.55957,0.54409,0.59652,0.52474,0.43929,0.39437,0.38437,0.50878,0.52888,0.63254,0.61280,0.67472,0.72730,0.78276,0.84151,0.92300,0.96834,0.98114,0.93488,0.94155,0.95027,0.87654,0.86046,0.90890,0.88910,0.81467,0.78616,0.71900,0.62695,0.49711,0.42749,0.38637,0.25342,0.21293,0.19489,0.00997,-0.01184,-0.14494,-0.03322,0.03843,-0.05015,0.00790,0.06876,0.22897,0.33127,0.46118,0.41903,0.49126,0.44113,0.44449,0.44070,0.61239,0.46618,0.42723,0.61896,0.65164,0.54223,0.67765,0.81179,0.76332,0.76302,0.62741,0.57332,0.65531,0.75794,0.75393,0.85205,0.89561,0.91803,0.86520,0.85530,0.79394,0.75360,0.68693,0.57996,0.50120,0.37515,0.31759,0.19036,0.14367,0.01333,-0.05045,-0.14469,-0.22113,-0.25713,-0.21290,-0.20321,-0.16183,-0.04445,0.00911,0.04983,0.07499,0.00063,0.04184,0.10372,0.12405,0.24400,0.22684,0.11378,0.09304,-0.01626,-0.04635,-0.03273,-0.10900,0.02178,0.14895,0.29110,0.24863,0.25531,0.28336,0.41018,0.44684,0.55411,0.54948,0.63452,0.61096,0.54408,0.57834,0.51834,0.58170,0.46553,0.51576,0.40594,0.33999,0.23500,0.08819,-0.04932,-0.05965,-0.17232,-0.21055,-0.29853,-0.33934,-0.27157,-0.27013,-0.12206,-0.05983,0.08456,0.11553,0.17727,0.28224,0.28364,0.35727,0.34657,0.45982,0.58244,0.60061,0.55167,0.65203,0.74901,0.82011,0.86173,0.89622,0.92507,0.90914,0.91339,0.84994,0.77801,0.67683,0.57372,0.45358,0.30635,0.20626,0.27463,0.36490,0.45539
0.97113,0.97051,0.98259,0.97143,0.94772,0.95251,0.95781,0.92600,0.90064,0.90704,0.88204,0.89899,0.92247,0.94829,0.95429,0.95886,0.92967,0.91766,0.88534,0.86067,0.86913,0.82388,0.83690,0.84719,0.78509,0.73887,0.77104,0.74927,0.65487,0.63980,0.65910,0.57927,0.47394,0.46476,0.45326,0.31444,0.28526,0.13191,0.19657,0.16322,0.28275,0.44696,0.52317,0.68120,0.75345,0.82983,0.88177,0.92055,0.91596,0.93519,0.90863,0.89431,0.85815,0.83189,0.81656,0.74896,0.71681,0.69851,0.65951,0.60460,0.57819,0.56128,0.46856,0.45273,0.51014,0.43370,0.34464,0.30063,0.29406,0.42334,0.45032,0.56447,0.54618,0.61931,0.66919,0.73616,0.79402,0.89299,0.95183,0.96035,0.89473,0.90386,0.91402,0.82229,0.80188,0.85957,0.83735,0.75128,0.71692,0.64209,0.54145,0.40290,0.33051,0.28935,0.15274,0.11316,0.09241,-0.09412,-0.11559,-0.24417,-0.13350,-0.06024,-0.14289,-0.09003,-0.03382,0.12615,0.23148,0.36773,0.33004,0.41197,0.37199,0.38593,0.38926,0.57609,0.44154,0.38293,0.57499,0.62867,0.51166,0.63096,0.78582,0.74451,0.77241,0.65945,0.61999,0.70481,0.79425,0.78473,0.87030,0.89467,0.90337,0.83688,0.81270,0.74321,0.68985,0.61392,0.49625,0.41096,0.28118,0.22052,0.09169,0.04725,-0.08363,-0.14042,-0.23115,-0.29790,-0.33456,-0.29703,-0.29535,-0.26000,-0.14630,-0.09440,-0.05372,-0.02805,-0.10145,-0.06111,0.00097,0.02201,0.14268,0.12713,0.01632,0.00276,-0.09914,-0.12208,-0.09555,-0.15933,-0.02253,0.09777,0.24446,0.20269,0.19749,0.23159,0.36431,0.38996,0.49607,0.48179,0.57178,0.54075,0.46235,0.50154,0.44437,0.52187,0.40982,0.47413,0.36674,0.31315,0.20651,0.05683,-0.08717,-0.11246,-0.22365,-0.26913,-0.34960,-0.39737,-0.33420,-0.33113,-0.18468,-0.10766,0.02941,0.04643,0.09881,0.19329,0.18768,0.25913,0.24604,0.36310,0.49369,0.51220,0.46065,0.56923,0.67599,0.75799,0.81104,0.85848,0.89660,0.89397,0.91034,0.85302,0.79877,0.69932,0.60718,0.49049,0.34328,0.24368,0.31751,0.39546,0.48812
0.95219,0.95171,0.96928,0.95745,0.92981,0.93752,0.94775,0.91275,0.88644,0.89939,0.87454,0.89822,0.92421,0.95404,0.96437,0.97369,0.95168,0.94146,0.91438,0.89286,0.90149,0.86235,0.87293,0.88383,0.82944,0.78716,0.81658,0.79801,0.71148,0.69664,0.71568,0.64141,0.54185,0.53214,0.52229,0.38810,0.35666,0.20500,0.27123,0.23562,0.35256,0.51161,0.58526,0.73479,0.79964,0.86941,0.91267,0.94606,0.94234,0.95447,0.92738,0.90754,0.86699,0.83575,0.81442,0.74761,0.72211,0.70757,0.66367,0.60983,0.59129,0.57419,0.48313,0.47270,0.53272,0.45712,0.37257,0.33643,0.33636,0.46255,0.49596,0.60976,0.59452,0.66858,0.71117,0.77727,0.82560,0.91664,0.96661,0.96364,0.90132,0.91327,0.91202,0.81923,0.80864,0.86192,0.83123,0.74457,0.72073,0.65590,0.55079,0.41407,0.33947,0.28877,0.15194,0.10844,0.09804,-0.07875,-0.09359,-0.21303,-0.10141,-0.02182,-0.09525,-0.04853,-0.00326,0.14879,0.25691,0.39678,0.37183,0.45994,0.43058,0.44919,0.45526,0.63610,0.51127,0.45143,0.63259,0.68728,0.57561,0.68113,0.82786,0.79074,0.81675,0.70542,0.66278,0.73651,0.82459,0.82176,0.90155,0.92548,0.93211,0.87295,0.84510,0.78075,0.72292,0.64795,0.53032,0.44320,0.31908,0.25619,0.12990,0.09100,-0.03937,-0.08813,-0.17703,-0.23758,-0.27697,-0.24431,-0.25199,-0.22625,-0.11690,-0.07219,-0.03086,-0.00105,-0.07338,-0.03593,0.02914,0.05400,0.17260,0.16294,0.05947,0.05489,-0.04033,-0.05835,-0.02542,-0.08467,0.05389,0.17135,0.31654,0.27595,0.26656,0.30174,0.43214,0.45272,0.55160,0.53173,0.61418,0.57942,0.49850,0.54258,0.49393,0.57543,0.47238,0.53774,0.43623,0.38650,0.28209,0.13457,-0.01008,-0.03915,-0.15188,-0.19994,-0.28126,-0.33213,-0.26850,-0.26537,-0.11509,-0.03232,0.10284,0.11358,0.15923,0.24305,0.22791,0.28943,0.26771,0.37867,0.50581,0.52323,0.48090,0.59165,0.69660,0.77926,0.83590,0.88522,0.92088,0.92433,0.93897,0.89008,0.83872,0.74864,0.65894,0.54738,0.40550,0.30803,0.37618,0.45336,0.53099
0.96327,0.96584,0.97930,0.97890,0.96497,0.97226,0.98053,0.96087,0.94429,0.95429,0.93738,0.95288,0.96810,0.98114,0.97930,0.96936,0.94368,0.92113,0.88502,0.85806,0.87708,0.84151,0.86638,0.86457,0.79905,0.77382,0.80604,0.76570,0.68153,0.68599,0.69396,0.60090,0.51550,0.52261,0.49518,0.35561,0.31016,0.14964,0.21361,0.16205,0.27193,0.43159,0.51099,0.67646,0.73910,0.82514,0.86557,0.91580,0.92967,0.96050,0.95178,0.94904,0.92660,0.90716,0.89302,0.83959,0.81615,0.80039,0.76633,0.72014,0.69933,0.68356,0.60077,0.58717,0.63820,0.56910,0.48711,0.44409,0.43432,0.55494,0.57332,0.67143,0.65201,0.70874,0.76102,0.81149,0.86888,0.94026,0.97621,0.98881,0.95222,0.95826,0.96299,0.89715,0.88535,0.92761,0.90672,0.83807,0.81528,0.75523,0.66646,0.54144,0.47300,0.43011,0.29989,0.25867,0.24389,0.06293,0.04289,-0.08939,0.02222,0.09421,0.00589,0.06432,0.12420,0.28179,0.38278,0.50970,0.46868,0.53748,0.48546,0.48477,0.47900,0.64102,0.49339,0.46415,0.65146,0.67457,0.57189,0.71027,0.83171,0.78249,0.76730,0.62238,0.56094,0.63861,0.74530,0.74575,0.84711,0.89942,0.92710,0.88252,0.87811,0.82205,0.78720,0.72495,0.62350,0.54799,0.42586,0.36941,0.24460,0.19830,0.06917,0.00463,-0.08985,-0.16848,-0.20411,-0.15799,-0.14746,-0.10596,0.01105,0.06243,0.10375,0.12954,0.05593,0.09618,0.15769,0.17880,0.29685,0.28040,0.16894,0.14717,0.03703,0.00518,0.01484,-0.06561,0.06166,0.19001,0.32854,0.28627,0.29741,0.32259,0.44558,0.48561,0.59147,0.58953,0.67099,0.64927,0.58721,0.62020,0.56139,0.61908,0.50375,0.54735,0.43859,0.36800,0.26515,0.12130,-0.01227,-0.01633,-0.12931,-0.16446,-0.25511,-0.29289,-0.22315,-0.22171,-0.07345,-0.01729,0.12854,0.16379,0.22787,0.33431,0.33670,0.40834,0.39685,0.50598,0.62311,0.63983,0.59511,0.69200,0.78345,0.84918,0.88562,0.91430,0.93825,0.91780,0.91650,0.85268,0.77466,0.67584,0.56863,0.44893,0.30367,0.20375,0.26854,0.36427,0.45140
0.98072,0.98348,0.98918,0.98950,0.98114,0.98457,0.98605,0.97077,0.95603,0.95843,0.94121,0.94737,0.95900,0.96668,0.95870,0.94251,0.90648,0.88182,0.83850,0.80705,0.82552,0.78124,0.80953,0.80781,0.73207,0.70132,0.73765,0.69369,0.59884,0.60272,0.61202,0.51181,0.41873,0.42656,0.39774,0.25253,0.20862,0.04649,0.10989,0.06303,0.17666,0.34245,0.42453,0.60046,0.67267,0.76691,0.81886,0.87563,0.88767,0.92789,0.91939,0.92436,0.90792,0.89559,0.88977,0.83507,0.80221,0.78031,0.75449,0.70795,0.67606,0.66045,0.57664,0.55550,0.60197,0.53223,0.44519,0.39162,0.37280,0.49675,0.50614,0.60456,0.58148,0.63690,0.69963,0.75257,0.82365,0.90561,0.95192,0.98024,0.94068,0.94105,0.95992,0.89498,0.87057,0.91828,0.90891,0.84080,0.80456,0.73241,0.65098,0.52398,0.45951,0.43003,0.30100,0.26574,0.23698,0.04411,0.01424,-0.12950,-0.01900,0.04343,-0.05775,0.00801,0.08274,0.24992,0.34606,0.46740,0.40901,0.46846,0.40212,0.39471,0.38574,0.55582,0.39704,0.36986,0.57077,0.59286,0.48474,0.64093,0.77245,0.71877,0.70608,0.56047,0.50319,0.59244,0.69982,0.69242,0.80107,0.85340,0.88323,0.82912,0.82931,0.76559,0.73648,0.67301,0.57243,0.49971,0.37084,0.31802,0.19037,0.13695,0.00820,-0.06698,-0.16312,-0.24930,-0.28071,-0.22784,-0.20478,-0.15102,-0.02901,0.03207,0.07229,0.09199,0.01690,0.06080,0.11759,0.13353,0.25359,0.22943,0.10899,0.07445,-0.04422,-0.08265,-0.08171,-0.16746,-0.04387,0.08696,0.22673,0.18287,0.19902,0.22317,0.34888,0.39543,0.51008,0.51641,0.60600,0.58936,0.53156,0.55786,0.48823,0.53998,0.41335,0.45499,0.33933,0.26443,0.15907,0.01324,-0.11844,-0.11808,-0.22865,-0.25927,-0.34751,-0.38000,-0.31139,-0.30917,-0.16735,-0.11949,0.02764,0.07014,0.14322,0.26379,0.27954,0.36393,0.36442,0.48122,0.60260,0.62036,0.56325,0.65628,0.74923,0.81392,0.84533,0.87167,0.89922,0.87111,0.87241,0.79764,0.71687,0.60644,0.49588,0.37062,0.21847,0.11594,0.18704,0.28225,0.38695
0.97407,0.97489,0.98246,0.97352,0.95513,0.95815,0.96010,0.93317,0.91096,0.91411,0.89095,0.90229,0.92198,0.94189,0.94255,0.94099,0.90673,0.89140,0.85434,0.82624,0.83605,0.78745,0.80460,0.81330,0.74477,0.69990,0.73490,0.70748,0.60934,0.59819,0.61663,0.53055,0.42487,0.41925,0.40482,0.26469,0.23167,0.07808,0.14293,0.10970,0.22889,0.39453,0.47203,0.63647,0.71198,0.79345,0.84988,0.89403,0.89113,0.91729,0.89385,0.88670,0.85715,0.83637,0.82573,0.76042,0.72538,0.70246,0.66881,0.61683,0.58518,0.56757,0.47729,0.45788,0.51102,0.43555,0.34516,0.29553,0.28371,0.41303,0.43359,0.54476,0.52475,0.59390,0.65067,0.71710,0.78354,0.88432,0.94350,0.96173,0.89964,0.90311,0.91953,0.83283,0.80748,0.86422,0.84836,0.76642,0.72695,0.64920,0.55531,0.41888,0.35020,0.31687,0.18208,0.14621,0.11850,-0.07308,-0.10048,-0.23542,-0.12500,-0.05772,-0.14868,-0.09203,-0.02701,0.13729,0.23871,0.36971,0.32190,0.39560,0.34521,0.35228,0.35310,0.53988,0.39838,0.34721,0.54437,0.59238,0.47727,0.60962,0.76305,0.71805,0.73766,0.61742,0.57419,0.66168,0.75629,0.74610,0.83902,0.86855,0.88166,0.81399,0.79551,0.72356,0.67742,0.60334,0.48927,0.40738,0.27585,0.21786,0.08891,0.04009,-0.08971,-0.15380,-0.24523,-0.31787,-0.35144,-0.30860,-0.29860,-0.25578,-0.13926,-0.08215,-0.04188,-0.01995,-0.09383,-0.05164,0.00701,0.02525,0.14596,0.12579,0.01048,-0.01196,-0.11971,-0.14783,-0.12914,-0.19859,-0.06667,0.05611,0.20159,0.15892,0.15982,0.19146,0.32299,0.35510,0.46462,0.45797,0.54768,0.52378,0.44990,0.48594,0.42322,0.49248,0.37360,0.43232,0.32203,0.26310,0.15645,0.00713,-0.13319,-0.15224,-0.26244,-0.30297,-0.38198,-0.42455,-0.36130,-0.35717,-0.21510,-0.14690,-0.00935,0.01433,0.07403,0.17912,0.18268,0.26082,0.25482,0.37410,0.50290,0.52232,0.46534,0.57007,0.67465,0.75261,0.79939,0.84157,0.87931,0.86959,0.88408,0.81998,0.75981,0.65490,0.55798,0.43895,0.28895,0.18742,0.26355,0.34514,0.44653
0.98111,0.98280,0.98375,0.97839,0.96825,0.96861,0.96439,0.94494,0.92763,0.92427,0.90298,0.90528,0.91925,0.93069,0.92414,0.91317,0.87100,0.85164,0.80703,0.77529,0.78695,0.73289,0.75602,0.76132,0.68317,0.63921,0.67744,0.64236,0.53801,0.53125,0.54743,0.45268,0.34599,0.34509,0.32540,0.18171,0.14651,-0.00914,0.05309,0.01815,0.13806,0.30696,0.38736,0.56253,0.64289,0.73374,0.79722,0.85023,0.85058,0.88803,0.87003,0.87277,0.85258,0.83996,0.83737,0.77510,0.73432,0.70684,0.68143,0.63165,0.59186,0.57469,0.48618,0.46085,0.50815,0.43444,0.34216,0.28359,0.26281,0.39216,0.40231,0.50883,0.48508,0.54858,0.61507,0.67809,0.75660,0.85915,0.92073,0.95342,0.89659,0.89456,0.92312,0.84560,0.81097,0.86806,0.86339,0.78696,0.73831,0.65389,0.57136,0.43741,0.37373,0.35254,0.22145,0.19111,0.15311,-0.04668,-0.08330,-0.22876,-0.11962,-0.06174,-0.16554,-0.10110,-0.02223,0.14935,0.24443,0.36680,0.30271,0.36387,0.29756,0.29433,0.29022,0.47583,0.32157,0.28031,0.48709,0.52574,0.40945,0.56297,0.71600,0.66692,0.67704,0.55039,0.50416,0.59958,0.69869,0.68348,0.78584,0.82223,0.84191,0.77198,0.76285,0.68813,0.65277,0.58146,0.47289,0.39676,0.26207,0.20869,0.07968,0.02446,-0.10403,-0.17932,-0.27234,-0.35449,-0.38333,-0.33251,-0.30867,-0.25315,-0.13186,-0.06651,-0.02780,-0.01173,-0.08670,-0.04178,0.01209,0.02564,0.14645,0.11916,-0.00373,-0.03962,-0.15599,-0.19282,-0.18564,-0.26421,-0.13897,-0.01299,0.13007,0.08634,0.09638,0.12431,0.25466,0.29586,0.41270,0.41778,0.51360,0.49623,0.43040,0.45796,0.38529,0.44310,0.31393,0.36488,0.24886,0.18166,0.07451,-0.07362,-0.20879,-0.21805,-0.32576,-0.35889,-0.43780,-0.47312,-0.40933,-0.40464,-0.26863,-0.21382,-0.07345,-0.03897,0.03131,0.15135,0.16913,0.25849,0.26405,0.38728,0.51525,0.53483,0.46881,0.56648,0.66769,0.73961,0.77717,0.81208,0.84889,0.82756,0.83992,0.76503,0.69565,0.58162,0.47857,0.35416,0.19937,0.09672,0.17677,0.26302,0.37839
0.95699,0.95618,0.96251,0.94472,0.91999,0.92199,0.92015,0.88396,0.85690,0.85777,0.82836,0.84016,0.86579,0.89506,0.90151,0.91117,0.87526,0.86911,0.83483,0.80979,0.81095,0.75477,0.76237,0.78083,0.71653,0.65601,0.69057,0.67861,0.57415,0.54784,0.57492,0.50109,0.38218,0.36413,0.36344,0.22861,0.20854,0.06307,0.12671,0.10790,0.23478,0.39987,0.47225,0.62799,0.70821,0.77991,0.84426,0.87755,0.86037,0.87680,0.83975,0.82388,0.78480,0.75904,0.74809,0.67273,0.63140,0.60600,0.56893,0.51181,0.47610,0.45734,0.36050,0.33995,0.39690,0.31671,0.22325,0.17405,0.16510,0.29873,0.32616,0.44798,0.42915,0.51065,0.56537,0.64515,0.71186,0.83291,0.90650,0.92157,0.83848,0.84280,0.86260,0.75746,0.72599,0.79297,0.77648,0.68180,0.63391,0.54737,0.44699,0.30239,0.23225,0.20130,0.06440,0.03165,0.00025,-0.19160,-0.22122,-0.34932,-0.24094,-0.17469,-0.25987,-0.21016,-0.14925,0.01331,0.11583,0.25105,0.20699,0.28863,0.24866,0.26609,0.27555,0.47707,0.35013,0.27742,0.47374,0.54599,0.42359,0.53871,0.71450,0.68206,0.73185,0.64125,0.61349,0.70096,0.78009,0.76319,0.84072,0.84810,0.84494,0.76198,0.72728,0.64552,0.58649,0.50241,0.37744,0.28944,0.15460,0.09418,-0.03466,-0.08038,-0.20923,-0.26576,-0.35143,-0.41232,-0.44512,-0.40951,-0.40662,-0.36958,-0.25831,-0.20256,-0.16428,-0.14309,-0.21579,-0.17490,-0.11746,-0.09967,0.02027,0.00134,-0.11067,-0.12648,-0.22438,-0.24522,-0.21230,-0.26628,-0.13035,-0.01787,0.13062,0.08927,0.07725,0.11540,0.25137,0.27042,0.37727,0.36168,0.46048,0.42854,0.34119,0.38062,0.31979,0.40357,0.28988,0.36340,0.25791,0.21319,0.10604,-0.04373,-0.18867,-0.22498,-0.33093,-0.37822,-0.44716,-0.49550,-0.43824,-0.43195,-0.29515,-0.21184,-0.08511,-0.07762,-0.02854,0.06379,0.06151,0.13749,0.13056,0.25357,0.39000,0.41031,0.34888,0.46111,0.57569,0.66467,0.72289,0.77917,0.82746,0.83213,0.86046,0.80312,0.76298,0.66133,0.57789,0.46468,0.31582,0.21700,0.29994,0.36619,0.46925
0.94570,0.94562,0.95952,0.94395,0.91545,0.92192,0.92859,0.89110,0.86368,0.87362,0.84639,0.86762,0.89469,0.92630,0.93652,0.94817,0.92318,0.91617,0.88841,0.86590,0.87070,0.82564,0.83349,0.84923,0.79348,0.74338,0.77432,0.76079,0.66880,0.64804,0.67145,0.60018,0.49325,0.47917,0.47625,0.34509,0.31856,0.17162,0.23694,0.21076,0.33024,0.48948,0.56034,0.70875,0.77718,0.84426,0.89388,0.92377,0.91354,0.92400,0.89104,0.87051,0.82861,0.79752,0.77858,0.70785,0.67681,0.65805,0.61570,0.56075,0.53652,0.51806,0.42435,0.41130,0.47098,0.39340,0.30671,0.26807,0.26687,0.39547,0.42961,0.54769,0.53276,0.61201,0.65780,0.73209,0.78550,0.88951,0.94662,0.94815,0.87592,0.88320,0.88600,0.78533,0.76939,0.82761,0.79969,0.70737,0.67667,0.60579,0.50068,0.36133,0.28842,0.24272,0.10497,0.06595,0.05010,-0.12947,-0.14909,-0.26726,-0.15623,-0.08048,-0.15557,-0.11189,-0.06409,0.08901,0.19574,0.33489,0.30735,0.39491,0.36583,0.38656,0.39654,0.58548,0.46522,0.39767,0.58104,0.64674,0.53375,0.63721,0.79404,0.76361,0.79961,0.70102,0.66369,0.73618,0.81780,0.81296,0.88755,0.90307,0.90298,0.83544,0.80108,0.72932,0.66813,0.58871,0.46704,0.37806,0.25100,0.18815,0.06200,0.02271,-0.10671,-0.15537,-0.24135,-0.29853,-0.33533,-0.30352,-0.31105,-0.28416,-0.17624,-0.12995,-0.08959,-0.06151,-0.13368,-0.09648,-0.03434,-0.01132,0.10669,0.09543,-0.00849,-0.01390,-0.10660,-0.12342,-0.08652,-0.14099,-0.00310,0.11006,0.25643,0.21591,0.20229,0.23952,0.37178,0.38847,0.48695,0.46644,0.55645,0.52119,0.43366,0.47811,0.42695,0.51251,0.40864,0.47903,0.37883,0.33402,0.22944,0.08154,-0.06344,-0.09852,-0.20802,-0.25760,-0.33351,-0.38400,-0.32271,-0.31733,-0.17220,-0.08587,0.04318,0.04860,0.09234,0.17409,0.16072,0.22420,0.20568,0.31973,0.45024,0.46906,0.42099,0.53414,0.64346,0.73012,0.78961,0.84368,0.88528,0.89256,0.91324,0.86423,0.82145,0.73116,0.64555,0.53633,0.39377,0.29615,0.36854,0.43922,0.52021
0.96838,0.97182,0.97744,0.97742,0.96910,0.97322,0.97470,0.95910,0.94553,0.94869,0.93141,0.93836,0.94965,0.95774,0.95033,0.93484,0.90078,0.87769,0.83561,0.80494,0.82204,0.77767,0.80527,0.80502,0.73087,0.70073,0.73659,0.69417,0.60119,0.60477,0.61510,0.51737,0.42520,0.43278,0.40655,0.26589,0.21941,0.06048,0.12414,0.07977,0.19100,0.35410,0.43391,0.60718,0.67571,0.76690,0.81707,0.87213,0.88360,0.92171,0.91265,0.91715,0.90072,0.88797,0.88121,0.82739,0.79564,0.77321,0.74701,0.70218,0.67081,0.65445,0.57141,0.55117,0.59732,0.52835,0.44407,0.39203,0.37416,0.49648,0.50723,0.60498,0.58354,0.63956,0.70192,0.75589,0.82745,0.91003,0.95190,0.97734,0.93818,0.93562,0.95230,0.88788,0.86576,0.91139,0.90084,0.83228,0.79828,0.72839,0.64922,0.52494,0.46258,0.43228,0.30310,0.26963,0.24390,0.05417,0.02311,-0.11646,-0.00466,0.05743,-0.04297,0.01886,0.09119,0.25545,0.35025,0.47014,0.41479,0.47296,0.40776,0.40078,0.39430,0.56192,0.40813,0.38152,0.57736,0.60106,0.49628,0.64993,0.77936,0.73110,0.71581,0.57488,0.51321,0.59518,0.70082,0.69675,0.80235,0.85382,0.88237,0.83002,0.82771,0.76375,0.73428,0.67099,0.57151,0.49875,0.37228,0.31985,0.19502,0.14340,0.01576,-0.05745,-0.15125,-0.23484,-0.26467,-0.21284,-0.19216,-0.14031,-0.02030,0.03914,0.07834,0.09818,0.02344,0.06575,0.12211,0.13841,0.25638,0.23326,0.11540,0.08276,-0.03257,-0.07113,-0.06768,-0.15241,-0.03015,0.09802,0.23550,0.19202,0.20713,0.23065,0.35424,0.39869,0.50915,0.51709,0.60651,0.58938,0.52934,0.55686,0.48990,0.54062,0.41700,0.45786,0.34566,0.27208,0.16896,0.02513,-0.10504,-0.10569,-0.21531,-0.24542,-0.33217,-0.36447,-0.29589,-0.29191,-0.15067,-0.10171,0.04262,0.08152,0.15251,0.26991,0.28454,0.36581,0.36544,0.47957,0.59894,0.61635,0.56080,0.65361,0.74505,0.80939,0.84081,0.86749,0.89528,0.86902,0.87013,0.79787,0.71902,0.61294,0.50289,0.38038,0.23037,0.12883,0.19902,0.29453,0.39424
0.96461,0.96634,0.96886,0.96044,0.94764,0.94967,0.94525,0.92176,0.90384,0.90222,0.87872,0.88310,0.89913,0.91490,0.91122,0.90501,0.86566,0.85069,0.80864,0.77933,0.78800,0.73284,0.75235,0.76182,0.68834,0.64046,0.67760,0.64899,0.54580,0.53447,0.55376,0.46527,0.35734,0.35270,0.33894,0.20012,0.16742,0.01518,0.07737,0.04708,0.16781,0.33383,0.41009,0.57941,0.65640,0.74125,0.80309,0.85012,0.84735,0.87954,0.85708,0.85559,0.83119,0.81573,0.81121,0.74689,0.70563,0.67876,0.65122,0.60108,0.56224,0.54455,0.45396,0.43025,0.47925,0.40494,0.31532,0.26013,0.24256,0.37114,0.38593,0.49484,0.47322,0.54138,0.60474,0.67239,0.74865,0.85484,0.91435,0.94148,0.87974,0.87743,0.90268,0.82049,0.78811,0.84552,0.83798,0.75697,0.70976,0.62672,0.54244,0.40855,0.34557,0.32123,0.18932,0.16061,0.12685,-0.06833,-0.10435,-0.24206,-0.13217,-0.07274,-0.17195,-0.11393,-0.04050,0.12577,0.22082,0.34431,0.28685,0.35090,0.29104,0.29203,0.29216,0.47828,0.33405,0.28648,0.48731,0.53468,0.42094,0.56309,0.71772,0.67944,0.69496,0.58178,0.53660,0.62388,0.71521,0.70159,0.79591,0.82544,0.83966,0.76879,0.75229,0.67619,0.63530,0.56168,0.45106,0.37272,0.23978,0.18543,0.05889,0.00749,-0.11986,-0.18932,-0.27875,-0.35384,-0.38208,-0.33470,-0.31677,-0.26667,-0.14940,-0.08797,-0.05090,-0.03435,-0.10878,-0.06612,-0.01194,0.00277,0.12159,0.09732,-0.02099,-0.05117,-0.16045,-0.19438,-0.17985,-0.25174,-0.12533,-0.00513,0.13677,0.09399,0.09806,0.12763,0.25757,0.29198,0.40377,0.40465,0.50545,0.48203,0.41069,0.43943,0.37062,0.43429,0.31135,0.36678,0.25567,0.19423,0.08909,-0.05724,-0.19282,-0.20882,-0.31427,-0.35038,-0.42657,-0.46418,-0.40145,-0.39527,-0.26027,-0.19853,-0.06260,-0.03726,0.02736,0.13750,0.15050,0.23429,0.23666,0.35746,0.48633,0.50559,0.44152,0.54121,0.64362,0.71905,0.76034,0.80005,0.83951,0.82449,0.84022,0.77056,0.70929,0.60179,0.50348,0.38408,0.23144,0.13141,0.21063,0.29238,0.40038
0.90927,0.90835,0.92360,0.90230,0.86884,0.87650,0.88232,0.83827,0.80816,0.81878,0.78803,0.81210,0.84314,0.88227,0.89752,0.91819,0.89644,0.89726,0.87501,0.85652,0.85507,0.80795,0.80810,0.83085,0.78269,0.72446,0.75289,0.75166,0.66130,0.63102,0.65948,0.60037,0.48963,0.46739,0.47469,0.35286,0.33401,0.19507,0.25883,0.24251,0.36242,0.51535,0.57993,0.71642,0.78132,0.83794,0.88702,0.90677,0.88907,0.89038,0.84906,0.82113,0.77168,0.73622,0.71507,0.64047,0.60801,0.58979,0.54419,0.48797,0.46482,0.44625,0.34992,0.33868,0.40089,0.32228,0.23838,0.20428,0.20764,0.33514,0.37598,0.49785,0.48575,0.57178,0.61214,0.69387,0.74263,0.85403,0.91360,0.90696,0.82413,0.83327,0.83351,0.72361,0.70848,0.76925,0.73804,0.63813,0.60718,0.53690,0.42915,0.28858,0.21634,0.16815,0.03031,-0.00720,-0.01800,-0.18961,-0.20789,-0.31438,-0.20513,-0.12867,-0.19572,-0.16115,-0.12168,0.02362,0.12973,0.27018,0.25114,0.34413,0.32634,0.35544,0.37221,0.56378,0.46006,0.37948,0.55311,0.63434,0.52246,0.60641,0.76906,0.75220,0.80446,0.72979,0.69950,0.76411,0.83189,0.82592,0.88703,0.88782,0.87681,0.80487,0.75804,0.68378,0.61331,0.52997,0.40450,0.31264,0.18870,0.12471,0.00280,-0.03104,-0.15718,-0.19604,-0.27570,-0.32086,-0.35794,-0.33319,-0.34919,-0.33003,-0.22980,-0.18832,-0.15092,-0.12236,-0.19201,-0.15720,-0.09608,-0.07241,0.04143,0.03398,-0.06274,-0.05907,-0.14018,-0.15078,-0.10213,-0.14402,-0.00489,0.09816,0.24235,0.20396,0.18040,0.22081,0.35158,0.35730,0.44889,0.42150,0.51748,0.47250,0.37664,0.42342,0.37771,0.47227,0.37819,0.45700,0.36447,0.33152,0.23028,0.08630,-0.05913,-0.10554,-0.21157,-0.26603,-0.33545,-0.38910,-0.33238,-0.32540,-0.18448,-0.08687,0.03317,0.02376,0.05628,0.12317,0.10229,0.15854,0.13606,0.24700,0.37846,0.39654,0.35105,0.46700,0.57936,0.67194,0.73848,0.80100,0.84762,0.86639,0.89463,0.85463,0.82669,0.74553,0.67126,0.57038,0.43346,0.34203,0.41451,0.47349,0.54521
0.90281,0.90577,0.92495,0.91905,0.89696,0.90819,0.92092,0.89306,0.87382,0.89099,0.87196,0.89626,0.91659,0.94038,0.94618,0.94801,0.93404,0.92042,0.89540,0.87392,0.88715,0.85633,0.87288,0.87822,0.82668,0.79997,0.82711,0.80050,0.72689,0.72390,0.73631,0.66039,0.57831,0.57871,0.56359,0.44025,0.39715,0.24789,0.31125,0.26944,0.37419,0.52146,0.59110,0.73616,0.78544,0.85396,0.88423,0.91906,0.92731,0.94225,0.92561,0.91148,0.87863,0.85059,0.82872,0.77388,0.75501,0.74204,0.70278,0.65826,0.64496,0.62916,0.54691,0.54020,0.59468,0.52626,0.45317,0.42201,0.42269,0.53779,0.56857,0.66903,0.65755,0.72170,0.76322,0.82172,0.86559,0.93632,0.96126,0.95586,0.91432,0.92010,0.90918,0.83450,0.83416,0.87276,0.84060,0.76474,0.75378,0.70587,0.61306,0.49248,0.42557,0.37042,0.23994,0.19802,0.19983,0.03761,0.02355,-0.08579,0.02759,0.10382,0.03088,0.07174,0.11273,0.25334,0.35431,0.48404,0.46531,0.54205,0.51048,0.52204,0.52585,0.68294,0.56267,0.52182,0.68629,0.72446,0.63144,0.73913,0.85424,0.82551,0.81835,0.69916,0.63835,0.69173,0.78336,0.79214,0.87369,0.91351,0.92931,0.89031,0.86993,0.81508,0.76664,0.70300,0.59984,0.52015,0.40816,0.34917,0.23241,0.19838,0.07438,0.02706,-0.05856,-0.11939,-0.15620,-0.12051,-0.12808,-0.10341,0.00071,0.03996,0.07769,0.10819,0.03807,0.07161,0.13409,0.15997,0.27102,0.26476,0.16899,0.16421,0.07341,0.05191,0.07868,0.01368,0.14157,0.25633,0.38980,0.34996,0.34722,0.37538,0.49334,0.51770,0.60689,0.59545,0.67485,0.64248,0.56907,0.60889,0.56364,0.63276,0.53703,0.58781,0.49417,0.43935,0.34323,0.20549,0.07301,0.05556,-0.05446,-0.09599,-0.18158,-0.22365,-0.15637,-0.15190,-0.00445,0.06586,0.19993,0.21576,0.26292,0.34225,0.32881,0.38174,0.35857,0.45700,0.57105,0.58554,0.55186,0.65211,0.74271,0.81365,0.85959,0.89769,0.92373,0.91958,0.92228,0.87521,0.81595,0.73716,0.64267,0.53736,0.40408,0.31196,0.36739,0.45148,0.50720
0.93437,0.93922,0.94447,0.94672,0.94226,0.94766,0.94833,0.93711,0.92814,0.93229,0.91764,0.92185,0.92892,0.93313,0.92185,0.90162,0.86905,0.84273,0.79942,0.76751,0.78818,0.74695,0.77837,0.77534,0.70165,0.67757,0.71403,0.66783,0.57995,0.58915,0.59645,0.49819,0.41421,0.42703,0.39778,0.26292,0.21184,0.05676,0.11707,0.06947,0.17536,0.33248,0.41066,0.58172,0.64308,0.73372,0.77890,0.83482,0.85246,0.89381,0.88995,0.89883,0.88722,0.87848,0.87361,0.82577,0.79495,0.77232,0.75076,0.71075,0.67988,0.66436,0.58603,0.56625,0.60768,0.54319,0.46522,0.41421,0.39541,0.51117,0.51832,0.60866,0.58849,0.63963,0.70293,0.75230,0.82309,0.89676,0.92688,0.95500,0.92556,0.91976,0.93554,0.88189,0.86154,0.90017,0.89246,0.83039,0.79988,0.73642,0.66598,0.55082,0.49376,0.46512,0.34212,0.31251,0.29043,0.10821,0.07494,-0.05979,0.05181,0.10730,0.00533,0.06511,0.13766,0.29529,0.38290,0.49564,0.44056,0.48990,0.42170,0.40905,0.39950,0.55625,0.40534,0.38869,0.57771,0.59255,0.49718,0.65198,0.76447,0.72050,0.69145,0.55130,0.48444,0.55576,0.66026,0.65994,0.76545,0.82389,0.85720,0.81349,0.81621,0.75615,0.73236,0.67494,0.58365,0.51620,0.39587,0.34645,0.22753,0.17769,0.05547,-0.01846,-0.10937,-0.19334,-0.21915,-0.16386,-0.14086,-0.08819,0.02781,0.08424,0.12166,0.13885,0.06455,0.10488,0.15884,0.17502,0.28815,0.26604,0.15194,0.11604,0.00300,-0.03758,-0.03833,-0.12582,-0.01148,0.11372,0.24355,0.20076,0.21998,0.23894,0.35580,0.40327,0.50937,0.52155,0.61133,0.59505,0.54246,0.56459,0.49770,0.54186,0.42087,0.45367,0.34540,0.26985,0.17144,0.03373,-0.08821,-0.08222,-0.18811,-0.21416,-0.30233,-0.32807,-0.25769,-0.25257,-0.11712,-0.07652,0.06568,0.10840,0.18183,0.29708,0.31539,0.39384,0.39563,0.50387,0.61712,0.63209,0.57832,0.66376,0.74724,0.80474,0.82942,0.85013,0.87351,0.84206,0.83822,0.76470,0.68312,0.58277,0.47150,0.35218,0.20639,0.10773,0.17085,0.26892,0.35948
0.89824,0.89861,0.90947,0.89174,0.86495,0.87065,0.87284,0.83599,0.81065,0.81837,0.78925,0.80694,0.83277,0.86506,0.87420,0.88712,0.86059,0.85697,0.83103,0.80865,0.80847,0.75905,0.76491,0.78518,0.73137,0.67719,0.70840,0.70084,0.60918,0.58484,0.61123,0.54642,0.43879,0.42212,0.42535,0.30414,0.28309,0.14942,0.20685,0.18492,0.30245,0.45499,0.52114,0.66260,0.72741,0.78887,0.83974,0.86529,0.85159,0.86114,0.82493,0.80509,0.76362,0.73498,0.71851,0.64803,0.61317,0.59096,0.55217,0.49991,0.47269,0.45382,0.36096,0.34791,0.40431,0.32843,0.24727,0.20899,0.20711,0.33087,0.36461,0.48009,0.46669,0.54735,0.59374,0.67054,0.72754,0.83623,0.89151,0.89392,0.81842,0.82184,0.82930,0.72899,0.70908,0.76708,0.74354,0.65065,0.61627,0.54529,0.44729,0.31320,0.24767,0.20671,0.07397,0.04233,0.02700,-0.14519,-0.17019,-0.27953,-0.17069,-0.10374,-0.17944,-0.14247,-0.09486,0.05182,0.15038,0.28280,0.25448,0.33598,0.30731,0.32700,0.33975,0.52607,0.41615,0.34718,0.52294,0.59437,0.48668,0.58310,0.73921,0.72030,0.76064,0.68073,0.64395,0.70932,0.78066,0.77398,0.84096,0.84983,0.84378,0.77357,0.73529,0.66138,0.60006,0.52043,0.40205,0.31570,0.19345,0.13315,0.01410,-0.02273,-0.14516,-0.19080,-0.26991,-0.32134,-0.35298,-0.32111,-0.32784,-0.30207,-0.20118,-0.15849,-0.12101,-0.09715,-0.16712,-0.13172,-0.07459,-0.05352,0.05817,0.04698,-0.05165,-0.05776,-0.14342,-0.15953,-0.11960,-0.17042,-0.03958,0.06349,0.20341,0.16483,0.14898,0.18522,0.31254,0.32562,0.41917,0.40064,0.49627,0.45786,0.37103,0.41099,0.36072,0.44477,0.34519,0.41561,0.32122,0.28243,0.18304,0.04202,-0.09629,-0.13423,-0.23619,-0.28440,-0.35569,-0.40016,-0.34148,-0.33259,-0.19895,-0.11375,0.00635,0.00533,0.04590,0.12161,0.11096,0.17222,0.15672,0.26659,0.39295,0.41047,0.36091,0.47076,0.57682,0.66265,0.72072,0.77663,0.82116,0.83036,0.85538,0.80865,0.77383,0.69027,0.61070,0.50741,0.36784,0.27402,0.34390,0.40749,0.48100
0.78776,0.78898,0.81767,0.79791,0.75710,0.77239,0.79242,0.74568,0.71618,0.74423,0.71735,0.75812,0.79211,0.83903,0.86316,0.89255,0.89492,0.89891,0.89554,0.88560,0.88475,0.85964,0.85492,0.87673,0.85327,0.81506,0.83343,0.83851,0.78001,0.75666,0.78034,0.73935,0.65674,0.63765,0.64717,0.54818,0.52325,0.40002,0.45964,0.43603,0.53584,0.66218,0.71483,0.81827,0.85418,0.88905,0.90675,0.91066,0.90013,0.88316,0.84586,0.80620,0.74999,0.70407,0.66760,0.60403,0.59170,0.58510,0.53182,0.48422,0.48502,0.46805,0.38417,0.39106,0.45481,0.38557,0.32324,0.31469,0.33640,0.44332,0.49899,0.60813,0.60719,0.68770,0.70533,0.77660,0.79498,0.87212,0.89586,0.85691,0.79411,0.80746,0.77482,0.67342,0.68737,0.72914,0.67708,0.58561,0.58874,0.55498,0.44581,0.32604,0.25678,0.18297,0.05437,0.01012,0.03307,-0.09585,-0.09525,-0.16528,-0.05799,0.02690,-0.01150,0.00091,0.00614,0.11816,0.22180,0.36035,0.38056,0.48037,0.49193,0.53015,0.55302,0.70901,0.63926,0.56668,0.69342,0.76624,0.68209,0.72282,0.84345,0.84161,0.87500,0.80673,0.76283,0.79115,0.85201,0.86641,0.90755,0.91323,0.89951,0.85832,0.80672,0.75420,0.67705,0.60566,0.49233,0.40332,0.30733,0.24213,0.13826,0.12362,0.00866,-0.00417,-0.07310,-0.09970,-0.14116,-0.12877,-0.16869,-0.17777,-0.09797,-0.08124,-0.04616,-0.00726,-0.06925,-0.04675,0.01822,0.05191,0.15058,0.16120,0.09374,0.12212,0.06610,0.06891,0.12875,0.09947,0.23090,0.31878,0.44690,0.41417,0.38211,0.41922,0.53224,0.52531,0.58935,0.55084,0.61775,0.56806,0.47402,0.52866,0.51094,0.60677,0.54473,0.61792,0.54953,0.52835,0.44238,0.31480,0.18082,0.13131,0.03039,-0.02764,-0.10028,-0.15295,-0.09615,-0.08868,0.05163,0.15464,0.26173,0.23918,0.25275,0.28358,0.23813,0.25993,0.21423,0.29665,0.40633,0.41907,0.40422,0.51638,0.61169,0.69680,0.76625,0.82771,0.86194,0.89257,0.91092,0.89666,0.87714,0.82989,0.76549,0.68571,0.57410,0.49252,0.53665,0.59126,0.60483
0.77148,0.77987,0.80121,0.80623,0.79395,0.80961,0.82852,0.81500,0.80639,0.83156,0.82280,0.84713,0.85599,0.86723,0.86563,0.85406,0.85058,0.82616,0.80588,0.78460,0.80806,0.79553,0.82217,0.81637,0.77355,0.77494,0.79829,0.75866,0.71038,0.72889,0.72957,0.65282,0.60564,0.62362,0.59568,0.48819,0.42896,0.29432,0.34862,0.28903,0.37151,0.49445,0.55648,0.68534,0.71276,0.77692,0.78320,0.82136,0.84935,0.87025,0.87350,0.86916,0.85151,0.83188,0.80971,0.78001,0.77225,0.76435,0.73616,0.70812,0.70534,0.69159,0.63092,0.63199,0.67264,0.62160,0.57060,0.55110,0.55368,0.64250,0.66634,0.73837,0.73132,0.77256,0.80809,0.84330,0.87610,0.90209,0.88804,0.87966,0.87955,0.87925,0.85432,0.81559,0.83160,0.84558,0.81261,0.76288,0.77363,0.75738,0.68904,0.59930,0.54684,0.48843,0.37600,0.33756,0.35872,0.23084,0.22121,0.13188,0.23645,0.30304,0.23613,0.26869,0.30150,0.41631,0.49947,0.60667,0.59776,0.65285,0.62006,0.61649,0.61276,0.71948,0.60988,0.60824,0.73865,0.73804,0.67895,0.78231,0.83772,0.81271,0.75792,0.62436,0.54102,0.56940,0.66482,0.68944,0.76954,0.83669,0.86781,0.86457,0.86450,0.83282,0.80377,0.76294,0.68967,0.62835,0.54294,0.49287,0.39641,0.37040,0.26318,0.22118,0.14452,0.08354,0.05332,0.09361,0.08946,0.10711,0.19640,0.22158,0.25493,0.28367,0.22170,0.24798,0.30468,0.33105,0.42512,0.42497,0.34723,0.34196,0.26009,0.23487,0.24660,0.17487,0.27715,0.38346,0.48986,0.45448,0.46436,0.47896,0.57044,0.60298,0.67389,0.67383,0.73265,0.70742,0.65996,0.69003,0.65544,0.70074,0.62037,0.64277,0.56440,0.50220,0.42379,0.31151,0.20774,0.21230,0.11386,0.08484,-0.00464,-0.02944,0.04015,0.04481,0.17596,0.22052,0.34579,0.37493,0.42567,0.49439,0.48453,0.52085,0.49522,0.56788,0.65351,0.66143,0.64561,0.72260,0.78336,0.82937,0.85457,0.87039,0.87674,0.85764,0.84049,0.79751,0.72538,0.66613,0.56729,0.47476,0.36221,0.27725,0.30796,0.40157,0.42389
0.81895,0.82308,0.83571,0.82548,0.80471,0.81518,0.82199,0.79537,0.77737,0.79049,0.76818,0.78697,0.80438,0.82805,0.83247,0.83545,0.81748,0.80468,0.78179,0.75711,0.76729,0.73204,0.74572,0.75776,0.70888,0.67425,0.70312,0.68508,0.61029,0.60176,0.62045,0.55391,0.46940,0.46512,0.45816,0.34298,0.30264,0.17535,0.23675,0.21166,0.30984,0.44829,0.51102,0.64197,0.69234,0.75072,0.78480,0.81238,0.81286,0.82625,0.80420,0.79105,0.76039,0.73708,0.72065,0.66802,0.63952,0.62115,0.59175,0.55010,0.52935,0.51242,0.43353,0.42508,0.47163,0.40768,0.34180,0.31194,0.31110,0.41746,0.44567,0.54243,0.53293,0.59833,0.64119,0.70321,0.75230,0.83159,0.85862,0.85940,0.81250,0.80961,0.80587,0.73130,0.72302,0.76381,0.73975,0.66473,0.64526,0.59576,0.51475,0.40114,0.34428,0.30086,0.17909,0.14950,0.14630,-0.00423,-0.02381,-0.12100,-0.01694,0.04529,-0.02712,0.00466,0.04731,0.17706,0.26399,0.38234,0.36110,0.42676,0.39589,0.40560,0.41294,0.56627,0.46409,0.42393,0.57811,0.62018,0.53537,0.62693,0.74309,0.72549,0.73150,0.63686,0.58919,0.63258,0.70524,0.71616,0.78235,0.81093,0.81846,0.77350,0.74869,0.68968,0.64007,0.57668,0.47819,0.40417,0.29942,0.24513,0.13878,0.10752,-0.00471,-0.04741,-0.12120,-0.17274,-0.19938,-0.16443,-0.17210,-0.15101,-0.06017,-0.02631,0.00907,0.03219,-0.03254,-0.00339,0.05184,0.07511,0.17655,0.17006,0.08293,0.07653,-0.00460,-0.02300,0.00651,-0.04937,0.06584,0.16425,0.28567,0.24847,0.24076,0.26746,0.37760,0.39672,0.47745,0.46792,0.54980,0.51447,0.44602,0.48091,0.43824,0.50657,0.41706,0.46764,0.38310,0.33849,0.25099,0.12560,0.00688,-0.01604,-0.11215,-0.15124,-0.22440,-0.26045,-0.19901,-0.18960,-0.06399,0.00443,0.11931,0.12847,0.17102,0.24038,0.23172,0.28080,0.26376,0.35711,0.46616,0.47877,0.44055,0.53370,0.61926,0.68875,0.73210,0.77299,0.80430,0.80336,0.81330,0.76858,0.72680,0.65552,0.57068,0.47499,0.35141,0.26087,0.31419,0.38943,0.44485
0.89115,0.89797,0.88987,0.89896,0.91083,0.91115,0.90121,0.90730,0.90850,0.89931,0.88983,0.87645,0.86997,0.85513,0.82945,0.79136,0.74600,0.70981,0.65499,0.61535,0.64200,0.59590,0.63743,0.62728,0.54074,0.51971,0.55971,0.49974,0.40502,0.42435,0.42697,0.31601,0.23600,0.25868,0.21922,0.08261,0.02625,-0.12502,-0.06883,-0.11496,-0.01542,0.13946,0.21994,0.40125,0.46848,0.57166,0.62657,0.69733,0.72172,0.78263,0.79102,0.81990,0.82991,0.83940,0.84978,0.81414,0.77334,0.74343,0.74098,0.70773,0.66307,0.64875,0.57937,0.54993,0.57555,0.51924,0.44319,0.37860,0.34280,0.45087,0.43647,0.51048,0.48506,0.52011,0.59831,0.63716,0.72709,0.79790,0.83075,0.88606,0.87073,0.85283,0.89053,0.86237,0.82529,0.86065,0.87594,0.83116,0.78414,0.71270,0.66952,0.56888,0.52691,0.52506,0.41584,0.40034,0.35901,0.17294,0.12526,-0.02130,0.08046,0.11408,-0.00715,0.06259,0.15841,0.31966,0.38723,0.47534,0.39144,0.41056,0.31355,0.27967,0.25998,0.40354,0.23707,0.24545,0.44048,0.43171,0.34133,0.52489,0.62851,0.57441,0.52578,0.37834,0.30909,0.38903,0.49696,0.49317,0.61185,0.68373,0.72997,0.68554,0.70860,0.64777,0.64915,0.60083,0.52792,0.47693,0.35867,0.32150,0.20907,0.14936,0.03857,-0.05283,-0.14061,-0.23787,-0.25097,-0.18190,-0.13552,-0.06070,0.05564,0.12305,0.15632,0.16034,0.08901,0.13167,0.17339,0.17961,0.28641,0.25160,0.13050,0.07130,-0.05333,-0.10900,-0.13351,-0.23455,-0.14065,-0.01693,0.09872,0.05553,0.09305,0.10076,0.20663,0.27174,0.38339,0.41859,0.51509,0.51109,0.48108,0.48493,0.40281,0.42053,0.28657,0.29924,0.18775,0.09958,0.00834,-0.11752,-0.21914,-0.19333,-0.28760,-0.29751,-0.38034,-0.39086,-0.32258,-0.31639,-0.20103,-0.18971,-0.05081,0.01189,0.10318,0.24029,0.28615,0.38007,0.40467,0.51307,0.61589,0.62982,0.56243,0.62667,0.69726,0.73818,0.74078,0.74416,0.76330,0.70982,0.70029,0.60875,0.51454,0.40221,0.28347,0.16008,0.01435,-0.08299,-0.01701,0.09049,0.20774
0.90222,0.90635,0.88920,0.89027,0.90128,0.89422,0.87273,0.87357,0.87006,0.84801,0.83194,0.80939,0.80685,0.79606,0.77117,0.73958,0.68018,0.65282,0.59499,0.55403,0.56799,0.50365,0.53786,0.53840,0.44484,0.40069,0.44367,0.39574,0.28225,0.28409,0.29668,0.19131,0.08691,0.09511,0.06660,-0.07061,-0.10710,-0.25261,-0.20249,-0.23308,-0.11959,0.04453,0.12514,0.30902,0.39539,0.49827,0.57680,0.64464,0.64973,0.71125,0.70465,0.73219,0.73753,0.74843,0.76666,0.71733,0.66100,0.62323,0.62198,0.58012,0.52094,0.50588,0.42647,0.38798,0.41567,0.35216,0.26468,0.18809,0.14628,0.26441,0.24807,0.33493,0.30521,0.35216,0.43794,0.48997,0.59535,0.70122,0.76624,0.83465,0.78979,0.77100,0.83117,0.78281,0.72312,0.77735,0.80429,0.74686,0.67490,0.57669,0.53047,0.41534,0.37371,0.38880,0.27833,0.27022,0.20786,0.00583,-0.05273,-0.20710,-0.11074,-0.08605,-0.21279,-0.13895,-0.03231,0.13942,0.20591,0.29471,0.19523,0.21610,0.11604,0.08670,0.07047,0.24043,0.07387,0.05901,0.26930,0.28432,0.17426,0.36140,0.50599,0.45518,0.44813,0.32789,0.28216,0.38680,0.48353,0.45644,0.56933,0.61496,0.64648,0.57238,0.58442,0.50430,0.49716,0.43747,0.35136,0.29601,0.16535,0.12834,0.01117,-0.05364,-0.16330,-0.25866,-0.34440,-0.43906,-0.44935,-0.38220,-0.32922,-0.24654,-0.12858,-0.04946,-0.01844,-0.02179,-0.09283,-0.04716,-0.01126,-0.01060,0.09858,0.05648,-0.07287,-0.13821,-0.26350,-0.31885,-0.33758,-0.42809,-0.33131,-0.21375,-0.09140,-0.13423,-0.10508,-0.09098,0.02463,0.08384,0.20431,0.23796,0.35034,0.34553,0.30521,0.30759,0.21467,0.24088,0.09921,0.12736,0.01006,-0.06705,-0.16263,-0.29323,-0.40042,-0.38874,-0.47749,-0.49065,-0.56000,-0.57471,-0.51532,-0.50734,-0.40269,-0.38295,-0.25263,-0.19826,-0.10804,0.03340,0.08653,0.19411,0.23032,0.35256,0.46771,0.48529,0.39983,0.47035,0.55553,0.60803,0.61903,0.63545,0.67030,0.62381,0.63348,0.53834,0.45888,0.33282,0.22570,0.09918,-0.05520,-0.15339,-0.07320,0.01514,0.15485
0.93012,0.93370,0.91930,0.91699,0.92319,0.91719,0.89716,0.89142,0.88387,0.86379,0.84503,0.82681,0.82896,0.82455,0.80443,0.77867,0.72062,0.69686,0.63915,0.60089,0.61270,0.54592,0.57635,0.58041,0.48928,0.44012,0.48333,0.44110,0.32534,0.32145,0.33751,0.23546,0.12413,0.12685,0.10293,-0.03662,-0.07064,-0.21660,-0.16481,-0.19417,-0.07487,0.09313,0.17351,0.35750,0.44640,0.54657,0.62654,0.69095,0.69162,0.74703,0.73507,0.75629,0.75471,0.76032,0.77513,0.71989,0.66366,0.62761,0.62072,0.57452,0.51709,0.50140,0.41742,0.37978,0.41229,0.34436,0.25295,0.17813,0.13991,0.26363,0.25340,0.34806,0.31909,0.37277,0.45630,0.51449,0.61730,0.72993,0.79919,0.86038,0.80652,0.79205,0.84948,0.79030,0.73293,0.79058,0.81192,0.74760,0.67671,0.57668,0.52052,0.39719,0.34955,0.35865,0.24039,0.22884,0.16895,-0.03686,-0.09319,-0.24761,-0.14792,-0.11613,-0.23955,-0.16682,-0.06386,0.11083,0.18484,0.28266,0.18787,0.21890,0.12447,0.10161,0.08972,0.26862,0.10608,0.08193,0.29448,0.31949,0.20429,0.38523,0.54159,0.49194,0.49620,0.37888,0.33843,0.44417,0.53784,0.51033,0.61970,0.65843,0.68484,0.60618,0.61004,0.52670,0.51144,0.44593,0.35127,0.29011,0.15507,0.11400,-0.00756,-0.07148,-0.18690,-0.27889,-0.36626,-0.45752,-0.47118,-0.40811,-0.36064,-0.28312,-0.16245,-0.08531,-0.05225,-0.05283,-0.12523,-0.07827,-0.03886,-0.03593,0.07729,0.03708,-0.09356,-0.15404,-0.27772,-0.33016,-0.34176,-0.42688,-0.32182,-0.20214,-0.07279,-0.11587,-0.09260,-0.07308,0.04883,0.10273,0.22400,0.24874,0.36043,0.35340,0.30316,0.31222,0.22448,0.25909,0.11755,0.15461,0.03627,-0.03731,-0.13732,-0.27393,-0.38981,-0.38691,-0.47964,-0.49828,-0.56660,-0.58689,-0.52843,-0.52029,-0.40974,-0.37866,-0.24698,-0.20000,-0.11440,0.02487,0.07176,0.17830,0.20938,0.33484,0.45669,0.47605,0.39053,0.46924,0.56144,0.62161,0.64080,0.66403,0.70243,0.66333,0.67746,0.58542,0.51081,0.38486,0.28004,0.15355,-0.00313,-0.10354,-0.01836,0.06622,0.20675
0.87822,0.88178,0.85736,0.85544,0.86917,0.85823,0.82878,0.82894,0.82552,0.79415,0.77610,0.74531,0.74174,0.72959,0.70236,0.67008,0.60053,0.57534,0.51010,0.46992,0.48097,0.40687,0.43899,0.44284,0.34490,0.28985,0.33621,0.29278,0.17035,0.16522,0.18212,0.07910,-0.03548,-0.03286,-0.05628,-0.19194,-0.22186,-0.35502,-0.30981,-0.33104,-0.21499,-0.05169,0.02544,0.20951,0.30532,0.40868,0.50047,0.56891,0.56644,0.63100,0.61993,0.65108,0.65931,0.67482,0.70141,0.64933,0.58251,0.54132,0.54627,0.50268,0.43284,0.41865,0.33864,0.29237,0.31587,0.25269,0.16101,0.07685,0.02871,0.14704,0.12447,0.21197,0.17993,0.22781,0.32087,0.37658,0.49318,0.61489,0.69410,0.77322,0.71637,0.69511,0.77071,0.72005,0.64807,0.70760,0.74446,0.68732,0.60133,0.49104,0.45043,0.33283,0.29466,0.32420,0.21654,0.21522,0.13963,-0.06751,-0.13399,-0.29225,-0.20322,-0.18824,-0.31904,-0.24235,-0.12593,0.04841,0.10836,0.18977,0.07690,0.09146,-0.01768,-0.04888,-0.06305,0.11122,-0.05242,-0.07132,0.14204,0.16368,0.04928,0.24267,0.40290,0.35252,0.35998,0.25446,0.22254,0.33855,0.42461,0.38619,0.49602,0.53056,0.55776,0.47037,0.47935,0.39140,0.38743,0.32375,0.23796,0.18607,0.05197,0.01980,-0.09527,-0.16480,-0.26974,-0.36955,-0.45129,-0.54504,-0.55005,-0.48225,-0.41983,-0.33065,-0.21384,-0.12862,-0.10080,-0.11113,-0.18030,-0.13250,-0.10318,-0.10784,-0.00069,-0.04952,-0.18306,-0.25746,-0.38236,-0.44212,-0.46509,-0.54771,-0.45653,-0.34441,-0.22406,-0.26608,-0.23692,-0.22156,-0.10709,-0.04784,0.07572,0.11113,0.23093,0.22918,0.18878,0.18541,0.08916,0.11195,-0.03438,-0.00275,-0.12086,-0.19423,-0.28984,-0.41669,-0.52035,-0.51265,-0.59344,-0.60314,-0.66186,-0.67181,-0.62156,-0.61264,-0.52141,-0.50357,-0.38149,-0.32949,-0.23802,-0.08990,-0.02670,0.09043,0.13752,0.26425,0.38239,0.40051,0.30298,0.37053,0.45779,0.51207,0.52068,0.53915,0.58018,0.53374,0.55134,0.45046,0.37816,0.24540,0.14577,0.02208,-0.13192,-0.22689,-0.13503,-0.05620,0.10406
0.81348,0.82045,0.78689,0.80113,0.83585,0.82220,0.78814,0.81286,0.82476,0.78606,0.78098,0.73508,0.71420,0.67614,0.63027,0.57095,0.49586,0.45383,0.37666,0.32904,0.35377,0.28716,0.33768,0.32340,0.21321,0.18252,0.23081,0.16108,0.04645,0.06686,0.06843,-0.05337,-0.14335,-0.11839,-0.16355,-0.29562,-0.34403,-0.47478,-0.43669,-0.47150,-0.37542,-0.22443,-0.14478,0.04914,0.13815,0.25889,0.34589,0.43554,0.45503,0.54548,0.56037,0.61775,0.65489,0.69072,0.73045,0.70119,0.63722,0.59373,0.61829,0.59042,0.51614,0.50519,0.44486,0.39265,0.39716,0.34989,0.26803,0.17466,0.11067,0.21097,0.16280,0.21956,0.18300,0.20099,0.30547,0.33706,0.46385,0.55453,0.61442,0.71684,0.69880,0.66776,0.75472,0.74854,0.67223,0.71345,0.76932,0.74430,0.65768,0.55534,0.54967,0.46147,0.43979,0.48933,0.40259,0.41038,0.32602,0.12573,0.05113,-0.11714,-0.03823,-0.04245,-0.19073,-0.10116,0.03473,0.20456,0.24349,0.29305,0.15641,0.13311,-0.00929,-0.06769,-0.09804,0.03909,-0.14552,-0.11972,0.08920,0.06532,-0.03109,0.20073,0.32030,0.25389,0.20654,0.06609,0.01656,0.13216,0.23282,0.20018,0.33380,0.40192,0.45683,0.39104,0.43444,0.36083,0.39232,0.35215,0.29904,0.27111,0.14900,0.13222,0.02923,-0.04863,-0.13894,-0.25707,-0.33815,-0.45263,-0.44761,-0.36318,-0.27374,-0.16254,-0.04443,0.04675,0.07089,0.05153,-0.01250,0.03710,0.05463,0.04056,0.13678,0.07748,-0.05922,-0.15851,-0.29607,-0.37492,-0.43407,-0.54038,-0.47669,-0.35958,-0.26208,-0.30303,-0.24470,-0.24634,-0.15277,-0.06905,0.05651,0.11789,0.22799,0.24847,0.24324,0.22108,0.11374,0.09656,-0.05893,-0.06288,-0.18237,-0.28032,-0.36477,-0.47344,-0.54916,-0.50506,-0.57570,-0.56307,-0.62589,-0.61440,-0.56114,-0.55356,-0.47930,-0.50571,-0.38089,-0.29752,-0.18514,-0.00946,0.08194,0.20988,0.27619,0.39262,0.48682,0.50193,0.40216,0.43904,0.49949,0.52416,0.50021,0.48698,0.51041,0.43120,0.42713,0.30785,0.20507,0.06640,-0.04951,-0.17568,-0.32296,-0.41267,-0.32900,-0.22969,-0.05663
0.85900,0.86659,0.84093,0.85923,0.89189,0.88242,0.85666,0.88174,0.89400,0.86477,0.86244,0.82439,0.80365,0.76637,0.72219,0.66204,0.59534,0.55048,0.47580,0.42977,0.45957,0.40080,0.45456,0.43553,0.32773,0.30868,0.35565,0.27936,0.17231,0.20091,0.19788,0.07087,-0.01046,0.02049,-0.03187,-0.17001,-0.22871,-0.37181,-0.32802,-0.37544,-0.28002,-0.12615,-0.04305,0.15582,0.23686,0.36088,0.43584,0.52783,0.55736,0.64658,0.66780,0.72284,0.75818,0.79002,0.82155,0.79474,0.74125,0.70282,0.72100,0.69398,0.62997,0.61884,0.55928,0.51281,0.52118,0.47300,0.39282,0.30526,0.24684,0.34868,0.30589,0.36313,0.32788,0.34399,0.44417,0.47021,0.58778,0.66147,0.70627,0.79855,0.79366,0.76637,0.83936,0.83827,0.77556,0.80927,0.85482,0.83166,0.76013,0.66915,0.65517,0.56689,0.53933,0.57328,0.47953,0.47848,0.40885,0.20909,0.14082,-0.02768,0.06137,0.06833,-0.07844,0.01173,0.14002,0.31120,0.35827,0.41797,0.29208,0.27621,0.13804,0.08005,0.04669,0.17878,-0.01086,0.02288,0.23119,0.19780,0.10529,0.33800,0.44260,0.37207,0.30708,0.14820,0.08127,0.19003,0.30379,0.27917,0.41885,0.50036,0.56343,0.51218,0.55982,0.49444,0.52433,0.48773,0.43375,0.40250,0.28124,0.25948,0.15212,0.07649,-0.02208,-0.13820,-0.22552,-0.34367,-0.34503,-0.26008,-0.17577,-0.06995,0.05344,0.14042,0.16717,0.15440,0.08687,0.13584,0.16125,0.15301,0.25419,0.19985,0.06335,-0.02993,-0.17106,-0.24890,-0.30694,-0.42233,-0.35067,-0.22317,-0.12149,-0.16437,-0.10395,-0.10608,-0.01014,0.07671,0.20209,0.26238,0.36403,0.38343,0.37577,0.36051,0.25841,0.24195,0.08718,0.07913,-0.04180,-0.14614,-0.23281,-0.34818,-0.43038,-0.38139,-0.46236,-0.45194,-0.52680,-0.51869,-0.45749,-0.45199,-0.36129,-0.38586,-0.24883,-0.16196,-0.04818,0.12752,0.21104,0.33310,0.38889,0.50248,0.59672,0.61160,0.52197,0.56330,0.62237,0.64552,0.62250,0.60562,0.62192,0.54030,0.52650,0.41011,0.29544,0.16048,0.03415,-0.09552,-0.24521,-0.33886,-0.26257,-0.15210,0.00417
0.91600,0.92129,0.90067,0.90957,0.92914,0.92094,0.89805,0.90807,0.91027,0.88559,0.87533,0.84652,0.83704,0.81539,0.78236,0.73825,0.67438,0.63909,0.57068,0.52830,0.54988,0.48599,0.52902,0.52063,0.41852,0.38438,0.43067,0.37003,0.25646,0.26935,0.27532,0.15773,0.06039,0.07819,0.03864,-0.10409,-0.14997,-0.29900,-0.24964,-0.28883,-0.17983,-0.01612,0.06713,0.26279,0.34923,0.46482,0.54423,0.62416,0.63971,0.71422,0.71928,0.75846,0.77593,0.79542,0.81916,0.77783,0.72222,0.68470,0.69082,0.65348,0.59132,0.57772,0.50503,0.46161,0.48272,0.42324,0.33517,0.25188,0.20242,0.31747,0.28994,0.36729,0.33377,0.36858,0.46314,0.50603,0.61769,0.71119,0.76998,0.84865,0.81907,0.79809,0.86413,0.83417,0.77363,0.82025,0.85427,0.81068,0.73844,0.64126,0.60459,0.49683,0.45821,0.47981,0.37164,0.36331,0.29660,0.08926,0.02591,-0.14067,-0.04431,-0.02397,-0.16199,-0.07732,0.04100,0.21891,0.28045,0.36132,0.24825,0.25631,0.13687,0.09593,0.07296,0.23136,0.04975,0.05404,0.27055,0.26697,0.16243,0.37416,0.50547,0.44128,0.41033,0.26854,0.21216,0.32168,0.42931,0.40234,0.53067,0.59262,0.63915,0.57290,0.59983,0.52528,0.53337,0.48132,0.40573,0.35874,0.22752,0.19550,0.07889,0.00643,-0.10298,-0.20956,-0.29927,-0.40734,-0.41586,-0.34039,-0.27132,-0.17690,-0.05129,0.03316,0.06293,0.05622,-0.01498,0.03469,0.06847,0.06471,0.17432,0.12524,-0.01169,-0.09038,-0.22646,-0.29290,-0.33013,-0.43355,-0.34265,-0.21523,-0.09697,-0.14086,-0.09707,-0.08804,0.02315,0.09537,0.22305,0.26570,0.37469,0.37993,0.35167,0.34779,0.25081,0.26048,0.10857,0.12353,0.00021,-0.09159,-0.18802,-0.31726,-0.41911,-0.39106,-0.48024,-0.48398,-0.55740,-0.56414,-0.50310,-0.49770,-0.39316,-0.39119,-0.25235,-0.18316,-0.08103,0.08120,0.14764,0.26522,0.30970,0.43206,0.54287,0.56049,0.47093,0.53227,0.60933,0.65147,0.64850,0.65127,0.67907,0.61710,0.61663,0.50966,0.41224,0.27832,0.16000,0.02970,-0.12692,-0.22589,-0.14336,-0.04235,0.11081
0.93744,0.94345,0.92781,0.93966,0.95824,0.95258,0.93512,0.94558,0.94840,0.92937,0.92053,0.89740,0.88858,0.86698,0.83516,0.78978,0.73164,0.69339,0.62746,0.58575,0.61130,0.55440,0.59999,0.58736,0.48747,0.46208,0.50662,0.44081,0.33371,0.35269,0.35444,0.23333,0.14351,0.16626,0.12151,-0.02303,-0.07562,-0.23170,-0.18030,-0.22991,-0.12364,0.04104,0.12696,0.32472,0.40653,0.52398,0.59447,0.67649,0.69908,0.77297,0.78300,0.82080,0.83782,0.85401,0.87322,0.83467,0.78621,0.75160,0.75432,0.71886,0.66334,0.64941,0.57816,0.53949,0.56260,0.50397,0.41744,0.33880,0.29276,0.40733,0.38251,0.45792,0.42542,0.45769,0.54788,0.58590,0.69122,0.77286,0.82155,0.89303,0.87273,0.85467,0.91101,0.88450,0.83332,0.87557,0.90266,0.86078,0.79846,0.71015,0.67084,0.56399,0.52200,0.53368,0.42268,0.40863,0.35053,0.14533,0.08800,-0.07814,0.02220,0.04982,-0.08581,-0.00087,0.11268,0.29025,0.35750,0.44266,0.33631,0.34880,0.23221,0.19101,0.16700,0.31915,0.13264,0.14340,0.35776,0.34670,0.24437,0.45645,0.57727,0.50924,0.46469,0.30602,0.24129,0.34573,0.46147,0.44312,0.57649,0.64871,0.70057,0.64457,0.67496,0.60728,0.61586,0.56685,0.49266,0.44449,0.31530,0.28119,0.16288,0.09192,-0.02193,-0.12718,-0.22123,-0.33197,-0.34446,-0.26905,-0.20386,-0.11286,0.01568,0.09697,0.13002,0.12798,0.05578,0.10548,0.14306,0.14246,0.25411,0.20842,0.07240,-0.00261,-0.14075,-0.20673,-0.24437,-0.35299,-0.25882,-0.12583,-0.00523,-0.04953,-0.00335,0.00474,0.11584,0.19027,0.31724,0.35867,0.45999,0.46592,0.43961,0.43846,0.34459,0.35380,0.20342,0.21508,0.09124,-0.00589,-0.10375,-0.23532,-0.33990,-0.30756,-0.40258,-0.40732,-0.48847,-0.49611,-0.43005,-0.42566,-0.31210,-0.31004,-0.16411,-0.09178,0.01073,0.17297,0.23414,0.34750,0.38534,0.50480,0.61301,0.63045,0.54847,0.61131,0.68577,0.72599,0.72276,0.72225,0.74463,0.68095,0.67332,0.56824,0.46267,0.33099,0.20641,0.07368,-0.08388,-0.18424,-0.10576,0.00241,0.14747
0.92332,0.92996,0.91033,0.92481,0.94843,0.94097,0.92078,0.93616,0.94152,0.91861,0.91157,0.88326,0.87085,0.84316,0.80684,0.75508,0.69254,0.65154,0.58278,0.53843,0.56552,0.50769,0.55719,0.54142,0.43653,0.41348,0.45888,0.38724,0.27859,0.30088,0.29960,0.17361,0.08641,0.11290,0.06398,-0.08114,-0.13232,-0.28708,-0.23985,-0.29176,-0.18797,-0.02399,0.06298,0.26439,0.34891,0.47101,0.54425,0.63181,0.65733,0.73806,0.75264,0.79702,0.82010,0.84190,0.86631,0.83090,0.78070,0.74391,0.75242,0.71941,0.65978,0.64671,0.57871,0.53708,0.55598,0.50024,0.41375,0.33059,0.27921,0.39105,0.35864,0.42810,0.39312,0.41926,0.51346,0.54633,0.65667,0.73571,0.78606,0.86753,0.85225,0.83176,0.89541,0.87631,0.81986,0.86208,0.89630,0.85943,0.79291,0.70209,0.67105,0.56810,0.53004,0.54882,0.44433,0.43356,0.36858,0.16258,0.10150,-0.06958,0.02598,0.04707,-0.09443,-0.00416,0.11772,0.29641,0.35773,0.43492,0.31932,0.32307,0.19920,0.15145,0.12204,0.26979,0.07582,0.09311,0.31085,0.29145,0.19057,0.41306,0.52899,0.45696,0.40668,0.24312,0.17943,0.29023,0.40884,0.38599,0.52457,0.60190,0.65821,0.60174,0.64005,0.57349,0.59067,0.54517,0.47702,0.43428,0.30563,0.27576,0.15914,0.08463,-0.02590,-0.13776,-0.23201,-0.34798,-0.35789,-0.27817,-0.20446,-0.10550,0.02406,0.11007,0.14223,0.13610,0.06451,0.11567,0.14955,0.14542,0.25529,0.20539,0.06651,-0.01684,-0.15937,-0.22944,-0.27593,-0.38901,-0.30220,-0.16917,-0.05184,-0.09595,-0.04363,-0.03808,0.07007,0.15054,0.28092,0.32898,0.43182,0.44250,0.42460,0.41689,0.31664,0.31763,0.16320,0.16847,0.04177,-0.06031,-0.15658,-0.28472,-0.38295,-0.34288,-0.43375,-0.43369,-0.51412,-0.51738,-0.45235,-0.44851,-0.34147,-0.34987,-0.20408,-0.12294,-0.01418,0.15491,0.22466,0.34384,0.38874,0.50841,0.61359,0.63092,0.54517,0.60149,0.67151,0.70588,0.69621,0.68937,0.70955,0.63807,0.62829,0.51738,0.40623,0.26983,0.14343,0.00877,-0.14848,-0.24813,-0.17077,-0.06282,0.08779
0.86750,0.87626,0.85095,0.87410,0.91048,0.90132,0.87699,0.90635,0.92124,0.89315,0.89321,0.85518,0.83245,0.78994,0.74320,0.67668,0.61022,0.56250,0.48714,0.44052,0.47305,0.41685,0.47557,0.45111,0.33991,0.32934,0.37634,0.29123,0.18706,0.22335,0.21492,0.08021,0.00654,0.04483,-0.01516,-0.15536,-0.21562,-0.36452,-0.32268,-0.38063,-0.28831,-0.13404,-0.04817,0.15582,0.23582,0.36573,0.43725,0.53544,0.57172,0.66623,0.69490,0.75427,0.79407,0.82799,0.86051,0.83812,0.78886,0.75110,0.77070,0.74628,0.68408,0.67321,0.61693,0.57185,0.57946,0.53315,0.45350,0.36530,0.30536,0.40517,0.35830,0.40982,0.37253,0.38189,0.48263,0.50092,0.61860,0.68131,0.72047,0.81555,0.82127,0.79401,0.86556,0.87224,0.81250,0.84344,0.88954,0.87199,0.80435,0.71829,0.70761,0.62166,0.59410,0.62587,0.53532,0.53146,0.46128,0.26139,0.19438,0.02077,0.10939,0.11690,-0.03286,0.06297,0.19491,0.36870,0.41571,0.47323,0.34430,0.32638,0.18468,0.12049,0.08216,0.20680,0.00544,0.04920,0.26025,0.21519,0.12671,0.36923,0.46159,0.38273,0.30404,0.12823,0.05440,0.16501,0.28907,0.26594,0.41457,0.50821,0.57905,0.53444,0.59112,0.53190,0.56990,0.53766,0.48877,0.46039,0.34050,0.32032,0.21289,0.13458,0.03469,-0.08648,-0.17813,-0.30372,-0.30638,-0.21789,-0.12875,-0.01805,0.10989,0.19963,0.22798,0.21474,0.14672,0.19776,0.22379,0.21414,0.31553,0.25998,0.12104,0.02335,-0.12403,-0.20504,-0.27116,-0.39504,-0.32634,-0.19399,-0.09197,-0.13482,-0.06683,-0.07134,0.02310,0.11710,0.24608,0.31138,0.40893,0.43336,0.43302,0.41393,0.30853,0.28504,0.12701,0.11206,-0.01334,-0.12663,-0.21445,-0.32986,-0.40971,-0.35116,-0.43378,-0.42021,-0.50071,-0.48911,-0.42486,-0.42191,-0.32784,-0.36137,-0.21834,-0.12143,-0.00113,0.18140,0.26783,0.39245,0.44897,0.56126,0.65184,0.66703,0.57937,0.61763,0.67171,0.68881,0.66015,0.63547,0.64656,0.55726,0.53664,0.41650,0.29072,0.15267,0.01999,-0.11310,-0.26431,-0.35938,-0.28656,-0.17050,-0.01532
0.84151,0.85196,0.83019,0.86067,0.90124,0.89469,0.87525,0.91176,0.93174,0.90873,0.91470,0.87914,0.85171,0.80288,0.75334,0.68009,0.62068,0.56719,0.49357,0.44758,0.48624,0.44059,0.50507,0.47293,0.36486,0.37083,0.41536,0.32063,0.22925,0.27853,0.26198,0.12315,0.06690,0.11531,0.04566,-0.09059,-0.16426,-0.31421,-0.27228,-0.34144,-0.26066,-0.11428,-0.02859,0.17332,0.24208,0.37373,0.43235,0.53529,0.58424,0.68189,0.72261,0.78620,0.83289,0.86910,0.89909,0.88748,0.84794,0.81414,0.83501,0.81763,0.76350,0.75400,0.70676,0.66626,0.67017,0.63053,0.55907,0.47610,0.41748,0.50779,0.45860,0.49818,0.46239,0.46032,0.55768,0.56295,0.67354,0.71229,0.73204,0.82225,0.84974,0.82262,0.88478,0.90913,0.86055,0.87841,0.92102,0.91576,0.86192,0.79115,0.78706,0.71363,0.68868,0.71426,0.62861,0.62158,0.56228,0.37363,0.31237,0.14314,0.23176,0.24094,0.09366,0.18915,0.31639,0.48206,0.52637,0.57806,0.45474,0.43039,0.28659,0.21574,0.17297,0.27543,0.07257,0.13616,0.33527,0.26965,0.19322,0.43928,0.50450,0.42164,0.31363,0.11934,0.02976,0.13025,0.26320,0.24992,0.40477,0.51622,0.59892,0.57363,0.64148,0.59515,0.64210,0.62119,0.58493,0.56294,0.45306,0.43574,0.33439,0.25832,0.16102,0.04036,-0.05154,-0.18102,-0.18422,-0.09353,-0.00380,0.10510,0.23159,0.31627,0.34463,0.33380,0.26758,0.31680,0.34376,0.33585,0.43276,0.37984,0.24586,0.14812,0.00034,-0.08328,-0.15660,-0.28903,-0.22651,-0.09149,0.00185,-0.04021,0.03642,0.02551,0.11018,0.21038,0.33308,0.40444,0.48828,0.51790,0.52743,0.50801,0.40789,0.37229,0.21869,0.19000,0.06880,-0.05251,-0.13491,-0.24313,-0.31471,-0.24406,-0.32702,-0.30780,-0.39500,-0.37806,-0.31023,-0.30921,-0.21367,-0.25751,-0.11147,-0.00704,0.11531,0.29977,0.38626,0.50476,0.55770,0.65958,0.73799,0.75113,0.67346,0.70335,0.74485,0.75088,0.71287,0.67656,0.67621,0.57858,0.54450,0.42557,0.28669,0.15499,0.01506,-0.11577,-0.26021,-0.35299,-0.28946,-0.16305,-0.02066
0.75197,0.76456,0.74102,0.78290,0.83530,0.82884,0.81073,0.86222,0.89159,0.86892,0.88440,0.84416,0.80634,0.74278,0.68460,0.59696,0.54107,0.47877,0.40361,0.35661,0.40344,0.36905,0.44399,0.39933,0.29119,0.31895,0.36114,0.25123,0.17484,0.24252,0.21414,0.06927,0.03857,0.10232,0.01863,-0.10760,-0.19199,-0.33465,-0.29985,-0.38114,-0.32003,-0.19092,-0.10835,0.08818,0.14449,0.28049,0.32694,0.43864,0.50383,0.61233,0.67172,0.74826,0.81148,0.85770,0.89158,0.89881,0.86863,0.83774,0.86802,0.86331,0.81453,0.80796,0.77857,0.73942,0.73111,0.70547,0.64678,0.56602,0.50289,0.57389,0.51236,0.52711,0.49117,0.46647,0.56325,0.54689,0.65403,0.66104,0.65901,0.75429,0.81320,0.78237,0.84270,0.89920,0.85719,0.85784,0.90633,0.92539,0.88218,0.82781,0.84498,0.79701,0.78310,0.81405,0.74673,0.74270,0.68730,0.51748,0.45746,0.29305,0.37142,0.37073,0.22329,0.32162,0.45055,0.60190,0.63174,0.66093,0.53383,0.48807,0.33325,0.24740,0.19477,0.26081,0.05398,0.14912,0.33026,0.23226,0.17631,0.43330,0.45806,0.36908,0.22161,0.00862,-0.09538,-0.00319,0.13749,0.13042,0.29308,0.42650,0.52642,0.52416,0.61388,0.58483,0.65405,0.65253,0.64186,0.63728,0.54452,0.53767,0.45063,0.37487,0.29104,0.16630,0.07854,-0.05797,-0.05580,0.04013,0.14111,0.25495,0.37583,0.45886,0.48299,0.46889,0.40874,0.45526,0.47531,0.46415,0.54837,0.49389,0.36709,0.26052,0.11224,0.02076,-0.07341,-0.21684,-0.17566,-0.04289,0.03011,-0.00898,0.08397,0.06143,0.12637,0.23938,0.35457,0.44012,0.50727,0.55097,0.58322,0.55409,0.45550,0.39338,0.24452,0.19094,0.07579,-0.05656,-0.12673,-0.21737,-0.26662,-0.17293,-0.24677,-0.21325,-0.30175,-0.27184,-0.20454,-0.20457,-0.12152,-0.19384,-0.05112,0.07119,0.20209,0.39176,0.48887,0.60435,0.66301,0.74866,0.80480,0.81493,0.74518,0.75288,0.77128,0.75507,0.69672,0.63869,0.62262,0.50713,0.45644,0.33434,0.17847,0.05315,-0.09220,-0.21684,-0.34725,-0.43097,-0.38144,-0.24630,-0.11166
0.67848,0.69378,0.67407,0.72310,0.78014,0.77774,0.76510,0.82406,0.85934,0.84267,0.86498,0.82657,0.78331,0.71314,0.65225,0.55733,0.51017,0.44250,0.37041,0.32515,0.37930,0.35875,0.43966,0.38595,0.28363,0.33123,0.36922,0.24965,0.19120,0.27283,0.23509,0.08953,0.08258,0.15757,0.06527,-0.05196,-0.14555,-0.28403,-0.25076,-0.34232,-0.29734,-0.18489,-0.10634,0.07962,0.11982,0.25393,0.28368,0.39696,0.47632,0.58693,0.65921,0.74033,0.81079,0.85999,0.89177,0.91227,0.89449,0.86921,0.90270,0.90776,0.86924,0.86500,0.84982,0.81651,0.80153,0.78664,0.74046,0.66773,0.60698,0.66262,0.59712,0.59410,0.56023,0.52047,0.61065,0.57865,0.67405,0.65103,0.62572,0.71689,0.80147,0.77079,0.81991,0.89764,0.86830,0.85340,0.89894,0.93427,0.90737,0.87300,0.90060,0.87170,0.86373,0.88935,0.83435,0.82864,0.78556,0.63614,0.58321,0.42918,0.50251,0.50080,0.35983,0.45473,0.57580,0.71142,0.73435,0.75149,0.63279,0.57758,0.42463,0.33206,0.27297,0.30859,0.10672,0.22281,0.38349,0.26287,0.22627,0.47965,0.46707,0.37783,0.20028,-0.02575,-0.14353,-0.06606,0.07960,0.08210,0.24588,0.39588,0.50650,0.52748,0.62935,0.61732,0.69894,0.71196,0.71938,0.72539,0.64866,0.64694,0.57152,0.50101,0.42609,0.30461,0.22023,0.08375,0.08670,0.18312,0.28367,0.39363,0.50696,0.58202,0.60434,0.59196,0.53688,0.57917,0.59721,0.58722,0.66128,0.61093,0.49515,0.39032,0.24653,0.15429,0.05011,-0.09797,-0.07039,0.05974,0.11839,0.08184,0.18296,0.15341,0.20313,0.32143,0.42590,0.51675,0.56819,0.61729,0.66418,0.63093,0.53940,0.46300,0.32464,0.25444,0.14759,0.00953,-0.05105,-0.12820,-0.16248,-0.05489,-0.12420,-0.08343,-0.17546,-0.13854,-0.06952,-0.07024,0.00668,-0.08089,0.05903,0.19091,0.32245,0.50628,0.60227,0.70739,0.76204,0.83166,0.86988,0.87638,0.82032,0.81448,0.81536,0.78407,0.71456,0.64253,0.61268,0.48961,0.42513,0.30742,0.14126,0.02844,-0.11960,-0.23606,-0.35206,-0.42794,-0.39316,-0.25199,-0.13766
0.58573,0.60208,0.57680,0.63121,0.69725,0.69266,0.67635,0.74531,0.78729,0.76615,0.79371,0.74758,0.69670,0.61571,0.54774,0.44296,0.39360,0.32204,0.24798,0.20149,0.25823,0.24098,0.32736,0.26796,0.16441,0.22073,0.25788,0.13165,0.08000,0.16973,0.12685,-0.01964,-0.01368,0.06854,-0.02960,-0.13567,-0.23097,-0.35634,-0.33190,-0.42405,-0.39361,-0.29522,-0.22127,-0.04247,-0.00733,0.12767,0.15518,0.27240,0.35780,0.47657,0.55855,0.64979,0.73263,0.79175,0.83087,0.86303,0.84605,0.82120,0.86502,0.87777,0.83786,0.83651,0.83279,0.79749,0.77222,0.76711,0.73014,0.65537,0.58825,0.62910,0.55179,0.53033,0.49565,0.44154,0.53364,0.48888,0.58687,0.55018,0.51741,0.61872,0.71845,0.68178,0.73757,0.83602,0.80345,0.78078,0.83647,0.88774,0.85947,0.83001,0.87887,0.86902,0.87247,0.91040,0.87380,0.87602,0.82828,0.69367,0.63704,0.48810,0.54873,0.53216,0.38975,0.48620,0.61234,0.73675,0.74302,0.73841,0.61091,0.53605,0.37382,0.27004,0.20569,0.21682,0.01648,0.15083,0.29827,0.15919,0.13615,0.39506,0.36125,0.27102,0.07693,-0.14810,-0.26641,-0.19202,-0.04953,-0.04860,0.11595,0.27287,0.39118,0.42056,0.53517,0.53085,0.62932,0.65442,0.68116,0.70167,0.63708,0.64571,0.58357,0.51289,0.45286,0.32747,0.25027,0.11168,0.12188,0.22225,0.33333,0.45045,0.55599,0.63254,0.64973,0.63000,0.58084,0.62135,0.63010,0.61412,0.67596,0.62191,0.51172,0.39726,0.25612,0.15811,0.03980,-0.11135,-0.10369,0.01791,0.05851,0.02510,0.13660,0.09853,0.13245,0.25791,0.35672,0.45887,0.50540,0.56200,0.62767,0.58231,0.48930,0.39311,0.25843,0.17253,0.07164,-0.06984,-0.11897,-0.17939,-0.19301,-0.07151,-0.12784,-0.07624,-0.16324,-0.11405,-0.05017,-0.05198,0.00744,-0.10112,0.02894,0.16985,0.30631,0.49337,0.60108,0.70702,0.77157,0.83061,0.85275,0.85711,0.80086,0.77660,0.76122,0.71462,0.63020,0.54480,0.50805,0.37375,0.30309,0.18237,0.01118,-0.09837,-0.24384,-0.35381,-0.45766,-0.52483,-0.49787,-0.35910,-0.24558
0.57175,0.58812,0.56094,0.61537,0.68288,0.67722,0.65928,0.72978,0.77286,0.74980,0.77781,0.72912,0.67683,0.59419,0.52453,0.41837,0.36715,0.29539,0.22081,0.17396,0.22969,0.21103,0.29755,0.23892,0.13444,0.19005,0.22752,0.10136,0.04903,0.13869,0.09601,-0.05009,-0.04438,0.03786,-0.05992,-0.16410,-0.25865,-0.37989,-0.35874,-0.45076,-0.42149,-0.32422,-0.25085,-0.07213,-0.03626,0.09905,0.12836,0.24626,0.33068,0.45140,0.53346,0.62671,0.71169,0.77286,0.81422,0.84737,0.82845,0.80207,0.84838,0.86213,0.81981,0.81848,0.81596,0.77884,0.75156,0.74745,0.71146,0.63524,0.56644,0.60592,0.52653,0.50341,0.46850,0.41345,0.50723,0.46226,0.56277,0.52735,0.49522,0.59960,0.69974,0.66139,0.72019,0.82041,0.78535,0.76222,0.82091,0.87359,0.84291,0.81218,0.86482,0.85715,0.86363,0.90529,0.87126,0.87597,0.82626,0.69272,0.63365,0.48561,0.54427,0.52356,0.37926,0.47572,0.60376,0.72722,0.72968,0.72135,0.59110,0.51235,0.34753,0.24179,0.17668,0.18634,-0.01313,0.12244,0.26838,0.12834,0.10595,0.36665,0.33310,0.24299,0.04963,-0.17243,-0.28960,-0.21443,-0.07365,-0.07433,0.09007,0.24601,0.36444,0.39270,0.50880,0.50348,0.60355,0.62974,0.65868,0.68104,0.61753,0.62768,0.56742,0.49640,0.43953,0.31328,0.23757,0.09878,0.11129,0.21260,0.32610,0.44515,0.54944,0.62652,0.64238,0.62065,0.57220,0.61189,0.61798,0.60129,0.66146,0.60647,0.49655,0.37987,0.23939,0.13984,0.02006,-0.13053,-0.12639,-0.00689,0.03068,-0.00279,0.10927,0.06962,0.10157,0.22780,0.32592,0.43141,0.47972,0.53841,0.60514,0.55702,0.46210,0.36344,0.22899,0.14157,0.04155,-0.09919,-0.14604,-0.20378,-0.21423,-0.09250,-0.14588,-0.09260,-0.17642,-0.12582,-0.06289,-0.06475,-0.00956,-0.12112,0.00620,0.14742,0.28489,0.47284,0.58360,0.69067,0.75859,0.81704,0.83729,0.84148,0.78314,0.75650,0.73961,0.69160,0.60510,0.51863,0.48217,0.34632,0.27628,0.15386,-0.01664,-0.12665,-0.27089,-0.38058,-0.48455,-0.55098,-0.52487,-0.38804,-0.27473
0.55996,0.57715,0.55798,0.61424,0.67831,0.67727,0.66699,0.73588,0.77893,0.76520,0.79503,0.75508,0.70439,0.62516,0.55970,0.45670,0.41639,0.34434,0.27582,0.23232,0.29111,0.28262,0.36878,0.30758,0.21180,0.27779,0.31167,0.18461,0.14473,0.23946,0.19321,0.05031,0.06762,0.15346,0.05376,-0.04677,-0.14732,-0.27216,-0.24783,-0.34638,-0.32283,-0.23160,-0.15986,0.01129,0.03515,0.16482,0.17985,0.29406,0.38471,0.49887,0.58406,0.67210,0.75344,0.80911,0.84204,0.87902,0.87039,0.85045,0.89073,0.90642,0.87596,0.87494,0.87531,0.84582,0.82152,0.81915,0.78930,0.72348,0.66295,0.69816,0.62606,0.60022,0.56924,0.51293,0.59769,0.54798,0.63396,0.58222,0.53426,0.62445,0.73490,0.70059,0.74269,0.84604,0.82605,0.79466,0.84177,0.89633,0.88249,0.86759,0.91498,0.91155,0.91520,0.94207,0.90697,0.90579,0.87162,0.74953,0.69970,0.56145,0.62388,0.61271,0.47815,0.56791,0.68266,0.79695,0.80413,0.80046,0.68706,0.61488,0.46209,0.36040,0.29573,0.29409,0.10221,0.24177,0.37484,0.22953,0.21574,0.46276,0.41158,0.32452,0.11916,-0.11020,-0.23732,-0.17566,-0.03161,-0.02169,0.13959,0.30228,0.42323,0.46619,0.58161,0.58566,0.68227,0.71287,0.74381,0.76446,0.70885,0.71599,0.65857,0.59427,0.53622,0.41868,0.34272,0.20835,0.21623,0.31343,0.41629,0.52424,0.62486,0.69183,0.70896,0.69406,0.64648,0.68308,0.69467,0.68362,0.74192,0.69470,0.59315,0.48729,0.35279,0.25775,0.14314,-0.00713,-0.00056,0.11900,0.15489,0.12272,0.23257,0.19272,0.22097,0.34395,0.43380,0.53378,0.57093,0.62729,0.69243,0.65048,0.56558,0.46969,0.34533,0.25586,0.16162,0.02141,-0.02310,-0.07915,-0.09060,0.03159,-0.02596,0.02516,-0.06401,-0.01621,0.05055,0.04710,0.11028,0.00294,0.13208,0.27058,0.40190,0.57843,0.67775,0.77193,0.82767,0.87751,0.89221,0.89483,0.85034,0.82544,0.80428,0.75442,0.67007,0.58255,0.53976,0.40744,0.33041,0.21687,0.04468,-0.05414,-0.19961,-0.30466,-0.40283,-0.46791,-0.45188,-0.31184,-0.22227
0.43983,0.45832,0.43892,0.50104,0.57120,0.57087,0.56213,0.63925,0.68842,0.67580,0.71209,0.67054,0.61376,0.52665,0.45767,0.34830,0.31364,0.23875,0.17319,0.13194,0.19457,0.19704,0.28649,0.21833,0.12937,0.21014,0.23958,0.10744,0.08418,0.18876,0.13531,-0.00298,0.03580,0.12908,0.02387,-0.06019,-0.16590,-0.27451,-0.25793,-0.35926,-0.35544,-0.28606,-0.22207,-0.06772,-0.05684,0.06732,0.07035,0.18456,0.28384,0.39981,0.49604,0.58985,0.68064,0.74177,0.77660,0.82773,0.82724,0.81175,0.85847,0.88407,0.86003,0.86214,0.87775,0.85165,0.81816,0.82839,0.81270,0.75334,0.69281,0.70806,0.62949,0.58272,0.55358,0.48112,0.55977,0.49411,0.57148,0.49488,0.43029,0.51971,0.65064,0.61505,0.65272,0.77863,0.76552,0.72039,0.76995,0.84259,0.83856,0.83887,0.90315,0.92345,0.93720,0.96733,0.95136,0.95350,0.92547,0.82895,0.78330,0.65959,0.70909,0.68938,0.56365,0.64895,0.75756,0.85098,0.84355,0.82014,0.71085,0.62384,0.47116,0.36257,0.29399,0.25807,0.07690,0.23576,0.34285,0.17817,0.18446,0.42426,0.33987,0.25328,0.02665,-0.20188,-0.33337,-0.28533,-0.14549,-0.12965,0.02718,0.19900,0.32708,0.38778,0.51437,0.53359,0.64398,0.69003,0.74256,0.77749,0.74119,0.75759,0.71769,0.65824,0.61638,0.50320,0.43681,0.30592,0.31837,0.41413,0.51932,0.62496,0.71339,0.77348,0.78559,0.76820,0.72973,0.76134,0.76584,0.75221,0.79469,0.74922,0.66130,0.55469,0.42950,0.33394,0.20901,0.05949,0.04617,0.15500,0.16959,0.14240,0.25994,0.21226,0.21968,0.34532,0.42155,0.52786,0.54996,0.61304,0.69525,0.64587,0.56828,0.45475,0.34346,0.23724,0.15570,0.01494,-0.01475,-0.04999,-0.03983,0.09444,0.04965,0.10999,0.02523,0.08248,0.14416,0.13948,0.18654,0.06161,0.17849,0.32237,0.45129,0.62094,0.72335,0.80833,0.86528,0.89709,0.89052,0.88976,0.85533,0.81191,0.77094,0.70459,0.60720,0.50624,0.45228,0.31316,0.22649,0.11789,-0.05782,-0.14404,-0.28471,-0.37677,-0.45489,-0.50766,-0.50469,-0.36593,-0.28950
0.35313,0.37170,0.34659,0.41103,0.48742,0.48445,0.47149,0.55550,0.60879,0.59087,0.63048,0.58154,0.51930,0.42497,0.35102,0.23632,0.19878,0.12258,0.05608,0.01450,0.07685,0.07984,0.17104,0.10099,0.01190,0.09548,0.12402,-0.00961,-0.02888,0.07864,0.02315,-0.11221,-0.06575,0.03012,-0.07646,-0.14905,-0.25258,-0.34583,-0.33771,-0.43626,-0.44324,-0.38652,-0.32804,-0.18256,-0.17415,-0.05182,-0.04802,0.06715,0.16729,0.28808,0.38876,0.48953,0.58918,0.65804,0.69945,0.75849,0.75643,0.73974,0.79519,0.82659,0.79927,0.80327,0.82810,0.79948,0.75703,0.77501,0.76634,0.70521,0.63977,0.64306,0.55558,0.49568,0.46618,0.38398,0.46404,0.39119,0.47151,0.38872,0.32210,0.42018,0.55822,0.51813,0.56360,0.70245,0.68388,0.63474,0.69381,0.77709,0.76899,0.77048,0.85083,0.88580,0.90977,0.95232,0.95175,0.96136,0.92780,0.84394,0.79499,0.67749,0.71460,0.68139,0.55610,0.64099,0.75284,0.83570,0.81364,0.77196,0.65569,0.55352,0.39491,0.27905,0.20758,0.15495,-0.02038,0.14846,0.24343,0.06980,0.08505,0.32616,0.22973,0.14378,-0.08810,-0.30827,-0.43566,-0.38904,-0.25624,-0.24361,-0.09000,0.08149,0.21158,0.27492,0.40867,0.43215,0.55337,0.60752,0.67414,0.72049,0.69390,0.71901,0.69089,0.63164,0.60407,0.48970,0.43125,0.30163,0.32059,0.41736,0.53055,0.64084,0.72077,0.78200,0.78905,0.76494,0.73267,0.76188,0.75690,0.73841,0.76991,0.72144,0.63929,0.52606,0.40570,0.30731,0.17304,0.02518,-0.00482,0.09369,0.09278,0.06866,0.19152,0.13805,0.13243,0.26098,0.33182,0.44610,0.46482,0.53309,0.62817,0.56982,0.49125,0.36419,0.25715,0.14085,0.06609,-0.07305,-0.09263,-0.11290,-0.08580,0.05540,0.02354,0.09211,0.01584,0.08160,0.13716,0.13225,0.16136,0.02171,0.12648,0.27407,0.40427,0.57377,0.68509,0.77045,0.83641,0.85980,0.84066,0.83864,0.80256,0.74519,0.69271,0.61588,0.50795,0.39901,0.34213,0.19720,0.10891,-0.00108,-0.17529,-0.25804,-0.39280,-0.47730,-0.54508,-0.58965,-0.59122,-0.45781,-0.37992
0.30555,0.32459,0.30335,0.36924,0.44450,0.44365,0.43507,0.51968,0.57396,0.56118,0.60285,0.55858,0.49639,0.40294,0.33145,0.21860,0.18877,0.11355,0.05290,0.01419,0.07660,0.08638,0.17677,0.10589,0.02443,0.11588,0.14115,0.00884,0.00078,0.11156,0.05381,-0.07571,-0.01874,0.07915,-0.02766,-0.09151,-0.19719,-0.28409,-0.27886,-0.38209,-0.39673,-0.34952,-0.29527,-0.16112,-0.16296,-0.04679,-0.05336,0.05775,0.16074,0.27671,0.38012,0.47815,0.57732,0.64384,0.68024,0.74443,0.75010,0.73747,0.79105,0.82617,0.80679,0.81114,0.84175,0.81870,0.77557,0.79770,0.79656,0.74311,0.68296,0.67824,0.59425,0.52841,0.50264,0.41671,0.48930,0.41152,0.48146,0.38488,0.30615,0.39473,0.54128,0.50255,0.53831,0.68253,0.67366,0.61723,0.67043,0.75874,0.76163,0.77510,0.85636,0.90019,0.92613,0.96139,0.96562,0.97418,0.95185,0.88299,0.83988,0.73448,0.77006,0.73844,0.62242,0.70003,0.80127,0.87178,0.84788,0.80325,0.69866,0.59673,0.44652,0.33208,0.26163,0.19439,0.03030,0.20395,0.28231,0.10302,0.12804,0.35697,0.24508,0.16270,-0.07704,-0.29613,-0.42805,-0.39272,-0.26268,-0.24329,-0.09536,0.07805,0.20866,0.28328,0.41758,0.44932,0.57041,0.62966,0.70243,0.75125,0.73505,0.76079,0.73968,0.68656,0.66412,0.55804,0.50363,0.37946,0.39790,0.49083,0.59732,0.69912,0.77168,0.82409,0.83048,0.80870,0.77965,0.80480,0.80063,0.78481,0.81033,0.76740,0.69524,0.58912,0.47709,0.38213,0.25049,0.10503,0.07087,0.16398,0.15555,0.13341,0.25468,0.19949,0.18621,0.31187,0.37281,0.48536,0.49193,0.56223,0.65866,0.60235,0.53272,0.40348,0.30720,0.18727,0.12093,-0.01498,-0.02855,-0.04152,-0.00903,0.13264,0.10348,0.17250,0.09716,0.16333,0.21848,0.21308,0.24142,0.10152,0.20058,0.34446,0.46911,0.62775,0.73271,0.80693,0.86631,0.87925,0.85095,0.84791,0.82163,0.76096,0.70151,0.62024,0.51160,0.40036,0.33833,0.19581,0.10339,0.00105,-0.17163,-0.24324,-0.37467,-0.45161,-0.51114,-0.55152,-0.56304,-0.43265,-0.37610
0.23912,0.25885,0.24509,0.31265,0.38516,0.38875,0.38735,0.47089,0.52578,0.52173,0.56602,0.53002,0.46904,0.37825,0.31095,0.20148,0.18410,0.11000,0.05703,0.02378,0.08817,0.11019,0.19863,0.12497,0.05590,0.15903,0.17900,0.04819,0.05703,0.17259,0.11075,-0.01059,0.06269,0.16339,0.05598,0.00308,-0.10630,-0.18697,-0.18253,-0.28910,-0.31582,-0.28335,-0.23501,-0.11736,-0.13387,-0.02803,-0.05124,0.05325,0.16198,0.26948,0.37638,0.46939,0.56595,0.62776,0.65699,0.72773,0.74525,0.74018,0.78915,0.82873,0.82253,0.82844,0.86643,0.85140,0.80884,0.83665,0.84631,0.80596,0.75444,0.73837,0.66044,0.58639,0.56492,0.47430,0.53446,0.44900,0.50160,0.38450,0.28842,0.36193,0.52056,0.48614,0.50517,0.65615,0.66314,0.59610,0.63882,0.73313,0.75388,0.78620,0.86735,0.92269,0.94927,0.97208,0.98321,0.98726,0.98142,0.93463,0.90175,0.81310,0.84575,0.81999,0.71900,0.78727,0.87171,0.92453,0.89963,0.85234,0.76658,0.66771,0.53172,0.42126,0.35188,0.26340,0.11478,0.29441,0.34947,0.16399,0.20356,0.41152,0.27470,0.19730,-0.05322,-0.27120,-0.40861,-0.39211,-0.26437,-0.23461,-0.09510,0.08227,0.21359,0.30531,0.43907,0.48381,0.60369,0.67053,0.75119,0.80292,0.80128,0.82741,0.81577,0.77167,0.75513,0.66113,0.61209,0.49671,0.51305,0.59924,0.69456,0.78316,0.84610,0.88569,0.89108,0.87453,0.85044,0.87034,0.86757,0.85592,0.87318,0.83863,0.78070,0.68649,0.58619,0.49759,0.37020,0.23037,0.19160,0.27794,0.26000,0.24132,0.36029,0.30367,0.27957,0.39972,0.44658,0.55357,0.54600,0.61445,0.71284,0.66003,0.60373,0.47393,0.39416,0.26974,0.21512,0.08318,0.07781,0.07450,0.11365,0.25580,0.22934,0.29834,0.22249,0.28833,0.34241,0.33549,0.36325,0.22406,0.31672,0.45603,0.57169,0.71332,0.80650,0.86433,0.91252,0.91075,0.87045,0.86465,0.85430,0.78966,0.72072,0.63405,0.52563,0.41157,0.34193,0.20421,0.10507,0.01522,-0.15544,-0.21067,-0.33706,-0.40289,-0.44742,-0.48083,-0.50514,-0.37632,-0.34458
0.14431,0.16439,0.14600,0.21568,0.29341,0.29500,0.29020,0.37917,0.43776,0.42944,0.47665,0.43489,0.36961,0.27317,0.20236,0.08838,0.06986,-0.00473,-0.05741,-0.09036,-0.02618,-0.00191,0.08736,0.01159,-0.05523,0.05082,0.06885,-0.06271,-0.04793,0.06960,0.00539,-0.11134,-0.02909,0.07380,-0.03373,-0.07495,-0.18232,-0.24649,-0.24902,-0.35052,-0.38941,-0.37152,-0.32960,-0.22404,-0.24419,-0.14221,-0.16638,-0.06271,0.04693,0.15727,0.26805,0.36641,0.47002,0.53790,0.57289,0.65138,0.66839,0.66306,0.72002,0.76564,0.75751,0.76552,0.81269,0.79602,0.74543,0.78140,0.79888,0.75851,0.70355,0.67462,0.58917,0.50182,0.48032,0.38052,0.43995,0.34686,0.39960,0.27530,0.17711,0.25690,0.42233,0.38488,0.40901,0.57167,0.57516,0.50376,0.55431,0.65877,0.67732,0.71255,0.80834,0.87816,0.91397,0.94807,0.97534,0.98552,0.97486,0.94346,0.90901,0.82823,0.84790,0.81043,0.71267,0.77946,0.86479,0.90482,0.86624,0.80152,0.71159,0.59926,0.46055,0.34514,0.27347,0.16751,0.02697,0.21443,0.25570,0.06307,0.11259,0.31628,0.16573,0.09054,-0.16391,-0.37115,-0.50402,-0.49108,-0.37135,-0.34358,-0.20949,-0.03331,0.09893,0.19408,0.33367,0.38348,0.51309,0.58791,0.68252,0.74523,0.75458,0.78919,0.79027,0.74731,0.74476,0.65143,0.61082,0.49878,0.52081,0.60623,0.70757,0.79869,0.85220,0.89151,0.89205,0.87011,0.85317,0.87040,0.85890,0.84224,0.84725,0.81046,0.76012,0.66148,0.56761,0.47821,0.34343,0.20733,0.15196,0.22669,0.19341,0.17808,0.30095,0.23917,0.20161,0.32287,0.36268,0.47531,0.46508,0.53721,0.64797,0.58640,0.53027,0.38908,0.31590,0.18263,0.13566,0.00662,0.01176,0.02386,0.08001,0.22833,0.21490,0.29111,0.22442,0.29723,0.34455,0.33771,0.34705,0.19462,0.27434,0.41646,0.53062,0.66877,0.76836,0.82459,0.87974,0.86892,0.81609,0.80835,0.79831,0.71982,0.63936,0.54266,0.42521,0.30410,0.23133,0.08951,-0.01100,-0.10007,-0.26702,-0.31712,-0.43550,-0.49229,-0.52343,-0.54716,-0.57625,-0.45357,-0.42258
0.03158,0.05194,0.03295,0.10306,0.18256,0.18378,0.17863,0.27020,0.33138,0.32274,0.37235,0.32945,0.26207,0.16371,0.09314,-0.01958,-0.03432,-0.10613,-0.15376,-0.18308,-0.12136,-0.09210,-0.00544,-0.08113,-0.13940,-0.02893,-0.01530,-0.14246,-0.11632,0.00154,-0.06398,-0.16946,-0.07562,0.02692,-0.07812,-0.10135,-0.20578,-0.24962,-0.26152,-0.36072,-0.41257,-0.41343,-0.38068,-0.29425,-0.32356,-0.23150,-0.26201,-0.16393,-0.05489,0.05174,0.16430,0.26306,0.36968,0.43948,0.47511,0.56065,0.58160,0.57806,0.63875,0.69081,0.68624,0.69593,0.75338,0.73893,0.68223,0.72657,0.75515,0.72073,0.66779,0.62397,0.53700,0.43763,0.41926,0.31235,0.36503,0.26514,0.31063,0.17598,0.07051,0.14720,0.31912,0.28042,0.30271,0.47499,0.48099,0.40273,0.45468,0.56788,0.59088,0.63468,0.74083,0.82693,0.87120,0.90825,0.95013,0.96550,0.95990,0.95174,0.91986,0.85713,0.86512,0.81942,0.73206,0.79053,0.86729,0.88762,0.83652,0.75734,0.67409,0.55320,0.42069,0.30477,0.23327,0.10629,-0.01620,0.17600,0.19384,-0.00346,0.05919,0.24734,0.08125,0.01179,-0.24423,-0.43575,-0.56442,-0.56406,-0.45515,-0.42548,-0.30262,-0.13141,-0.00122,0.10159,0.24221,0.29935,0.43312,0.51600,0.62349,0.69483,0.71984,0.76050,0.77676,0.74053,0.75323,0.66852,0.63939,0.53667,0.56361,0.64442,0.74300,0.82805,0.86723,0.89911,0.89414,0.86903,0.86040,0.87216,0.85408,0.83599,0.82696,0.79324,0.75705,0.66161,0.58179,0.49571,0.36015,0.23226,0.16195,0.22167,0.17144,0.16114,0.28295,0.21732,0.16403,0.28083,0.30624,0.42045,0.39985,0.47511,0.59333,0.52802,0.47972,0.33060,0.27209,0.13241,0.09910,-0.02175,-0.00427,0.02562,0.09809,0.24701,0.24641,0.32752,0.27073,0.34786,0.38815,0.38153,0.37405,0.21478,0.27785,0.41549,0.52236,0.64701,0.74562,0.79182,0.84734,0.82220,0.75497,0.74514,0.74151,0.65140,0.55910,0.45412,0.33190,0.20679,0.13018,-0.00957,-0.11111,-0.19243,-0.35190,-0.38858,-0.49520,-0.53831,-0.55270,-0.56597,-0.60539,-0.49432,-0.47995
-0.04098,-0.02071,-0.02959,0.03947,0.11135,0.11755,0.12224,0.20863,0.26737,0.27001,0.32066,0.29038,0.22744,0.13665,0.07464,-0.02861,-0.02806,-0.09551,-0.13068,-0.15332,-0.09229,-0.04986,0.03098,-0.04336,-0.08415,0.03541,0.04211,-0.07733,-0.03176,0.08648,0.01937,-0.07133,0.03756,0.13856,0.03754,0.03020,-0.07486,-0.10894,-0.12347,-0.22634,-0.28895,-0.30592,-0.28116,-0.21761,-0.26414,-0.18793,-0.23699,-0.15104,-0.04034,0.05131,0.16355,0.25111,0.34995,0.41089,0.43506,0.52481,0.56011,0.56493,0.61694,0.67264,0.68441,0.69437,0.75838,0.75531,0.70142,0.75010,0.79063,0.77321,0.73357,0.67861,0.60357,0.49929,0.48810,0.38000,0.41575,0.31204,0.33518,0.18165,0.05873,0.11237,0.29147,0.25883,0.25950,0.43223,0.45773,0.37002,0.40608,0.52121,0.56483,0.62933,0.72992,0.82624,0.86938,0.88759,0.93351,0.94270,0.95988,0.97899,0.96178,0.92382,0.92906,0.89261,0.82678,0.87001,0.92318,0.92115,0.87186,0.79458,0.73806,0.62562,0.51579,0.40943,0.34344,0.19694,0.09874,0.28995,0.27875,0.08212,0.15837,0.31507,0.12845,0.06846,-0.19092,-0.37413,-0.50580,-0.52926,-0.42794,-0.38512,-0.27765,-0.10880,0.01658,0.13558,0.26905,0.33937,0.46527,0.55340,0.66565,0.73653,0.77778,0.81636,0.84281,0.81956,0.83833,0.77248,0.75017,0.66228,0.68542,0.75518,0.83466,0.89939,0.92558,0.94061,0.93501,0.91718,0.91421,0.91877,0.90420,0.89276,0.87511,0.85339,0.83574,0.75927,0.69724,0.62229,0.49822,0.38133,0.30952,0.35929,0.30057,0.29443,0.40807,0.34311,0.27982,0.38535,0.39192,0.49510,0.45605,0.52669,0.64152,0.58440,0.55530,0.41144,0.37467,0.23604,0.21887,0.10811,0.13428,0.17373,0.25077,0.39310,0.39553,0.47184,0.41477,0.48838,0.52735,0.51979,0.51365,0.36385,0.41679,0.54152,0.63252,0.73191,0.81204,0.83611,0.87465,0.83278,0.75455,0.74308,0.75849,0.66825,0.56856,0.46215,0.34540,0.22257,0.14002,0.01231,-0.09306,-0.15611,-0.30665,-0.32117,-0.41807,-0.44725,-0.44511,-0.45127,-0.50517,-0.40171,-0.42238
-0.06922,-0.04906,-0.05861,0.01126,0.08371,0.08961,0.09483,0.18236,0.24139,0.24391,0.29575,0.26493,0.20124,0.10965,0.04724,-0.05681,-0.05503,-0.12300,-0.15726,-0.17946,-0.11771,-0.07303,0.00789,-0.06770,-0.10692,0.01478,0.02037,-0.09966,-0.05102,0.06876,0.00035,-0.08897,0.02384,0.12600,0.02453,0.01988,-0.08396,-0.11399,-0.12917,-0.23020,-0.29799,-0.32002,-0.29722,-0.23866,-0.28697,-0.21263,-0.26347,-0.17853,-0.06705,0.02449,0.13775,0.22623,0.32578,0.38762,0.41281,0.50519,0.54164,0.54713,0.60032,0.65776,0.67027,0.68076,0.74779,0.74517,0.68976,0.74089,0.78363,0.76750,0.72772,0.66889,0.59291,0.48470,0.47362,0.36301,0.39684,0.29022,0.31089,0.15324,0.02936,0.08356,0.26517,0.23278,0.23271,0.40825,0.43461,0.34523,0.38213,0.50001,0.54521,0.61261,0.71646,0.81637,0.86061,0.88075,0.93149,0.94094,0.95739,0.98189,0.96592,0.92987,0.93035,0.89246,0.82970,0.87258,0.92417,0.91798,0.86609,0.78454,0.72913,0.61467,0.50639,0.40006,0.33351,0.18137,0.08545,0.27853,0.26289,0.06377,0.14378,0.29614,0.10280,0.04296,-0.21716,-0.39854,-0.52865,-0.55292,-0.45304,-0.41047,-0.30502,-0.13629,-0.01059,0.11073,0.24587,0.31948,0.44768,0.53787,0.65348,0.72712,0.77182,0.81186,0.84197,0.81937,0.84208,0.77743,0.75740,0.67099,0.69426,0.76265,0.84290,0.90721,0.93063,0.94459,0.93803,0.92007,0.91877,0.92223,0.90587,0.89343,0.87266,0.85142,0.83676,0.76076,0.70105,0.62718,0.50167,0.38667,0.31059,0.35742,0.29458,0.28950,0.40304,0.33695,0.27025,0.37495,0.37950,0.48206,0.44240,0.51270,0.63130,0.57232,0.54396,0.39887,0.36530,0.22457,0.20948,0.09990,0.12924,0.17253,0.25344,0.39768,0.40280,0.48021,0.42554,0.49989,0.53709,0.52905,0.51939,0.36630,0.41616,0.54194,0.63176,0.72799,0.80781,0.83006,0.86927,0.82431,0.74224,0.72980,0.74708,0.65374,0.55098,0.44189,0.32320,0.19827,0.11414,-0.01397,-0.12014,-0.18185,-0.33100,-0.34313,-0.43753,-0.46360,-0.45590,-0.45881,-0.51452,-0.41237,-0.43288
-0.15739,-0.13718,-0.15216,-0.08283,-0.00674,-0.00377,-0.00298,0.08819,0.14958,0.14670,0.19967,0.16246,0.09559,0.00027,-0.06475,-0.17015,-0.17121,-0.23771,-0.27171,-0.29343,-0.23423,-0.19050,-0.11116,-0.18617,-0.22347,-0.10292,-0.09860,-0.21577,-0.16433,-0.04599,-0.11398,-0.19680,-0.08010,0.02121,-0.07719,-0.07046,-0.16926,-0.18207,-0.20342,-0.29688,-0.37275,-0.40800,-0.39210,-0.34544,-0.39518,-0.32614,-0.37465,-0.29192,-0.18396,-0.09129,0.02195,0.11432,0.21892,0.28587,0.31672,0.41340,0.44724,0.45056,0.51074,0.57282,0.58150,0.59309,0.66776,0.66282,0.59993,0.65755,0.70559,0.68852,0.64564,0.57676,0.49489,0.37764,0.36662,0.25033,0.28422,0.17426,0.19711,0.03927,-0.08265,-0.02164,0.16069,0.12478,0.13182,0.31372,0.33392,0.24342,0.28819,0.41265,0.45276,0.51931,0.63462,0.74587,0.79863,0.83106,0.89572,0.91276,0.92279,0.95926,0.94016,0.91214,0.90113,0.85070,0.79068,0.83077,0.88338,0.86632,0.80195,0.70488,0.64525,0.51954,0.40977,0.30055,0.23323,0.07001,-0.01582,0.17970,0.15216,-0.04802,0.03971,0.18623,-0.01257,-0.06904,-0.32545,-0.49184,-0.61351,-0.63935,-0.54974,-0.51131,-0.41298,-0.25076,-0.12780,-0.00823,0.12872,0.20345,0.33749,0.43277,0.55808,0.64029,0.69373,0.74108,0.78246,0.76106,0.79702,0.73398,0.72321,0.64166,0.67087,0.73763,0.82255,0.88861,0.90200,0.91558,0.90423,0.88082,0.88645,0.88748,0.86195,0.84485,0.81311,0.78964,0.78211,0.70264,0.64990,0.57664,0.44694,0.33824,0.24780,0.28196,0.20586,0.20442,0.31868,0.24990,0.17228,0.27528,0.27378,0.38042,0.33826,0.41198,0.53772,0.47240,0.44442,0.29158,0.26397,0.11854,0.11139,0.00736,0.04608,0.10291,0.19780,0.34346,0.36114,0.44444,0.40169,0.48095,0.51074,0.50425,0.47565,0.31306,0.34825,0.47324,0.56006,0.65211,0.73780,0.75920,0.80559,0.75365,0.66185,0.64804,0.66357,0.55961,0.44917,0.33333,0.20869,0.08055,-0.00336,-0.13220,-0.23605,-0.29636,-0.43767,-0.44560,-0.53013,-0.54643,-0.52752,-0.52218,-0.58036,-0.48691,-0.50641
-0.27310,-0.25319,-0.26165,-0.19532,-0.12543,-0.11996,-0.11351,-0.02755,0.03174,0.03572,0.08855,0.06073,-0.00184,-0.09009,-0.14681,-0.24133,-0.22997,-0.28838,-0.30879,-0.32294,-0.26903,-0.21570,-0.14498,-0.21613,-0.23501,-0.11015,-0.11411,-0.21854,-0.14861,-0.03460,-0.10228,-0.16409,-0.03477,0.06105,-0.02960,-0.00091,-0.09251,-0.08501,-0.11492,-0.20728,-0.29473,-0.35107,-0.34648,-0.32951,-0.39443,-0.34477,-0.40760,-0.33950,-0.23568,-0.15801,-0.04821,0.03353,0.13099,0.19098,0.21370,0.31431,0.35801,0.36757,0.42250,0.48860,0.50953,0.52179,0.60402,0.60899,0.54636,0.60981,0.67139,0.67046,0.63969,0.55586,0.48403,0.36005,0.35544,0.23843,0.25531,0.14231,0.14540,-0.02501,-0.15815,-0.11703,0.06616,0.03508,0.02829,0.20960,0.24247,0.14554,0.17956,0.30648,0.36046,0.44268,0.55736,0.68180,0.73765,0.75824,0.83239,0.84776,0.87573,0.94375,0.93688,0.93753,0.91644,0.86908,0.83219,0.85603,0.88603,0.84228,0.77329,0.67158,0.63575,0.51481,0.42852,0.32871,0.26812,0.08384,0.02852,0.21882,0.15774,-0.03734,0.06426,0.17514,-0.03970,-0.08337,-0.33270,-0.47597,-0.59179,-0.64145,-0.56652,-0.52009,-0.44310,-0.29159,-0.17794,-0.04812,0.07948,0.16518,0.29214,0.39211,0.52406,0.60838,0.68084,0.72929,0.78596,0.77779,0.82635,0.78328,0.78456,0.72172,0.75036,0.80425,0.87293,0.91992,0.91576,0.91260,0.89713,0.87660,0.89182,0.88509,0.85872,0.84477,0.79902,0.78587,0.80015,0.73778,0.70736,0.64582,0.52867,0.43610,0.33896,0.35518,0.26539,0.27036,0.37431,0.30661,0.21560,0.30452,0.28200,0.37848,0.31989,0.38924,0.51257,0.45301,0.44279,0.29368,0.29063,0.14740,0.15927,0.07120,0.12205,0.19501,0.29958,0.43621,0.46372,0.54284,0.50716,0.58380,0.60673,0.60034,0.56299,0.40923,0.42627,0.53491,0.60347,0.66637,0.73638,0.73640,0.77023,0.69970,0.59402,0.57939,0.61046,0.50339,0.38419,0.26627,0.14704,0.02285,-0.06402,-0.17925,-0.28201,-0.32163,-0.44805,-0.43329,-0.49982,-0.49747,-0.45865,-0.44145,-0.51414,-0.43583,-0.48876
-0.28679,-0.26699,-0.26724,-0.20339,-0.14230,-0.13272,-0.11756,-0.03852,0.01596,0.02922,0.08106,0.06517,0.00870,-0.07104,-0.11956,-0.20471,-0.18219,-0.23674,-0.24788,-0.25749,-0.20447,-0.14223,-0.07698,-0.14579,-0.15286,-0.02477,-0.03352,-0.13129,-0.05067,0.06133,-0.00593,-0.05868,0.07642,0.16957,0.08308,0.11803,0.02672,0.03560,0.00744,-0.08757,-0.17828,-0.23990,-0.23838,-0.23460,-0.30819,-0.26910,-0.34383,-0.28517,-0.18194,-0.11679,-0.01012,0.06085,0.14857,0.19892,0.21154,0.31071,0.36472,0.37815,0.42357,0.49089,0.52325,0.53383,0.61655,0.63051,0.57366,0.63626,0.70283,0.71425,0.69425,0.60826,0.54832,0.42725,0.42725,0.31415,0.31866,0.20590,0.19317,0.01439,-0.12685,-0.10417,0.07855,0.05368,0.02996,0.20459,0.25190,0.15138,0.17130,0.29451,0.36225,0.45718,0.56121,0.68525,0.73542,0.73899,0.80987,0.81725,0.86087,0.94184,0.94757,0.96204,0.94160,0.90627,0.88406,0.89839,0.91146,0.85775,0.79590,0.70335,0.68784,0.58001,0.51271,0.42362,0.36824,0.18003,0.13832,0.32143,0.24640,0.05693,0.16204,0.25024,0.02933,-0.00880,-0.25422,-0.39423,-0.51089,-0.57451,-0.50206,-0.44692,-0.37957,-0.23217,-0.12364,0.01385,0.13337,0.22587,0.34274,0.44134,0.56949,0.64830,0.72647,0.76962,0.82769,0.82759,0.87428,0.84415,0.84702,0.79417,0.81800,0.86394,0.91610,0.94789,0.93757,0.92412,0.90990,0.89693,0.91276,0.90254,0.88244,0.87464,0.82813,0.82439,0.84830,0.80150,0.78124,0.72883,0.62407,0.54027,0.44881,0.46277,0.37448,0.38077,0.47609,0.41180,0.32067,0.40010,0.36767,0.45279,0.38400,0.44556,0.56332,0.51286,0.51467,0.37626,0.38581,0.24860,0.26857,0.18757,0.23961,0.31240,0.41190,0.54016,0.56447,0.63578,0.59684,0.66746,0.69153,0.68547,0.65532,0.51429,0.52910,0.62735,0.68411,0.72981,0.78307,0.76868,0.78785,0.71063,0.60309,0.58842,0.63191,0.53167,0.41330,0.29975,0.18954,0.07104,-0.01796,-0.12178,-0.22512,-0.25121,-0.37058,-0.34324,-0.40398,-0.39546,-0.34919,-0.33014,-0.41012,-0.33496,-0.40721
-0.29993,-0.28023,-0.28748,-0.22232,-0.15603,-0.15003,-0.13968,-0.05570,0.00092,0.00754,0.06072,0.03614,-0.02456,-0.10980,-0.16420,-0.25557,-0.24011,-0.29859,-0.31502,-0.32820,-0.27392,-0.21553,-0.14721,-0.21750,-0.23091,-0.10506,-0.11111,-0.21285,-0.13775,-0.02426,-0.09176,-0.14917,-0.01570,0.07967,-0.00806,0.02515,-0.06531,-0.05325,-0.08171,-0.17182,-0.26455,-0.32736,-0.32614,-0.31837,-0.38635,-0.34227,-0.40993,-0.34612,-0.24317,-0.17052,-0.06222,0.01630,0.11063,0.16777,0.18780,0.28903,0.33748,0.34640,0.39927,0.46891,0.49313,0.50361,0.58979,0.59766,0.53476,0.60005,0.66475,0.66861,0.64115,0.55410,0.48566,0.36032,0.35793,0.24085,0.25260,0.13840,0.13477,-0.04014,-0.17493,-0.13860,0.04524,0.01623,0.00285,0.18232,0.22023,0.12136,0.15146,0.27850,0.33731,0.42581,0.53885,0.66574,0.72052,0.73768,0.81485,0.82797,0.85929,0.93574,0.93407,0.94185,0.91732,0.87160,0.84151,0.86102,0.88442,0.83430,0.76493,0.66311,0.63492,0.51673,0.43847,0.34348,0.28355,0.09671,0.04878,0.23647,0.16718,-0.02580,0.07856,0.17713,-0.04217,-0.08427,-0.32982,-0.46966,-0.58342,-0.63719,-0.56538,-0.51672,-0.44504,-0.29710,-0.18642,-0.05400,0.07167,0.16119,0.28558,0.38615,0.51874,0.60304,0.67931,0.72716,0.78681,0.78179,0.83268,0.79542,0.79964,0.74249,0.77020,0.82025,0.88323,0.92405,0.91401,0.90709,0.89149,0.87366,0.89023,0.88133,0.85529,0.84293,0.79482,0.78511,0.80495,0.74850,0.72369,0.66674,0.55319,0.46662,0.36679,0.37987,0.28795,0.29413,0.39393,0.32734,0.23455,0.31856,0.29067,0.38146,0.31657,0.38277,0.50783,0.45097,0.44574,0.30119,0.30505,0.16324,0.18036,0.09647,0.14997,0.22518,0.33065,0.46452,0.49391,0.57139,0.53873,0.61341,0.63529,0.63051,0.59005,0.43753,0.44970,0.55550,0.61892,0.67293,0.73687,0.73055,0.76022,0.68566,0.57680,0.56120,0.59725,0.49079,0.37046,0.25265,0.13559,0.01246,-0.07543,-0.18593,-0.28853,-0.32259,-0.44307,-0.42238,-0.48425,-0.47687,-0.43067,-0.41060,-0.48664,-0.41167,-0.47008
-0.39463,-0.37528,-0.38452,-0.32197,-0.25620,-0.25188,-0.24361,-0.16016,-0.10378,-0.09939,-0.04677,-0.07278,-0.13306,-0.21707,-0.26958,-0.35676,-0.34032,-0.39408,-0.40510,-0.41546,-0.36651,-0.30734,-0.24399,-0.31091,-0.31717,-0.19361,-0.20317,-0.29674,-0.21561,-0.10686,-0.17269,-0.21755,-0.07993,0.01101,-0.07025,-0.02148,-0.10309,-0.07246,-0.10866,-0.19170,-0.29237,-0.36961,-0.37658,-0.38710,-0.45906,-0.42575,-0.49456,-0.43849,-0.34169,-0.27396,-0.16936,-0.09293,0.00090,0.05877,0.08021,0.18334,0.23186,0.24110,0.29645,0.36901,0.39353,0.40488,0.49735,0.50670,0.43962,0.51010,0.58143,0.58926,0.56368,0.46663,0.39794,0.26634,0.26632,0.14695,0.15303,0.03814,0.02983,-0.14484,-0.27795,-0.24335,-0.06308,-0.09300,-0.10447,0.07512,0.11102,0.01253,0.04475,0.17416,0.23196,0.32270,0.44227,0.57886,0.63975,0.66195,0.75085,0.76895,0.80012,0.89343,0.89318,0.91547,0.87956,0.82653,0.80613,0.81827,0.83529,0.76995,0.69135,0.57865,0.55451,0.43231,0.36187,0.26935,0.21283,0.01505,-0.01559,0.16858,0.08151,-0.10657,0.00560,0.08720,-0.13653,-0.17104,-0.40608,-0.52396,-0.62680,-0.68926,-0.63112,-0.58400,-0.52577,-0.38888,-0.28571,-0.15473,-0.03351,0.05832,0.18244,0.28639,0.42574,0.51521,0.60215,0.65490,0.72659,0.72667,0.79008,0.76064,0.77503,0.72796,0.75930,0.80309,0.86349,0.89909,0.87707,0.86516,0.84470,0.82406,0.84878,0.83608,0.80373,0.78870,0.72895,0.72105,0.75210,0.69914,0.68683,0.63503,0.52429,0.44868,0.33825,0.33629,0.23239,0.24323,0.33865,0.27174,0.16881,0.24566,0.20751,0.29642,0.22527,0.29098,0.41935,0.36074,0.36103,0.21432,0.22996,0.08818,0.11656,0.04335,0.10614,0.19468,0.31181,0.44127,0.48250,0.56113,0.53940,0.61527,0.62923,0.62555,0.56938,0.41603,0.41169,0.50950,0.56390,0.60525,0.66764,0.65462,0.68541,0.60136,0.48281,0.46693,0.50545,0.39234,0.26607,0.14504,0.02736,-0.09403,-0.18061,-0.28510,-0.38334,-0.40928,-0.51726,-0.48676,-0.53454,-0.51511,-0.45573,-0.42670,-0.50774,-0.44640,-0.51286
-0.45788,-0.43979,-0.43806,-0.38142,-0.32784,-0.31950,-0.30201,-0.23031,-0.18065,-0.16541,-0.11576,-0.12600,-0.17668,-0.24725,-0.28622,-0.35644,-0.32561,-0.36894,-0.36335,-0.36573,-0.32259,-0.25318,-0.20142,-0.26187,-0.24766,-0.12404,-0.14228,-0.21938,-0.12211,-0.02180,-0.08482,-0.10808,0.03620,0.11817,0.04711,0.11312,0.04034,0.08353,0.04236,-0.04222,-0.14756,-0.23767,-0.25294,-0.29062,-0.37547,-0.36288,-0.44663,-0.40838,-0.31793,-0.27055,-0.17439,-0.11547,-0.03693,0.00725,0.01534,0.11522,0.17570,0.19129,0.23419,0.30697,0.34670,0.35704,0.45022,0.47233,0.41264,0.48295,0.56375,0.59045,0.58146,0.47778,0.42651,0.29835,0.30531,0.19302,0.17864,0.06593,0.03456,-0.14697,-0.28776,-0.28038,-0.10733,-0.12836,-0.15951,0.00814,0.06007,-0.04073,-0.02671,0.09618,0.17055,0.27640,0.38328,0.52182,0.57782,0.57877,0.66750,0.67754,0.73075,0.84925,0.86579,0.91427,0.87484,0.83581,0.84125,0.83570,0.82561,0.73910,0.66618,0.56195,0.56856,0.46397,0.42470,0.34911,0.30250,0.09667,0.09477,0.26287,0.14855,-0.02493,0.09301,0.13410,-0.09508,-0.11690,-0.33565,-0.43153,-0.52732,-0.61383,-0.56841,-0.51135,-0.47545,-0.35334,-0.26293,-0.12507,-0.01998,0.08029,0.18790,0.28966,0.42496,0.50818,0.60775,0.65500,0.73472,0.74899,0.81575,0.80912,0.83131,0.80456,0.83039,0.85878,0.89391,0.90544,0.86976,0.84044,0.81874,0.80587,0.83595,0.81673,0.79056,0.78273,0.71583,0.72185,0.77235,0.74331,0.75269,0.71672,0.62679,0.56966,0.46466,0.44982,0.34274,0.35813,0.43743,0.37610,0.26903,0.32794,0.27130,0.34226,0.25661,0.31036,0.42931,0.38267,0.40262,0.27111,0.31060,0.18037,0.22468,0.16928,0.23787,0.33267,0.44720,0.56000,0.60232,0.66942,0.64975,0.71592,0.72673,0.72345,0.67035,0.53849,0.52189,0.59849,0.63170,0.64019,0.67813,0.64164,0.65249,0.55546,0.43178,0.41651,0.47207,0.36664,0.24040,0.12577,0.02291,-0.08716,-0.17381,-0.25779,-0.35243,-0.35441,-0.44477,-0.39261,-0.42315,-0.38941,-0.31611,-0.27938,-0.37253,-0.32639,-0.42748
-0.43284,-0.41463,-0.41256,-0.35563,-0.30333,-0.29514,-0.27575,-0.20398,-0.15553,-0.13955,-0.08973,-0.09894,-0.14929,-0.21913,-0.25833,-0.32898,-0.29778,-0.34347,-0.33849,-0.34191,-0.29689,-0.22652,-0.17382,-0.23501,-0.22229,-0.09792,-0.11556,-0.19480,-0.09848,0.00311,-0.05984,-0.08617,0.05728,0.14072,0.06861,0.13105,0.05551,0.09488,0.05680,-0.03043,-0.13459,-0.22102,-0.23453,-0.26877,-0.35220,-0.33744,-0.42129,-0.38171,-0.29002,-0.24224,-0.14591,-0.08722,-0.00924,0.03424,0.04133,0.14081,0.20232,0.21706,0.25899,0.33184,0.37180,0.38125,0.47355,0.49564,0.43681,0.50591,0.58536,0.61147,0.60245,0.50127,0.45064,0.32411,0.33094,0.21924,0.20579,0.09360,0.06238,-0.11984,-0.26063,-0.25337,-0.07917,-0.09948,-0.13282,0.03349,0.08687,-0.01378,-0.00117,0.12091,0.19631,0.30260,0.40695,0.54275,0.59645,0.59586,0.68211,0.69020,0.74304,0.85781,0.87525,0.92049,0.88353,0.84645,0.85025,0.84637,0.83705,0.75402,0.68397,0.58284,0.58951,0.48694,0.44705,0.37202,0.32492,0.12256,0.11646,0.28458,0.17410,0.00030,0.11611,0.15940,-0.06831,-0.09260,-0.31265,-0.41483,-0.51374,-0.59782,-0.54836,-0.49073,-0.45163,-0.32711,-0.23563,-0.09799,0.00824,0.10901,0.21585,0.31641,0.44977,0.53119,0.62830,0.67391,0.75053,0.76369,0.82697,0.81912,0.83864,0.80986,0.83423,0.86366,0.89878,0.91070,0.87764,0.84964,0.82942,0.81830,0.84595,0.82754,0.80293,0.79600,0.73249,0.73839,0.78664,0.75798,0.76391,0.72788,0.63829,0.57853,0.47591,0.46525,0.36133,0.37565,0.45566,0.39471,0.29046,0.35040,0.29601,0.36643,0.27990,0.33363,0.45180,0.40696,0.42626,0.29672,0.33397,0.20401,0.24581,0.18789,0.25414,0.34496,0.45609,0.56986,0.60905,0.67543,0.65355,0.71875,0.73198,0.72892,0.67957,0.54766,0.53521,0.61339,0.64799,0.65890,0.69608,0.66070,0.67062,0.57594,0.45432,0.43912,0.49451,0.39156,0.26736,0.15400,0.05163,-0.05862,-0.14538,-0.22997,-0.32567,-0.32894,-0.42146,-0.37166,-0.40567,-0.37458,-0.30400,-0.26994,-0.36167,-0.31165,-0.41082
-0.46336,-0.44546,-0.44981,-0.39186,-0.33385,-0.32904,-0.31547,-0.23822,-0.18647,-0.17742,-0.12643,-0.14456,-0.19945,-0.27504,-0.31984,-0.39574,-0.37090,-0.41863,-0.41893,-0.42422,-0.37956,-0.31394,-0.25915,-0.32125,-0.31388,-0.19190,-0.20725,-0.28901,-0.19713,-0.09474,-0.15765,-0.18684,-0.04456,0.04043,-0.03209,0.03141,-0.04171,0.00254,-0.03758,-0.11895,-0.22528,-0.31560,-0.33054,-0.36278,-0.44176,-0.42375,-0.50058,-0.45675,-0.36632,-0.31212,-0.21446,-0.14850,-0.06350,-0.01312,0.00156,0.10344,0.15941,0.17150,0.22003,0.29413,0.32706,0.33739,0.43307,0.44951,0.38488,0.45723,0.53557,0.55463,0.53828,0.43467,0.37544,0.24340,0.24821,0.13211,0.12526,0.01146,-0.01200,-0.19025,-0.32452,-0.30456,-0.12986,-0.15475,-0.17701,-0.00512,0.03867,-0.06026,-0.03697,0.09021,0.15615,0.25564,0.36988,0.51090,0.57080,0.58462,0.67921,0.69436,0.73522,0.84786,0.85772,0.89917,0.85590,0.80686,0.80442,0.80488,0.80534,0.72324,0.64436,0.53146,0.52574,0.41212,0.36183,0.28099,0.23053,0.02690,0.01767,0.19071,0.08257,-0.09528,0.02203,0.07323,-0.15347,-0.18099,-0.40070,-0.49994,-0.59371,-0.66960,-0.62304,-0.57153,-0.53006,-0.40639,-0.31335,-0.18073,-0.06923,0.02828,0.14335,0.24675,0.38566,0.47346,0.57048,0.62193,0.70240,0.71147,0.78109,0.76682,0.78929,0.75740,0.78624,0.81879,0.86448,0.88550,0.85132,0.82907,0.80680,0.79047,0.82034,0.80271,0.77105,0.75876,0.69122,0.69114,0.73706,0.69880,0.70233,0.66207,0.56384,0.50316,0.39092,0.37702,0.26718,0.28209,0.36653,0.30234,0.19423,0.25836,0.20678,0.28295,0.19894,0.25914,0.38360,0.33224,0.34630,0.20877,0.24184,0.10706,0.14750,0.08799,0.15744,0.25377,0.37312,0.49198,0.53796,0.61100,0.59623,0.66595,0.67564,0.67332,0.61179,0.46860,0.45150,0.53530,0.57441,0.59283,0.64114,0.61308,0.63389,0.53977,0.41449,0.39855,0.44720,0.33678,0.20928,0.09074,-0.01873,-0.13324,-0.21876,-0.30906,-0.40364,-0.41381,-0.50600,-0.46123,-0.49478,-0.46281,-0.39030,-0.35366,-0.44185,-0.39233,-0.47790
-0.53993,-0.52272,-0.52499,-0.47176,-0.41825,-0.41234,-0.39830,-0.32691,-0.27735,-0.26629,-0.21735,-0.23141,-0.28210,-0.35159,-0.39035,-0.45761,-0.42812,-0.46825,-0.46087,-0.46134,-0.42231,-0.35453,-0.30743,-0.36490,-0.34665,-0.22777,-0.24807,-0.31845,-0.21878,-0.12401,-0.18382,-0.19726,-0.05268,0.02486,-0.03942,0.03831,-0.02610,0.03454,-0.01235,-0.08638,-0.19782,-0.30064,-0.32338,-0.37472,-0.45902,-0.45482,-0.53557,-0.50315,-0.41985,-0.37620,-0.28455,-0.22623,-0.14769,-0.10205,-0.09002,0.01082,0.06785,0.08327,0.12991,0.20356,0.24020,0.25185,0.34914,0.36934,0.30564,0.37998,0.46458,0.49202,0.48265,0.37172,0.31854,0.18546,0.19389,0.08042,0.06379,-0.04808,-0.08039,-0.25780,-0.39219,-0.38202,-0.21469,-0.23719,-0.26354,-0.09750,-0.05075,-0.14913,-0.13014,-0.00595,0.06327,0.16754,0.28116,0.42705,0.48899,0.49920,0.59960,0.61581,0.66305,0.79284,0.80814,0.86704,0.81603,0.76749,0.77906,0.76912,0.75684,0.65960,0.57728,0.46162,0.46802,0.35820,0.32318,0.25024,0.20599,-0.00552,0.00585,0.16879,0.04245,-0.12507,-0.00258,0.02384,-0.20350,-0.21951,-0.42418,-0.49992,-0.58209,-0.66958,-0.63860,-0.58619,-0.56110,-0.45084,-0.36861,-0.23651,-0.13515,-0.03542,0.07234,0.17611,0.31603,0.40393,0.51060,0.56277,0.65262,0.66963,0.74790,0.74641,0.77775,0.75933,0.78850,0.81141,0.84732,0.85704,0.81153,0.78080,0.75490,0.73902,0.77533,0.75316,0.71962,0.70816,0.63163,0.63720,0.69597,0.66803,0.68650,0.65480,0.56637,0.52000,0.40406,0.37573,0.25839,0.27756,0.35270,0.29088,0.17632,0.22910,0.16530,0.23465,0.14755,0.20240,0.32293,0.27314,0.29584,0.16304,0.21090,0.08164,0.13407,0.08830,0.16457,0.27113,0.39621,0.50494,0.55909,0.62833,0.62171,0.68885,0.69200,0.68989,0.61957,0.48462,0.45259,0.52318,0.54927,0.54889,0.58786,0.54833,0.56365,0.46060,0.32960,0.31349,0.36818,0.25684,0.12714,0.01083,-0.09288,-0.20082,-0.28434,-0.36351,-0.45217,-0.44994,-0.52645,-0.46906,-0.48751,-0.44317,-0.35844,-0.31331,-0.40724,-0.37284,-0.47318
-0.51991,-0.50243,-0.51174,-0.45485,-0.39295,-0.38991,-0.38273,-0.30371,-0.24905,-0.24546,-0.19444,-0.21896,-0.27607,-0.35436,-0.40132,-0.47892,-0.45853,-0.50345,-0.50556,-0.50990,-0.46873,-0.40727,-0.35409,-0.41504,-0.40805,-0.28934,-0.30438,-0.38364,-0.29290,-0.19352,-0.25517,-0.27975,-0.13844,-0.05618,-0.12632,-0.05720,-0.12640,-0.07057,-0.11518,-0.18553,-0.29559,-0.39325,-0.41227,-0.44989,-0.52824,-0.51308,-0.58477,-0.54205,-0.45555,-0.39977,-0.30296,-0.23359,-0.14498,-0.09035,-0.06950,0.03366,0.08313,0.09609,0.15058,0.22370,0.25162,0.26497,0.36252,0.37478,0.30636,0.38176,0.46149,0.47758,0.45771,0.34899,0.28470,0.14800,0.15206,0.03307,0.02817,-0.08580,-0.10445,-0.27782,-0.40744,-0.38073,-0.20928,-0.23695,-0.24980,-0.07495,-0.03909,-0.13646,-0.10541,0.02393,0.08275,0.17733,0.30071,0.44823,0.51397,0.53850,0.64150,0.66385,0.69796,0.81501,0.81943,0.86415,0.81395,0.75542,0.75291,0.75240,0.75594,0.66834,0.58101,0.45749,0.44545,0.32322,0.26955,0.18599,0.13579,-0.07366,-0.07682,0.09643,-0.01683,-0.19369,-0.07336,-0.02430,-0.24956,-0.27202,-0.48558,-0.57069,-0.65556,-0.72911,-0.69213,-0.64705,-0.61069,-0.49295,-0.40388,-0.27604,-0.16506,-0.06982,0.04850,0.15489,0.29918,0.39266,0.49400,0.55094,0.63806,0.64719,0.72614,0.71180,0.74057,0.71125,0.74484,0.77591,0.82698,0.85098,0.81157,0.79060,0.76481,0.74360,0.77860,0.75953,0.72053,0.70397,0.62945,0.62645,0.67517,0.63247,0.63994,0.59891,0.49787,0.44254,0.32098,0.29728,0.17898,0.19634,0.28126,0.21562,0.10055,0.16384,0.10942,0.19075,0.11296,0.17526,0.30138,0.24323,0.25479,0.11106,0.14661,0.00968,0.05383,-0.00124,0.07320,0.17924,0.30869,0.42733,0.48261,0.55968,0.55396,0.62801,0.63095,0.62812,0.55300,0.40468,0.37724,0.45948,0.49709,0.51537,0.56980,0.54396,0.57220,0.47518,0.34509,0.32784,0.37271,0.25472,0.12356,0.00208,-0.11132,-0.22639,-0.31005,-0.40140,-0.49180,-0.50299,-0.58900,-0.54297,-0.56920,-0.53159,-0.45334,-0.41066,-0.49734,-0.45598,-0.53728
-0.56907,-0.55253,-0.56300,-0.50908,-0.44784,-0.44543,-0.44104,-0.36438,-0.30989,-0.30839,-0.25866,-0.28469,-0.34058,-0.41682,-0.46176,-0.53560,-0.51532,-0.55599,-0.55664,-0.55804,-0.52054,-0.46017,-0.41124,-0.47001,-0.45922,-0.34468,-0.36120,-0.43396,-0.34201,-0.24830,-0.30779,-0.32406,-0.18363,-0.10660,-0.17229,-0.09672,-0.15741,-0.09364,-0.14275,-0.20515,-0.31711,-0.42115,-0.44432,-0.49098,-0.56985,-0.56141,-0.63128,-0.59388,-0.51240,-0.46073,-0.36798,-0.30075,-0.21388,-0.15941,-0.13751,-0.03512,0.01076,0.02643,0.08247,0.15320,0.18029,0.19606,0.29394,0.30497,0.23583,0.31281,0.39442,0.41211,0.39357,0.28098,0.21750,0.07921,0.08414,-0.03340,-0.04172,-0.15429,-0.17453,-0.34320,-0.46841,-0.44199,-0.27696,-0.30406,-0.31355,-0.14151,-0.10917,-0.20431,-0.17167,-0.04371,0.01222,0.10471,0.23041,0.38153,0.45038,0.47828,0.58640,0.61200,0.64509,0.76937,0.77340,0.82543,0.76982,0.70723,0.71055,0.70638,0.70614,0.61100,0.51923,0.39071,0.38068,0.25752,0.20847,0.12779,0.07956,-0.13282,-0.12547,0.04215,-0.07967,-0.25048,-0.12883,-0.09057,-0.31295,-0.32981,-0.53238,-0.60299,-0.67651,-0.75097,-0.72455,-0.68195,-0.65462,-0.54644,-0.46310,-0.33911,-0.23306,-0.13956,-0.02385,0.08270,0.22845,0.32386,0.42973,0.48873,0.58125,0.59389,0.68056,0.67096,0.70557,0.68324,0.71837,0.74496,0.79401,0.81495,0.76876,0.74475,0.71691,0.69337,0.73287,0.71151,0.66819,0.65074,0.57056,0.56850,0.62326,0.58262,0.59817,0.56075,0.46353,0.41596,0.29047,0.25688,0.13314,0.15307,0.23330,0.16850,0.04849,0.10602,0.04661,0.12427,0.04693,0.10901,0.23522,0.17485,0.18954,0.04704,0.08926,-0.04392,0.00540,-0.04167,0.03753,0.15045,0.28466,0.39781,0.45964,0.53620,0.53857,0.61193,0.60896,0.60523,0.52235,0.37623,0.33889,0.41458,0.44612,0.45644,0.50974,0.48049,0.50980,0.40885,0.27604,0.25832,0.30345,0.18261,0.05008,-0.07018,-0.18148,-0.29330,-0.37452,-0.46084,-0.54617,-0.55328,-0.62956,-0.57961,-0.59609,-0.55217,-0.46783,-0.41991,-0.50753,-0.47737,-0.56260
-0.60522,-0.58940,-0.59706,-0.54538,-0.48744,-0.48380,-0.47795,-0.40526,-0.35241,-0.34820,-0.29969,-0.32226,-0.37586,-0.44723,-0.48825,-0.55623,-0.53202,-0.56742,-0.56299,-0.56169,-0.52744,-0.46573,-0.42137,-0.47650,-0.45939,-0.34655,-0.36563,-0.43059,-0.33439,-0.24524,-0.30235,-0.30970,-0.16852,-0.09589,-0.15646,-0.07422,-0.13070,-0.06023,-0.11113,-0.17019,-0.28378,-0.39362,-0.42151,-0.47861,-0.56245,-0.56191,-0.63484,-0.60480,-0.52688,-0.48201,-0.39279,-0.33083,-0.24875,-0.19798,-0.17971,-0.07848,-0.03157,-0.01468,0.04057,0.11146,0.14119,0.15762,0.25625,0.26950,0.20210,0.27967,0.36490,0.38821,0.37456,0.25819,0.19982,0.06306,0.07045,-0.04360,-0.05763,-0.16958,-0.19672,-0.36577,-0.49263,-0.47318,-0.31134,-0.33705,-0.35057,-0.18243,-0.14642,-0.24252,-0.21422,-0.08826,-0.02821,0.06802,0.19026,0.34214,0.41143,0.43394,0.54276,0.56772,0.60735,0.74103,0.74836,0.81063,0.75335,0.69223,0.70404,0.69377,0.68495,0.58149,0.48892,0.36172,0.36119,0.24252,0.20412,0.12847,0.08353,-0.13129,-0.11050,0.04927,-0.08197,-0.24597,-0.12195,-0.09834,-0.32266,-0.33380,-0.52605,-0.58111,-0.65021,-0.73296,-0.71516,-0.67246,-0.65559,-0.55558,-0.47769,-0.35180,-0.25211,-0.15810,-0.04906,0.05743,0.20200,0.29614,0.40698,0.46492,0.56115,0.57902,0.66895,0.66764,0.70682,0.69229,0.72714,0.74809,0.79071,0.80351,0.75109,0.72142,0.69201,0.66880,0.71034,0.68580,0.64325,0.62779,0.54399,0.54625,0.60839,0.57473,0.59980,0.56771,0.47772,0.43730,0.31176,0.27119,0.14465,0.16646,0.23990,0.17701,0.05462,0.10552,0.03917,0.11369,0.03131,0.09297,0.21313,0.15536,0.17554,0.03815,0.08953,-0.03980,0.01543,-0.02269,0.05942,0.17597,0.31044,0.41698,0.48188,0.55588,0.56160,0.63223,0.62670,0.62232,0.53764,0.39874,0.35404,0.42165,0.44607,0.44341,0.48957,0.45249,0.47669,0.37132,0.23772,0.21914,0.26867,0.14883,0.01638,-0.10187,-0.20801,-0.31485,-0.39528,-0.47451,-0.55670,-0.55588,-0.62384,-0.56571,-0.57426,-0.52304,-0.43351,-0.38057,-0.47342,-0.45214,-0.55198
-0.56137,-0.54457,-0.56175,-0.50611,-0.43793,-0.43775,-0.44114,-0.35913,-0.30095,-0.30730,-0.25705,-0.29284,-0.35332,-0.43589,-0.48696,-0.56788,-0.55553,-0.59768,-0.60723,-0.61181,-0.57403,-0.52254,-0.46974,-0.52908,-0.52866,-0.41858,-0.43109,-0.50759,-0.42574,-0.33143,-0.39016,-0.41331,-0.27918,-0.20104,-0.26851,-0.19771,-0.25775,-0.19638,-0.24650,-0.30388,-0.41233,-0.51133,-0.53293,-0.56958,-0.64113,-0.62471,-0.68407,-0.64034,-0.55884,-0.49784,-0.40273,-0.32746,-0.23291,-0.17081,-0.14091,-0.03828,-0.00119,0.01056,0.07422,0.14434,0.16200,0.17891,0.27566,0.27920,0.20590,0.28298,0.36074,0.36813,0.34052,0.22965,0.15681,0.01723,0.01833,-0.10101,-0.09876,-0.21077,-0.21837,-0.37865,-0.49652,-0.45576,-0.29124,-0.32332,-0.31947,-0.14209,-0.12098,-0.21414,-0.16954,-0.03874,0.00500,0.08690,0.21999,0.36950,0.44356,0.48602,0.59514,0.62744,0.64720,0.76132,0.75480,0.79629,0.73958,0.66696,0.65854,0.66220,0.67550,0.58866,0.49108,0.35581,0.32837,0.19546,0.13125,0.04340,-0.00798,-0.21689,-0.21830,-0.04625,-0.15595,-0.32956,-0.21201,-0.15599,-0.37152,-0.39232,-0.59617,-0.66559,-0.73628,-0.79888,-0.77495,-0.74002,-0.70655,-0.59730,-0.51045,-0.39275,-0.28076,-0.19481,-0.07128,0.03540,0.18322,0.28273,0.38284,0.44586,0.53665,0.54240,0.63075,0.61078,0.64472,0.61483,0.65486,0.68858,0.75002,0.78312,0.74080,0.72606,0.69710,0.66647,0.70521,0.68703,0.63881,0.61623,0.53697,0.52695,0.57304,0.51987,0.52831,0.48332,0.37698,0.32342,0.19400,0.16250,0.03786,0.05662,0.14329,0.07599,-0.04359,0.02063,-0.03067,0.05699,-0.01183,0.05554,0.18552,0.11798,0.12272,-0.02714,0.00429,-0.13274,-0.08932,-0.14171,-0.06336,0.04926,0.18671,0.30521,0.37029,0.45201,0.45702,0.53637,0.53164,0.52756,0.43920,0.28391,0.24771,0.33050,0.37037,0.39476,0.46156,0.44438,0.48612,0.39208,0.26284,0.24435,0.27830,0.15164,0.01962,-0.10364,-0.22134,-0.33673,-0.41582,-0.51089,-0.59451,-0.61245,-0.69327,-0.65320,-0.67324,-0.63300,-0.55432,-0.50694,-0.58567,-0.55235,-0.61634
-0.44151,-0.42327,-0.44250,-0.38114,-0.30715,-0.30744,-0.31128,-0.22273,-0.16144,-0.16899,-0.11666,-0.15610,-0.22112,-0.31172,-0.37021,-0.46249,-0.45618,-0.50783,-0.52797,-0.53915,-0.49369,-0.44592,-0.38271,-0.44836,-0.46242,-0.34779,-0.35378,-0.44608,-0.37480,-0.27019,-0.33301,-0.37766,-0.24801,-0.16034,-0.23932,-0.18861,-0.26171,-0.22230,-0.26486,-0.33405,-0.43373,-0.51348,-0.52311,-0.53115,-0.59546,-0.56003,-0.61438,-0.55523,-0.46419,-0.38932,-0.28592,-0.20143,-0.09889,-0.03199,0.00105,0.10445,0.13969,0.14732,0.21209,0.28161,0.29424,0.30906,0.40115,0.40013,0.32703,0.39986,0.46827,0.46505,0.42952,0.33054,0.25073,0.11490,0.11134,-0.01011,0.00539,-0.10791,-0.10230,-0.26251,-0.38214,-0.33057,-0.15764,-0.19289,-0.18426,-0.00017,0.01837,-0.07529,-0.02660,0.10609,0.14616,0.22199,0.35457,0.49561,0.56537,0.61019,0.70762,0.73765,0.75070,0.83950,0.82598,0.84297,0.79984,0.72992,0.70143,0.71831,0.74846,0.68432,0.59289,0.46506,0.42215,0.28573,0.20095,0.10239,0.04477,-0.15287,-0.18373,0.00130,-0.08182,-0.26790,-0.15775,-0.06749,-0.27995,-0.31375,-0.53902,-0.64049,-0.72904,-0.77922,-0.73399,-0.69860,-0.64168,-0.51297,-0.41230,-0.29347,-0.16975,-0.08715,0.04485,0.14951,0.29372,0.39084,0.47656,0.53695,0.61320,0.60835,0.68250,0.64574,0.66624,0.61764,0.65638,0.70348,0.77711,0.82512,0.80060,0.79633,0.77194,0.74121,0.76993,0.75832,0.71461,0.69177,0.62661,0.60990,0.63761,0.57186,0.55919,0.50214,0.38353,0.31020,0.18923,0.17860,0.06647,0.07890,0.17811,0.10847,-0.00047,0.07847,0.04406,0.14080,0.08158,0.15379,0.28668,0.21666,0.20926,0.05310,0.06297,-0.08093,-0.05309,-0.12450,-0.05733,0.03982,0.16792,0.29897,0.35106,0.43647,0.42802,0.50997,0.51501,0.51086,0.43808,0.27437,0.26052,0.36020,0.41778,0.46827,0.54637,0.54433,0.59195,0.51108,0.39122,0.37417,0.39957,0.27612,0.14877,0.02443,-0.09995,-0.22311,-0.30475,-0.41496,-0.50622,-0.54110,-0.64357,-0.62052,-0.66268,-0.64069,-0.58092,-0.54700,-0.61822,-0.56331,-0.60760
-0.45233,-0.43453,-0.44743,-0.38668,-0.31688,-0.31482,-0.31303,-0.22827,-0.16891,-0.16927,-0.11698,-0.14894,-0.21136,-0.29683,-0.35076,-0.43706,-0.42359,-0.47223,-0.48583,-0.49360,-0.44917,-0.39630,-0.33582,-0.39965,-0.40607,-0.28769,-0.29666,-0.38409,-0.30511,-0.20128,-0.26400,-0.30196,-0.16787,-0.08187,-0.15923,-0.10302,-0.17766,-0.13531,-0.17888,-0.25276,-0.35376,-0.43782,-0.45020,-0.46574,-0.53821,-0.50911,-0.57209,-0.51905,-0.42735,-0.35988,-0.25756,-0.17915,-0.08251,-0.02134,0.00428,0.10737,0.14934,0.16003,0.21987,0.29009,0.31060,0.32476,0.41774,0.42251,0.35276,0.42544,0.49821,0.50346,0.47525,0.37389,0.30193,0.16819,0.16783,0.04884,0.05674,-0.05780,-0.06208,-0.22998,-0.35900,-0.31959,-0.14453,-0.17668,-0.17890,0.00352,0.03212,-0.06567,-0.02666,0.10448,0.15553,0.23998,0.36550,0.50750,0.57472,0.60666,0.70122,0.72703,0.75362,0.85162,0.84482,0.87173,0.83116,0.76832,0.74896,0.75910,0.77760,0.70585,0.61785,0.49662,0.46854,0.33988,0.26727,0.17348,0.11815,-0.08301,-0.10336,0.07750,-0.01581,-0.19928,-0.08485,-0.00785,-0.22809,-0.25783,-0.48122,-0.57721,-0.67084,-0.73308,-0.68898,-0.64884,-0.59923,-0.47214,-0.37298,-0.24619,-0.12705,-0.04037,0.08448,0.18990,0.33220,0.42608,0.51708,0.57395,0.65184,0.65325,0.72617,0.69898,0.72070,0.67827,0.71397,0.75598,0.81964,0.85705,0.82856,0.81555,0.79149,0.76494,0.79386,0.77907,0.74004,0.72232,0.65595,0.64601,0.68114,0.62562,0.62045,0.56812,0.45734,0.38752,0.27045,0.25807,0.14545,0.15895,0.25274,0.18475,0.07473,0.14832,0.10582,0.19935,0.13078,0.20352,0.32829,0.26423,0.26522,0.11363,0.13291,-0.00891,0.02482,-0.04125,0.02718,0.12480,0.24999,0.37615,0.42607,0.50847,0.49746,0.57561,0.58158,0.57620,0.50889,0.35414,0.33892,0.43210,0.48370,0.52089,0.58828,0.57527,0.61263,0.52597,0.40546,0.38853,0.42278,0.30276,0.17511,0.05267,-0.06605,-0.18602,-0.27007,-0.37371,-0.46645,-0.49231,-0.59212,-0.55908,-0.59869,-0.57205,-0.50853,-0.47182,-0.55199,-0.50178,-0.56915
-0.48479,-0.46801,-0.48594,-0.42656,-0.35434,-0.35502,-0.35862,-0.27257,-0.21221,-0.21878,-0.16720,-0.20539,-0.26923,-0.35643,-0.41260,-0.49949,-0.49153,-0.53837,-0.55420,-0.56247,-0.52126,-0.47376,-0.41462,-0.47633,-0.48519,-0.37324,-0.38130,-0.46537,-0.39074,-0.29125,-0.35120,-0.38598,-0.25669,-0.17383,-0.24808,-0.18781,-0.25681,-0.20768,-0.25496,-0.32022,-0.42252,-0.50919,-0.52416,-0.54206,-0.61017,-0.58193,-0.63738,-0.58471,-0.49773,-0.42814,-0.32810,-0.24700,-0.14753,-0.08233,-0.05185,0.05040,0.08615,0.09422,0.15933,0.22926,0.24332,0.25846,0.35240,0.35262,0.27952,0.35371,0.42604,0.42663,0.39396,0.29065,0.21387,0.07870,0.07762,-0.04160,-0.03031,-0.14338,-0.14170,-0.30113,-0.42143,-0.37474,-0.20531,-0.24002,-0.23269,-0.05008,-0.03018,-0.12505,-0.07819,0.05366,0.09506,0.17258,0.30390,0.44813,0.52043,0.56273,0.66205,0.69386,0.71196,0.81042,0.79844,0.82529,0.77908,0.70711,0.68531,0.69687,0.72054,0.64750,0.55257,0.42362,0.38705,0.25214,0.17503,0.07993,0.02456,-0.17526,-0.19256,-0.01428,-0.10786,-0.28772,-0.17553,-0.09676,-0.30938,-0.33818,-0.55276,-0.63740,-0.72077,-0.77717,-0.74185,-0.70848,-0.66164,-0.54155,-0.44570,-0.32644,-0.20789,-0.12637,0.00072,0.10626,0.25085,0.34813,0.43924,0.49995,0.58130,0.58112,0.66025,0.63098,0.65712,0.61578,0.65604,0.69849,0.76718,0.80893,0.77686,0.76755,0.74095,0.70921,0.74079,0.72597,0.68140,0.65996,0.58972,0.57611,0.61097,0.55043,0.54733,0.49383,0.38038,0.31385,0.19129,0.17299,0.05547,0.07011,0.16420,0.09577,-0.01710,0.05625,0.01380,0.11044,0.04319,0.11856,0.24560,0.17812,0.17596,0.02082,0.03929,-0.10232,-0.06703,-0.12964,-0.05831,0.04457,0.17518,0.29984,0.35672,0.44103,0.43676,0.51795,0.51921,0.51447,0.43650,0.27849,0.25576,0.34782,0.39928,0.43876,0.51284,0.50419,0.54916,0.46355,0.34296,0.32518,0.35317,0.22820,0.10006,-0.02321,-0.14414,-0.26344,-0.34379,-0.44801,-0.53591,-0.56445,-0.65914,-0.62864,-0.66269,-0.63344,-0.56726,-0.52740,-0.60340,-0.56103,-0.61864
-0.32108,-0.30284,-0.32883,-0.26404,-0.18232,-0.18609,-0.19749,-0.10300,-0.03863,-0.05450,-0.00241,-0.05254,-0.12287,-0.22167,-0.28975,-0.39281,-0.40203,-0.45988,-0.49319,-0.51192,-0.46366,-0.42883,-0.35721,-0.42510,-0.45905,-0.35052,-0.34803,-0.45161,-0.40085,-0.29346,-0.35561,-0.42021,-0.30619,-0.21464,-0.30180,-0.27177,-0.35133,-0.33064,-0.36922,-0.44332,-0.52814,-0.58457,-0.58223,-0.55793,-0.60634,-0.54932,-0.58683,-0.51225,-0.41828,-0.32578,-0.21891,-0.12252,-0.01179,0.06374,0.10505,0.20355,0.22715,0.22651,0.29789,0.36302,0.36156,0.37551,0.45928,0.44740,0.37356,0.43987,0.49492,0.47414,0.42558,0.34164,0.25089,0.12328,0.11264,-0.00737,0.02701,-0.08360,-0.05482,-0.19963,-0.30700,-0.23419,-0.06386,-0.10469,-0.07740,0.10931,0.11181,0.02462,0.08628,0.21702,0.23947,0.29578,0.42902,0.55645,0.62492,0.68104,0.76617,0.79891,0.79622,0.85260,0.82502,0.81378,0.78047,0.70560,0.65149,0.68559,0.74059,0.70386,0.61523,0.49283,0.42346,0.28069,0.16996,0.05918,-0.00581,-0.18146,-0.24245,-0.05308,-0.10185,-0.29290,-0.19887,-0.06653,-0.25969,-0.30711,-0.53715,-0.65688,-0.75362,-0.77899,-0.71786,-0.69426,-0.61615,-0.47750,-0.36640,-0.25924,-0.12608,-0.05693,0.08306,0.18220,0.31954,0.41423,0.48010,0.53971,0.60027,0.58145,0.64304,0.58520,0.59366,0.52504,0.56625,0.62823,0.72003,0.78926,0.78298,0.79645,0.77465,0.73762,0.75653,0.75287,0.71047,0.68398,0.63285,0.60475,0.60960,0.52475,0.48920,0.41835,0.28614,0.19442,0.08143,0.08922,-0.00986,-0.00394,0.10673,0.03573,-0.05921,0.03592,0.02213,0.13524,0.09226,0.17235,0.30383,0.22816,0.20066,0.03737,0.02091,-0.12602,-0.11767,-0.20450,-0.15007,-0.06866,0.04984,0.18964,0.23291,0.32226,0.30439,0.39073,0.40255,0.39836,0.33301,0.16215,0.16682,0.28262,0.36130,0.44208,0.53867,0.55974,0.62131,0.56003,0.45644,0.44105,0.44807,0.32733,0.20934,0.08715,-0.04288,-0.16982,-0.24763,-0.37322,-0.46467,-0.52100,-0.64165,-0.64312,-0.70330,-0.70114,-0.66430,-0.64184,-0.69925,-0.63205,-0.64528
-0.20896,-0.18968,-0.21195,-0.14429,-0.06325,-0.06476,-0.07205,0.02205,0.08580,0.07432,0.12662,0.08060,0.01096,-0.08804,-0.15668,-0.26319,-0.27185,-0.33451,-0.37076,-0.39280,-0.33962,-0.30419,-0.22696,-0.29811,-0.33863,-0.22572,-0.22055,-0.33310,-0.28696,-0.17382,-0.23888,-0.31649,-0.20531,-0.10899,-0.20355,-0.18896,-0.27944,-0.27817,-0.30902,-0.39584,-0.47162,-0.51145,-0.49924,-0.45583,-0.50098,-0.43297,-0.47185,-0.38952,-0.28835,-0.19185,-0.08141,0.01574,0.12548,0.19838,0.23621,0.33227,0.35828,0.35631,0.42340,0.48664,0.48673,0.49849,0.57601,0.56544,0.49678,0.55688,0.60527,0.58235,0.53413,0.46155,0.37293,0.25288,0.24014,0.12278,0.16140,0.05206,0.08406,-0.06277,-0.17479,-0.10347,0.07142,0.03129,0.05380,0.23852,0.24562,0.15859,0.21500,0.34174,0.36868,0.42471,0.54912,0.66568,0.72605,0.77251,0.84347,0.86923,0.87005,0.90859,0.88135,0.85570,0.83693,0.77307,0.70935,0.75003,0.80980,0.78933,0.71298,0.60513,0.53468,0.39904,0.28263,0.16944,0.10195,-0.06203,-0.14259,0.05096,0.02076,-0.17514,-0.08878,0.06067,-0.12928,-0.18450,-0.42829,-0.57472,-0.68614,-0.70785,-0.62812,-0.59909,-0.50589,-0.35363,-0.23433,-0.12416,0.01275,0.08135,0.21987,0.31536,0.44457,0.53203,0.58696,0.63982,0.68705,0.66374,0.70927,0.64423,0.64040,0.56087,0.59679,0.66483,0.75702,0.82963,0.83802,0.85501,0.83856,0.80637,0.81664,0.81742,0.78384,0.76120,0.72313,0.69475,0.68812,0.60148,0.55247,0.47648,0.34328,0.23867,0.13929,0.16458,0.08056,0.08159,0.19657,0.12703,0.04372,0.14627,0.14299,0.25692,0.21781,0.29697,0.42509,0.35342,0.32108,0.16102,0.13271,-0.01388,-0.01777,-0.11666,-0.07311,-0.00770,0.09660,0.24045,0.26883,0.35560,0.32360,0.40640,0.42884,0.42412,0.37900,0.21146,0.23610,0.35971,0.44735,0.54032,0.63597,0.66243,0.71965,0.66770,0.57396,0.56038,0.56668,0.45549,0.34383,0.22560,0.09717,-0.03073,-0.11040,-0.24109,-0.33847,-0.40119,-0.53684,-0.54722,-0.62370,-0.63596,-0.61461,-0.60382,-0.65889,-0.57627,-0.58727
-0.26346,-0.24515,-0.26443,-0.19922,-0.12126,-0.12224,-0.12723,-0.03629,0.02613,0.01802,0.06966,0.02742,-0.04022,-0.13463,-0.19935,-0.29931,-0.30252,-0.36099,-0.39110,-0.40969,-0.35993,-0.32128,-0.24903,-0.31651,-0.34794,-0.23531,-0.23355,-0.33753,-0.28400,-0.17466,-0.23792,-0.30392,-0.18914,-0.09742,-0.18627,-0.15975,-0.24659,-0.23446,-0.26974,-0.35456,-0.43469,-0.48444,-0.47830,-0.44846,-0.50090,-0.44303,-0.48735,-0.41297,-0.31530,-0.22707,-0.12023,-0.02855,0.07697,0.14655,0.17986,0.27602,0.30551,0.30571,0.37146,0.43637,0.44094,0.45239,0.53323,0.52656,0.45753,0.52039,0.57480,0.55893,0.51606,0.43705,0.35374,0.23292,0.22392,0.10810,0.13931,0.03027,0.05333,-0.09629,-0.21234,-0.15027,0.02300,-0.01543,0.00126,0.18391,0.19600,0.10631,0.15780,0.28391,0.31647,0.37905,0.50194,0.62473,0.68672,0.72768,0.80165,0.82818,0.83832,0.89104,0.86786,0.85640,0.83509,0.77136,0.71760,0.74931,0.79820,0.76520,0.68591,0.57677,0.51750,0.38420,0.27934,0.17190,0.10762,-0.06270,-0.12605,0.06182,0.01573,-0.17391,-0.08226,0.04856,-0.14539,-0.19333,-0.42984,-0.56041,-0.66620,-0.70125,-0.63230,-0.59970,-0.51886,-0.37412,-0.26103,-0.14742,-0.01679,0.05432,0.18664,0.28383,0.41467,0.50269,0.56609,0.61898,0.67315,0.65668,0.70822,0.65412,0.65724,0.58756,0.62381,0.68532,0.76913,0.83146,0.83030,0.83797,0.81957,0.78866,0.80357,0.80024,0.76590,0.74558,0.70124,0.67811,0.68229,0.60424,0.56724,0.49708,0.37121,0.27434,0.17324,0.18960,0.09914,0.10354,0.21180,0.14377,0.05466,0.14889,0.13447,0.24264,0.19288,0.27202,0.39681,0.32921,0.30668,0.14943,0.13373,-0.01003,-0.00369,-0.09287,-0.04385,0.02849,0.13580,0.27254,0.30563,0.39041,0.36311,0.44326,0.46287,0.45873,0.40955,0.24850,0.26299,0.37695,0.45470,0.53300,0.62125,0.63695,0.68815,0.62789,0.52950,0.51558,0.52821,0.41588,0.30156,0.18393,0.05957,-0.06451,-0.14406,-0.26638,-0.36174,-0.41492,-0.54069,-0.53939,-0.60699,-0.60985,-0.57989,-0.56300,-0.62545,-0.55489,-0.58555
-0.15135,-0.13360,-0.16511,-0.09934,-0.01409,-0.02114,-0.03790,0.05825,0.12239,0.09943,0.14869,0.09149,0.01953,-0.08297,-0.15771,-0.26790,-0.29165,-0.35585,-0.40114,-0.42880,-0.37885,-0.35767,-0.27875,-0.34616,-0.40026,-0.30163,-0.29036,-0.40279,-0.37568,-0.26873,-0.32873,-0.41308,-0.32075,-0.22876,-0.32117,-0.31580,-0.40121,-0.40601,-0.43696,-0.51693,-0.58030,-0.60614,-0.58890,-0.52840,-0.55780,-0.47913,-0.49839,-0.40921,-0.31491,-0.20824,-0.10238,0.00143,0.11544,0.19519,0.24149,0.32972,0.34116,0.33030,0.40497,0.46398,0.44777,0.45818,0.52918,0.50783,0.43669,0.49245,0.52958,0.49155,0.43228,0.37016,0.27345,0.16244,0.14477,0.03268,0.08547,-0.01576,0.03640,-0.08588,-0.17727,-0.08768,0.07295,0.02787,0.07110,0.25016,0.23809,0.16166,0.23176,0.35279,0.35819,0.39244,0.51880,0.62517,0.68685,0.74883,0.81372,0.84664,0.82947,0.84545,0.80473,0.76129,0.74519,0.67154,0.59033,0.64094,0.71977,0.71689,0.63810,0.53071,0.43782,0.29619,0.16262,0.04453,-0.02556,-0.16691,-0.26116,-0.07438,-0.08105,-0.26867,-0.19767,-0.02504,-0.18748,-0.24749,-0.47758,-0.61864,-0.72125,-0.72383,-0.64527,-0.62997,-0.52905,-0.38268,-0.26478,-0.17432,-0.03680,0.01601,0.15523,0.24377,0.36529,0.45138,0.49183,0.54595,0.58481,0.55131,0.59269,0.51472,0.50762,0.41900,0.45942,0.53539,0.64143,0.72906,0.74527,0.77513,0.75858,0.71924,0.72594,0.73211,0.69510,0.66723,0.63614,0.59781,0.57640,0.47531,0.41497,0.33108,0.19195,0.08168,-0.01420,0.01697,-0.05930,-0.06094,0.05639,-0.01147,-0.08463,0.02335,0.03330,0.15459,0.12766,0.21112,0.33799,0.26240,0.21577,0.05430,0.00880,-0.13338,-0.14766,-0.24959,-0.21329,-0.15628,-0.05762,0.08460,0.11301,0.20136,0.17156,0.25593,0.27808,0.27518,0.22687,0.05800,0.08620,0.21480,0.31206,0.42381,0.53481,0.57923,0.65075,0.61432,0.53318,0.52167,0.50934,0.39981,0.29801,0.18508,0.05573,-0.06918,-0.13960,-0.27565,-0.36472,-0.44120,-0.57842,-0.60654,-0.68695,-0.70964,-0.70270,-0.69727,-0.73860,-0.65843,-0.64184
0.04941,0.06823,0.03614,0.10381,0.18946,0.18290,0.16536,0.26080,0.32291,0.29887,0.34575,0.28767,0.21656,0.11245,0.03428,-0.08315,-0.11593,-0.18711,-0.24308,-0.27841,-0.22280,-0.21030,-0.12321,-0.19366,-0.26606,-0.17205,-0.15293,-0.27854,-0.27181,-0.16166,-0.22180,-0.33085,-0.25565,-0.15920,-0.26064,-0.28782,-0.38200,-0.42098,-0.43884,-0.52895,-0.57079,-0.56250,-0.52712,-0.42870,-0.44101,-0.34000,-0.34762,-0.24375,-0.14478,-0.02631,0.08092,0.18892,0.30248,0.38210,0.43029,0.50943,0.51330,0.49775,0.56911,0.61901,0.59471,0.60282,0.65698,0.63018,0.56738,0.60981,0.62855,0.57751,0.51171,0.47479,0.37638,0.28210,0.25785,0.15371,0.22140,0.12823,0.19705,0.08942,0.00842,0.10844,0.26379,0.21796,0.26796,0.43703,0.41822,0.35203,0.42335,0.53338,0.52972,0.54842,0.66157,0.74165,0.79116,0.85121,0.89275,0.91836,0.89020,0.86394,0.81655,0.73916,0.74287,0.68086,0.57655,0.64463,0.74286,0.77664,0.71685,0.63084,0.52093,0.38855,0.23759,0.11474,0.04047,-0.06787,-0.20077,-0.01521,0.02210,-0.16643,-0.11750,0.09268,-0.04566,-0.11879,-0.35551,-0.53240,-0.64796,-0.62671,-0.52194,-0.51051,-0.38351,-0.22309,-0.09619,-0.01659,0.12558,0.16666,0.30539,0.38201,0.48558,0.55919,0.57233,0.61738,0.62996,0.58335,0.59829,0.50069,0.47220,0.36230,0.39646,0.48497,0.60061,0.70326,0.74704,0.79343,0.78554,0.74919,0.73990,0.75609,0.72961,0.70324,0.69662,0.65096,0.60220,0.49017,0.40165,0.30782,0.16376,0.03438,-0.03933,0.02018,-0.02818,-0.03961,0.08490,0.02025,-0.02767,0.09390,0.13137,0.25645,0.25188,0.33111,0.45082,0.37730,0.31252,0.15845,0.08396,-0.05289,-0.09439,-0.21533,-0.20106,-0.17326,-0.09924,0.04866,0.05465,0.13905,0.09043,0.17058,0.20643,0.20281,0.18149,0.01642,0.07672,0.21982,0.33594,0.47702,0.59508,0.66086,0.73536,0.72389,0.66594,0.65808,0.63265,0.53991,0.45509,0.35247,0.22623,0.10299,0.03653,-0.10952,-0.19992,-0.29463,-0.45222,-0.50643,-0.61120,-0.66079,-0.68535,-0.70006,-0.72505,-0.62095,-0.57463
0.12214,0.14117,0.11576,0.18356,0.26475,0.26106,0.24968,0.34085,0.40039,0.38362,0.42939,0.37947,0.31178,0.21260,0.13838,0.02415,-0.00329,-0.07504,-0.12892,-0.16418,-0.10619,-0.09083,-0.00328,-0.07394,-0.14493,-0.04786,-0.02863,-0.15535,-0.14763,-0.03587,-0.09644,-0.20888,-0.13529,-0.03867,-0.14148,-0.17624,-0.27785,-0.32931,-0.34147,-0.43979,-0.47532,-0.45775,-0.41751,-0.31105,-0.32562,-0.22253,-0.23560,-0.13128,-0.02941,0.08487,0.19175,0.29433,0.40198,0.47494,0.51560,0.59154,0.60046,0.58693,0.65077,0.69772,0.67947,0.68584,0.73471,0.71225,0.65597,0.69325,0.70905,0.66192,0.60164,0.57234,0.48186,0.39584,0.37317,0.27425,0.33920,0.24977,0.31375,0.20341,0.11581,0.20551,0.36197,0.31986,0.35904,0.52195,0.51180,0.44474,0.50573,0.60974,0.61459,0.63706,0.73883,0.81112,0.85292,0.89768,0.92621,0.94450,0.92733,0.89449,0.85186,0.77188,0.78769,0.73894,0.63484,0.70130,0.79424,0.83504,0.78722,0.71591,0.61515,0.49405,0.34784,0.22951,0.15673,0.05629,-0.08113,0.10185,0.14487,-0.04174,0.00246,0.21304,0.07736,0.00264,-0.23909,-0.42995,-0.55408,-0.53814,-0.42473,-0.40485,-0.27414,-0.10777,0.02112,0.10503,0.24353,0.28529,0.41608,0.48919,0.58431,0.64954,0.65753,0.69527,0.69901,0.65380,0.65712,0.56179,0.52632,0.41465,0.44303,0.53147,0.63865,0.73583,0.78672,0.82905,0.82588,0.79635,0.78144,0.79855,0.78091,0.76056,0.76255,0.72128,0.66970,0.56449,0.47244,0.38004,0.24294,0.10849,0.04864,0.11804,0.08032,0.06638,0.18825,0.12686,0.08737,0.20764,0.24745,0.36700,0.36093,0.43682,0.54768,0.48245,0.42117,0.27527,0.19923,0.06748,0.02168,-0.10297,-0.09535,-0.07859,-0.01777,0.12684,0.12077,0.19907,0.13978,0.21411,0.25772,0.25399,0.25073,0.09643,0.16929,0.31037,0.42595,0.56649,0.67559,0.73764,0.80216,0.79369,0.74287,0.73627,0.71568,0.63337,0.55438,0.45801,0.33825,0.21883,0.15170,0.00879,-0.08486,-0.17780,-0.34057,-0.39425,-0.50739,-0.56354,-0.59682,-0.61831,-0.64435,-0.53295,-0.49671
0.20383,0.22102,0.19038,0.25303,0.33290,0.32520,0.30815,0.39574,0.45181,0.42793,0.46906,0.41351,0.34744,0.25058,0.17495,0.06366,0.02432,-0.04626,-0.10553,-0.14506,-0.09120,-0.08916,-0.00342,-0.06785,-0.14828,-0.06764,-0.04319,-0.16523,-0.17575,-0.07355,-0.12679,-0.24279,-0.19125,-0.10240,-0.20001,-0.24417,-0.33978,-0.39892,-0.40924,-0.50267,-0.52132,-0.48688,-0.44110,-0.31876,-0.31873,-0.20895,-0.20495,-0.09763,-0.00578,0.11206,0.20955,0.31265,0.41757,0.49172,0.53602,0.59956,0.59607,0.57452,0.63965,0.67960,0.64896,0.65284,0.69170,0.66190,0.60806,0.63699,0.64024,0.58212,0.51614,0.50128,0.41051,0.34003,0.31398,0.22674,0.30233,0.22612,0.30544,0.22229,0.15455,0.25479,0.39195,0.34702,0.40081,0.54860,0.52359,0.46906,0.53677,0.62826,0.61578,0.61814,0.71288,0.76922,0.80817,0.85980,0.87529,0.89727,0.86870,0.81235,0.75964,0.66529,0.68798,0.63691,0.51941,0.59181,0.69759,0.75652,0.71286,0.65089,0.53688,0.41950,0.26468,0.14727,0.07609,0.00529,-0.14164,0.02675,0.09265,-0.07719,-0.05129,0.17272,0.07037,-0.00769,-0.22755,-0.41090,-0.52699,-0.49582,-0.38330,-0.37383,-0.23922,-0.08286,0.04087,0.10463,0.23606,0.26061,0.38438,0.44534,0.52531,0.58268,0.57467,0.60872,0.60079,0.54846,0.54313,0.44026,0.39970,0.28315,0.31193,0.40502,0.51773,0.62395,0.68355,0.73513,0.73299,0.69945,0.67936,0.70127,0.68467,0.66222,0.67433,0.62729,0.56287,0.45088,0.35015,0.25467,0.11991,-0.01560,-0.06473,0.01114,-0.01313,-0.03019,0.08780,0.03195,0.00733,0.12717,0.17889,0.30021,0.30557,0.38244,0.48232,0.41904,0.34767,0.20898,0.11855,-0.00224,-0.05755,-0.18071,-0.18287,-0.17944,-0.13172,0.00363,-0.00704,0.06702,0.00792,0.07892,0.12361,0.12174,0.12338,-0.02156,0.05702,0.19555,0.31637,0.46838,0.58401,0.65919,0.73116,0.73903,0.70563,0.70188,0.66562,0.59305,0.52935,0.44467,0.33156,0.22169,0.16599,0.02455,-0.05887,-0.16053,-0.31997,-0.38808,-0.50468,-0.57108,-0.62092,-0.64988,-0.66358,-0.55622,-0.50265
0.32435,0.34062,0.30172,0.36131,0.44203,0.43041,0.40458,0.49046,0.54349,0.50926,0.54540,0.48171,0.41714,0.31984,0.24082,0.12640,0.07193,0.00086,-0.06900,-0.11448,-0.06304,-0.07698,0.00993,-0.05123,-0.14868,-0.08492,-0.05308,-0.17771,-0.21328,-0.11847,-0.16629,-0.29593,-0.26863,-0.18376,-0.28073,-0.34785,-0.43701,-0.51432,-0.51572,-0.60115,-0.60099,-0.54213,-0.48589,-0.33942,-0.31614,-0.19198,-0.16593,-0.05053,0.03405,0.16151,0.25237,0.35893,0.46321,0.54054,0.59343,0.64536,0.62637,0.59653,0.66301,0.69373,0.64691,0.64898,0.67295,0.63271,0.58279,0.60049,0.58564,0.51088,0.43525,0.44091,0.34450,0.28963,0.25681,0.17959,0.27033,0.20657,0.30702,0.25395,0.21327,0.33143,0.44823,0.40045,0.47307,0.60597,0.56180,0.52476,0.60297,0.68215,0.64696,0.62397,0.71244,0.74491,0.77755,0.84254,0.84562,0.86853,0.81600,0.72407,0.65985,0.53832,0.56763,0.51474,0.37865,0.46612,0.59323,0.68099,0.64568,0.59380,0.45630,0.34263,0.17234,0.05327,-0.01886,-0.05537,-0.22761,-0.07161,0.03213,-0.12599,-0.12311,0.12826,0.06200,-0.02306,-0.22488,-0.41369,-0.52179,-0.45987,-0.34034,-0.34710,-0.19900,-0.04789,0.07290,0.11146,0.24164,0.24814,0.37021,0.41711,0.48074,0.52999,0.49753,0.52783,0.50192,0.43645,0.41702,0.29684,0.24573,0.11725,0.14556,0.24650,0.37145,0.49402,0.57066,0.64140,0.64292,0.60573,0.57644,0.60691,0.59145,0.56487,0.59308,0.53503,0.44785,0.32241,0.20247,0.10056,-0.03669,-0.17815,-0.21509,-0.12614,-0.13047,-0.15395,-0.03405,-0.08571,-0.08981,0.03659,0.11083,0.23393,0.26489,0.33751,0.43232,0.36621,0.27583,0.14579,0.03100,-0.07967,-0.15511,-0.28550,-0.30324,-0.31946,-0.28711,-0.15404,-0.17297,-0.10131,-0.16056,-0.09333,-0.04692,-0.04824,-0.03972,-0.18158,-0.08985,0.05531,0.18873,0.36312,0.49052,0.58914,0.67303,0.70527,0.69298,0.69306,0.63653,0.57484,0.52898,0.45564,0.34638,0.24305,0.19864,0.05347,-0.01984,-0.13757,-0.30027,-0.39404,-0.51838,-0.60254,-0.67434,-0.71556,-0.70746,-0.59277,-0.49582
0.44609,0.46243,0.42942,0.48766,0.56317,0.55452,0.53277,0.61243,0.66125,0.63286,0.66592,0.60928,0.54964,0.45811,0.38289,0.27114,0.21881,0.14619,0.07356,0.02713,0.08167,0.06661,0.15480,0.09344,-0.00771,0.05393,0.08852,-0.03899,-0.08173,0.01265,-0.03388,-0.17255,-0.15389,-0.06899,-0.16828,-0.25420,-0.34854,-0.44820,-0.43847,-0.52886,-0.51489,-0.43725,-0.37186,-0.20895,-0.18026,-0.04930,-0.02290,0.09502,0.18103,0.30639,0.39474,0.49599,0.59253,0.66264,0.70983,0.75377,0.73546,0.70733,0.76486,0.78789,0.74354,0.74415,0.75583,0.71687,0.67727,0.68499,0.66058,0.58581,0.51390,0.53530,0.44661,0.40564,0.37145,0.30355,0.39586,0.33952,0.43967,0.39273,0.35413,0.46623,0.57795,0.53451,0.60039,0.72007,0.68042,0.64863,0.71771,0.78545,0.75340,0.72756,0.79948,0.81383,0.83465,0.88796,0.87370,0.88717,0.83723,0.72567,0.66409,0.52976,0.57361,0.53683,0.39614,0.48760,0.61516,0.72019,0.70238,0.67089,0.53686,0.43903,0.27060,0.15668,0.08611,0.06988,-0.11702,0.03177,0.15577,0.00323,-0.00494,0.25230,0.19877,0.11016,-0.09184,-0.30066,-0.41469,-0.34650,-0.21465,-0.21692,-0.05958,0.09646,0.21829,0.25365,0.37965,0.38153,0.49415,0.53283,0.58113,0.61792,0.57097,0.59162,0.54917,0.48107,0.44342,0.31961,0.25636,0.12213,0.14272,0.24508,0.36492,0.48633,0.57632,0.65002,0.65809,0.62813,0.58952,0.62419,0.61948,0.59836,0.64197,0.58545,0.48740,0.36577,0.23492,0.13371,0.00326,-0.14449,-0.16213,-0.05784,-0.04257,-0.07084,0.04668,0.00004,0.01230,0.14066,0.22630,0.34211,0.38154,0.44684,0.53133,0.47208,0.37925,0.26298,0.13828,0.03716,-0.05099,-0.18798,-0.21966,-0.25514,-0.24286,-0.11287,-0.14891,-0.08526,-0.15695,-0.09858,-0.04310,-0.04547,-0.01346,-0.14251,-0.03161,0.11418,0.25067,0.43186,0.55167,0.65375,0.72976,0.77397,0.77624,0.77802,0.72161,0.67621,0.64317,0.58053,0.48060,0.38381,0.34186,0.19968,0.12630,0.00576,-0.16307,-0.26496,-0.40091,-0.49832,-0.58630,-0.63990,-0.62475,-0.49711,-0.39403
0.57099,0.58675,0.55996,0.61054,0.67475,0.66888,0.65111,0.71820,0.75951,0.73672,0.76253,0.71555,0.66508,0.58643,0.51983,0.41911,0.36839,0.29953,0.22809,0.18143,0.23448,0.21445,0.29711,0.24292,0.14123,0.19187,0.22899,0.10878,0.05618,0.14059,0.10190,-0.03752,-0.03648,0.03991,-0.05316,-0.15451,-0.25054,-0.36605,-0.34451,-0.43295,-0.40080,-0.30231,-0.22940,-0.05467,-0.01884,0.11132,0.14166,0.25549,0.33391,0.44920,0.52564,0.61455,0.69617,0.75474,0.79326,0.82284,0.80221,0.77377,0.81931,0.83134,0.78811,0.78538,0.78089,0.74431,0.71783,0.71225,0.67643,0.60321,0.53824,0.57887,0.50430,0.48599,0.45284,0.40313,0.49489,0.45455,0.55500,0.52694,0.49694,0.59732,0.69076,0.65130,0.70993,0.80383,0.76739,0.74671,0.80357,0.85213,0.81925,0.78610,0.83480,0.82564,0.83220,0.87122,0.83370,0.83973,0.79378,0.66306,0.60456,0.46216,0.52333,0.50314,0.36187,0.45158,0.57512,0.69629,0.69877,0.69452,0.56918,0.49327,0.33432,0.23260,0.17055,0.18520,-0.00674,0.12179,0.26387,0.13211,0.10771,0.36017,0.33493,0.25040,0.06573,-0.14750,-0.25913,-0.18958,-0.05351,-0.05144,0.10702,0.25556,0.36765,0.39102,0.50064,0.49187,0.58484,0.60757,0.63225,0.65081,0.58795,0.59589,0.53571,0.46762,0.41037,0.28990,0.21739,0.08456,0.09699,0.19616,0.30305,0.41717,0.51742,0.59156,0.60601,0.58429,0.53674,0.57392,0.58196,0.56749,0.62725,0.57449,0.46812,0.35743,0.22170,0.12616,0.01437,-0.13302,-0.12564,-0.01044,0.02767,-0.00450,0.10106,0.06413,0.09705,0.21703,0.31156,0.41413,0.46185,0.51672,0.57953,0.53424,0.44277,0.34899,0.21814,0.13718,0.04017,-0.09363,-0.14042,-0.19767,-0.21099,-0.09636,-0.14936,-0.09941,-0.17960,-0.13465,-0.07176,-0.07249,-0.01732,-0.12079,0.00368,0.13833,0.27054,0.45005,0.55656,0.65887,0.72376,0.78204,0.80437,0.80880,0.75109,0.72866,0.71501,0.67158,0.58984,0.50968,0.47740,0.34860,0.28321,0.16534,0.00205,-0.10511,-0.24619,-0.35439,-0.45893,-0.52687,-0.50280,-0.36950,-0.26520
0.70323,0.71459,0.68398,0.71735,0.76857,0.75873,0.73291,0.78090,0.80930,0.77846,0.78975,0.74184,0.70395,0.64303,0.58386,0.50115,0.43754,0.37884,0.30261,0.25346,0.29530,0.25364,0.32257,0.28635,0.17858,0.19027,0.23335,0.13552,0.05145,0.10632,0.08687,-0.04672,-0.09022,-0.03714,-0.10816,-0.22684,-0.30249,-0.42938,-0.39976,-0.46264,-0.39870,-0.27201,-0.19415,-0.00492,0.05693,0.18519,0.24371,0.34816,0.40006,0.50535,0.55320,0.62968,0.69181,0.74066,0.78083,0.78281,0.74015,0.70077,0.73868,0.73381,0.67300,0.66450,0.63393,0.58875,0.57493,0.54982,0.49165,0.40747,0.34084,0.41143,0.34812,0.36649,0.33121,0.31344,0.41455,0.40956,0.52528,0.55547,0.56763,0.67186,0.71326,0.67474,0.74859,0.79719,0.74009,0.74861,0.80691,0.82094,0.76039,0.69323,0.71689,0.67064,0.66403,0.70903,0.64623,0.65543,0.59070,0.42357,0.35402,0.19705,0.27065,0.25494,0.10544,0.19633,0.32890,0.47680,0.49500,0.51713,0.38333,0.32979,0.17497,0.09162,0.04356,0.11943,-0.07331,0.00807,0.18600,0.10548,0.04556,0.29222,0.33696,0.25689,0.13441,-0.04881,-0.13003,-0.04198,0.07865,0.06971,0.21976,0.33172,0.41971,0.40028,0.48012,0.43866,0.50350,0.49627,0.48378,0.47998,0.38689,0.38271,0.30019,0.22624,0.15244,0.03092,-0.04702,-0.17328,-0.16393,-0.06875,0.03112,0.14643,0.25680,0.34032,0.36024,0.33775,0.28129,0.32514,0.33699,0.32279,0.40203,0.34541,0.22264,0.11530,-0.02319,-0.11277,-0.20179,-0.33440,-0.29909,-0.18089,-0.11318,-0.15021,-0.06595,-0.08685,-0.02395,0.08118,0.19282,0.27705,0.35249,0.39338,0.42551,0.39102,0.29010,0.23246,0.08644,0.04104,-0.06774,-0.18692,-0.25213,-0.33619,-0.38028,-0.29775,-0.35996,-0.32714,-0.39889,-0.37110,-0.31056,-0.30483,-0.23945,-0.30931,-0.18154,-0.06879,0.05745,0.23728,0.33888,0.45519,0.52283,0.61071,0.66927,0.67872,0.59845,0.60377,0.62576,0.61451,0.55849,0.50940,0.50414,0.39634,0.35910,0.23697,0.10034,-0.02374,-0.15685,-0.27631,-0.40367,-0.48433,-0.43212,-0.31278,-0.17400
0.67428,0.68432,0.67280,0.68858,0.71188,0.71254,0.70279,0.72297,0.73496,0.72401,0.72501,0.70810,0.69180,0.66387,0.63173,0.58426,0.54694,0.50771,0.45901,0.42167,0.45065,0.41938,0.46473,0.44751,0.37225,0.37313,0.40653,0.34435,0.27785,0.31006,0.30332,0.20774,0.15969,0.18761,0.14363,0.04389,-0.03479,-0.13922,-0.09957,-0.14478,-0.08274,0.03534,0.10180,0.25135,0.29527,0.38583,0.42492,0.49497,0.52826,0.58977,0.61377,0.65388,0.68220,0.69999,0.71237,0.70149,0.67401,0.64580,0.65856,0.64816,0.61024,0.59606,0.55953,0.53375,0.53570,0.50389,0.45464,0.40195,0.36722,0.43656,0.41115,0.45015,0.43072,0.43851,0.50834,0.52481,0.60718,0.64275,0.64348,0.69420,0.71085,0.68496,0.71792,0.72965,0.70181,0.71096,0.73178,0.72240,0.68753,0.64056,0.62995,0.57583,0.55533,0.56054,0.47800,0.47574,0.45088,0.31231,0.26689,0.15290,0.23648,0.24903,0.14104,0.19713,0.28223,0.40385,0.44204,0.49321,0.41559,0.40159,0.29522,0.25133,0.22623,0.30980,0.17295,0.21877,0.36150,0.32227,0.26810,0.43985,0.49953,0.44689,0.35928,0.21259,0.15073,0.19266,0.28262,0.30233,0.41114,0.48790,0.54646,0.52865,0.56652,0.52906,0.55134,0.52869,0.49514,0.47004,0.38878,0.36855,0.28946,0.24000,0.16125,0.07830,0.01374,-0.07524,-0.07444,-0.00700,0.03908,0.10580,0.19947,0.25365,0.27620,0.26956,0.21728,0.25008,0.27591,0.28010,0.35717,0.32657,0.23177,0.16729,0.06545,0.00327,-0.03719,-0.13392,-0.07440,0.02598,0.09962,0.06563,0.11501,0.10715,0.17395,0.24229,0.32202,0.36843,0.42296,0.44435,0.44121,0.43894,0.37995,0.36105,0.25096,0.23666,0.15036,0.06382,0.00340,-0.08202,-0.14419,-0.10553,-0.17342,-0.16444,-0.22917,-0.22887,-0.17308,-0.16201,-0.07958,-0.09551,0.01570,0.07979,0.16309,0.29108,0.34641,0.42227,0.45192,0.52614,0.59335,0.60425,0.54827,0.57728,0.61122,0.62568,0.60453,0.58673,0.59041,0.52782,0.50417,0.41992,0.32561,0.23816,0.12955,0.02949,-0.08042,-0.16012,-0.11337,-0.01478,0.07443
0.50364,0.49687,0.49829,0.46605,0.43687,0.43412,0.42646,0.38538,0.35782,0.35216,0.32109,0.32914,0.35578,0.39599,0.41222,0.44579,0.42084,0.43367,0.42122,0.40962,0.39338,0.34697,0.32875,0.36606,0.34365,0.26745,0.28681,0.32425,0.24921,0.19663,0.23503,0.22911,0.12739,0.08144,0.11746,0.06031,0.08404,0.03040,0.04830,0.06382,0.15373,0.24577,0.27543,0.34493,0.39647,0.41319,0.46635,0.45889,0.41693,0.40244,0.34794,0.31943,0.27659,0.25092,0.24146,0.17875,0.13520,0.10961,0.08499,0.04568,0.01167,-0.00864,-0.07607,-0.09076,-0.05759,-0.11059,-0.16539,-0.18612,-0.18073,-0.09698,-0.06293,0.03172,0.02793,0.10757,0.13328,0.21220,0.24987,0.37303,0.44253,0.44064,0.33869,0.34105,0.36032,0.26303,0.22959,0.28566,0.27522,0.19137,0.14284,0.07436,0.00166,-0.09374,-0.13257,-0.15093,-0.24522,-0.25025,-0.26219,-0.36625,-0.38910,-0.43621,-0.37258,-0.34025,-0.37839,-0.37396,-0.35148,-0.26879,-0.21225,-0.12490,-0.13587,-0.07496,-0.07760,-0.03998,-0.02327,0.12635,0.09957,0.00863,0.11150,0.21360,0.13132,0.15197,0.30608,0.31251,0.41335,0.43994,0.47685,0.49727,0.48904,0.48316,0.48512,0.43770,0.39738,0.31834,0.26024,0.18763,0.12183,0.04835,-0.04682,-0.11160,-0.19330,-0.23641,-0.30910,-0.32362,-0.38971,-0.40045,-0.42952,-0.43303,-0.44572,-0.43935,-0.46299,-0.46105,-0.41434,-0.39951,-0.37715,-0.37130,-0.40693,-0.38854,-0.36157,-0.34728,-0.28157,-0.28408,-0.33567,-0.32816,-0.35024,-0.35183,-0.29938,-0.29562,-0.20424,-0.16439,-0.07654,-0.09645,-0.13523,-0.09896,-0.01205,-0.03521,0.01034,-0.02906,0.03436,0.00331,-0.07007,-0.03538,-0.05726,0.02765,-0.02151,0.05599,0.01124,0.02047,-0.03850,-0.12259,-0.21634,-0.28358,-0.33354,-0.37809,-0.39065,-0.43911,-0.42141,-0.40982,-0.33985,-0.25177,-0.20331,-0.23699,-0.23191,-0.22349,-0.23734,-0.20759,-0.21370,-0.13852,-0.03870,-0.02104,-0.07077,0.00544,0.09288,0.17151,0.23240,0.29831,0.35206,0.38708,0.43653,0.41494,0.44217,0.39859,0.38008,0.32799,0.24204,0.19427,0.25550,0.25339,0.31469
0.03977,0.02618,0.03193,0.00051,-0.03046,-0.03596,-0.03484,-0.07323,-0.09689,-0.09584,-0.11804,-0.10183,-0.07665,-0.03236,-0.00450,0.04868,0.05408,0.08502,0.10213,0.11198,0.08161,0.06106,0.02167,0.06252,0.08593,0.02835,0.02586,0.09536,0.07696,0.01771,0.05496,0.11005,0.05035,-0.00577,0.04567,0.06869,0.10405,0.13013,0.11733,0.15991,0.18588,0.19605,0.18225,0.16023,0.16722,0.13097,0.14996,0.11250,0.06222,0.01279,-0.03908,-0.07976,-0.12075,-0.14986,-0.17244,-0.21326,-0.23001,-0.23750,-0.25706,-0.27555,-0.28247,-0.29367,-0.31671,-0.31419,-0.29982,-0.31812,-0.33098,-0.31998,-0.29786,-0.27637,-0.23545,-0.18098,-0.16489,-0.10961,-0.12486,-0.07034,-0.07851,-0.00266,0.03554,-0.00568,-0.09000,-0.07580,-0.07895,-0.14815,-0.15509,-0.12934,-0.14902,-0.20330,-0.22034,-0.24708,-0.29712,-0.32471,-0.33727,-0.36062,-0.40485,-0.39676,-0.37177,-0.37331,-0.37350,-0.34397,-0.32110,-0.30777,-0.28482,-0.32306,-0.35274,-0.35748,-0.34271,-0.30091,-0.26615,-0.22372,-0.18590,-0.13280,-0.10534,-0.03731,0.02996,-0.05422,-0.06494,0.03247,-0.00629,-0.07025,0.02817,0.05058,0.16197,0.26196,0.32456,0.29967,0.23038,0.23408,0.17798,0.10028,0.04498,-0.00067,-0.06696,-0.10728,-0.17580,-0.21682,-0.26675,-0.30303,-0.31493,-0.33624,-0.34688,-0.32801,-0.33356,-0.29079,-0.27425,-0.23225,-0.23578,-0.26241,-0.31287,-0.35256,-0.37056,-0.39570,-0.39171,-0.38956,-0.38581,-0.39133,-0.38324,-0.36800,-0.35881,-0.34222,-0.32715,-0.28938,-0.24656,-0.22384,-0.16147,-0.11678,-0.07078,-0.08901,-0.06946,-0.06776,-0.12337,-0.09336,-0.06832,-0.12445,-0.14652,-0.19279,-0.21969,-0.22204,-0.28439,-0.23950,-0.20610,-0.14840,-0.12577,-0.06256,-0.03850,0.01654,0.01103,-0.00740,-0.04859,-0.12773,-0.13045,-0.16985,-0.14388,-0.18338,-0.19858,-0.18714,-0.17031,-0.08769,-0.11078,-0.18261,-0.22847,-0.27787,-0.31231,-0.33587,-0.35632,-0.34574,-0.30263,-0.29425,-0.30436,-0.26917,-0.22467,-0.17111,-0.11533,-0.05495,-0.01565,0.04405,0.08998,0.11512,0.18504,0.20574,0.24355,0.25655,0.25048,0.25411,0.27551,0.20599,0.18361
0.13844,0.11932,0.12284,0.08415,0.04436,0.03477,0.03197,-0.01592,-0.04893,-0.05377,-0.08409,-0.07046,-0.03865,0.01453,0.04561,0.10777,0.10266,0.13900,0.15245,0.16040,0.12247,0.08695,0.04062,0.08999,0.10424,0.02216,0.02604,0.10585,0.06294,-0.01296,0.03511,0.08730,-0.00006,-0.06673,-0.00627,-0.00848,0.04788,0.04399,0.05441,0.12520,0.17191,0.19909,0.18834,0.17731,0.20618,0.17275,0.21200,0.17166,0.10537,0.05336,-0.01314,-0.06110,-0.11430,-0.14641,-0.16605,-0.22720,-0.25842,-0.26830,-0.29253,-0.32911,-0.34676,-0.35654,-0.39878,-0.40398,-0.37688,-0.40845,-0.44091,-0.44150,-0.42338,-0.38038,-0.33572,-0.25799,-0.24607,-0.17198,-0.17967,-0.10737,-0.10905,0.00083,0.07739,0.04681,-0.06964,-0.05214,-0.04391,-0.14187,-0.16255,-0.11648,-0.13342,-0.20735,-0.24304,-0.29500,-0.36697,-0.42517,-0.45035,-0.46612,-0.52416,-0.52057,-0.51826,-0.55309,-0.55434,-0.54656,-0.52028,-0.50395,-0.48539,-0.51321,-0.53339,-0.51388,-0.48645,-0.42542,-0.40191,-0.33868,-0.29661,-0.23325,-0.19860,-0.08388,-0.02849,-0.14326,-0.12270,0.00296,-0.06014,-0.12264,0.01526,0.02906,0.18695,0.30147,0.37957,0.38799,0.31649,0.29799,0.24203,0.14652,0.07850,0.00484,-0.07563,-0.13845,-0.22448,-0.28254,-0.35883,-0.40963,-0.44482,-0.47395,-0.50271,-0.49409,-0.51492,-0.47854,-0.46928,-0.42967,-0.44033,-0.46978,-0.51652,-0.54899,-0.55898,-0.57001,-0.56050,-0.55498,-0.55941,-0.55828,-0.54489,-0.53198,-0.50739,-0.49736,-0.49764,-0.46065,-0.43022,-0.39781,-0.32643,-0.27535,-0.21196,-0.22273,-0.18078,-0.18193,-0.24744,-0.20680,-0.15756,-0.21815,-0.21930,-0.27443,-0.29013,-0.30274,-0.38472,-0.32843,-0.30670,-0.22633,-0.21973,-0.13601,-0.12566,-0.06262,-0.08481,-0.12435,-0.18636,-0.27815,-0.29171,-0.34425,-0.31724,-0.36395,-0.38271,-0.37597,-0.34851,-0.24634,-0.26648,-0.34432,-0.39255,-0.42970,-0.46555,-0.47269,-0.49057,-0.45483,-0.38658,-0.37630,-0.39965,-0.34409,-0.27357,-0.20063,-0.12697,-0.04892,0.00656,0.07622,0.13934,0.16138,0.24087,0.24204,0.28350,0.28874,0.26870,0.26786,0.31547,0.24257,0.26398
0.00516,-0.01480,-0.01287,-0.04897,-0.08460,-0.09382,-0.09692,-0.13714,-0.16450,-0.16997,-0.19528,-0.18563,-0.15956,-0.11265,-0.08463,-0.02457,-0.02653,0.00716,0.02135,0.03345,-0.00136,-0.02863,-0.07509,-0.03022,-0.00911,-0.08112,-0.07940,0.00064,-0.02936,-0.09886,-0.05215,0.00803,-0.06369,-0.12493,-0.06848,-0.05942,-0.00456,0.01147,0.01760,0.09747,0.12420,0.12935,0.10780,0.07656,0.09520,0.05337,0.08343,0.03938,-0.02205,-0.07430,-0.13398,-0.17774,-0.22251,-0.24837,-0.26720,-0.31524,-0.34289,-0.34460,-0.36263,-0.39406,-0.40593,-0.41022,-0.43872,-0.44427,-0.42365,-0.44321,-0.46553,-0.46063,-0.44267,-0.41883,-0.38045,-0.32085,-0.30619,-0.24486,-0.25815,-0.19952,-0.20855,-0.11890,-0.05422,-0.08405,-0.18610,-0.16833,-0.16279,-0.24086,-0.25633,-0.22287,-0.23637,-0.29423,-0.32279,-0.36213,-0.42143,-0.46004,-0.47518,-0.48362,-0.52201,-0.51079,-0.50742,-0.51810,-0.51591,-0.49438,-0.48155,-0.47790,-0.44717,-0.47828,-0.50576,-0.50980,-0.49987,-0.45766,-0.42988,-0.37815,-0.33210,-0.27522,-0.24144,-0.15559,-0.08255,-0.18442,-0.18937,-0.07802,-0.12312,-0.19929,-0.09138,-0.07732,0.07309,0.20330,0.28097,0.28350,0.19723,0.17860,0.11294,0.02025,-0.04578,-0.10516,-0.17752,-0.22972,-0.30670,-0.35106,-0.40859,-0.44551,-0.46195,-0.48055,-0.49145,-0.47942,-0.48210,-0.43875,-0.41783,-0.37246,-0.37642,-0.41028,-0.45480,-0.49101,-0.51808,-0.53640,-0.53412,-0.53222,-0.52652,-0.53103,-0.52199,-0.51218,-0.50372,-0.49271,-0.47862,-0.44053,-0.39774,-0.36279,-0.29759,-0.24296,-0.19909,-0.22523,-0.20617,-0.20141,-0.26104,-0.22939,-0.20198,-0.26288,-0.27814,-0.32558,-0.35960,-0.36319,-0.43067,-0.38299,-0.35249,-0.28751,-0.26610,-0.19704,-0.17065,-0.10225,-0.11003,-0.12716,-0.16723,-0.25025,-0.24621,-0.28977,-0.25438,-0.29145,-0.31963,-0.32017,-0.30961,-0.22101,-0.25960,-0.33757,-0.39124,-0.43709,-0.47111,-0.48865,-0.50373,-0.48258,-0.43238,-0.42921,-0.44265,-0.40531,-0.35007,-0.29135,-0.22840,-0.15956,-0.11265,-0.04602,0.01201,0.03884,0.12181,0.13498,0.18742,0.21034,0.21345,0.22551,0.26409,0.18709,0.20327
-0.35238,-0.36632,-0.35977,-0.38996,-0.41792,-0.42352,-0.42034,-0.45063,-0.46612,-0.46270,-0.47614,-0.46274,-0.44360,-0.40298,-0.37404,-0.31501,-0.29391,-0.25616,-0.22343,-0.20003,-0.23581,-0.23756,-0.28604,-0.24659,-0.19244,-0.23145,-0.24757,-0.16544,-0.14344,-0.19767,-0.16620,-0.07449,-0.09098,-0.14380,-0.08478,-0.00948,0.04261,0.12311,0.09165,0.14986,0.13542,0.07722,0.02939,-0.06316,-0.08648,-0.16095,-0.16546,-0.22566,-0.27686,-0.33940,-0.38620,-0.42978,-0.46355,-0.48699,-0.50989,-0.52351,-0.52598,-0.52480,-0.53494,-0.53386,-0.52465,-0.52902,-0.51751,-0.50523,-0.50679,-0.49840,-0.47770,-0.44414,-0.41085,-0.44027,-0.40193,-0.38769,-0.36157,-0.32959,-0.36959,-0.33930,-0.38070,-0.34602,-0.33175,-0.38286,-0.44433,-0.43111,-0.44623,-0.48572,-0.47791,-0.47572,-0.49417,-0.51756,-0.51489,-0.50733,-0.52979,-0.50693,-0.49663,-0.50989,-0.50192,-0.48244,-0.44755,-0.37212,-0.35704,-0.27241,-0.29108,-0.30117,-0.23640,-0.29697,-0.35960,-0.43317,-0.45727,-0.45965,-0.39746,-0.37650,-0.30519,-0.25331,-0.22223,-0.22491,-0.09448,-0.16442,-0.25425,-0.17292,-0.16497,-0.29236,-0.26153,-0.22104,-0.10741,0.04804,0.11988,0.06147,-0.04071,-0.03707,-0.13368,-0.22401,-0.28788,-0.30411,-0.36665,-0.37970,-0.43877,-0.45115,-0.46094,-0.46862,-0.42790,-0.43016,-0.38914,-0.35157,-0.30780,-0.23378,-0.18024,-0.10556,-0.09850,-0.14605,-0.20433,-0.26695,-0.33506,-0.38996,-0.40186,-0.40465,-0.37027,-0.39467,-0.40367,-0.39344,-0.43061,-0.40382,-0.34016,-0.28521,-0.19545,-0.15439,-0.09090,-0.01740,-0.02284,-0.09248,-0.12915,-0.10914,-0.16929,-0.15145,-0.17790,-0.25068,-0.31715,-0.36459,-0.43429,-0.42873,-0.46637,-0.43029,-0.36996,-0.33046,-0.25781,-0.21666,-0.14472,-0.05945,-0.02452,0.01431,0.02608,-0.04646,-0.00510,-0.03085,0.02612,0.00192,-0.03626,-0.02881,-0.06732,-0.00595,-0.08908,-0.17437,-0.24868,-0.34925,-0.39274,-0.45289,-0.47658,-0.51113,-0.51764,-0.51897,-0.50166,-0.50150,-0.49361,-0.46786,-0.42564,-0.37699,-0.35202,-0.28425,-0.24223,-0.18655,-0.08943,-0.02488,0.05591,0.12305,0.17839,0.22118,0.21192,0.11110,0.04533
-0.59443,-0.59571,-0.60335,-0.59827,-0.58136,-0.58680,-0.58831,-0.56670,-0.54590,-0.54864,-0.53208,-0.54519,-0.56425,-0.57874,-0.58669,-0.58568,-0.56603,-0.55963,-0.54140,-0.52723,-0.53534,-0.51373,-0.52212,-0.52110,-0.48117,-0.45558,-0.47258,-0.44947,-0.39158,-0.38410,-0.39001,-0.33064,-0.27360,-0.27351,-0.26003,-0.16079,-0.15477,-0.05207,-0.10384,-0.08493,-0.15378,-0.25440,-0.30555,-0.39638,-0.45317,-0.50204,-0.53367,-0.55740,-0.55403,-0.56833,-0.55523,-0.54571,-0.51882,-0.50180,-0.49959,-0.45473,-0.44057,-0.43750,-0.40669,-0.36483,-0.35261,-0.34830,-0.28317,-0.27508,-0.32051,-0.27125,-0.21291,-0.18631,-0.17844,-0.26309,-0.27515,-0.33901,-0.31758,-0.35742,-0.38166,-0.41677,-0.44818,-0.50354,-0.55531,-0.56636,-0.52539,-0.53721,-0.54473,-0.48164,-0.46648,-0.51358,-0.50017,-0.44883,-0.42606,-0.37639,-0.31786,-0.21612,-0.16452,-0.14639,-0.07767,-0.03939,-0.00585,0.11384,0.11732,0.20761,0.16083,0.10786,0.14920,0.10245,0.06522,-0.04076,-0.11889,-0.19650,-0.16767,-0.22961,-0.21365,-0.22258,-0.22718,-0.33984,-0.23523,-0.19620,-0.32558,-0.35294,-0.28032,-0.34843,-0.44125,-0.41584,-0.43522,-0.34340,-0.32564,-0.40825,-0.48059,-0.45954,-0.51845,-0.53192,-0.53687,-0.48737,-0.47796,-0.44531,-0.42192,-0.37416,-0.30090,-0.25068,-0.16475,-0.12999,-0.04612,-0.01511,0.06981,0.11433,0.17839,0.22300,0.25415,0.23689,0.22913,0.20146,0.12331,0.07574,0.04846,0.02533,0.07375,0.04511,0.00728,-0.00035,-0.07506,-0.06220,0.01201,0.02099,0.09788,0.10360,0.09351,0.12353,0.04378,-0.03217,-0.13089,-0.10589,-0.10668,-0.12976,-0.21540,-0.23634,-0.31682,-0.30420,-0.39052,-0.34817,-0.31194,-0.32103,-0.27131,-0.32401,-0.25025,-0.29446,-0.21415,-0.17390,-0.10129,-0.00797,0.07946,0.08497,0.15757,0.18525,0.23728,0.26595,0.23071,0.23694,0.15161,0.11239,0.02384,0.00073,-0.03264,-0.09846,-0.09145,-0.14630,-0.13734,-0.21444,-0.28770,-0.29949,-0.27255,-0.34405,-0.41079,-0.45867,-0.49120,-0.51548,-0.53619,-0.53562,-0.54633,-0.51660,-0.47901,-0.40693,-0.35483,-0.27905,-0.19191,-0.13432,-0.18416,-0.25111,-0.33915
-0.49565,-0.48712,-0.49785,-0.46569,-0.42177,-0.42289,-0.42332,-0.37109,-0.33042,-0.33173,-0.29855,-0.32239,-0.36290,-0.41143,-0.44356,-0.48524,-0.47044,-0.49273,-0.49099,-0.48982,-0.47236,-0.43744,-0.41071,-0.43970,-0.42437,-0.35525,-0.36692,-0.39699,-0.33199,-0.27740,-0.30961,-0.29881,-0.20891,-0.16778,-0.19579,-0.11607,-0.15328,-0.07998,-0.13115,-0.16620,-0.24395,-0.33255,-0.36310,-0.41033,-0.47597,-0.48363,-0.52799,-0.51229,-0.46568,-0.43829,-0.38243,-0.33848,-0.27710,-0.23860,-0.22647,-0.15542,-0.12891,-0.12721,-0.08009,-0.02128,-0.00788,-0.00152,0.07699,0.08317,0.02416,0.08398,0.14921,0.16371,0.15279,0.06157,0.02109,-0.07216,-0.05983,-0.13495,-0.13940,-0.20911,-0.22324,-0.32953,-0.42305,-0.40760,-0.30174,-0.32699,-0.33093,-0.21055,-0.19090,-0.26387,-0.23762,-0.15160,-0.11481,-0.04983,0.03932,0.16156,0.22274,0.24452,0.31880,0.35301,0.38860,0.49414,0.49000,0.54931,0.51299,0.45605,0.46019,0.43781,0.42980,0.34329,0.25981,0.16521,0.16611,0.06784,0.03635,-0.01446,-0.04583,-0.19685,-0.15284,-0.04370,-0.15230,-0.25299,-0.16388,-0.15394,-0.30472,-0.30536,-0.42655,-0.42391,-0.46376,-0.54223,-0.55930,-0.52591,-0.53082,-0.47462,-0.42604,-0.33779,-0.27667,-0.22252,-0.15188,-0.07816,0.02586,0.09562,0.18123,0.22404,0.30205,0.31967,0.39739,0.40561,0.44759,0.44783,0.48426,0.50057,0.52753,0.53146,0.47934,0.44650,0.42047,0.39307,0.43079,0.40899,0.37054,0.35983,0.29260,0.29466,0.34843,0.32427,0.36121,0.33492,0.27590,0.25139,0.15763,0.11651,0.01362,0.03126,0.07615,0.03144,-0.06328,-0.03717,-0.09859,-0.04336,-0.12318,-0.06363,0.01102,-0.02172,0.00385,-0.09740,-0.05255,-0.14436,-0.08726,-0.09947,-0.02939,0.06089,0.16289,0.22475,0.28469,0.33830,0.35689,0.40947,0.40038,0.40696,0.33221,0.23726,0.18793,0.22093,0.23285,0.21680,0.25554,0.22142,0.24499,0.16459,0.07402,0.06078,0.08674,-0.00716,-0.10084,-0.18281,-0.25686,-0.32704,-0.37710,-0.42898,-0.48071,-0.48166,-0.51229,-0.45859,-0.45733,-0.40888,-0.33984,-0.29733,-0.36511,-0.38056,-0.46806
-0.63523,-0.62540,-0.62332,-0.58944,-0.55217,-0.54688,-0.53503,-0.48687,-0.44740,-0.43401,-0.39698,-0.40457,-0.44125,-0.48345,-0.50479,-0.53833,-0.50125,-0.51842,-0.50105,-0.48825,-0.46851,-0.41133,-0.39117,-0.42382,-0.38277,-0.29466,-0.31821,-0.34336,-0.24641,-0.18655,-0.22526,-0.19686,-0.07723,-0.03392,-0.06273,0.03942,-0.00088,0.09372,0.03813,-0.00352,-0.10370,-0.22063,-0.26376,-0.34729,-0.43623,-0.46592,-0.53979,-0.53970,-0.48630,-0.47690,-0.41625,-0.38340,-0.32935,-0.30005,-0.30013,-0.21759,-0.16800,-0.14898,-0.11340,-0.04974,-0.01101,-0.00107,0.08961,0.11205,0.05630,0.12529,0.20982,0.24823,0.25347,0.14157,0.11311,0.00276,0.02174,-0.06283,-0.09369,-0.17698,-0.22364,-0.36616,-0.48550,-0.49906,-0.37457,-0.39024,-0.42246,-0.29258,-0.24623,-0.33456,-0.32758,-0.23082,-0.16467,-0.06783,0.02377,0.16489,0.22659,0.22794,0.31881,0.34276,0.40472,0.55371,0.57015,0.66300,0.61464,0.56711,0.60476,0.56666,0.52632,0.40556,0.32170,0.21917,0.25431,0.16393,0.16172,0.12106,0.09515,-0.09676,-0.02286,0.09179,-0.06041,-0.16964,-0.05475,-0.09022,-0.28048,-0.26851,-0.40321,-0.39680,-0.44304,-0.54797,-0.56990,-0.52268,-0.54640,-0.48939,-0.44381,-0.33088,-0.27246,-0.19152,-0.12276,-0.03590,0.08341,0.15898,0.27184,0.31672,0.41343,0.44773,0.53830,0.57098,0.62382,0.64366,0.67455,0.67367,0.67972,0.65765,0.58598,0.53277,0.50460,0.48770,0.53459,0.50281,0.46689,0.46228,0.37814,0.39559,0.47612,0.47569,0.53649,0.52419,0.47367,0.46667,0.36255,0.30511,0.18415,0.20827,0.24689,0.20026,0.08439,0.09903,0.01181,0.05601,-0.04425,0.00810,0.08706,0.05742,0.10672,0.00576,0.08303,-0.01378,0.06461,0.06179,0.14686,0.25886,0.37521,0.43668,0.50366,0.55550,0.57705,0.62773,0.61120,0.61134,0.53445,0.44239,0.37921,0.40132,0.39314,0.34370,0.35853,0.29523,0.29836,0.19020,0.07441,0.05694,0.11281,0.01273,-0.09854,-0.19022,-0.26285,-0.33654,-0.39958,-0.43907,-0.49982,-0.47354,-0.49550,-0.41223,-0.39423,-0.32384,-0.22489,-0.16701,-0.25683,-0.27600,-0.40828
-0.60726,-0.59357,-0.59511,-0.54893,-0.49797,-0.49248,-0.48260,-0.41744,-0.36846,-0.35891,-0.31363,-0.33050,-0.37919,-0.44085,-0.47543,-0.53178,-0.50090,-0.53257,-0.52707,-0.52093,-0.48780,-0.42613,-0.38895,-0.43718,-0.41086,-0.30454,-0.32397,-0.37624,-0.27894,-0.19773,-0.24879,-0.24505,-0.10998,-0.04658,-0.09714,-0.00741,-0.06348,0.01471,-0.03837,-0.09515,-0.20330,-0.31514,-0.34946,-0.41244,-0.50061,-0.50984,-0.58518,-0.56434,-0.49153,-0.45961,-0.37843,-0.32646,-0.25308,-0.20946,-0.19914,-0.10267,-0.05205,-0.03362,0.01348,0.08379,0.11921,0.13157,0.22943,0.24692,0.18198,0.25755,0.34321,0.37252,0.36521,0.25032,0.20254,0.07498,0.08702,-0.01813,-0.03741,-0.13800,-0.17275,-0.33632,-0.46691,-0.46266,-0.30912,-0.33166,-0.35631,-0.19732,-0.15315,-0.25081,-0.23219,-0.11505,-0.04949,0.05023,0.16165,0.31142,0.37828,0.39106,0.49010,0.51558,0.56767,0.70687,0.71701,0.79052,0.74077,0.68647,0.70635,0.68410,0.66303,0.55271,0.46376,0.34711,0.36012,0.25071,0.22149,0.15767,0.12009,-0.08995,-0.04941,0.09887,-0.04136,-0.18694,-0.06387,-0.05957,-0.27395,-0.27644,-0.45829,-0.49615,-0.56382,-0.65950,-0.65659,-0.60585,-0.60165,-0.51222,-0.44294,-0.31660,-0.23086,-0.13996,-0.04456,0.05632,0.19339,0.28136,0.39387,0.44707,0.54283,0.56646,0.65533,0.66663,0.71065,0.70755,0.74099,0.75537,0.78345,0.78238,0.72353,0.68192,0.65492,0.63520,0.67898,0.65226,0.61287,0.60265,0.51971,0.52781,0.59541,0.57471,0.61298,0.58546,0.50800,0.47652,0.36014,0.31683,0.19174,0.21435,0.27862,0.22022,0.09771,0.13683,0.06123,0.12554,0.03031,0.09269,0.19694,0.15089,0.18531,0.05834,0.11885,-0.00247,0.06372,0.03479,0.11821,0.23306,0.36159,0.45297,0.51707,0.58448,0.59362,0.65845,0.64949,0.64469,0.56678,0.44571,0.39697,0.44841,0.46052,0.44374,0.47974,0.43163,0.44662,0.33967,0.21265,0.19434,0.24755,0.13261,0.00665,-0.10371,-0.19975,-0.29658,-0.37236,-0.43853,-0.51652,-0.50888,-0.56329,-0.49436,-0.49768,-0.43982,-0.34732,-0.29248,-0.38320,-0.37364,-0.48608
-0.47276,-0.45658,-0.45566,-0.40094,-0.34501,-0.33757,-0.32399,-0.25215,-0.19981,-0.18688,-0.13798,-0.15372,-0.20672,-0.27665,-0.31707,-0.38607,-0.35734,-0.39984,-0.39985,-0.40086,-0.35857,-0.29468,-0.24434,-0.30240,-0.28918,-0.17031,-0.18564,-0.25815,-0.16546,-0.06941,-0.12863,-0.14847,-0.01041,0.06654,-0.00064,0.06688,-0.00786,0.04150,-0.00150,-0.07786,-0.17849,-0.27036,-0.28925,-0.32373,-0.40864,-0.39759,-0.47564,-0.43786,-0.35070,-0.30500,-0.21105,-0.15085,-0.07089,-0.02429,-0.01482,0.08425,0.13869,0.15603,0.20221,0.27204,0.30820,0.31987,0.41292,0.42976,0.36760,0.43861,0.51810,0.54151,0.52991,0.42591,0.37327,0.24716,0.25469,0.14456,0.13474,0.02755,0.00059,-0.17360,-0.31379,-0.30383,-0.13384,-0.15689,-0.18357,-0.01511,0.03292,-0.06853,-0.05108,0.07007,0.14038,0.24010,0.34853,0.49032,0.55037,0.55620,0.64272,0.66043,0.71341,0.82976,0.83876,0.88888,0.85429,0.80922,0.81144,0.80266,0.79459,0.70632,0.62838,0.52255,0.52560,0.41586,0.37063,0.29463,0.24910,0.04519,0.05185,0.21778,0.10232,-0.06468,0.05368,0.09451,-0.12704,-0.14433,-0.35831,-0.44218,-0.53384,-0.62113,-0.58696,-0.53162,-0.50117,-0.38387,-0.29593,-0.16119,-0.06061,0.03288,0.13782,0.24016,0.37512,0.45965,0.56005,0.60944,0.69052,0.70525,0.77610,0.77101,0.79738,0.77269,0.80187,0.82945,0.86712,0.87847,0.84056,0.80748,0.78547,0.76975,0.80223,0.78183,0.75193,0.74360,0.67530,0.67947,0.73032,0.69970,0.71324,0.67509,0.58603,0.52929,0.42394,0.40559,0.29453,0.31106,0.38982,0.32805,0.21713,0.27436,0.21493,0.28907,0.20009,0.26418,0.37409,0.32698,0.35034,0.21587,0.25615,0.12611,0.17386,0.12205,0.19330,0.29126,0.40813,0.51664,0.56348,0.63288,0.61959,0.68700,0.69369,0.68780,0.63175,0.50187,0.48082,0.55237,0.58283,0.59244,0.63514,0.59900,0.61414,0.51734,0.39713,0.38017,0.43144,0.32158,0.19680,0.08366,-0.01963,-0.12702,-0.21018,-0.29279,-0.38365,-0.38938,-0.47395,-0.42058,-0.44990,-0.41240,-0.33962,-0.30024,-0.39002,-0.35181,-0.45447
-0.58950,-0.57532,-0.57093,-0.52267,-0.47380,-0.46471,-0.44943,-0.38477,-0.33648,-0.31973,-0.27320,-0.28271,-0.33031,-0.39084,-0.42198,-0.47784,-0.44037,-0.47185,-0.46179,-0.45431,-0.41995,-0.35238,-0.31376,-0.36467,-0.33531,-0.22056,-0.24093,-0.29617,-0.19258,-0.10617,-0.16025,-0.15855,-0.01590,0.05225,-0.00218,0.08399,0.02108,0.09372,0.04587,-0.01656,-0.12803,-0.23940,-0.27104,-0.33620,-0.43042,-0.44062,-0.52608,-0.50513,-0.42805,-0.39934,-0.31375,-0.26470,-0.19368,-0.15442,-0.15029,-0.05144,0.00714,0.03149,0.07282,0.14176,0.18582,0.19960,0.29614,0.31814,0.25848,0.33319,0.42177,0.45736,0.45565,0.34020,0.29696,0.16833,0.18158,0.07542,0.05156,-0.05371,-0.09640,-0.27274,-0.41490,-0.41980,-0.25793,-0.27655,-0.31334,-0.15273,-0.09679,-0.19907,-0.18959,-0.07024,0.00794,0.11621,0.22099,0.36991,0.43211,0.43410,0.53129,0.55035,0.61118,0.75321,0.77024,0.84428,0.79852,0.75425,0.77937,0.75577,0.72752,0.61612,0.53388,0.42283,0.44552,0.34335,0.32151,0.25828,0.22149,0.00640,0.04550,0.19917,0.05559,-0.09771,0.03221,0.03339,-0.19482,-0.19775,-0.39022,-0.44170,-0.51839,-0.61757,-0.60704,-0.55056,-0.54465,-0.44810,-0.37590,-0.23923,-0.15248,-0.05488,0.04007,0.14259,0.27860,0.36410,0.47855,0.52892,0.62300,0.64951,0.73334,0.74763,0.78760,0.78390,0.81347,0.82681,0.84903,0.84175,0.78556,0.74008,0.71463,0.70034,0.74113,0.71322,0.68011,0.67400,0.59321,0.60573,0.67578,0.66053,0.69696,0.67206,0.59753,0.56319,0.45110,0.41244,0.28935,0.31129,0.37563,0.31731,0.19622,0.23625,0.15998,0.22131,0.12346,0.18377,0.28663,0.24272,0.28150,0.15614,0.21874,0.09671,0.16195,0.13047,0.21197,0.32416,0.44839,0.54294,0.60094,0.66603,0.66610,0.73066,0.72615,0.71974,0.65156,0.53220,0.48926,0.54211,0.55252,0.53402,0.56199,0.50810,0.51460,0.40405,0.27582,0.25713,0.31950,0.20827,0.08062,-0.02999,-0.12425,-0.22376,-0.30488,-0.36973,-0.45286,-0.44031,-0.50078,-0.42752,-0.43429,-0.37712,-0.28419,-0.23374,-0.33087,-0.31266,-0.43629
-0.57515,-0.56322,-0.55397,-0.50840,-0.46470,-0.45574,-0.43747,-0.37861,-0.33305,-0.31117,-0.26646,-0.26989,-0.31332,-0.36689,-0.39297,-0.44045,-0.39733,-0.42265,-0.40830,-0.39706,-0.36655,-0.29868,-0.26509,-0.31276,-0.27780,-0.16527,-0.18825,-0.23786,-0.13197,-0.05075,-0.10297,-0.09580,0.04354,0.10646,0.05481,0.14478,0.09050,0.15811,0.10420,0.03881,-0.07045,-0.17867,-0.21070,-0.27545,-0.37086,-0.38505,-0.47285,-0.45676,-0.38313,-0.36253,-0.28264,-0.24183,-0.17860,-0.14636,-0.14789,-0.05416,0.00698,0.03441,0.06782,0.13178,0.18089,0.19431,0.28600,0.31154,0.25877,0.32895,0.41573,0.45589,0.46030,0.34983,0.31509,0.19365,0.20873,0.10932,0.07757,-0.02467,-0.07560,-0.24913,-0.38826,-0.40313,-0.24856,-0.26095,-0.30331,-0.15336,-0.09333,-0.19166,-0.18912,-0.07816,0.00402,0.11298,0.20778,0.35320,0.41128,0.40198,0.49405,0.50917,0.57870,0.72317,0.74403,0.82449,0.78390,0.74533,0.77785,0.74964,0.71219,0.59925,0.52256,0.42125,0.45522,0.36241,0.35217,0.29889,0.26365,0.05544,0.09894,0.23902,0.09187,-0.05230,0.07008,0.05733,-0.16062,-0.16107,-0.34233,-0.38837,-0.46346,-0.56024,-0.54989,-0.49448,-0.49385,-0.40348,-0.33643,-0.20174,-0.12084,-0.02445,0.06071,0.15882,0.28824,0.36674,0.48076,0.52606,0.61768,0.64921,0.72970,0.75113,0.79114,0.79390,0.81764,0.82597,0.83775,0.82317,0.76554,0.71503,0.69231,0.68312,0.72197,0.69212,0.66336,0.66142,0.58251,0.60027,0.67388,0.66820,0.70899,0.69110,0.62773,0.59727,0.49379,0.45289,0.33483,0.35719,0.41311,0.35922,0.24178,0.27298,0.19621,0.24845,0.14666,0.20254,0.29665,0.26014,0.30532,0.19035,0.25869,0.14522,0.21175,0.18748,0.26736,0.37546,0.49272,0.57721,0.63026,0.68907,0.68850,0.74667,0.74310,0.73461,0.67595,0.56875,0.52702,0.57312,0.57704,0.54621,0.56428,0.50412,0.50098,0.38906,0.26426,0.24646,0.31376,0.21032,0.08883,-0.01517,-0.09940,-0.19126,-0.27066,-0.32699,-0.40707,-0.38856,-0.44360,-0.36735,-0.37176,-0.31535,-0.22502,-0.17315,-0.27375,-0.26427,-0.40904
-0.46767,-0.45302,-0.44029,-0.38928,-0.34421,-0.33091,-0.30827,-0.24699,-0.19960,-0.17313,-0.12643,-0.12621,-0.17075,-0.22752,-0.25626,-0.31156,-0.26681,-0.30050,-0.29004,-0.28270,-0.24366,-0.17152,-0.12945,-0.18415,-0.15659,-0.03448,-0.05433,-0.11774,-0.01404,0.07843,0.02129,0.01089,0.15348,0.22648,0.16439,0.23419,0.16249,0.20651,0.16808,0.09332,-0.01119,-0.10518,-0.12721,-0.17467,-0.26943,-0.27078,-0.36440,-0.33869,-0.25267,-0.22538,-0.13671,-0.09239,-0.02725,0.00450,-0.00020,0.09537,0.16123,0.19126,0.22109,0.28404,0.33675,0.34995,0.43762,0.46444,0.41556,0.48224,0.56445,0.60218,0.60565,0.50374,0.46826,0.34949,0.36276,0.26149,0.23469,0.12944,0.08044,-0.10265,-0.25136,-0.26679,-0.09967,-0.11147,-0.16133,-0.00688,0.05998,-0.04242,-0.04479,0.06768,0.15673,0.27021,0.35973,0.49743,0.54803,0.53045,0.61151,0.61831,0.69027,0.81811,0.84189,0.90636,0.88033,0.85163,0.87410,0.85436,0.82250,0.72504,0.66023,0.56982,0.60140,0.51321,0.49378,0.43447,0.39561,0.19197,0.21398,0.36776,0.23719,0.07905,0.19869,0.20666,-0.01774,-0.02924,-0.23549,-0.31655,-0.41132,-0.50456,-0.47273,-0.40994,-0.39040,-0.27934,-0.19962,-0.05611,0.03231,0.13134,0.22075,0.31905,0.44564,0.52004,0.62485,0.66549,0.74540,0.77106,0.83611,0.84828,0.87515,0.86378,0.88313,0.89975,0.91365,0.90405,0.86098,0.81647,0.79868,0.79453,0.82463,0.79911,0.77916,0.78053,0.71351,0.73026,0.79261,0.78334,0.80806,0.78426,0.71456,0.66826,0.57498,0.55350,0.44764,0.46397,0.52857,0.47200,0.36445,0.40762,0.34022,0.39645,0.29787,0.35244,0.44873,0.41477,0.45529,0.33884,0.39475,0.27621,0.33025,0.28877,0.35903,0.45260,0.55909,0.65371,0.69146,0.75108,0.73403,0.79227,0.80078,0.79294,0.75360,0.64336,0.62237,0.68002,0.69522,0.68158,0.69984,0.64526,0.63877,0.53431,0.41478,0.39715,0.46621,0.36874,0.24885,0.14450,0.05694,-0.04089,-0.12529,-0.19104,-0.28152,-0.27043,-0.34465,-0.27720,-0.30092,-0.25717,-0.17874,-0.13876,-0.23660,-0.20263,-0.33770
-0.46292,-0.44981,-0.42600,-0.38347,-0.35306,-0.33530,-0.30414,-0.25747,-0.21883,-0.18281,-0.14137,-0.12638,-0.16027,-0.20029,-0.21589,-0.25285,-0.19618,-0.22129,-0.19806,-0.18427,-0.15157,-0.07469,-0.04413,-0.08981,-0.04614,0.06946,0.04489,-0.00217,0.10795,0.18929,0.13858,0.14562,0.28356,0.34415,0.29511,0.37059,0.30445,0.35270,0.31521,0.24083,0.14367,0.04829,0.02211,-0.04042,-0.14029,-0.15829,-0.25999,-0.25068,-0.17426,-0.16704,-0.09132,-0.06569,-0.01832,-0.00201,-0.02048,0.06655,0.13856,0.17277,0.18745,0.24553,0.30921,0.31992,0.40096,0.43713,0.39944,0.46057,0.54400,0.59632,0.61596,0.51770,0.50285,0.39779,0.41752,0.33084,0.28934,0.19483,0.12820,-0.05041,-0.19973,-0.24041,-0.08861,-0.09194,-0.15938,-0.02468,0.05503,-0.04557,-0.06635,0.03181,0.13308,0.25304,0.32008,0.44754,0.48944,0.44958,0.51776,0.51646,0.60929,0.74790,0.78386,0.86570,0.84581,0.83372,0.87507,0.83947,0.78451,0.67830,0.62670,0.55472,0.61324,0.54884,0.55656,0.51598,0.48832,0.29240,0.33793,0.47070,0.32631,0.19034,0.30792,0.28209,0.06659,0.06848,-0.11512,-0.17885,-0.27025,-0.37578,-0.35285,-0.28349,-0.28184,-0.18658,-0.12268,0.02058,0.08852,0.18747,0.25324,0.34290,0.45474,0.51560,0.62255,0.65295,0.73094,0.76824,0.82813,0.86007,0.88935,0.89529,0.90720,0.91003,0.90061,0.86838,0.81842,0.75818,0.74317,0.74886,0.77977,0.74932,0.73827,0.74817,0.68326,0.71242,0.78592,0.80013,0.83985,0.83125,0.78625,0.75549,0.67697,0.65027,0.55142,0.56954,0.61537,0.56918,0.46645,0.49174,0.41325,0.45048,0.34815,0.38953,0.46252,0.44490,0.50082,0.40794,0.47967,0.37787,0.44120,0.41635,0.48460,0.57387,0.66672,0.74021,0.77216,0.81742,0.80112,0.84591,0.85387,0.84699,0.81903,0.73649,0.71153,0.74623,0.74213,0.70180,0.69651,0.62424,0.59776,0.48916,0.37609,0.35905,0.44038,0.35968,0.25061,0.16102,0.09211,0.01142,-0.06812,-0.11174,-0.19408,-0.16417,-0.22169,-0.13965,-0.15223,-0.10126,-0.02033,0.01961,-0.07985,-0.05658,-0.21352
-0.40980,-0.39569,-0.37876,-0.33258,-0.29455,-0.28035,-0.25487,-0.20084,-0.15822,-0.12894,-0.08588,-0.08084,-0.12102,-0.17046,-0.19475,-0.24180,-0.19665,-0.22796,-0.21566,-0.20799,-0.17205,-0.10369,-0.06542,-0.11390,-0.08359,0.03067,0.01127,-0.04599,0.05297,0.13835,0.08613,0.07989,0.21065,0.27610,0.21976,0.28808,0.21728,0.25824,0.21580,0.13469,0.04375,-0.03880,-0.05811,-0.09883,-0.19020,-0.19384,-0.28253,-0.26049,-0.18091,-0.15915,-0.07908,-0.04191,0.01585,0.04155,0.03141,0.11900,0.18233,0.20902,0.23159,0.29054,0.34297,0.35242,0.43178,0.46007,0.41711,0.47656,0.55291,0.59284,0.60193,0.51001,0.48472,0.37958,0.39484,0.30458,0.27724,0.18258,0.13421,-0.03658,-0.18106,-0.20434,-0.04997,-0.06036,-0.11243,0.02999,0.09852,-0.00018,-0.00891,0.09256,0.18167,0.28987,0.36535,0.49062,0.53546,0.50735,0.57140,0.57670,0.65788,0.77820,0.80126,0.86662,0.85002,0.83021,0.85148,0.82622,0.79054,0.69990,0.64382,0.56869,0.60616,0.52973,0.51585,0.46338,0.42954,0.24146,0.26657,0.40863,0.28342,0.13867,0.24869,0.25327,0.04629,0.04121,-0.15237,-0.22863,-0.32611,-0.41856,-0.38630,-0.32304,-0.30559,-0.20098,-0.12848,0.00902,0.08705,0.17923,0.25423,0.34413,0.45682,0.52027,0.61782,0.65040,0.72159,0.74976,0.80695,0.82362,0.84665,0.83899,0.85424,0.86850,0.87509,0.85963,0.82008,0.77026,0.75656,0.75624,0.78205,0.75634,0.74182,0.74780,0.68973,0.71000,0.76904,0.76713,0.79292,0.77165,0.71368,0.66979,0.59024,0.57308,0.47748,0.49250,0.54770,0.49775,0.39900,0.43705,0.37187,0.42186,0.32845,0.37906,0.45648,0.43167,0.47416,0.37075,0.42560,0.31694,0.36989,0.33337,0.39704,0.48130,0.57474,0.65790,0.68886,0.73937,0.71879,0.76998,0.78068,0.77439,0.74598,0.65257,0.63743,0.68507,0.69613,0.67737,0.68924,0.63330,0.61996,0.52069,0.41260,0.39658,0.46475,0.38071,0.27306,0.18036,0.10265,0.01564,-0.06377,-0.12121,-0.20547,-0.19156,-0.26318,-0.19621,-0.22107,-0.18249,-0.11618,-0.08294,-0.17609,-0.14468,-0.28681
-0.25098,-0.23338,-0.22549,-0.16615,-0.11200,-0.09930,-0.07995,-0.00953,0.04255,0.06411,0.11269,0.10436,0.05270,-0.01699,-0.05830,-0.13294,-0.10326,-0.15236,-0.16011,-0.16504,-0.11520,-0.05306,0.00634,-0.05699,-0.05631,0.06840,0.05949,-0.02906,0.05277,0.15829,0.09630,0.05042,0.17940,0.26501,0.18452,0.21931,0.12725,0.13228,0.10462,0.01142,-0.07310,-0.12991,-0.12980,-0.12543,-0.20361,-0.17132,-0.24992,-0.19753,-0.09821,-0.04529,0.05447,0.11554,0.19270,0.23365,0.23656,0.32919,0.38553,0.40597,0.44131,0.50118,0.54044,0.55105,0.62756,0.64444,0.59626,0.65333,0.71694,0.73400,0.72264,0.64417,0.59644,0.48717,0.49163,0.38920,0.38744,0.28322,0.26258,0.08812,-0.05713,-0.05064,0.12509,0.10617,0.07073,0.23271,0.28877,0.18932,0.19707,0.30945,0.38634,0.48342,0.57101,0.68971,0.73424,0.72190,0.77938,0.78394,0.84202,0.92133,0.92989,0.95211,0.94817,0.92235,0.90650,0.91078,0.91168,0.85696,0.80450,0.72745,0.72773,0.63395,0.57743,0.49953,0.45010,0.27192,0.24178,0.41388,0.33322,0.15646,0.25722,0.32897,0.11957,0.08766,-0.14891,-0.28169,-0.40179,-0.46869,-0.40125,-0.34246,-0.28254,-0.14175,-0.04020,0.09826,0.20503,0.29347,0.39473,0.48797,0.60535,0.67430,0.75089,0.78687,0.84010,0.84656,0.88684,0.86793,0.86991,0.82524,0.84221,0.88191,0.91944,0.93808,0.92762,0.90506,0.89488,0.88883,0.90183,0.88884,0.87583,0.87525,0.83388,0.83755,0.86527,0.83094,0.81751,0.77173,0.68251,0.60266,0.52551,0.53988,0.45811,0.46332,0.54741,0.48772,0.40200,0.47236,0.43681,0.51171,0.43296,0.49535,0.59338,0.55502,0.57048,0.44444,0.46148,0.33447,0.35782,0.28482,0.33407,0.39952,0.48748,0.60120,0.61805,0.68179,0.64254,0.70443,0.72936,0.72253,0.70714,0.58548,0.60274,0.68703,0.73353,0.76836,0.80842,0.78408,0.79060,0.71230,0.61276,0.59713,0.64772,0.55806,0.44850,0.34527,0.24744,0.14000,0.05426,-0.03701,-0.13715,-0.15598,-0.26761,-0.23354,-0.29432,-0.28434,-0.24360,-0.22678,-0.30809,-0.24049,-0.33763
-0.16982,-0.15227,-0.13283,-0.07712,-0.03432,-0.01545,0.01323,0.07259,0.11813,0.15043,0.19522,0.20175,0.15891,0.10177,0.07011,0.00619,0.04690,0.00006,-0.00064,-0.00240,0.04838,0.11689,0.17117,0.11016,0.11870,0.24319,0.23267,0.14932,0.23386,0.33642,0.27701,0.23355,0.35939,0.44134,0.36464,0.38853,0.29175,0.28179,0.26803,0.16968,0.09599,0.04802,0.05161,0.05553,-0.02604,0.00189,-0.08683,-0.04129,0.05780,0.09783,0.19193,0.23925,0.30153,0.32910,0.31882,0.40361,0.46805,0.49478,0.51483,0.56839,0.61927,0.62836,0.69553,0.72049,0.68537,0.73454,0.79490,0.82200,0.82302,0.75455,0.72335,0.62812,0.63595,0.54499,0.53386,0.43749,0.40243,0.22713,0.07734,0.06324,0.23273,0.22290,0.16849,0.31500,0.38535,0.28610,0.27515,0.37563,0.46632,0.57044,0.63457,0.73792,0.76873,0.73323,0.77250,0.76311,0.83808,0.91362,0.93475,0.95938,0.96909,0.96447,0.95881,0.95703,0.94291,0.89249,0.85963,0.80596,0.82692,0.75746,0.71828,0.65380,0.61073,0.44428,0.41766,0.57818,0.50001,0.33516,0.43120,0.48802,0.28346,0.25347,0.02295,-0.11744,-0.24432,-0.31877,-0.24601,-0.17682,-0.12017,0.02004,0.11646,0.25810,0.35293,0.44233,0.52656,0.61208,0.71355,0.76820,0.83902,0.86325,0.90606,0.91727,0.94180,0.93235,0.92748,0.88732,0.89451,0.92808,0.94791,0.95128,0.94521,0.91445,0.90972,0.91598,0.92402,0.91064,0.91105,0.91969,0.88852,0.90103,0.92967,0.91282,0.90035,0.86374,0.79067,0.71390,0.65737,0.68082,0.61473,0.61740,0.69166,0.63987,0.56628,0.62816,0.59131,0.65130,0.57179,0.62147,0.70351,0.68066,0.70485,0.59867,0.61949,0.50475,0.52583,0.45508,0.49497,0.54622,0.61439,0.71687,0.71776,0.76913,0.71830,0.76932,0.80140,0.79346,0.80208,0.70262,0.73113,0.80490,0.84278,0.86754,0.88744,0.85310,0.84120,0.76628,0.67717,0.66262,0.72387,0.65279,0.55456,0.46414,0.38107,0.28455,0.20056,0.12204,0.02215,0.01350,-0.09573,-0.05657,-0.12038,-0.11355,-0.07856,-0.06919,-0.14805,-0.07256,-0.17722
-0.06529,-0.04897,-0.02218,0.02564,0.05618,0.07717,0.11101,0.15737,0.19430,0.23197,0.26971,0.28675,0.25340,0.21028,0.18791,0.13847,0.18258,0.14189,0.14599,0.14621,0.19139,0.25511,0.30099,0.24993,0.26307,0.37498,0.36470,0.29330,0.37045,0.46105,0.41020,0.37171,0.47899,0.54941,0.48265,0.49885,0.40335,0.38416,0.37576,0.27443,0.21964,0.18807,0.19580,0.20626,0.13028,0.15414,0.06917,0.10819,0.19667,0.22485,0.30489,0.33848,0.38559,0.40066,0.37954,0.44956,0.51219,0.53713,0.54326,0.58750,0.64070,0.64506,0.69764,0.72638,0.70384,0.74044,0.79122,0.82312,0.83405,0.78277,0.76895,0.69730,0.70784,0.63613,0.62135,0.54134,0.50346,0.34724,0.20544,0.17533,0.32362,0.31958,0.25812,0.38056,0.45508,0.36419,0.34008,0.42167,0.51347,0.61148,0.65008,0.72899,0.74689,0.69308,0.70701,0.69088,0.77794,0.84014,0.86448,0.88813,0.91172,0.92417,0.92091,0.91373,0.89143,0.85298,0.83870,0.81229,0.84615,0.80094,0.77493,0.72484,0.69037,0.55154,0.52947,0.66793,0.59998,0.45905,0.53827,0.58568,0.41050,0.38440,0.17757,0.04174,-0.08483,-0.15706,-0.08261,-0.01227,0.04009,0.16851,0.25288,0.38372,0.46007,0.53969,0.60204,0.67097,0.74793,0.78330,0.84128,0.85173,0.87964,0.89365,0.90171,0.90071,0.88885,0.85426,0.85325,0.88156,0.88639,0.87873,0.87906,0.84250,0.84385,0.85870,0.85950,0.84728,0.85867,0.87510,0.85806,0.87684,0.90088,0.89781,0.88553,0.85625,0.80358,0.73295,0.70132,0.73306,0.68691,0.68669,0.74544,0.70475,0.64867,0.70043,0.66721,0.71227,0.63881,0.67759,0.73338,0.72745,0.75726,0.67493,0.69360,0.59873,0.61542,0.55258,0.57997,0.61387,0.65769,0.73961,0.72597,0.76202,0.70403,0.74214,0.77869,0.77203,0.80257,0.73287,0.77114,0.82838,0.85838,0.87480,0.87973,0.84248,0.81680,0.75180,0.68151,0.67052,0.73245,0.68555,0.60773,0.53752,0.47396,0.39529,0.32050,0.25807,0.16792,0.16596,0.06401,0.10208,0.03735,0.03707,0.05563,0.05469,-0.01570,0.05933,-0.05221
0.11411,0.13294,0.14268,0.20119,0.25115,0.26504,0.28518,0.34964,0.39567,0.41611,0.45759,0.45175,0.40448,0.33847,0.29464,0.21635,0.23274,0.17529,0.15279,0.13580,0.19113,0.23586,0.30433,0.24242,0.21607,0.32691,0.33165,0.22954,0.27528,0.38031,0.32404,0.24320,0.33403,0.42076,0.33271,0.31426,0.20505,0.15226,0.15056,0.03957,0.00068,0.00402,0.03289,0.09944,0.04943,0.11509,0.05743,0.13034,0.23097,0.29763,0.39203,0.45350,0.52414,0.56052,0.56030,0.63061,0.67454,0.68398,0.70876,0.75273,0.77922,0.78239,0.82844,0.83784,0.80617,0.83747,0.86822,0.86645,0.84973,0.81767,0.77546,0.70487,0.70164,0.62133,0.64287,0.56028,0.56658,0.42619,0.29963,0.31435,0.47154,0.45229,0.42539,0.56333,0.60959,0.52699,0.53129,0.61925,0.68161,0.75041,0.80619,0.87361,0.89426,0.87008,0.87437,0.86643,0.91690,0.92441,0.92217,0.89218,0.92732,0.92592,0.87274,0.89975,0.92818,0.93591,0.91970,0.88907,0.86840,0.79887,0.71823,0.63790,0.58705,0.47332,0.38843,0.55061,0.54254,0.37677,0.43476,0.56540,0.40914,0.35723,0.12026,-0.06306,-0.20534,-0.23799,-0.13145,-0.07615,0.02155,0.17893,0.28937,0.40548,0.50963,0.57353,0.66235,0.72940,0.80679,0.84734,0.87576,0.89106,0.89721,0.88356,0.87539,0.83047,0.79738,0.72177,0.72743,0.78610,0.83219,0.86923,0.90277,0.90070,0.90534,0.90701,0.89382,0.89722,0.90539,0.91042,0.91329,0.90804,0.89151,0.84591,0.78893,0.72926,0.64140,0.53306,0.50296,0.56643,0.53727,0.52620,0.61422,0.56536,0.52707,0.61392,0.61884,0.69538,0.64847,0.70372,0.77755,0.75235,0.74311,0.63712,0.60694,0.49644,0.47814,0.37929,0.38912,0.40111,0.43902,0.54949,0.52522,0.57539,0.50289,0.55391,0.60322,0.59788,0.63500,0.53487,0.60536,0.70161,0.77340,0.85326,0.89906,0.90604,0.91187,0.87697,0.82320,0.81452,0.84383,0.79129,0.71817,0.64100,0.55619,0.46037,0.38643,0.28657,0.18873,0.14444,0.00382,-0.00245,-0.10277,-0.13793,-0.15517,-0.17575,-0.22595,-0.12045,-0.17261
0.16276,0.18190,0.19042,0.25229,0.30513,0.31963,0.33864,0.40560,0.45297,0.47261,0.51519,0.50734,0.45896,0.38924,0.34231,0.25687,0.27053,0.20793,0.18015,0.16039,0.22137,0.26667,0.34040,0.27269,0.23865,0.35243,0.35937,0.24804,0.28907,0.39933,0.33922,0.24682,0.33853,0.43079,0.33608,0.30370,0.19024,0.12286,0.12969,0.01774,-0.01856,-0.00751,0.02769,0.10589,0.06040,0.13587,0.07939,0.15844,0.26598,0.33950,0.43903,0.50519,0.57866,0.61738,0.62033,0.69134,0.73386,0.74474,0.77146,0.81330,0.83789,0.84277,0.88594,0.89252,0.86194,0.89158,0.91808,0.91093,0.88915,0.86172,0.81404,0.74295,0.73596,0.65366,0.68045,0.59590,0.60589,0.46301,0.33779,0.36031,0.52309,0.50433,0.47919,0.61918,0.66328,0.58239,0.58929,0.67821,0.73857,0.80494,0.86175,0.92458,0.94252,0.92152,0.92508,0.91278,0.95488,0.95065,0.94727,0.90407,0.94276,0.94266,0.88204,0.91877,0.95547,0.97347,0.96127,0.93187,0.90300,0.83251,0.74366,0.65878,0.60357,0.49372,0.39216,0.55914,0.56623,0.39353,0.44971,0.59403,0.43448,0.37593,0.12961,-0.06994,-0.21489,-0.24078,-0.12507,-0.07041,0.03812,0.20535,0.32284,0.43914,0.55052,0.61408,0.70850,0.77666,0.85378,0.89510,0.91619,0.93159,0.93131,0.91206,0.89740,0.84204,0.80240,0.71726,0.72200,0.78548,0.83864,0.88396,0.92640,0.93286,0.93920,0.94140,0.92385,0.93074,0.94047,0.94447,0.95287,0.94363,0.91831,0.86575,0.79762,0.73353,0.63884,0.52130,0.49368,0.56588,0.54288,0.52928,0.62472,0.57415,0.54070,0.63501,0.64947,0.72976,0.69194,0.74467,0.82503,0.79567,0.77768,0.67011,0.63024,0.51712,0.48855,0.37964,0.38442,0.38887,0.42317,0.54223,0.51193,0.56475,0.48626,0.53810,0.59196,0.58527,0.62740,0.52040,0.60165,0.70899,0.78961,0.88194,0.93248,0.94767,0.95730,0.92994,0.87987,0.87115,0.89695,0.84402,0.77173,0.69280,0.60431,0.50378,0.42812,0.32059,0.21866,0.16615,0.01614,0.00026,-0.10917,-0.15262,-0.17456,-0.19903,-0.24420,-0.12636,-0.16026
0.29243,0.30977,0.32986,0.38193,0.41774,0.43703,0.46449,0.51272,0.54834,0.57790,0.61140,0.62020,0.58596,0.53577,0.50262,0.43592,0.45693,0.40176,0.38068,0.36455,0.42140,0.46529,0.52811,0.46986,0.44326,0.54381,0.55047,0.45331,0.48767,0.58405,0.53286,0.44640,0.51933,0.59862,0.51480,0.46938,0.35932,0.27464,0.29353,0.18112,0.16596,0.19627,0.23685,0.32004,0.27897,0.34836,0.29155,0.36049,0.45723,0.51300,0.59654,0.64275,0.69356,0.71449,0.70249,0.75544,0.79952,0.81304,0.82036,0.84890,0.88054,0.88149,0.90568,0.91885,0.90702,0.92136,0.93638,0.93707,0.92916,0.92247,0.89773,0.85464,0.85095,0.79275,0.81124,0.74614,0.74742,0.62326,0.50610,0.50588,0.64427,0.63611,0.59566,0.70330,0.75716,0.68652,0.67271,0.73664,0.80287,0.86572,0.88879,0.92138,0.91994,0.87352,0.84733,0.82151,0.87863,0.85890,0.86508,0.82117,0.87735,0.90283,0.85070,0.88115,0.90376,0.93469,0.94984,0.95568,0.94700,0.91095,0.84334,0.77940,0.73533,0.65879,0.56230,0.69964,0.71991,0.57673,0.61441,0.74038,0.61186,0.55815,0.34028,0.14450,0.00099,-0.02593,0.09163,0.15026,0.25202,0.40600,0.50966,0.61535,0.70324,0.75737,0.82270,0.87180,0.91888,0.93638,0.94214,0.94006,0.92067,0.90581,0.86881,0.82515,0.77618,0.69898,0.69131,0.74606,0.77641,0.80522,0.85575,0.85557,0.87059,0.88540,0.85943,0.86751,0.89322,0.90776,0.93367,0.93365,0.90430,0.87230,0.80505,0.75323,0.68542,0.57663,0.58181,0.66442,0.66726,0.64924,0.72543,0.68913,0.67845,0.75856,0.77719,0.83546,0.80358,0.83884,0.88977,0.88132,0.87178,0.79705,0.75740,0.67005,0.63556,0.53576,0.52509,0.50625,0.50875,0.60333,0.55296,0.58609,0.49800,0.53065,0.59019,0.58326,0.65551,0.58725,0.68159,0.76913,0.83698,0.91682,0.94385,0.95198,0.94121,0.92634,0.89963,0.89427,0.92478,0.90203,0.85429,0.80038,0.73786,0.65990,0.59442,0.50901,0.41764,0.37546,0.23596,0.22065,0.11077,0.05997,0.02250,-0.01379,-0.04968,0.06892,0.02897
0.51418,0.52986,0.54459,0.58965,0.62100,0.63608,0.65691,0.69730,0.72592,0.74753,0.77222,0.77591,0.74646,0.70172,0.66760,0.60359,0.60714,0.55250,0.51948,0.49503,0.54784,0.56877,0.63145,0.58227,0.53511,0.61030,0.62787,0.53237,0.53198,0.61524,0.57549,0.47262,0.50578,0.57613,0.49647,0.41925,0.31280,0.19959,0.23140,0.12372,0.14289,0.21366,0.27030,0.39250,0.37926,0.46702,0.43815,0.51633,0.60037,0.66290,0.73236,0.77816,0.82190,0.84096,0.83257,0.86411,0.88758,0.88914,0.89337,0.90664,0.91889,0.91465,0.91389,0.91594,0.91421,0.90839,0.89601,0.87756,0.86151,0.88964,0.86683,0.85645,0.84667,0.81105,0.84980,0.80949,0.83742,0.75837,0.67314,0.68707,0.79335,0.78271,0.76075,0.83978,0.87354,0.82530,0.81728,0.85636,0.89687,0.92642,0.92899,0.92288,0.90814,0.86716,0.80922,0.78298,0.81999,0.74612,0.73663,0.65730,0.73567,0.76669,0.68812,0.73355,0.77983,0.85479,0.88843,0.92273,0.89176,0.87037,0.78624,0.72517,0.68416,0.66678,0.53979,0.65340,0.72762,0.60980,0.61075,0.76967,0.70084,0.63951,0.44944,0.24516,0.10674,0.11246,0.23977,0.28484,0.40265,0.54848,0.64589,0.71870,0.79621,0.82097,0.87183,0.89598,0.91009,0.90742,0.87586,0.86194,0.81113,0.78119,0.71694,0.65611,0.58921,0.49713,0.48532,0.55000,0.58850,0.63288,0.70951,0.72792,0.75002,0.76398,0.72160,0.74119,0.77577,0.79007,0.84482,0.83474,0.77424,0.73166,0.64038,0.58115,0.51900,0.40095,0.43593,0.54235,0.58047,0.55322,0.62575,0.59992,0.62371,0.70749,0.75625,0.81172,0.80880,0.83916,0.86917,0.86686,0.83718,0.78229,0.70983,0.64352,0.58236,0.47555,0.43832,0.38450,0.35358,0.43566,0.36506,0.38742,0.29041,0.31319,0.38221,0.37865,0.47421,0.42488,0.54405,0.63201,0.71369,0.82040,0.85518,0.88956,0.88692,0.90767,0.91850,0.91841,0.92361,0.92640,0.91063,0.88054,0.83210,0.77102,0.72365,0.63967,0.56308,0.50171,0.35920,0.31290,0.18790,0.10964,0.03258,-0.02652,-0.03458,0.09308,0.09181
0.53867,0.55576,0.55589,0.60984,0.65799,0.66664,0.67544,0.73237,0.76931,0.77653,0.80629,0.79018,0.74875,0.68507,0.63462,0.54830,0.53356,0.46700,0.41697,0.38295,0.44238,0.45417,0.53149,0.47256,0.40214,0.48010,0.50527,0.38905,0.37396,0.46896,0.42242,0.29638,0.32876,0.41190,0.31821,0.22847,0.11853,-0.00264,0.02706,-0.08270,-0.06370,0.01530,0.07970,0.22702,0.22774,0.33774,0.32466,0.42247,0.51582,0.60528,0.68760,0.75553,0.81973,0.85714,0.86759,0.90586,0.91804,0.91095,0.93202,0.94904,0.94414,0.94157,0.94416,0.93312,0.91980,0.91740,0.89888,0.85944,0.82250,0.85178,0.80419,0.78224,0.76266,0.71267,0.77322,0.72412,0.77676,0.70069,0.62537,0.67433,0.79181,0.77009,0.77394,0.87141,0.88451,0.83922,0.85576,0.90734,0.92762,0.94244,0.96812,0.96672,0.96089,0.94930,0.90284,0.88563,0.89190,0.79680,0.77065,0.66268,0.73442,0.74730,0.64242,0.70994,0.78809,0.88117,0.90234,0.91729,0.84860,0.80181,0.68313,0.59971,0.54594,0.52850,0.36707,0.50160,0.60197,0.46240,0.46128,0.66646,0.59424,0.51783,0.30709,0.08014,-0.06136,-0.03147,0.10938,0.14192,0.28418,0.44676,0.56093,0.62738,0.72837,0.74830,0.82521,0.85626,0.88225,0.89272,0.85206,0.84859,0.79520,0.74885,0.68696,0.59750,0.52452,0.40920,0.40603,0.48821,0.55809,0.63338,0.72283,0.76354,0.78427,0.78644,0.74096,0.76824,0.79240,0.79556,0.85189,0.82470,0.74482,0.67145,0.55716,0.47914,0.38829,0.25032,0.27016,0.38571,0.42158,0.39172,0.48629,0.45169,0.47530,0.58122,0.64958,0.72831,0.74171,0.78497,0.83653,0.81435,0.75874,0.68037,0.58306,0.50035,0.42284,0.29473,0.25478,0.20105,0.18100,0.28787,0.22204,0.25977,0.16152,0.19934,0.27010,0.26572,0.34852,0.26668,0.39390,0.51079,0.61861,0.76134,0.82689,0.88841,0.91215,0.94458,0.95342,0.95361,0.93885,0.92637,0.90390,0.86004,0.79054,0.71213,0.66218,0.55089,0.46826,0.38102,0.21812,0.14778,0.00775,-0.08373,-0.16965,-0.23183,-0.23123,-0.09061,-0.05091
0.55108,0.56725,0.57374,0.62581,0.66730,0.67865,0.69331,0.74419,0.77728,0.79107,0.81952,0.81217,0.77580,0.71884,0.67441,0.59467,0.58724,0.52340,0.47945,0.44806,0.50713,0.52383,0.59779,0.53980,0.47584,0.55497,0.57723,0.46500,0.45494,0.54764,0.50147,0.38013,0.41410,0.49453,0.40320,0.31321,0.20352,0.07811,0.11160,0.00103,0.02072,0.10030,0.16450,0.30635,0.30346,0.40798,0.38792,0.47995,0.57273,0.65394,0.73344,0.79321,0.84941,0.87911,0.88239,0.91780,0.93607,0.93277,0.94644,0.96135,0.96394,0.96116,0.96099,0.95522,0.94814,0.94358,0.92590,0.89400,0.86423,0.89517,0.85617,0.83854,0.82086,0.77540,0.82775,0.78062,0.82326,0.74422,0.66561,0.70248,0.81781,0.80096,0.79383,0.88370,0.90549,0.86048,0.86696,0.91299,0.94165,0.96253,0.97897,0.97307,0.96102,0.93702,0.88575,0.86101,0.87672,0.78602,0.76824,0.66538,0.74007,0.76397,0.66828,0.73164,0.79896,0.88906,0.91828,0.94234,0.88691,0.85196,0.74617,0.67048,0.62006,0.60455,0.44876,0.57564,0.67188,0.53825,0.53744,0.72861,0.65494,0.58081,0.37499,0.14829,0.00676,0.03032,0.17193,0.20884,0.34607,0.50642,0.61670,0.68601,0.78060,0.80397,0.87265,0.90129,0.92195,0.92671,0.88700,0.87864,0.82295,0.78113,0.71472,0.63268,0.55846,0.44850,0.44019,0.51644,0.57580,0.64130,0.73006,0.76563,0.78792,0.79591,0.74932,0.77481,0.80495,0.81288,0.87156,0.85044,0.77468,0.71186,0.60193,0.53067,0.44893,0.31563,0.34304,0.45910,0.49985,0.47010,0.55845,0.52727,0.55398,0.65376,0.71855,0.78911,0.79847,0.83469,0.88007,0.86484,0.81604,0.74752,0.65665,0.57991,0.50425,0.38044,0.33868,0.28124,0.25452,0.35521,0.28379,0.31535,0.21475,0.24568,0.31806,0.31299,0.40434,0.33282,0.46206,0.57241,0.67285,0.80550,0.85905,0.91242,0.92572,0.95625,0.96721,0.96786,0.96079,0.95546,0.93606,0.89736,0.83601,0.76281,0.71251,0.60917,0.52700,0.44852,0.28892,0.22424,0.08653,-0.00338,-0.08693,-0.14945,-0.15129,-0.01150,0.01835
0.72994,0.74240,0.75355,0.79075,0.81409,0.82539,0.84142,0.87019,0.88774,0.90356,0.91821,0.92075,0.90055,0.86580,0.83469,0.77619,0.76469,0.71109,0.66891,0.63721,0.68662,0.68841,0.74901,0.70758,0.64187,0.69021,0.71680,0.62461,0.59037,0.65775,0.62844,0.51091,0.50602,0.56575,0.49169,0.37943,0.28507,0.13830,0.18495,0.08601,0.13875,0.25049,0.32301,0.48034,0.49750,0.60037,0.59724,0.67917,0.75050,0.81667,0.87022,0.91022,0.94092,0.95397,0.94878,0.95595,0.96258,0.95496,0.95189,0.94713,0.94364,0.93532,0.90688,0.90009,0.91327,0.88590,0.84550,0.81030,0.78805,0.85221,0.83360,0.85615,0.83863,0.82707,0.88113,0.86554,0.91249,0.87841,0.83107,0.85741,0.92886,0.91941,0.91142,0.95299,0.96855,0.94858,0.94288,0.95115,0.96762,0.96545,0.94415,0.89584,0.86267,0.82534,0.73964,0.70651,0.71881,0.59298,0.57492,0.45880,0.55362,0.59784,0.50032,0.56285,0.62838,0.74631,0.80338,0.86751,0.81847,0.81963,0.72878,0.67614,0.63927,0.68435,0.52506,0.60549,0.73595,0.64877,0.61382,0.79514,0.78306,0.71380,0.56077,0.34927,0.22441,0.26356,0.40138,0.43082,0.56164,0.69536,0.78348,0.82060,0.88516,0.88307,0.91682,0.91547,0.89409,0.86962,0.79994,0.77245,0.68888,0.64463,0.55177,0.47417,0.38824,0.28385,0.26472,0.33421,0.37710,0.43474,0.53742,0.57678,0.60743,0.62412,0.56533,0.59669,0.64128,0.65593,0.73944,0.72094,0.63002,0.58144,0.46677,0.40596,0.35309,0.23067,0.29690,0.42500,0.50255,0.46653,0.53188,0.51913,0.58090,0.66475,0.74513,0.79193,0.82152,0.83873,0.84849,0.85284,0.80149,0.77454,0.67215,0.63274,0.54300,0.43124,0.36593,0.27441,0.20739,0.27603,0.18373,0.19217,0.08709,0.09536,0.17232,0.16903,0.28949,0.26174,0.40514,0.49362,0.58550,0.71386,0.75003,0.80964,0.81158,0.86970,0.91897,0.92481,0.90698,0.93862,0.95684,0.95286,0.92330,0.88187,0.85327,0.77458,0.71469,0.63861,0.49827,0.42046,0.28407,0.17934,0.06936,-0.00964,0.01053,0.14410,0.18959
0.78059,0.79282,0.79215,0.83012,0.86180,0.86699,0.87172,0.90687,0.92710,0.92927,0.94303,0.93097,0.90532,0.86170,0.82111,0.75280,0.72391,0.66614,0.61060,0.57213,0.62182,0.60977,0.67567,0.63376,0.55041,0.58885,0.62247,0.52328,0.46969,0.53626,0.50866,0.37838,0.35905,0.41960,0.34188,0.21866,0.12641,-0.02441,0.02069,-0.07320,-0.01156,0.11274,0.19139,0.36885,0.40345,0.52130,0.53836,0.63231,0.70088,0.78277,0.83665,0.88897,0.92956,0.95364,0.96168,0.96579,0.95675,0.93992,0.94765,0.94014,0.91859,0.91033,0.87752,0.85816,0.86606,0.83610,0.78481,0.73164,0.69477,0.76733,0.73471,0.75968,0.73514,0.72286,0.79448,0.78220,0.85277,0.83877,0.81073,0.86257,0.92563,0.90910,0.92615,0.96965,0.96341,0.95226,0.96512,0.97374,0.96729,0.94334,0.93079,0.87551,0.84593,0.83076,0.74480,0.72032,0.70791,0.55781,0.52411,0.38525,0.47909,0.50937,0.39068,0.46819,0.55857,0.69596,0.74727,0.80515,0.72689,0.71535,0.60068,0.53738,0.49546,0.55659,0.37556,0.45807,0.61478,0.52654,0.47835,0.69107,0.69970,0.62131,0.47326,0.25827,0.13919,0.20232,0.34432,0.35851,0.50339,0.63743,0.72982,0.74945,0.82154,0.80653,0.85003,0.84505,0.82168,0.80024,0.71633,0.69314,0.60232,0.54519,0.45012,0.35348,0.26303,0.14482,0.13140,0.21174,0.27553,0.35503,0.46819,0.52511,0.55552,0.56257,0.49933,0.53750,0.57621,0.58284,0.67240,0.64053,0.53191,0.46242,0.33185,0.25982,0.19374,0.06272,0.12611,0.26106,0.34351,0.30428,0.37841,0.36414,0.43266,0.52732,0.62483,0.68439,0.73174,0.75517,0.77058,0.76450,0.69377,0.65846,0.53509,0.49359,0.39065,0.26998,0.19848,0.10129,0.03438,0.11005,0.01974,0.03395,-0.06895,-0.05507,0.02048,0.01842,0.13168,0.09236,0.24124,0.34184,0.44897,0.60269,0.66005,0.74278,0.76446,0.83810,0.89566,0.90293,0.86451,0.89316,0.91695,0.91263,0.87500,0.83044,0.80804,0.71667,0.66131,0.56679,0.41879,0.31977,0.17637,0.05985,-0.06383,-0.14794,-0.11306,0.02534,0.10765
0.73252,0.74666,0.74167,0.78622,0.82749,0.83155,0.83313,0.87822,0.90501,0.90370,0.92260,0.90380,0.87114,0.81646,0.76855,0.68829,0.65665,0.59311,0.53339,0.49313,0.54767,0.53843,0.61190,0.56202,0.47459,0.52331,0.55677,0.44617,0.39706,0.47398,0.43895,0.30211,0.29499,0.36440,0.27804,0.15910,0.06191,-0.08467,-0.04558,-0.14625,-0.09453,0.02272,0.10152,0.28067,0.31261,0.43655,0.45159,0.55303,0.63092,0.72367,0.78860,0.85181,0.90486,0.93768,0.95278,0.96705,0.95894,0.94207,0.95808,0.95691,0.93350,0.92758,0.90316,0.88108,0.88093,0.85840,0.81309,0.75716,0.71377,0.77653,0.73225,0.74239,0.71511,0.68874,0.76404,0.73945,0.81424,0.78672,0.75137,0.81421,0.89309,0.87232,0.89587,0.95766,0.94893,0.93137,0.95304,0.97563,0.96851,0.94830,0.95229,0.90977,0.88802,0.88276,0.81031,0.78930,0.77128,0.62755,0.59130,0.45031,0.53540,0.55689,0.43326,0.51646,0.61425,0.74730,0.78841,0.82986,0.74140,0.71353,0.58730,0.51206,0.46244,0.50353,0.31481,0.41603,0.56817,0.46082,0.42239,0.64880,0.63706,0.55447,0.38551,0.15893,0.03459,0.09835,0.24512,0.25943,0.41303,0.55958,0.66242,0.69112,0.77752,0.77004,0.83006,0.83593,0.82799,0.81829,0.74135,0.72610,0.64312,0.58308,0.49603,0.39171,0.30302,0.17781,0.16899,0.25530,0.33101,0.41958,0.53220,0.59264,0.62041,0.62263,0.56285,0.60138,0.63301,0.63519,0.71747,0.68113,0.57256,0.49216,0.35749,0.27836,0.19692,0.05833,0.10671,0.24031,0.31161,0.27399,0.36010,0.33859,0.39619,0.50061,0.59781,0.66873,0.71686,0.74806,0.77895,0.76158,0.68533,0.63265,0.50737,0.45080,0.34802,0.21829,0.15272,0.06604,0.01374,0.10551,0.02197,0.04662,-0.05554,-0.03173,0.04270,0.03915,0.14133,0.08142,0.22856,0.34300,0.45901,0.62133,0.69044,0.77729,0.80760,0.87530,0.92004,0.92694,0.88777,0.90219,0.91274,0.89493,0.84306,0.78463,0.75461,0.64934,0.58550,0.48429,0.32484,0.22405,0.07682,-0.03923,-0.15847,-0.23866,-0.20875,-0.06475,0.02091
0.81052,0.82236,0.82462,0.86013,0.88790,0.89419,0.90022,0.93026,0.94742,0.95216,0.96362,0.95603,0.93470,0.89622,0.85959,0.79555,0.76822,0.71350,0.65967,0.62252,0.67055,0.65730,0.72062,0.68076,0.59886,0.63426,0.66723,0.57093,0.51563,0.57831,0.55212,0.42306,0.39916,0.45569,0.38108,0.25517,0.16561,0.01029,0.05652,-0.03799,0.02838,0.15835,0.23918,0.41881,0.45546,0.57211,0.58932,0.68004,0.74614,0.82389,0.87368,0.92082,0.95553,0.97422,0.97933,0.97821,0.96961,0.95413,0.95628,0.94490,0.92522,0.91653,0.87772,0.85957,0.87323,0.83877,0.78503,0.73393,0.70020,0.77809,0.75067,0.78249,0.75810,0.75121,0.82030,0.81258,0.88071,0.87176,0.84725,0.89371,0.95026,0.93645,0.95083,0.98390,0.97906,0.97306,0.98100,0.98238,0.97665,0.95035,0.92927,0.86594,0.83083,0.81080,0.72037,0.69161,0.67981,0.52612,0.49526,0.35551,0.45211,0.49005,0.37417,0.45161,0.53859,0.67879,0.73860,0.80490,0.73117,0.72852,0.62013,0.56248,0.52259,0.59193,0.41045,0.48350,0.64464,0.56465,0.51167,0.71907,0.73601,0.65913,0.51955,0.30379,0.18817,0.25214,0.39429,0.40946,0.55387,0.68355,0.77196,0.78861,0.85451,0.83704,0.87383,0.86425,0.83333,0.80609,0.71803,0.69095,0.59570,0.53944,0.43838,0.34404,0.25082,0.13459,0.11737,0.19509,0.25322,0.32885,0.44521,0.50142,0.53431,0.54509,0.48019,0.51907,0.56086,0.56986,0.66340,0.63348,0.52337,0.45877,0.32786,0.25872,0.19930,0.07053,0.14167,0.27848,0.36860,0.32901,0.39834,0.38807,0.46256,0.55314,0.65239,0.70597,0.75752,0.77836,0.78587,0.78281,0.71280,0.68606,0.56274,0.52902,0.42353,0.30433,0.22788,0.12445,0.04907,0.11935,0.02392,0.03399,-0.07036,-0.06175,0.01496,0.01215,0.13290,0.10216,0.25433,0.35132,0.45613,0.60634,0.65728,0.73871,0.75524,0.83224,0.89493,0.90465,0.86715,0.90337,0.93302,0.93502,0.90471,0.86579,0.84612,0.75994,0.70758,0.61567,0.47060,0.37078,0.22792,0.10851,-0.01954,-0.10703,-0.07119,0.06550,0.14454
0.90400,0.91276,0.91226,0.93580,0.95370,0.95664,0.95776,0.97418,0.98108,0.98040,0.98140,0.97383,0.96193,0.93664,0.90676,0.85641,0.82028,0.77452,0.71920,0.68115,0.71882,0.68878,0.74178,0.71567,0.62904,0.63729,0.67464,0.59472,0.51767,0.55915,0.54671,0.42261,0.36733,0.40682,0.34684,0.20932,0.13398,-0.02762,0.02524,-0.05134,0.03708,0.18664,0.27111,0.45921,0.51434,0.62890,0.66607,0.75029,0.79605,0.86575,0.89518,0.93168,0.95212,0.96363,0.96831,0.94642,0.92397,0.90207,0.89761,0.87268,0.84210,0.83025,0.77332,0.74966,0.77338,0.72466,0.65434,0.59518,0.56160,0.66056,0.64194,0.70007,0.67425,0.68982,0.76425,0.78042,0.85876,0.88999,0.89676,0.94440,0.96423,0.95282,0.97746,0.97648,0.95761,0.97310,0.98088,0.95780,0.93291,0.88179,0.84123,0.75204,0.70779,0.69088,0.58256,0.55449,0.53005,0.35150,0.31430,0.16372,0.26857,0.31127,0.19080,0.26859,0.36060,0.51973,0.59134,0.67714,0.59851,0.61340,0.50952,0.46565,0.43565,0.54907,0.36734,0.40655,0.59185,0.54777,0.46877,0.67193,0.74003,0.66629,0.57253,0.37963,0.28316,0.36351,0.49668,0.49979,0.63800,0.74144,0.81117,0.79642,0.84125,0.80155,0.81719,0.78626,0.72847,0.68502,0.57615,0.54045,0.42968,0.36923,0.25573,0.16142,0.06434,-0.04737,-0.06729,0.00669,0.05976,0.13530,0.25888,0.32295,0.35827,0.36890,0.29801,0.34118,0.38760,0.39666,0.50354,0.47087,0.34966,0.28822,0.15459,0.09110,0.04905,-0.06924,0.02210,0.16167,0.27242,0.22935,0.28332,0.28482,0.38114,0.46072,0.57177,0.61366,0.68134,0.69349,0.67765,0.68379,0.60840,0.60595,0.47268,0.46493,0.35076,0.24330,0.15336,0.03083,-0.06642,-0.01925,-0.12155,-0.12461,-0.22421,-0.22839,-0.15377,-0.15388,-0.02490,-0.02984,0.12445,0.20536,0.30460,0.45617,0.50264,0.59365,0.61109,0.70834,0.79643,0.80981,0.75738,0.81418,0.86941,0.89449,0.88378,0.86737,0.86689,0.79690,0.76489,0.67184,0.54531,0.43355,0.29739,0.17017,0.02652,-0.07010,-0.01539,0.10947,0.20985
0.86872,0.87928,0.86931,0.90037,0.93180,0.93108,0.92479,0.95497,0.97012,0.96031,0.96678,0.94581,0.92354,0.88276,0.84085,0.77451,0.72887,0.67510,0.61052,0.56735,0.61000,0.57772,0.64093,0.60668,0.50856,0.52417,0.56442,0.47034,0.39081,0.44337,0.42445,0.28860,0.24108,0.29117,0.22064,0.08325,0.00525,-0.15399,-0.10758,-0.18808,-0.10776,0.03799,0.12391,0.32069,0.37830,0.50470,0.54734,0.64421,0.69858,0.78579,0.82723,0.88043,0.91781,0.94350,0.96046,0.94879,0.92199,0.89574,0.90552,0.88751,0.84790,0.83779,0.78971,0.75894,0.77073,0.72957,0.66152,0.59206,0.54584,0.63709,0.60053,0.64317,0.61229,0.61296,0.69841,0.70289,0.79441,0.81784,0.82294,0.89237,0.92725,0.90745,0.94771,0.96843,0.93891,0.95013,0.97471,0.96662,0.93263,0.87806,0.85879,0.78245,0.74881,0.75065,0.65578,0.63626,0.59817,0.41788,0.37095,0.21067,0.30696,0.33351,0.19880,0.28730,0.39657,0.55766,0.61466,0.68034,0.57998,0.57199,0.44630,0.38526,0.34475,0.44390,0.24643,0.30685,0.49707,0.43137,0.35894,0.58902,0.64171,0.56007,0.44497,0.23975,0.13972,0.22806,0.36737,0.36499,0.51596,0.63341,0.71640,0.70499,0.76880,0.73174,0.76866,0.74817,0.70693,0.67735,0.57134,0.54572,0.44088,0.37275,0.26796,0.15871,0.06242,-0.06195,-0.07408,0.01079,0.08442,0.17776,0.30315,0.37664,0.40913,0.41056,0.34142,0.38706,0.42384,0.42522,0.52649,0.48419,0.35714,0.27633,0.13325,0.05771,-0.00641,-0.13716,-0.06341,0.07690,0.17663,0.13371,0.20402,0.19684,0.28427,0.37856,0.49493,0.55430,0.62594,0.65035,0.65404,0.64472,0.55640,0.53187,0.38863,0.36348,0.24537,0.12525,0.04026,-0.07344,-0.15434,-0.08761,-0.18107,-0.17056,-0.26829,-0.25919,-0.18539,-0.18599,-0.07234,-0.10428,0.04943,0.15011,0.26448,0.43416,0.50170,0.60531,0.63967,0.73588,0.81451,0.82738,0.76600,0.80523,0.84810,0.85798,0.82858,0.79574,0.78944,0.69990,0.66035,0.55285,0.41195,0.29122,0.14840,0.01840,-0.12412,-0.21761,-0.16388,-0.03290,0.08346
0.85751,0.86830,0.86032,0.89356,0.92548,0.92587,0.92218,0.95378,0.96979,0.96304,0.97137,0.95254,0.92972,0.88785,0.84614,0.77802,0.73584,0.68026,0.61661,0.57429,0.61951,0.59195,0.65661,0.61941,0.52339,0.54497,0.58405,0.48701,0.41278,0.46945,0.44754,0.31092,0.27007,0.32333,0.24994,0.11342,0.03239,-0.12731,-0.08068,-0.16544,-0.08947,0.05285,0.13885,0.33362,0.38719,0.51341,0.55029,0.64749,0.70653,0.79378,0.83895,0.89242,0.93087,0.95602,0.97148,0.96324,0.94045,0.91709,0.92598,0.90986,0.87441,0.86492,0.81992,0.79118,0.80264,0.76394,0.69846,0.63224,0.58737,0.67529,0.63898,0.67768,0.64702,0.64414,0.72670,0.72626,0.81312,0.82722,0.82577,0.89193,0.93396,0.91571,0.95100,0.97661,0.95247,0.95979,0.98178,0.97726,0.94942,0.90069,0.88193,0.80930,0.77487,0.77342,0.68110,0.65958,0.62518,0.45006,0.40657,0.24870,0.34404,0.37257,0.24078,0.32925,0.43539,0.59259,0.65018,0.71481,0.61809,0.61007,0.48649,0.42440,0.38309,0.47426,0.27674,0.34173,0.52777,0.45555,0.38757,0.61615,0.65822,0.57584,0.45170,0.23935,0.13591,0.21998,0.36172,0.36403,0.51614,0.63931,0.72563,0.72163,0.78863,0.75698,0.79641,0.77944,0.74191,0.71424,0.61188,0.58679,0.48385,0.41704,0.31289,0.20497,0.10814,-0.01655,-0.02996,0.05425,0.12643,0.21750,0.34236,0.41342,0.44667,0.44999,0.38158,0.42658,0.46426,0.46665,0.56631,0.52565,0.40099,0.32205,0.17932,0.10430,0.03806,-0.09498,-0.02298,0.11817,0.21598,0.17407,0.24629,0.23778,0.32207,0.41742,0.53162,0.59068,0.65759,0.68393,0.68978,0.68088,0.59525,0.56833,0.42765,0.39862,0.28189,0.15956,0.07582,-0.03590,-0.11496,-0.04433,-0.13813,-0.12614,-0.22618,-0.21593,-0.14128,-0.14317,-0.02815,-0.06321,0.09133,0.19464,0.30907,0.47727,0.54269,0.64312,0.67478,0.76729,0.84214,0.85438,0.79780,0.83456,0.87366,0.87988,0.84878,0.81243,0.80207,0.71062,0.66660,0.56059,0.41598,0.29831,0.15389,0.02535,-0.11405,-0.20612,-0.15640,-0.02304,0.08825
0.93106,0.93875,0.93624,0.95698,0.97312,0.97431,0.97288,0.98624,0.98999,0.98683,0.98506,0.97583,0.96640,0.94366,0.91471,0.86641,0.82547,0.78082,0.72353,0.68461,0.71988,0.68452,0.73593,0.71254,0.62210,0.62278,0.66224,0.58448,0.49948,0.53601,0.52662,0.40140,0.33739,0.37345,0.31659,0.17358,0.10638,-0.05885,-0.00462,-0.07672,0.01741,0.17302,0.25967,0.45230,0.51473,0.63093,0.67521,0.75852,0.79954,0.86960,0.89390,0.92888,0.94577,0.95639,0.96335,0.93573,0.90841,0.88483,0.87900,0.84996,0.81508,0.80250,0.74051,0.71410,0.74008,0.68752,0.61136,0.54828,0.51290,0.61826,0.59990,0.66460,0.63643,0.65761,0.73497,0.75619,0.83879,0.88167,0.89984,0.95182,0.96116,0.94983,0.97980,0.96891,0.94423,0.96840,0.97835,0.94782,0.91572,0.85578,0.81052,0.71340,0.66604,0.65318,0.54255,0.51537,0.48246,0.29490,0.25491,0.09889,0.20332,0.24654,0.12332,0.20472,0.30094,0.46643,0.54129,0.63127,0.54784,0.56711,0.46339,0.42194,0.39268,0.51939,0.33291,0.36201,0.55858,0.52350,0.43718,0.64275,0.72312,0.64985,0.56922,0.38025,0.29169,0.38018,0.51200,0.50950,0.64753,0.74458,0.80974,0.78509,0.82630,0.78004,0.79204,0.75539,0.69056,0.64358,0.52758,0.49021,0.37438,0.31133,0.19418,0.09685,-0.00218,-0.11434,-0.13521,-0.06167,-0.00763,0.07080,0.19791,0.26662,0.30353,0.31356,0.24002,0.28555,0.33221,0.34051,0.45139,0.41631,0.28988,0.22703,0.09037,0.02793,-0.01222,-0.12917,-0.03418,0.10656,0.22430,0.18052,0.23186,0.23652,0.34010,0.41821,0.53520,0.57425,0.65062,0.66136,0.64012,0.64624,0.56555,0.57002,0.43140,0.43024,0.31111,0.20515,0.11012,-0.01882,-0.12180,-0.07830,-0.18144,-0.18644,-0.28411,-0.29066,-0.21691,-0.21739,-0.08818,-0.08995,0.06537,0.14622,0.24738,0.40059,0.44765,0.54423,0.56409,0.66890,0.76466,0.77993,0.72117,0.78246,0.84500,0.87549,0.86955,0.85810,0.86303,0.79528,0.76885,0.67317,0.55076,0.43300,0.29839,0.16778,0.01904,-0.07976,-0.01978,0.10171,0.21293
0.94674,0.95367,0.94510,0.96246,0.97955,0.97737,0.96954,0.98176,0.98428,0.97412,0.96939,0.95436,0.94542,0.92278,0.89228,0.84456,0.79535,0.75236,0.69108,0.65002,0.68164,0.63736,0.68687,0.66747,0.57149,0.56119,0.60316,0.52910,0.43352,0.46321,0.45820,0.33260,0.25678,0.28797,0.23523,0.08904,0.02847,-0.13545,-0.08140,-0.14458,-0.04474,0.11673,0.20435,0.40166,0.47405,0.59236,0.64868,0.73274,0.76617,0.83888,0.85739,0.89388,0.91098,0.92403,0.93641,0.90338,0.86719,0.83801,0.83545,0.80352,0.75937,0.74590,0.67949,0.64762,0.67277,0.61712,0.53500,0.46429,0.42367,0.53445,0.51294,0.58304,0.55256,0.57813,0.66143,0.68968,0.78264,0.84296,0.87639,0.93772,0.93411,0.92008,0.96181,0.94354,0.90678,0.93971,0.95722,0.92126,0.87527,0.80224,0.75833,0.65576,0.60947,0.60704,0.49532,0.47275,0.42757,0.22995,0.18272,0.01993,0.12304,0.15992,0.02993,0.11463,0.21969,0.39302,0.46590,0.55496,0.46043,0.47778,0.36808,0.32671,0.29876,0.43911,0.24892,0.26955,0.47711,0.45200,0.35653,0.56774,0.66713,0.59349,0.52853,0.34904,0.27054,0.36918,0.49619,0.48590,0.62404,0.71161,0.77193,0.73293,0.77060,0.71491,0.72560,0.68311,0.61327,0.56504,0.44153,0.40502,0.28586,0.21825,0.10090,-0.00128,-0.09998,-0.21324,-0.23153,-0.15620,-0.09674,-0.01153,0.11775,0.19358,0.22967,0.23512,0.16096,0.20908,0.25251,0.25711,0.37039,0.33004,0.19737,0.12854,-0.01114,-0.07519,-0.11538,-0.23003,-0.13439,0.00538,0.12657,0.08201,0.13166,0.13812,0.24670,0.32426,0.44781,0.48779,0.57367,0.58428,0.56066,0.56457,0.47665,0.48374,0.33790,0.34247,0.21931,0.11560,0.01771,-0.11416,-0.21925,-0.17989,-0.28069,-0.28606,-0.37832,-0.38569,-0.31452,-0.31311,-0.18939,-0.18977,-0.03661,0.04273,0.14578,0.30516,0.35861,0.46406,0.49178,0.60472,0.70750,0.72403,0.65469,0.71751,0.78641,0.82155,0.81722,0.81029,0.82255,0.75558,0.73692,0.63573,0.51887,0.39291,0.26117,0.12748,-0.02626,-0.12732,-0.05879,0.05732,0.18483
0.90576,0.91454,0.90130,0.92742,0.95584,0.95241,0.94205,0.96716,0.97770,0.96385,0.96566,0.94258,0.92443,0.88817,0.84824,0.78607,0.73390,0.68314,0.61611,0.57185,0.61034,0.56941,0.62880,0.59986,0.49774,0.50021,0.54280,0.45482,0.36401,0.40691,0.39351,0.25861,0.19656,0.23934,0.17491,0.03101,-0.03687,-0.19850,-0.15044,-0.22286,-0.13359,0.02137,0.10977,0.31137,0.38038,0.50757,0.56143,0.65589,0.70123,0.78747,0.82005,0.87014,0.90214,0.92596,0.94557,0.92485,0.88988,0.86007,0.86829,0.84425,0.79775,0.78635,0.73027,0.69560,0.71086,0.66369,0.58717,0.51237,0.46392,0.56444,0.52936,0.58277,0.54939,0.55925,0.64803,0.66191,0.76003,0.80312,0.82576,0.89998,0.91742,0.89819,0.94624,0.95169,0.91289,0.93659,0.96427,0.94515,0.89953,0.83122,0.80555,0.71741,0.67960,0.68687,0.58699,0.56887,0.51947,0.32693,0.27596,0.10879,0.20544,0.23178,0.09375,0.18528,0.30007,0.47052,0.53197,0.60399,0.49730,0.49560,0.37037,0.31407,0.27672,0.39578,0.19476,0.23880,0.44368,0.39363,0.30847,0.53919,0.61487,0.53427,0.44129,0.24516,0.15866,0.25764,0.39187,0.38233,0.53164,0.63697,0.71181,0.68461,0.74082,0.69337,0.72340,0.69325,0.64097,0.60553,0.48914,0.46110,0.34912,0.27752,0.16804,0.05619,-0.04209,-0.16573,-0.17889,-0.09508,-0.02084,0.07564,0.20510,0.28444,0.31835,0.31830,0.24663,0.29530,0.33246,0.33241,0.43933,0.39385,0.25991,0.17780,0.03169,-0.04178,-0.10099,-0.22734,-0.14719,-0.00596,0.10323,0.05939,0.12398,0.12178,0.21906,0.30944,0.43374,0.48837,0.57103,0.59221,0.58737,0.57953,0.48525,0.47134,0.32141,0.30745,0.18380,0.06799,-0.02373,-0.14554,-0.23537,-0.17693,-0.27176,-0.26517,-0.35934,-0.35469,-0.28274,-0.28267,-0.16873,-0.19284,-0.03893,0.05745,0.17184,0.34385,0.41182,0.52286,0.56038,0.66723,0.75751,0.77262,0.70222,0.74886,0.80297,0.82204,0.80045,0.77663,0.77927,0.69481,0.66511,0.55481,0.42209,0.29323,0.15405,0.01971,-0.13016,-0.22732,-0.16432,-0.04004,0.09183
0.92773,0.93541,0.92660,0.94956,0.97185,0.96988,0.96306,0.98195,0.98831,0.97846,0.97781,0.96078,0.94744,0.91805,0.88365,0.82828,0.78017,0.73272,0.66989,0.62772,0.66422,0.62440,0.67962,0.65368,0.55605,0.55550,0.59673,0.51420,0.42397,0.46238,0.45150,0.32080,0.25534,0.29382,0.23332,0.08862,0.02313,-0.14095,-0.09034,-0.16236,-0.06929,0.08810,0.17643,0.37528,0.44403,0.56701,0.61849,0.70786,0.74998,0.82884,0.85630,0.89893,0.92309,0.94051,0.95468,0.92910,0.89637,0.86890,0.87025,0.84266,0.80037,0.78820,0.72781,0.69627,0.71725,0.66643,0.58814,0.51768,0.47470,0.57931,0.55210,0.61267,0.58094,0.59764,0.68133,0.69982,0.79205,0.83814,0.86222,0.92713,0.93787,0.92328,0.96454,0.95979,0.92575,0.95217,0.97214,0.94557,0.90416,0.83674,0.80038,0.70577,0.66245,0.66123,0.55528,0.53268,0.48911,0.29629,0.25008,0.08621,0.18636,0.22065,0.08895,0.17694,0.28437,0.45471,0.52342,0.60521,0.50799,0.51733,0.40186,0.35340,0.31964,0.44574,0.24997,0.28375,0.48846,0.44766,0.35868,0.57850,0.66088,0.58277,0.49929,0.30702,0.22229,0.31954,0.45222,0.44444,0.58898,0.68892,0.75825,0.72926,0.77800,0.72956,0.75027,0.71532,0.65522,0.61318,0.49473,0.46182,0.34626,0.27788,0.16378,0.05790,-0.04164,-0.16036,-0.17774,-0.09878,-0.03366,0.05534,0.18500,0.26049,0.29634,0.30077,0.22785,0.27588,0.31782,0.32138,0.43155,0.39024,0.25817,0.18472,0.04186,-0.02621,-0.07598,-0.19783,-0.10914,0.03272,0.14780,0.10377,0.16114,0.16292,0.26529,0.34958,0.47239,0.51888,0.60060,0.61696,0.60342,0.60206,0.51257,0.50912,0.36289,0.35688,0.23383,0.12289,0.02825,-0.09875,-0.19679,-0.14646,-0.24576,-0.24556,-0.34115,-0.34290,-0.27025,-0.27066,-0.14874,-0.16099,-0.00543,0.08365,0.19203,0.35609,0.41445,0.52041,0.55024,0.65843,0.75374,0.76969,0.70284,0.75758,0.81781,0.84378,0.83075,0.81405,0.81903,0.74270,0.71596,0.61165,0.48439,0.35839,0.22183,0.08775,-0.06333,-0.16204,-0.09904,0.02250,0.14764
0.96424,0.96966,0.96177,0.97475,0.98705,0.98424,0.97630,0.98289,0.98106,0.97083,0.96263,0.94942,0.94478,0.92828,0.90172,0.86028,0.81048,0.77177,0.71218,0.67218,0.70014,0.65214,0.69718,0.68234,0.58767,0.56966,0.61181,0.54459,0.44485,0.46731,0.46669,0.34545,0.26157,0.28669,0.23972,0.09258,0.03902,-0.12485,-0.06999,-0.12861,-0.02347,0.14163,0.22859,0.42435,0.50068,0.61584,0.67594,0.75517,0.78200,0.84949,0.86073,0.89155,0.90183,0.91083,0.92134,0.88169,0.84305,0.81341,0.80700,0.77090,0.72588,0.71161,0.64002,0.60813,0.63728,0.57739,0.49175,0.42150,0.38321,0.49903,0.48245,0.56075,0.53058,0.56397,0.64561,0.68077,0.77290,0.84332,0.88470,0.94314,0.92775,0.91618,0.95787,0.92769,0.88962,0.92914,0.94405,0.89929,0.85057,0.77237,0.72042,0.61053,0.56037,0.55600,0.44026,0.41666,0.37056,0.16931,0.12280,-0.03944,0.06507,0.10505,-0.02210,0.06039,0.16313,0.33847,0.41558,0.51154,0.42021,0.44564,0.34224,0.30779,0.28310,0.43511,0.24914,0.25631,0.46813,0.45557,0.35326,0.55679,0.66940,0.59908,0.55067,0.38215,0.31051,0.41146,0.53398,0.52020,0.65272,0.73042,0.78322,0.73629,0.76615,0.70537,0.70770,0.65838,0.57988,0.52588,0.39808,0.35852,0.23585,0.16905,0.04867,-0.05015,-0.14885,-0.25772,-0.27771,-0.20597,-0.15148,-0.06974,0.05988,0.13525,0.17178,0.17814,0.10264,0.15122,0.19694,0.20276,0.31891,0.27977,0.14672,0.08247,-0.05478,-0.11489,-0.14688,-0.25596,-0.15409,-0.01561,0.11109,0.06627,0.10884,0.11951,0.23401,0.30556,0.43028,0.46396,0.55340,0.55997,0.52796,0.53583,0.44869,0.46599,0.32088,0.33448,0.21078,0.11351,0.01231,-0.12440,-0.23664,-0.20619,-0.30820,-0.31838,-0.40848,-0.42145,-0.35121,-0.34924,-0.22298,-0.21347,-0.06154,0.01094,0.10978,0.26343,0.31170,0.41660,0.44171,0.55898,0.66915,0.68687,0.61553,0.68519,0.76170,0.80440,0.80810,0.80937,0.82695,0.76751,0.75544,0.65707,0.54847,0.42212,0.29529,0.16160,0.00568,-0.09636,-0.02520,0.08433,0.21158
0.94156,0.94807,0.93335,0.95058,0.97207,0.96630,0.95269,0.96791,0.97131,0.95478,0.94973,0.92752,0.91651,0.89036,0.85616,0.80477,0.74833,0.70541,0.63919,0.59597,0.62631,0.57514,0.62606,0.60703,0.50483,0.48973,0.53423,0.45935,0.35704,0.38503,0.38120,0.25317,0.17205,0.20277,0.15017,0.00332,-0.05213,-0.21330,-0.16283,-0.22205,-0.12138,0.04193,0.12987,0.33139,0.41027,0.53265,0.59781,0.68499,0.71581,0.79415,0.81217,0.85356,0.87477,0.89271,0.91161,0.87791,0.83508,0.80194,0.80493,0.77292,0.72109,0.70761,0.64113,0.60419,0.62583,0.57021,0.48541,0.40761,0.36059,0.47209,0.44400,0.51350,0.48024,0.50468,0.59431,0.62366,0.72522,0.79334,0.83520,0.90775,0.90002,0.88269,0.93518,0.91763,0.87171,0.90926,0.93545,0.90005,0.84367,0.76188,0.72405,0.62176,0.57841,0.58716,0.47955,0.46261,0.40617,0.20277,0.14897,-0.02004,0.07944,0.10831,-0.02869,0.06043,0.17515,0.35229,0.42028,0.50333,0.39698,0.40737,0.28913,0.24387,0.21428,0.35878,0.16306,0.18278,0.39809,0.37357,0.27431,0.49502,0.60120,0.52632,0.46636,0.29111,0.21967,0.32563,0.44965,0.43295,0.57344,0.65809,0.71837,0.67181,0.71251,0.65199,0.66726,0.62348,0.55498,0.50977,0.38307,0.35010,0.23103,0.15882,0.04411,-0.06434,-0.16224,-0.27896,-0.29360,-0.21481,-0.14686,-0.05352,0.07740,0.15931,0.19379,0.19365,0.11986,0.17045,0.20960,0.20972,0.32235,0.27651,0.13909,0.06175,-0.08149,-0.14974,-0.19570,-0.31151,-0.22061,-0.08188,0.03804,-0.00652,0.04604,0.05183,0.16066,0.24093,0.36944,0.41396,0.50540,0.52061,0.50038,0.49859,0.40365,0.40662,0.25463,0.25837,0.13237,0.02737,-0.07085,-0.20190,-0.30409,-0.26248,-0.35836,-0.36027,-0.44849,-0.45250,-0.38354,-0.38141,-0.26558,-0.27224,-0.12155,-0.03804,0.07046,0.23681,0.29932,0.41312,0.44997,0.56738,0.67223,0.68944,0.61127,0.66992,0.73921,0.77312,0.76531,0.75702,0.77211,0.70086,0.68536,0.57696,0.46075,0.32829,0.19767,0.06216,-0.09377,-0.19492,-0.12265,-0.01111,0.12865
0.91003,0.91747,0.90110,0.92533,0.95418,0.94766,0.93427,0.95893,0.96762,0.95012,0.95060,0.92467,0.90728,0.87181,0.83189,0.77111,0.71529,0.66719,0.59888,0.55419,0.58940,0.54280,0.60005,0.57362,0.46882,0.46599,0.50998,0.42499,0.32911,0.36762,0.35699,0.22305,0.15400,0.19379,0.13208,-0.01180,-0.07495,-0.23394,-0.18668,-0.25294,-0.16185,-0.00526,0.08268,0.28496,0.35871,0.48621,0.54628,0.64118,0.68133,0.76734,0.79610,0.84597,0.87748,0.90175,0.92371,0.89952,0.86067,0.82825,0.83688,0.81151,0.76116,0.74868,0.69129,0.65471,0.66971,0.62077,0.54025,0.46144,0.41074,0.51380,0.47742,0.53424,0.50001,0.51260,0.60390,0.62201,0.72433,0.77631,0.80749,0.88531,0.89433,0.87439,0.92813,0.92856,0.88467,0.91343,0.94423,0.92252,0.86962,0.79399,0.76752,0.67742,0.63969,0.65193,0.55198,0.53701,0.48109,0.28356,0.22891,0.05857,0.15464,0.17792,0.03815,0.13114,0.24951,0.42269,0.48330,0.55539,0.44411,0.44231,0.31476,0.25994,0.22484,0.35183,0.15027,0.18791,0.39761,0.35445,0.26422,0.49543,0.58184,0.50077,0.41809,0.22857,0.14892,0.25231,0.38232,0.36948,0.51738,0.61656,0.68818,0.65277,0.70641,0.65389,0.68187,0.64820,0.59290,0.55691,0.43721,0.40962,0.29633,0.22228,0.11278,0.00006,-0.09755,-0.22062,-0.23258,-0.14869,-0.07290,0.02562,0.15576,0.23754,0.27075,0.26844,0.19725,0.24781,0.28375,0.28167,0.38944,0.34119,0.20477,0.12078,-0.02588,-0.10002,-0.15853,-0.28243,-0.20191,-0.06175,0.04918,0.00563,0.06889,0.06835,0.16756,0.25602,0.38307,0.43718,0.52002,0.54473,0.53737,0.52919,0.43357,0.42074,0.26824,0.25818,0.13367,0.01969,-0.07353,-0.19698,-0.28837,-0.23307,-0.32517,-0.31907,-0.40909,-0.40553,-0.33612,-0.33550,-0.22474,-0.24734,-0.09596,-0.00065,0.11422,0.28772,0.35791,0.47261,0.51379,0.62489,0.71908,0.73531,0.65938,0.70671,0.76466,0.78676,0.76731,0.74652,0.75340,0.67062,0.64553,0.53248,0.40448,0.27240,0.13646,0.00179,-0.14985,-0.24801,-0.18131,-0.06360,0.07574
0.87926,0.88731,0.86765,0.89563,0.92840,0.92065,0.90587,0.93590,0.94650,0.92639,0.92992,0.90008,0.87964,0.83924,0.79596,0.72835,0.67055,0.61830,0.54997,0.50367,0.54015,0.49588,0.55734,0.52729,0.42018,0.42248,0.46631,0.37461,0.28114,0.32531,0.31096,0.17292,0.11143,0.15790,0.09047,-0.05380,-0.11582,-0.27356,-0.22869,-0.29763,-0.21376,-0.06001,0.02864,0.23120,0.30526,0.43517,0.49401,0.59142,0.63577,0.72773,0.76154,0.81612,0.85363,0.88242,0.90962,0.89136,0.85180,0.82056,0.83487,0.81164,0.75994,0.74939,0.69627,0.65933,0.66986,0.62538,0.54742,0.46674,0.41247,0.51036,0.46699,0.51457,0.47919,0.48469,0.57771,0.58918,0.69257,0.73750,0.76634,0.85081,0.86783,0.84419,0.90034,0.90829,0.86319,0.89083,0.92667,0.91035,0.85774,0.78589,0.77009,0.68552,0.65166,0.67117,0.58189,0.56942,0.50674,0.31337,0.25745,0.08598,0.17436,0.19157,0.05048,0.14756,0.26936,0.44011,0.49540,0.55701,0.44001,0.43028,0.29918,0.23856,0.20022,0.31824,0.10928,0.15612,0.36391,0.30983,0.22546,0.46172,0.53573,0.45358,0.36053,0.16184,0.08478,0.19015,0.32262,0.31026,0.46241,0.56746,0.64287,0.61085,0.67377,0.62537,0.66192,0.63439,0.58738,0.55772,0.44189,0.41870,0.31027,0.23524,0.13085,0.01232,-0.08421,-0.21184,-0.22119,-0.13466,-0.05213,0.05124,0.18072,0.26410,0.29590,0.29134,0.22227,0.27349,0.30690,0.30127,0.40472,0.35452,0.21863,0.12747,-0.02128,-0.09805,-0.16541,-0.29250,-0.22174,-0.08317,0.02225,-0.01969,0.04973,0.04587,0.13973,0.23226,0.36004,0.41933,0.50167,0.52982,0.53545,0.51907,0.41928,0.39876,0.24590,0.22892,0.10324,-0.01571,-0.10731,-0.22559,-0.30916,-0.24371,-0.33145,-0.31969,-0.40832,-0.39875,-0.33007,-0.33050,-0.22774,-0.26382,-0.11441,-0.01150,0.10821,0.28744,0.36395,0.48120,0.52771,0.63588,0.72308,0.73819,0.66219,0.70150,0.75214,0.76656,0.73968,0.71201,0.71548,0.62617,0.59739,0.48078,0.34891,0.21482,0.07689,-0.05808,-0.20743,-0.30379,-0.23968,-0.11817,0.02569
0.87559,0.88202,0.86193,0.88724,0.91682,0.90813,0.89352,0.91960,0.92629,0.90627,0.90758,0.87918,0.86171,0.82583,0.78556,0.72138,0.66294,0.61157,0.54597,0.49995,0.53453,0.49020,0.54934,0.52157,0.41629,0.41428,0.45734,0.36930,0.27441,0.31466,0.30207,0.16705,0.10341,0.14725,0.08339,-0.06095,-0.11379,-0.26992,-0.22658,-0.29375,-0.20866,-0.05438,0.03353,0.23335,0.31021,0.43650,0.49671,0.58911,0.62891,0.71787,0.74683,0.79721,0.82998,0.85620,0.88364,0.86189,0.82039,0.78849,0.80233,0.77780,0.72529,0.71443,0.65929,0.62308,0.63504,0.58896,0.51065,0.43080,0.37770,0.47773,0.43706,0.48802,0.45293,0.46261,0.55404,0.56901,0.67098,0.72069,0.75362,0.83761,0.84907,0.82499,0.88014,0.87778,0.83188,0.86589,0.90018,0.87661,0.82393,0.75199,0.73507,0.64618,0.61062,0.62941,0.54294,0.53019,0.46420,0.27260,0.21759,0.04837,0.13439,0.15230,0.01395,0.10937,0.22853,0.39886,0.45600,0.51909,0.40489,0.39934,0.27535,0.21861,0.18190,0.30590,0.09841,0.13672,0.34527,0.29852,0.21274,0.44175,0.51943,0.44208,0.35937,0.16557,0.09861,0.20562,0.33416,0.31919,0.46693,0.56394,0.63312,0.59596,0.65534,0.60550,0.63702,0.60643,0.55581,0.52341,0.40606,0.38144,0.27312,0.20044,0.09666,-0.02061,-0.11601,-0.24012,-0.25052,-0.16711,-0.08702,0.01284,0.14135,0.22439,0.25606,0.25215,0.18207,0.23256,0.26632,0.26147,0.36510,0.31695,0.18281,0.09305,-0.05186,-0.12610,-0.18920,-0.31214,-0.24109,-0.10637,0.00197,-0.03902,0.02524,0.02518,0.12214,0.20996,0.33846,0.39182,0.47826,0.50214,0.50775,0.49028,0.38918,0.37644,0.22629,0.21549,0.08860,-0.02547,-0.12006,-0.24000,-0.32609,-0.26407,-0.35109,-0.34086,-0.42673,-0.41876,-0.35087,-0.35224,-0.25121,-0.28469,-0.13750,-0.03702,0.08132,0.25331,0.32668,0.44287,0.48804,0.59708,0.68746,0.70292,0.62639,0.66857,0.72177,0.73944,0.71782,0.69475,0.70125,0.61699,0.59281,0.47963,0.35494,0.22105,0.08728,-0.04695,-0.19685,-0.29351,-0.23271,-0.11748,0.02076
0.91752,0.92081,0.90288,0.92052,0.94136,0.93361,0.91916,0.93335,0.93318,0.91476,0.90922,0.88592,0.87663,0.85301,0.82067,0.76936,0.71176,0.66808,0.60497,0.56168,0.58934,0.53892,0.58871,0.57029,0.46832,0.45152,0.49531,0.42187,0.31941,0.34558,0.34110,0.21459,0.13489,0.16584,0.11389,-0.03354,-0.07949,-0.24031,-0.19008,-0.24179,-0.14684,0.01416,0.10146,0.29973,0.38176,0.50074,0.56619,0.64983,0.67816,0.75592,0.77212,0.81190,0.83128,0.84828,0.86999,0.83519,0.78938,0.75724,0.76501,0.73222,0.67855,0.66686,0.60248,0.56546,0.58538,0.53209,0.44770,0.36932,0.32108,0.43079,0.40085,0.46837,0.43468,0.45952,0.54834,0.57708,0.67870,0.74678,0.79173,0.86673,0.85809,0.83807,0.89158,0.86634,0.81953,0.86314,0.89082,0.85079,0.79550,0.71545,0.68148,0.57882,0.53557,0.54796,0.44933,0.43474,0.37051,0.17077,0.11643,-0.05337,0.04063,0.06685,-0.06726,0.02384,0.13695,0.31242,0.37930,0.45785,0.35118,0.36129,0.24798,0.20382,0.17463,0.32150,0.12410,0.14036,0.35467,0.33170,0.23298,0.44847,0.55304,0.48036,0.42580,0.25045,0.19524,0.30398,0.42227,0.40416,0.54222,0.62180,0.67810,0.62762,0.66900,0.60815,0.62257,0.57992,0.51272,0.46888,0.34371,0.31254,0.19671,0.12631,0.01455,-0.09641,-0.19189,-0.30865,-0.32241,-0.24604,-0.17560,-0.08485,0.04431,0.12699,0.16151,0.16100,0.08774,0.13822,0.17638,0.17568,0.28544,0.24038,0.10536,0.02381,-0.11699,-0.18374,-0.23007,-0.34507,-0.25868,-0.12441,-0.00506,-0.04722,0.00340,0.01169,0.12087,0.19802,0.32768,0.37085,0.45793,0.47755,0.46280,0.45694,0.36032,0.36382,0.21401,0.22105,0.09371,-0.00872,-0.10867,-0.23939,-0.34049,-0.29748,-0.38935,-0.38941,-0.47326,-0.47493,-0.40928,-0.40822,-0.29851,-0.31024,-0.16375,-0.07959,0.02797,0.19369,0.25752,0.37187,0.41039,0.52638,0.63103,0.64841,0.56994,0.62650,0.69337,0.72629,0.72109,0.71396,0.73075,0.66108,0.64850,0.54211,0.43145,0.29830,0.17186,0.03820,-0.11496,-0.21320,-0.14405,-0.04054,0.09782
0.93842,0.93878,0.92227,0.93804,0.95480,0.94602,0.93267,0.94344,0.94067,0.92245,0.91497,0.89396,0.88722,0.86735,0.83748,0.79131,0.73446,0.69328,0.63177,0.58944,0.61530,0.56375,0.61013,0.59442,0.49426,0.47300,0.51642,0.44762,0.34303,0.36510,0.36356,0.23988,0.15513,0.18197,0.13362,-0.01493,-0.05715,-0.21902,-0.16782,-0.21751,-0.11812,0.04447,0.13117,0.32824,0.41175,0.52912,0.59592,0.67662,0.70132,0.77508,0.78680,0.82261,0.83748,0.85153,0.87037,0.83175,0.78603,0.75461,0.75790,0.72183,0.66890,0.65685,0.58851,0.55172,0.57515,0.51915,0.43185,0.35436,0.30837,0.42185,0.39631,0.46970,0.43636,0.46642,0.55339,0.58697,0.68667,0.76078,0.81039,0.88118,0.86470,0.84863,0.90107,0.87007,0.82272,0.86855,0.89347,0.84843,0.79184,0.70852,0.66731,0.56036,0.51387,0.52321,0.41891,0.40154,0.33975,0.13821,0.08528,-0.08341,0.01304,0.04271,-0.08891,0.00042,0.11141,0.28783,0.35821,0.44277,0.33960,0.35599,0.24647,0.20748,0.18104,0.33462,0.14118,0.14950,0.36531,0.35039,0.24692,0.45739,0.57112,0.49884,0.45344,0.28316,0.22915,0.34074,0.45782,0.43769,0.57304,0.64679,0.69880,0.64379,0.67959,0.61618,0.62496,0.57784,0.50458,0.45642,0.32825,0.29447,0.17539,0.10550,-0.00869,-0.11639,-0.21235,-0.32606,-0.34191,-0.26802,-0.20211,-0.11367,0.01522,0.09677,0.13191,0.13313,0.05888,0.10959,0.15035,0.15102,0.26334,0.21915,0.08416,0.00786,-0.13145,-0.19482,-0.23528,-0.34659,-0.25354,-0.11934,0.00382,-0.03902,0.00688,0.01755,0.13034,0.20383,0.33305,0.37223,0.46156,0.47708,0.45590,0.45399,0.35876,0.36925,0.21966,0.23276,0.10572,0.00758,-0.09357,-0.22776,-0.33395,-0.29778,-0.39250,-0.39735,-0.48167,-0.48848,-0.42246,-0.42170,-0.30709,-0.30997,-0.16285,-0.08379,0.01969,0.18121,0.24047,0.35348,0.38891,0.50725,0.61676,0.63442,0.55606,0.61786,0.69075,0.72908,0.72853,0.72660,0.74681,0.68240,0.67310,0.56974,0.46363,0.33049,0.20660,0.07336,-0.08125,-0.17912,-0.10660,-0.00445,0.13563
0.96260,0.96280,0.94702,0.95528,0.96489,0.95639,0.94296,0.94391,0.93566,0.91812,0.90561,0.88942,0.88911,0.87835,0.85482,0.81936,0.76347,0.72991,0.67184,0.63216,0.65226,0.59643,0.63431,0.62703,0.53215,0.49889,0.54156,0.48503,0.37563,0.38553,0.39091,0.27582,0.17868,0.19420,0.15660,0.00925,-0.03073,-0.18945,-0.13486,-0.17316,-0.06629,0.10088,0.18563,0.37761,0.46324,0.57388,0.64486,0.71772,0.73265,0.79634,0.79709,0.82400,0.82936,0.83605,0.85072,0.80353,0.75529,0.72323,0.71898,0.67735,0.62397,0.61000,0.53407,0.49781,0.52737,0.46451,0.37299,0.29808,0.25752,0.37793,0.36174,0.44693,0.41581,0.45763,0.54118,0.58587,0.68518,0.77473,0.83348,0.89525,0.86108,0.84792,0.89910,0.85275,0.80487,0.85750,0.87671,0.82122,0.76126,0.67097,0.61810,0.50131,0.45066,0.45506,0.34025,0.32197,0.26336,0.05802,0.00603,-0.15866,-0.05799,-0.02317,-0.14951,-0.06649,0.03930,0.21745,0.29410,0.38995,0.29366,0.32141,0.22119,0.19261,0.17370,0.34146,0.15959,0.14955,0.36706,0.37265,0.26127,0.45774,0.59236,0.52782,0.50462,0.35345,0.30423,0.41558,0.52481,0.50197,0.62625,0.68526,0.72605,0.66112,0.68068,0.60993,0.60606,0.54820,0.46272,0.40628,0.27307,0.23400,0.11087,0.04316,-0.07644,-0.17562,-0.27089,-0.37498,-0.39222,-0.32433,-0.26862,-0.18687,-0.05847,0.02043,0.05636,0.05937,-0.01657,0.03331,0.07672,0.08037,0.19609,0.15417,0.01963,-0.04671,-0.18065,-0.23823,-0.26363,-0.36383,-0.26048,-0.12849,0.00131,-0.04214,-0.00698,0.00905,0.12776,0.19118,0.31878,0.34791,0.44667,0.45163,0.41430,0.42016,0.32960,0.35455,0.20800,0.23462,0.10988,0.02159,-0.08205,-0.22098,-0.33597,-0.31610,-0.41296,-0.42704,-0.50838,-0.52388,-0.45960,-0.45540,-0.33675,-0.32094,-0.17722,-0.11292,-0.01879,0.13301,0.18311,0.29269,0.32258,0.44594,0.56424,0.58354,0.50350,0.57632,0.66016,0.71068,0.72190,0.73273,0.76042,0.70937,0.70972,0.61197,0.51925,0.38932,0.27353,0.14220,-0.01407,-0.11441,-0.03526,0.06005,0.19805
0.97993,0.97742,0.96607,0.97389,0.97834,0.97005,0.96092,0.95820,0.94727,0.93294,0.91935,0.90838,0.91114,0.90466,0.88449,0.85383,0.80215,0.76988,0.71638,0.67770,0.69712,0.64436,0.68040,0.67414,0.58304,0.54970,0.58986,0.53634,0.42976,0.43773,0.44356,0.33182,0.23479,0.24785,0.21140,0.06349,0.02503,-0.13437,-0.07940,-0.12187,-0.01194,0.15515,0.24013,0.42920,0.51321,0.62180,0.68919,0.75852,0.77249,0.83143,0.82988,0.85177,0.85169,0.85408,0.86336,0.81396,0.76966,0.74001,0.73028,0.68680,0.63809,0.62398,0.54554,0.51202,0.54624,0.48168,0.38944,0.31837,0.28230,0.40471,0.39457,0.48372,0.45376,0.49902,0.57709,0.62320,0.71550,0.80418,0.86356,0.91756,0.88007,0.87347,0.91897,0.86844,0.82450,0.87642,0.88951,0.83040,0.77447,0.68586,0.62481,0.50484,0.45041,0.44668,0.32685,0.30249,0.25185,0.04864,0.00259,-0.15846,-0.05572,-0.01435,-0.13520,-0.05494,0.04475,0.22125,0.30282,0.40555,0.31731,0.35348,0.26032,0.23748,0.21972,0.38968,0.21167,0.19593,0.41144,0.42152,0.30732,0.49588,0.63331,0.56810,0.54986,0.40044,0.34865,0.45998,0.57004,0.54728,0.66958,0.72654,0.76454,0.70013,0.71605,0.64721,0.63745,0.57788,0.48805,0.42708,0.29333,0.25079,0.12533,0.06015,-0.06125,-0.15496,-0.25141,-0.35256,-0.37498,-0.31049,-0.26157,-0.18503,-0.05786,0.01774,0.05482,0.06195,-0.01373,0.03567,0.08234,0.08869,0.20673,0.16859,0.03630,-0.02204,-0.15338,-0.20640,-0.22600,-0.32407,-0.21335,-0.08029,0.05246,0.00844,0.03878,0.05706,0.17834,0.23825,0.36385,0.38826,0.48331,0.48269,0.44010,0.45265,0.36643,0.39816,0.25540,0.28621,0.16202,0.07732,-0.02611,-0.16790,-0.28787,-0.27310,-0.37403,-0.39379,-0.47814,-0.49894,-0.43405,-0.43257,-0.30558,-0.28024,-0.13388,-0.07392,0.01501,0.16027,0.20223,0.30709,0.33023,0.45337,0.57389,0.59285,0.51764,0.59560,0.68286,0.73738,0.75316,0.76767,0.79572,0.74956,0.75037,0.65833,0.56735,0.43977,0.32548,0.19449,0.03881,-0.06128,0.01672,0.11037,0.24319
0.99223,0.98893,0.98217,0.98859,0.98836,0.98195,0.97605,0.96938,0.95632,0.94587,0.93121,0.92512,0.93075,0.92823,0.91161,0.88510,0.83742,0.80654,0.75612,0.71872,0.73868,0.68885,0.72315,0.71725,0.62961,0.59623,0.63480,0.58342,0.47928,0.48540,0.49160,0.38263,0.28593,0.29675,0.26151,0.11285,0.07435,-0.08576,-0.02919,-0.07425,0.03698,0.20506,0.29028,0.47677,0.55957,0.66561,0.72941,0.79570,0.80926,0.86352,0.86015,0.87713,0.87182,0.87021,0.87551,0.82361,0.78245,0.75460,0.74019,0.69536,0.65059,0.63593,0.55483,0.52428,0.56236,0.49567,0.40387,0.33715,0.30562,0.42989,0.42530,0.51773,0.48911,0.53760,0.61108,0.65866,0.74462,0.83262,0.89102,0.93886,0.89924,0.89572,0.93506,0.87981,0.84047,0.89275,0.89997,0.83750,0.78547,0.69968,0.63252,0.50872,0.45085,0.43937,0.31604,0.28674,0.24228,0.04050,-0.00059,-0.15831,-0.05387,-0.00570,-0.12123,-0.04360,0.04986,0.22570,0.31191,0.42090,0.34006,0.38363,0.29791,0.28011,0.26309,0.43467,0.25993,0.23903,0.45285,0.46652,0.35108,0.53110,0.66909,0.60575,0.59166,0.44259,0.39007,0.49888,0.61056,0.58972,0.70906,0.76434,0.80016,0.73717,0.74942,0.68235,0.66668,0.60551,0.51177,0.44660,0.31284,0.26675,0.13936,0.07704,-0.04731,-0.13662,-0.23364,-0.33143,-0.35752,-0.29640,-0.25432,-0.18282,-0.05551,0.01749,0.05580,0.06637,-0.00990,0.03835,0.08784,0.09683,0.21670,0.18208,0.05213,0.00033,-0.12847,-0.17753,-0.19143,-0.28644,-0.17053,-0.03645,0.09959,0.05493,0.08128,0.10149,0.22478,0.28128,0.40495,0.42330,0.51947,0.51211,0.46635,0.48302,0.39958,0.43866,0.29978,0.33431,0.21118,0.12883,0.02381,-0.12026,-0.24454,-0.23359,-0.33850,-0.36206,-0.44799,-0.47283,-0.40722,-0.40787,-0.27512,-0.24260,-0.09396,-0.03722,0.04808,0.18571,0.22050,0.32068,0.33778,0.46059,0.58236,0.60185,0.53064,0.61368,0.70358,0.76177,0.78238,0.80045,0.82826,0.78684,0.78818,0.70057,0.61148,0.48659,0.37330,0.24189,0.08639,-0.01421,0.06224,0.15510,0.28003
