# 788,789,790,791,792,793,794,795,796,797,798,799,800,801,802,803,804,805,806,807,808,809,810,811,812,813,814,815,816,817,818,819,820,821,822,823,824,825,826,827,828,829,830,831,832,833,834,835,836,837,838,839,840,841,842,843,844,845,846,847,848,849,850,851,852,853,854,855,856,857,858,859,860,861,862,863,864,865,866,867,868,869,870,871,872,873,874,875,876,877,878,879,880,881,882,883,884,885,886,887,888,889,890,891,892,893,894,895,896,897,898,899,900,901,902,903,904,905,906,907,908,909,910,911,912,913,914,915,916,917,918,919,920,921,922,923,924,925,926,927,928,929,930,931,932,933,934,935,936,937,938,939,940,941,942,943,944,945,946,947,948,949,950,951,952,953,954,955,956,957,958,959,960,961,962,963,964,965,966,967,968,969,970,971,972,973,974,975,976,977,978,979,980,981,982,983,984,985,986,987,988,989,990,991,992,993,994,995,996,997,998,999,1000,1001,1002,1003,1004,1005,1006,1007,1008,1009,1010,1011,1012,1013,1014
0.99545,0.99307,0.99084,0.98533,0.98043,0.97475,0.96596,0.95847,0.95086,0.93213,0.91680,0.90703,0.91032,0.91860,0.91692,0.91888,0.88558,0.88874,0.87103,0.84000,0.82782,0.77840,0.78975,0.81227,0.76349,0.71423,0.74877,0.74953,0.66140,0.63901,0.67415,0.62066,0.53875,0.51530,0.51922,0.32420,0.25132,0.08738,0.26967,0.29813,0.47144,0.59736,0.63646,0.72719,0.79666,0.83591,0.89344,0.90315,0.87811,0.89237,0.86866,0.86682,0.86013,0.86191,0.86596,0.82946,0.80115,0.78329,0.77633,0.74859,0.71908,0.71207,0.65963,0.63899,0.66557,0.62213,0.57139,0.52959,0.51589,0.59136,0.59889,0.65290,0.63749,0.67656,0.71347,0.75548,0.80958,0.87500,0.92165,0.94197,0.89739,0.89761,0.92752,0.89654,0.86280,0.88906,0.90008,0.86551,0.83049,0.78472,0.75216,0.67091,0.65281,0.64558,0.56803,0.55125,0.53026,0.40883,0.35265,0.25915,0.31194,0.38291,0.29257,0.32934,0.38491,0.49537,0.54304,0.60639,0.56764,0.58736,0.54313,0.53845,0.52729,0.62092,0.56693,0.55041,0.65460,0.69148,0.63806,0.69913,0.80042,0.80086,0.85135,0.81436,0.79986,0.85202,0.89874,0.88082,0.90896,0.88818,0.87471,0.81395,0.79974,0.75100,0.73045,0.69130,0.63275,0.59460,0.51746,0.48339,0.40228,0.37008,0.29519,0.24468,0.17914,0.10399,0.07353,0.13700,0.15427,0.19287,0.28617,0.33166,0.35859,0.35167,0.28791,0.32432,0.36139,0.37297,0.45453,0.44355,0.37540,0.35135,0.28476,0.23102,0.23598,0.15681,0.25884,0.34554,0.42330,0.38125,0.39052,0.39949,0.48253,0.51870,0.57442,0.60057,0.66952,0.67260,0.63210,0.63960,0.59105,0.62469,0.55982,0.58009,0.48811,0.43918,0.37368,0.27004,0.18095,0.19516,0.09696,0.06437,-0.03437,-0.05656,0.02352,0.04088,0.16561,0.19551,0.32371,0.36094,0.40992,0.46740,0.48803,0.53695,0.54239,0.61267,0.68774,0.69127,0.64624,0.69249,0.74953,0.78628,0.79819,0.82629,0.85648,0.85709,0.89318,0.85512,0.85770,0.79558,0.73848,0.65999,0.49664,0.35889,0.32454,0.40625,0.19899
0.99540,0.99481,0.99716,0.99462,0.98974,0.98725,0.98294,0.97638,0.96930,0.95650,0.94421,0.93721,0.94021,0.94693,0.94506,0.94543,0.91694,0.91753,0.89954,0.87174,0.86369,0.81970,0.83151,0.85050,0.80465,0.76148,0.79380,0.79122,0.70955,0.69111,0.72231,0.66847,0.59267,0.57192,0.57236,0.38057,0.29749,0.13877,0.32373,0.34298,0.50730,0.63295,0.67423,0.76461,0.82868,0.86773,0.91736,0.92887,0.90997,0.92381,0.90440,0.90329,0.89764,0.89889,0.90187,0.86980,0.84498,0.82914,0.82251,0.79710,0.77050,0.76400,0.71529,0.69618,0.72111,0.68039,0.63247,0.59277,0.57963,0.65135,0.65809,0.70860,0.69400,0.72995,0.76443,0.80186,0.85062,0.90759,0.94691,0.96338,0.92767,0.92873,0.95291,0.92701,0.89909,0.92191,0.93052,0.90061,0.87062,0.82984,0.79972,0.72429,0.70654,0.69784,0.62433,0.60657,0.58869,0.47322,0.42009,0.32873,0.38018,0.45003,0.36265,0.39891,0.45261,0.55885,0.60474,0.66504,0.62844,0.64696,0.60410,0.59899,0.58638,0.67419,0.62118,0.60721,0.70662,0.73880,0.68826,0.74784,0.83927,0.83678,0.87631,0.82381,0.80410,0.84707,0.90128,0.89417,0.92711,0.91550,0.90701,0.85447,0.84296,0.79905,0.78102,0.74500,0.69042,0.65456,0.58129,0.54872,0.47063,0.43927,0.36602,0.31622,0.25148,0.17656,0.14659,0.20981,0.22704,0.26452,0.35641,0.39957,0.42621,0.42062,0.35859,0.39386,0.43057,0.44209,0.52081,0.51017,0.44408,0.42042,0.35509,0.30170,0.30527,0.22582,0.32516,0.41126,0.48631,0.44522,0.45575,0.46332,0.54283,0.57930,0.63320,0.65889,0.72347,0.72642,0.68897,0.69637,0.65024,0.68124,0.61899,0.63672,0.54769,0.49809,0.43489,0.33425,0.24764,0.26400,0.16679,0.13534,0.03524,0.01428,0.09495,0.11161,0.23558,0.26310,0.39005,0.42819,0.47662,0.53277,0.55274,0.59951,0.60432,0.67075,0.74091,0.74447,0.70296,0.74625,0.79878,0.83204,0.84264,0.86708,0.89312,0.89195,0.92120,0.88492,0.88176,0.82283,0.76235,0.68212,0.51953,0.37085,0.32186,0.38940,0.17327
0.98826,0.98904,0.99437,0.99337,0.98839,0.98830,0.98701,0.98064,0.97395,0.96563,0.95515,0.95028,0.95358,0.95975,0.95854,0.95889,0.93425,0.93445,0.91724,0.89226,0.88618,0.84589,0.85717,0.87408,0.83122,0.79134,0.82129,0.81778,0.74085,0.72360,0.75229,0.69981,0.62774,0.60787,0.60689,0.42041,0.33524,0.18011,0.36266,0.37379,0.53138,0.65688,0.69967,0.78843,0.84870,0.88663,0.93111,0.94270,0.92735,0.93994,0.92300,0.92145,0.91596,0.91617,0.91804,0.88835,0.86611,0.85192,0.84495,0.82079,0.79653,0.79041,0.74388,0.72618,0.75046,0.71127,0.66536,0.62759,0.61538,0.68453,0.69139,0.73985,0.72599,0.76023,0.79218,0.82606,0.87034,0.92177,0.95703,0.97028,0.93948,0.94174,0.96176,0.93837,0.91507,0.93605,0.94254,0.91504,0.88901,0.85126,0.82203,0.74984,0.73114,0.72023,0.64902,0.62943,0.61446,0.50360,0.45375,0.36423,0.41521,0.48514,0.40118,0.43682,0.48819,0.59091,0.63662,0.69573,0.66149,0.68012,0.63942,0.63463,0.62221,0.70617,0.65415,0.64062,0.73627,0.76600,0.71668,0.77327,0.85885,0.85431,0.88860,0.82743,0.80598,0.84282,0.90109,0.90132,0.93610,0.92902,0.92318,0.87622,0.86601,0.82544,0.80840,0.77416,0.72168,0.68707,0.61648,0.58465,0.50871,0.47822,0.40590,0.35742,0.29345,0.21969,0.19005,0.25183,0.26814,0.30338,0.39408,0.43485,0.46155,0.45786,0.39727,0.43141,0.46820,0.47992,0.55656,0.54657,0.48224,0.45977,0.39585,0.34370,0.34746,0.26936,0.36731,0.45244,0.52614,0.48643,0.49695,0.50440,0.58138,0.61665,0.66822,0.69197,0.75299,0.75506,0.71983,0.72767,0.68388,0.71399,0.65481,0.67154,0.58567,0.53668,0.47486,0.37671,0.29130,0.30784,0.21155,0.17993,0.07889,0.05837,0.13889,0.15518,0.27832,0.30563,0.43072,0.46815,0.51496,0.56945,0.58797,0.63271,0.63633,0.70010,0.76731,0.77114,0.73247,0.77429,0.82419,0.85566,0.86629,0.88893,0.91206,0.91066,0.93591,0.90184,0.89588,0.83955,0.77887,0.69831,0.53828,0.38488,0.32905,0.38662,0.16866
0.98302,0.98451,0.99310,0.99391,0.98830,0.99020,0.99236,0.98618,0.97945,0.97567,0.96706,0.96484,0.96845,0.97444,0.97389,0.97418,0.95315,0.95199,0.93585,0.91319,0.90915,0.87281,0.88392,0.89903,0.85911,0.82307,0.85135,0.84696,0.77512,0.75998,0.78674,0.73574,0.66796,0.64961,0.64763,0.46511,0.37417,0.22316,0.40797,0.41702,0.56749,0.68954,0.73196,0.81759,0.87304,0.90919,0.94726,0.95926,0.94732,0.95862,0.94378,0.94194,0.93631,0.93554,0.93607,0.90923,0.89011,0.87772,0.87044,0.84789,0.82644,0.82075,0.77697,0.76088,0.78425,0.74719,0.70384,0.66830,0.65699,0.72307,0.73002,0.77602,0.76303,0.79541,0.82503,0.85654,0.89661,0.94193,0.97153,0.98073,0.95577,0.95867,0.97394,0.95343,0.93438,0.95293,0.95697,0.93269,0.91095,0.87738,0.84931,0.78139,0.76308,0.75022,0.68142,0.66142,0.64964,0.54372,0.49693,0.40999,0.46118,0.52967,0.44915,0.48355,0.53222,0.63093,0.67541,0.73256,0.70104,0.71944,0.68101,0.67644,0.66428,0.74415,0.69422,0.68192,0.77285,0.80015,0.75335,0.80683,0.88557,0.88031,0.90811,0.84036,0.81562,0.84364,0.90498,0.91331,0.94921,0.94742,0.94388,0.90240,0.89309,0.85591,0.83976,0.80767,0.75806,0.72492,0.65766,0.62684,0.55357,0.52437,0.45379,0.40696,0.34430,0.27188,0.24213,0.30274,0.31775,0.35100,0.43988,0.47808,0.50452,0.50239,0.44317,0.47624,0.51282,0.52481,0.59908,0.58999,0.52827,0.50702,0.44496,0.39421,0.39806,0.32093,0.41677,0.50006,0.57137,0.53266,0.54302,0.54995,0.62431,0.65868,0.70811,0.73056,0.78786,0.78922,0.75629,0.76426,0.72312,0.75185,0.69546,0.71104,0.62842,0.58070,0.52090,0.42527,0.34181,0.35856,0.26345,0.23236,0.13136,0.11169,0.19196,0.20783,0.32993,0.35661,0.47944,0.51592,0.56111,0.61343,0.63040,0.67259,0.67488,0.73509,0.79839,0.80213,0.76682,0.80668,0.85332,0.88269,0.89288,0.91373,0.93448,0.93289,0.95404,0.92282,0.91418,0.86218,0.80139,0.72236,0.56606,0.40810,0.34082,0.38181,0.15911
0.97635,0.97781,0.98777,0.98780,0.98024,0.98290,0.98666,0.97871,0.97056,0.96911,0.96026,0.96045,0.96577,0.97380,0.97542,0.97839,0.95952,0.96053,0.94732,0.92615,0.92021,0.88472,0.89387,0.91024,0.87335,0.83625,0.86301,0.86210,0.79259,0.77494,0.80274,0.75628,0.68839,0.66830,0.66914,0.49170,0.40736,0.25502,0.43667,0.44752,0.59801,0.71650,0.75671,0.83702,0.89028,0.92267,0.95860,0.96772,0.95443,0.96276,0.94658,0.94218,0.93454,0.93154,0.93024,0.90290,0.88544,0.87437,0.86537,0.84236,0.82316,0.81767,0.77387,0.75930,0.78367,0.74652,0.70421,0.67084,0.66133,0.72673,0.73560,0.78210,0.76979,0.80300,0.83024,0.86212,0.89946,0.94360,0.97237,0.97766,0.95200,0.95629,0.96895,0.94702,0.93020,0.94895,0.95042,0.92586,0.90663,0.87435,0.84426,0.77589,0.75639,0.74025,0.67022,0.64841,0.63961,0.53576,0.49205,0.40699,0.46054,0.52976,0.45314,0.48601,0.53118,0.62788,0.67355,0.73208,0.70403,0.72502,0.69022,0.68745,0.67869,0.75826,0.71118,0.69634,0.78417,0.81331,0.76655,0.81436,0.89290,0.88914,0.92043,0.85810,0.83563,0.85992,0.91844,0.92896,0.96045,0.95572,0.95006,0.90917,0.89771,0.86126,0.84279,0.81037,0.76022,0.72645,0.66042,0.62901,0.55661,0.52887,0.45823,0.41407,0.35237,0.28268,0.25194,0.30952,0.32125,0.35051,0.43849,0.47339,0.50059,0.50133,0.44267,0.47479,0.51255,0.52560,0.59917,0.59174,0.53212,0.51384,0.45385,0.40591,0.41272,0.33894,0.43562,0.51671,0.58811,0.55076,0.55853,0.56731,0.64163,0.67252,0.71933,0.73824,0.79332,0.79251,0.75975,0.76887,0.73034,0.76082,0.70768,0.72537,0.64610,0.60174,0.54194,0.44704,0.36265,0.37609,0.28123,0.24843,0.14823,0.12738,0.20677,0.22308,0.34509,0.37516,0.49551,0.52812,0.56996,0.61932,0.63293,0.67263,0.67223,0.73094,0.79378,0.79779,0.76490,0.80570,0.85242,0.88291,0.89516,0.91778,0.93879,0.94013,0.96205,0.93513,0.92935,0.88112,0.82563,0.75071,0.60028,0.44676,0.37902,0.40956,0.18891
0.97892,0.97962,0.98754,0.98475,0.97600,0.97713,0.97863,0.96881,0.95934,0.95495,0.94350,0.94312,0.94956,0.96008,0.96279,0.96851,0.94716,0.95116,0.93986,0.91675,0.90672,0.86750,0.87536,0.89531,0.85767,0.81539,0.84344,0.84697,0.77369,0.75194,0.78371,0.73970,0.66694,0.64404,0.64906,0.46915,0.39371,0.23448,0.41611,0.43794,0.59628,0.71326,0.75044,0.82842,0.88443,0.91485,0.95530,0.96140,0.94269,0.94948,0.92925,0.92292,0.91325,0.90946,0.90780,0.87699,0.85794,0.84611,0.83584,0.81090,0.79081,0.78501,0.73846,0.72348,0.74969,0.71044,0.66652,0.63277,0.62384,0.69192,0.70246,0.75194,0.73939,0.77570,0.80374,0.83985,0.87997,0.93001,0.96350,0.96920,0.93672,0.94074,0.95586,0.92934,0.90929,0.93036,0.93198,0.90408,0.88262,0.84734,0.81416,0.74117,0.72095,0.70406,0.63007,0.60790,0.59869,0.49150,0.44678,0.36134,0.41766,0.48788,0.41063,0.44293,0.48769,0.58660,0.63419,0.69599,0.66834,0.69184,0.65785,0.65633,0.65036,0.73464,0.68870,0.67079,0.76053,0.79455,0.74624,0.79212,0.87798,0.87733,0.91842,0.87017,0.85310,0.88155,0.93264,0.93673,0.96200,0.94910,0.93839,0.89155,0.87662,0.83654,0.81469,0.77976,0.72634,0.69042,0.62205,0.58909,0.51476,0.48706,0.41469,0.37134,0.30941,0.24081,0.20905,0.26543,0.27541,0.30349,0.39259,0.42786,0.45571,0.45682,0.39717,0.42983,0.46837,0.48193,0.55738,0.55045,0.49028,0.47336,0.41353,0.36669,0.37627,0.30417,0.40363,0.48384,0.55739,0.51949,0.52481,0.53538,0.61297,0.64230,0.68946,0.70674,0.76385,0.76179,0.72702,0.73700,0.69817,0.73163,0.67783,0.69864,0.61849,0.57652,0.51505,0.41760,0.33049,0.34054,0.24458,0.20998,0.11117,0.08861,0.16774,0.18529,0.30837,0.34220,0.46258,0.49230,0.53286,0.58161,0.59388,0.63379,0.63226,0.69302,0.75934,0.76353,0.72944,0.77301,0.82315,0.85688,0.87123,0.89764,0.92218,0.92666,0.95414,0.92837,0.92865,0.88035,0.82980,0.75789,0.60891,0.46225,0.40149,0.44100,0.22390
0.96652,0.96834,0.98055,0.97993,0.97028,0.97442,0.98075,0.97067,0.96113,0.96337,0.95457,0.95817,0.96499,0.97494,0.97819,0.98356,0.96782,0.96996,0.96004,0.94053,0.93354,0.90015,0.90774,0.92497,0.89187,0.85544,0.88081,0.88286,0.81735,0.79878,0.82730,0.78547,0.71942,0.69867,0.70192,0.52796,0.44577,0.29234,0.47543,0.49095,0.63994,0.75306,0.79020,0.86386,0.91272,0.94048,0.97192,0.97840,0.96491,0.96967,0.95290,0.94627,0.93672,0.93163,0.92808,0.90160,0.88705,0.87788,0.86722,0.84465,0.82861,0.82344,0.78097,0.76831,0.79312,0.75686,0.71666,0.68634,0.67881,0.74226,0.75285,0.79859,0.78731,0.82067,0.84530,0.87734,0.91118,0.95214,0.97770,0.97807,0.95405,0.95886,0.96713,0.94529,0.93169,0.94883,0.94689,0.92382,0.90847,0.87928,0.84780,0.78089,0.76056,0.74089,0.67112,0.64793,0.64345,0.54418,0.50408,0.42272,0.47840,0.54674,0.47489,0.50541,0.54623,0.63866,0.68459,0.74342,0.71988,0.74302,0.71243,0.71134,0.70576,0.78355,0.74056,0.72454,0.80709,0.83733,0.79318,0.83448,0.90981,0.90773,0.93934,0.88052,0.85981,0.87610,0.93102,0.94666,0.97378,0.96837,0.96126,0.92275,0.90937,0.87454,0.85408,0.82253,0.77334,0.73969,0.67641,0.64499,0.57473,0.54893,0.47930,0.43847,0.37864,0.31241,0.28078,0.33495,0.34322,0.36842,0.45444,0.48543,0.51288,0.51628,0.45888,0.48974,0.52796,0.54195,0.61369,0.60808,0.55171,0.53681,0.47999,0.43546,0.44509,0.37494,0.47108,0.54827,0.61809,0.58185,0.58710,0.59676,0.66998,0.69805,0.74191,0.75718,0.80853,0.80555,0.77431,0.78433,0.74950,0.78076,0.73117,0.75046,0.67528,0.63494,0.57679,0.48354,0.39972,0.41011,0.31651,0.28280,0.18482,0.16330,0.24118,0.25814,0.37894,0.41168,0.52814,0.55647,0.59437,0.63975,0.64973,0.68581,0.68234,0.73787,0.79851,0.80264,0.77352,0.81423,0.85952,0.89013,0.90370,0.92724,0.94795,0.95216,0.97342,0.95175,0.94812,0.90575,0.85528,0.78509,0.64176,0.48720,0.41428,0.43099,0.20826
0.97091,0.97337,0.98547,0.98711,0.98016,0.98452,0.99057,0.98348,0.97615,0.97803,0.97094,0.97251,0.97704,0.98394,0.98465,0.98620,0.96984,0.96828,0.95474,0.93477,0.93173,0.89969,0.90993,0.92411,0.88854,0.85608,0.88225,0.87868,0.81318,0.79934,0.82485,0.77760,0.71425,0.69682,0.69524,0.51763,0.42350,0.27517,0.46243,0.47274,0.61614,0.73257,0.77312,0.85269,0.90171,0.93385,0.96451,0.97542,0.96602,0.97439,0.96094,0.95769,0.95103,0.94846,0.94676,0.92271,0.90762,0.89770,0.88928,0.86830,0.85082,0.84569,0.80488,0.79111,0.81388,0.77898,0.73898,0.70695,0.69743,0.75987,0.76778,0.81132,0.79953,0.83034,0.85678,0.88647,0.92131,0.96002,0.98336,0.98690,0.96742,0.97100,0.98014,0.96209,0.94816,0.96376,0.96404,0.94334,0.92714,0.89846,0.87067,0.80711,0.78860,0.77256,0.70608,0.68477,0.67781,0.57853,0.53613,0.45330,0.50587,0.57266,0.49741,0.52952,0.57377,0.66672,0.71029,0.76587,0.73894,0.75819,0.72367,0.72023,0.71001,0.78550,0.73962,0.72769,0.81176,0.83761,0.79448,0.84209,0.91344,0.90865,0.93157,0.86049,0.83397,0.85108,0.91246,0.92991,0.96425,0.96618,0.96370,0.92789,0.91823,0.88472,0.86829,0.83846,0.79174,0.75991,0.69694,0.66700,0.59719,0.57016,0.50164,0.45801,0.39753,0.32824,0.29811,0.35575,0.36791,0.39737,0.48349,0.51749,0.54378,0.54418,0.48688,0.51835,0.55495,0.56759,0.63878,0.63143,0.57366,0.55529,0.49651,0.44879,0.45412,0.37990,0.47357,0.55306,0.62138,0.58419,0.59317,0.60014,0.67159,0.70369,0.74974,0.76928,0.82143,0.82118,0.79093,0.79937,0.76237,0.79018,0.73801,0.75345,0.67591,0.63130,0.57422,0.48175,0.40033,0.41552,0.32222,0.29128,0.19195,0.17244,0.25162,0.26773,0.38799,0.41537,0.53397,0.56733,0.60901,0.65736,0.67115,0.70931,0.70897,0.76454,0.82339,0.82710,0.79650,0.83463,0.87777,0.90553,0.91605,0.93591,0.95454,0.95432,0.97186,0.94573,0.93619,0.89069,0.83256,0.75732,0.60770,0.44492,0.36712,0.38843,0.16134
0.98604,0.98733,0.99406,0.99268,0.98677,0.98767,0.98762,0.98035,0.97317,0.96713,0.95633,0.95332,0.95743,0.96548,0.96552,0.96786,0.94455,0.94540,0.93067,0.90598,0.89868,0.85924,0.86992,0.88812,0.84710,0.80734,0.83720,0.83607,0.76095,0.74314,0.77335,0.72392,0.65221,0.63197,0.63329,0.44729,0.36105,0.20449,0.39232,0.41304,0.56909,0.68926,0.72893,0.81278,0.87000,0.90448,0.94599,0.95596,0.93968,0.95001,0.93187,0.92870,0.92157,0.92055,0.92084,0.89136,0.87105,0.85803,0.84983,0.82590,0.80374,0.79781,0.75198,0.73552,0.76012,0.72151,0.67712,0.64123,0.63024,0.69838,0.70651,0.75472,0.74152,0.77629,0.80702,0.84245,0.88513,0.93521,0.96803,0.97780,0.94765,0.94978,0.96701,0.94306,0.92102,0.94099,0.94526,0.91865,0.89528,0.85949,0.82929,0.75810,0.73973,0.72678,0.65492,0.63501,0.62292,0.51424,0.46613,0.37887,0.43273,0.50148,0.41987,0.45363,0.50223,0.60270,0.64831,0.70776,0.67642,0.69637,0.65806,0.65433,0.64411,0.72786,0.67913,0.66482,0.75714,0.78828,0.74112,0.79372,0.87783,0.87571,0.91052,0.85404,0.83286,0.86346,0.91816,0.92186,0.95293,0.94502,0.93744,0.89107,0.87893,0.83863,0.81998,0.78605,0.73415,0.69938,0.63041,0.59846,0.52376,0.49471,0.42295,0.37668,0.31388,0.24223,0.21168,0.27177,0.28555,0.31826,0.40789,0.44668,0.47337,0.47102,0.41088,0.44438,0.48152,0.49384,0.56956,0.56090,0.49883,0.47842,0.41651,0.36650,0.37219,0.29593,0.39369,0.47605,0.54862,0.50917,0.51777,0.52581,0.60284,0.63642,0.68649,0.70826,0.76732,0.76802,0.73347,0.74189,0.70035,0.73107,0.67367,0.69142,0.60780,0.56194,0.50106,0.40335,0.31795,0.33224,0.23622,0.20412,0.10462,0.08365,0.16407,0.18130,0.30426,0.33342,0.45633,0.49073,0.53512,0.58700,0.60310,0.64547,0.64711,0.70874,0.77459,0.77819,0.74186,0.78369,0.83277,0.86458,0.87615,0.89994,0.92367,0.92426,0.94993,0.91945,0.91542,0.86368,0.80630,0.72984,0.57398,0.41935,0.35495,0.40340,0.18182
0.98069,0.98198,0.98958,0.98664,0.97883,0.98045,0.98119,0.97154,0.96314,0.95864,0.94676,0.94575,0.95131,0.96150,0.96321,0.96808,0.94605,0.94908,0.93731,0.91310,0.90338,0.86389,0.87288,0.89311,0.85440,0.81284,0.84216,0.84486,0.77079,0.75048,0.78270,0.73748,0.66507,0.64309,0.64766,0.46346,0.38318,0.22361,0.41120,0.43717,0.59579,0.71213,0.74894,0.82768,0.88320,0.91393,0.95427,0.96104,0.94261,0.95003,0.93011,0.92466,0.91541,0.91262,0.91127,0.88095,0.86185,0.84981,0.84001,0.81552,0.79509,0.78924,0.74308,0.72783,0.75350,0.71460,0.67090,0.63682,0.62741,0.69533,0.70532,0.75424,0.74166,0.77776,0.80698,0.84398,0.88520,0.93539,0.96803,0.97466,0.94289,0.94546,0.96076,0.93518,0.91418,0.93412,0.93626,0.90916,0.88747,0.85250,0.82014,0.74800,0.72867,0.71285,0.63964,0.61845,0.60903,0.50188,0.45598,0.37088,0.42692,0.49580,0.41722,0.44934,0.49492,0.59367,0.64033,0.70132,0.67303,0.69545,0.66035,0.65827,0.65122,0.73559,0.68985,0.67326,0.76302,0.79683,0.75035,0.79789,0.88280,0.88286,0.92192,0.87276,0.85470,0.88219,0.93209,0.93667,0.96298,0.95121,0.94065,0.89362,0.87889,0.83826,0.81685,0.78255,0.72990,0.69435,0.62618,0.59357,0.51945,0.49168,0.41981,0.37600,0.31416,0.24508,0.21353,0.27097,0.28181,0.31126,0.40016,0.43633,0.46363,0.46345,0.40372,0.43650,0.47435,0.48758,0.56287,0.55564,0.49534,0.47770,0.41784,0.37041,0.37898,0.30566,0.40439,0.48429,0.55691,0.51813,0.52406,0.53364,0.61130,0.64217,0.69034,0.70899,0.76631,0.76509,0.73078,0.74003,0.70075,0.73321,0.67816,0.69816,0.61704,0.57467,0.51386,0.41626,0.32995,0.34098,0.24518,0.21155,0.11360,0.09149,0.17091,0.18885,0.31161,0.34410,0.46472,0.49539,0.53672,0.58577,0.59891,0.63904,0.63824,0.69875,0.76466,0.76836,0.73402,0.77694,0.82651,0.85972,0.87310,0.89899,0.92375,0.92750,0.95492,0.92845,0.92803,0.87995,0.82787,0.75564,0.60529,0.45369,0.38808,0.42891,0.20842
0.96966,0.97259,0.98466,0.98560,0.97872,0.98367,0.98929,0.98155,0.97471,0.97695,0.96917,0.97091,0.97523,0.98268,0.98330,0.98513,0.96858,0.96703,0.95422,0.93356,0.92989,0.89770,0.90818,0.92329,0.88773,0.85510,0.88204,0.87929,0.81356,0.79981,0.82643,0.77989,0.71643,0.69911,0.69837,0.51832,0.42272,0.27304,0.46463,0.48119,0.62505,0.73922,0.77833,0.85656,0.90444,0.93544,0.96563,0.97593,0.96600,0.97385,0.95997,0.95659,0.94950,0.94704,0.94500,0.92099,0.90629,0.89649,0.88794,0.86715,0.85001,0.84488,0.80430,0.79075,0.81343,0.77873,0.73915,0.70748,0.69818,0.76037,0.76849,0.81180,0.80025,0.83139,0.85822,0.88913,0.92428,0.96327,0.98591,0.98902,0.96940,0.97205,0.98071,0.96265,0.94838,0.96322,0.96312,0.94289,0.92712,0.89886,0.87096,0.80787,0.78979,0.77356,0.70718,0.68632,0.67995,0.58128,0.53872,0.45703,0.51007,0.57591,0.50067,0.53201,0.57580,0.66803,0.71125,0.76672,0.74032,0.75957,0.72531,0.72197,0.71197,0.78791,0.74331,0.73153,0.81474,0.84145,0.79981,0.84688,0.91803,0.91460,0.93748,0.86867,0.84234,0.85737,0.91613,0.93441,0.96762,0.96903,0.96556,0.92937,0.91907,0.88490,0.86778,0.83830,0.79197,0.76018,0.69765,0.66779,0.59840,0.57170,0.50354,0.46044,0.40041,0.33163,0.30139,0.35893,0.37076,0.40015,0.48583,0.51985,0.54578,0.54584,0.48868,0.52001,0.55631,0.56890,0.63971,0.63257,0.57536,0.55736,0.49921,0.45190,0.45746,0.38345,0.47682,0.55522,0.62289,0.58528,0.59373,0.60051,0.67223,0.70442,0.75055,0.77008,0.82185,0.82150,0.79164,0.79987,0.76326,0.79086,0.73861,0.75419,0.67698,0.63345,0.57689,0.48434,0.40318,0.41791,0.32471,0.29410,0.19610,0.17637,0.25560,0.27228,0.39205,0.41953,0.53742,0.57022,0.61144,0.65907,0.67253,0.71009,0.70953,0.76444,0.82298,0.82639,0.79626,0.83422,0.87707,0.90489,0.91534,0.93556,0.95475,0.95510,0.97313,0.94784,0.93926,0.89536,0.83804,0.76435,0.61572,0.45074,0.36816,0.38754,0.15865
0.98163,0.98445,0.99289,0.99377,0.98996,0.99281,0.99411,0.98898,0.98424,0.98081,0.97207,0.96885,0.97092,0.97640,0.97446,0.97365,0.95193,0.94880,0.93187,0.90777,0.90475,0.86868,0.88179,0.89683,0.85549,0.82140,0.85135,0.84530,0.77333,0.76085,0.78787,0.73515,0.66856,0.65212,0.64904,0.46117,0.36152,0.21113,0.40513,0.42283,0.57042,0.69014,0.73181,0.81782,0.87153,0.90798,0.94484,0.95849,0.94756,0.95986,0.94572,0.94533,0.94046,0.94119,0.94222,0.91666,0.89791,0.88534,0.87890,0.85748,0.83587,0.83024,0.78773,0.77137,0.79354,0.75753,0.71513,0.67933,0.66723,0.73245,0.73839,0.78296,0.77005,0.80162,0.83268,0.86517,0.90643,0.95105,0.97830,0.98846,0.96547,0.96625,0.98125,0.96236,0.94246,0.95909,0.96359,0.94133,0.91995,0.88729,0.86104,0.79571,0.77927,0.76823,0.70110,0.68290,0.67077,0.56564,0.51740,0.43141,0.48241,0.54832,0.46606,0.49997,0.54961,0.64742,0.68996,0.74520,0.71290,0.72930,0.68921,0.68359,0.66968,0.74896,0.69998,0.69002,0.78003,0.80632,0.76264,0.81827,0.89464,0.89033,0.91385,0.84425,0.81653,0.84195,0.90215,0.91237,0.94953,0.95056,0.94785,0.90696,0.89836,0.86094,0.84589,0.81509,0.76739,0.73520,0.66886,0.63894,0.56667,0.53749,0.46817,0.42083,0.35887,0.28587,0.25674,0.31889,0.33512,0.37030,0.45840,0.49812,0.52334,0.51911,0.46018,0.49329,0.52848,0.53971,0.61311,0.60357,0.54228,0.51990,0.45800,0.40640,0.40859,0.32990,0.42374,0.50612,0.57530,0.53554,0.54706,0.55228,0.62605,0.66258,0.71320,0.73785,0.79503,0.79750,0.76549,0.77245,0.73092,0.75765,0.69973,0.71362,0.63026,0.58212,0.52388,0.42866,0.34699,0.36528,0.27071,0.24164,0.14238,0.12359,0.20433,0.22094,0.34200,0.36597,0.48856,0.52630,0.57257,0.62516,0.64350,0.68570,0.68921,0.74822,0.80995,0.81293,0.77763,0.81589,0.86085,0.88894,0.89748,0.91714,0.93785,0.93488,0.95504,0.92292,0.91285,0.86187,0.79868,0.71967,0.56195,0.39680,0.32054,0.36202,0.13324
0.98860,0.99014,0.99421,0.99149,0.98740,0.98736,0.98349,0.97674,0.97121,0.96138,0.94851,0.94239,0.94518,0.95319,0.95182,0.95349,0.92609,0.92678,0.91080,0.88270,0.87404,0.83107,0.84342,0.86352,0.81877,0.77660,0.80946,0.80836,0.72833,0.71038,0.74307,0.69125,0.61659,0.59638,0.59827,0.40443,0.31678,0.15687,0.35047,0.38123,0.54189,0.66245,0.70126,0.78753,0.84766,0.88371,0.93002,0.94049,0.92167,0.93386,0.91402,0.91216,0.90548,0.90636,0.90813,0.87691,0.85417,0.83936,0.83198,0.80746,0.78275,0.77640,0.72917,0.71114,0.73574,0.69612,0.65005,0.61196,0.59962,0.66993,0.67733,0.72668,0.71286,0.74895,0.78286,0.82171,0.86920,0.92462,0.96066,0.97445,0.94026,0.94005,0.96129,0.93572,0.90894,0.92961,0.93638,0.90816,0.88128,0.84268,0.81268,0.73962,0.72260,0.71253,0.63944,0.62178,0.60668,0.49399,0.44218,0.35356,0.40731,0.47497,0.38919,0.42341,0.47489,0.57833,0.62346,0.68327,0.64904,0.66780,0.62649,0.62180,0.61015,0.69739,0.64788,0.63399,0.72969,0.76287,0.71608,0.77263,0.86133,0.86098,0.89867,0.84779,0.82771,0.86405,0.91443,0.91199,0.94262,0.93160,0.92210,0.87091,0.85832,0.81441,0.79551,0.76064,0.70758,0.67217,0.60086,0.56868,0.49236,0.46228,0.38996,0.34200,0.27865,0.20532,0.17522,0.23772,0.25330,0.28919,0.37982,0.42189,0.44793,0.44284,0.38179,0.41617,0.45221,0.46378,0.54099,0.53124,0.46729,0.44495,0.38171,0.32994,0.33456,0.25616,0.35437,0.43746,0.51056,0.46936,0.47864,0.48599,0.56521,0.60103,0.65390,0.67833,0.74064,0.74274,0.70688,0.71438,0.67027,0.70104,0.64001,0.65754,0.57043,0.52353,0.46188,0.36226,0.27643,0.29162,0.19506,0.16377,0.06535,0.04457,0.12547,0.14337,0.26648,0.29442,0.41924,0.45531,0.50185,0.55569,0.57410,0.61864,0.62227,0.68613,0.75438,0.75728,0.71809,0.76054,0.81134,0.84408,0.85487,0.87964,0.90572,0.90569,0.93463,0.90131,0.89896,0.84469,0.78581,0.70869,0.54918,0.39430,0.33051,0.39328,0.17117
0.97894,0.98126,0.98922,0.98751,0.98189,0.98484,0.98525,0.97692,0.97085,0.96734,0.95615,0.95437,0.95798,0.96654,0.96629,0.96878,0.94670,0.94662,0.93332,0.90815,0.90084,0.86286,0.87429,0.89322,0.85334,0.81517,0.84586,0.84551,0.77208,0.75564,0.78695,0.73894,0.66939,0.65029,0.65230,0.46287,0.37169,0.21486,0.41164,0.44109,0.59477,0.71026,0.74738,0.82779,0.88088,0.91278,0.95085,0.95984,0.94448,0.95362,0.93592,0.93287,0.92515,0.92417,0.92348,0.89559,0.87729,0.86520,0.85681,0.83410,0.81360,0.80778,0.76389,0.74836,0.77224,0.73510,0.69248,0.65815,0.64779,0.71399,0.72225,0.76875,0.75638,0.79070,0.82134,0.85779,0.89950,0.94737,0.97628,0.98409,0.95621,0.95663,0.97096,0.94889,0.92806,0.94501,0.94775,0.92373,0.90282,0.86972,0.84008,0.77175,0.75407,0.74041,0.67014,0.65101,0.64112,0.53618,0.48895,0.40489,0.45911,0.52553,0.44531,0.47727,0.52401,0.62115,0.66549,0.72345,0.69414,0.71369,0.67660,0.67298,0.66289,0.74517,0.69991,0.68650,0.77524,0.80656,0.76389,0.81455,0.89482,0.89483,0.92629,0.87020,0.84806,0.87121,0.92214,0.93080,0.96072,0.95422,0.94619,0.90174,0.88926,0.84931,0.83016,0.79803,0.74826,0.71445,0.64783,0.61660,0.54390,0.51598,0.44602,0.40134,0.33989,0.26939,0.23881,0.29844,0.31155,0.34356,0.43144,0.46915,0.49520,0.49253,0.43323,0.46616,0.50222,0.51437,0.58838,0.58042,0.52044,0.50119,0.44120,0.39234,0.39812,0.32229,0.41831,0.49788,0.56797,0.52827,0.53617,0.54334,0.61940,0.65303,0.70239,0.72397,0.78091,0.78157,0.74877,0.75645,0.71653,0.74610,0.68947,0.70657,0.62481,0.58105,0.52216,0.42578,0.34215,0.35632,0.26143,0.23028,0.13296,0.11238,0.19250,0.21041,0.33172,0.36018,0.48089,0.51438,0.55750,0.60717,0.62233,0.66260,0.66357,0.72249,0.78589,0.78871,0.75475,0.79522,0.84209,0.87289,0.88373,0.90705,0.93054,0.93178,0.95627,0.92840,0.92462,0.87728,0.82073,0.74734,0.59445,0.43232,0.35610,0.39522,0.16791
0.97145,0.97538,0.98587,0.98820,0.98527,0.99044,0.99360,0.98885,0.98541,0.98573,0.97840,0.97676,0.97792,0.98224,0.97942,0.97719,0.95801,0.95210,0.93537,0.91210,0.91164,0.87924,0.89369,0.90697,0.86718,0.83778,0.86749,0.85936,0.79138,0.78262,0.80798,0.75507,0.69344,0.67949,0.67442,0.48572,0.37714,0.23104,0.43193,0.44960,0.59033,0.70723,0.74838,0.83272,0.88140,0.91676,0.94801,0.96259,0.95555,0.96769,0.95632,0.95717,0.95308,0.95409,0.95442,0.93234,0.91628,0.90503,0.89908,0.87979,0.86024,0.85495,0.81561,0.80040,0.82098,0.78744,0.74759,0.71353,0.70180,0.76354,0.76864,0.81007,0.79797,0.82721,0.85759,0.88821,0.92690,0.96602,0.98729,0.99552,0.97847,0.97795,0.98900,0.97443,0.95751,0.97018,0.97319,0.95497,0.93710,0.90863,0.88451,0.82410,0.80849,0.79736,0.73416,0.71669,0.70665,0.60711,0.56027,0.47740,0.52685,0.59033,0.51015,0.54279,0.59073,0.68416,0.72460,0.77676,0.74617,0.76092,0.72157,0.71551,0.70015,0.77502,0.72858,0.72111,0.80658,0.83000,0.79119,0.84610,0.91480,0.91048,0.92530,0.84771,0.81617,0.83244,0.89381,0.91219,0.95179,0.95910,0.95900,0.92338,0.91653,0.88170,0.86844,0.84052,0.79651,0.76644,0.70369,0.67523,0.60593,0.57769,0.51107,0.46486,0.40428,0.33210,0.30335,0.36537,0.38194,0.41704,0.50271,0.54118,0.56539,0.56068,0.50318,0.53553,0.56951,0.58026,0.65097,0.64179,0.58277,0.56076,0.50052,0.44962,0.45050,0.37170,0.46218,0.54242,0.60798,0.56844,0.58074,0.58407,0.65487,0.69239,0.74215,0.76739,0.82168,0.82451,0.79508,0.80107,0.76124,0.78538,0.72857,0.74017,0.65894,0.61131,0.55599,0.46375,0.38547,0.40536,0.31275,0.28569,0.18821,0.17036,0.25048,0.26705,0.38575,0.40707,0.52718,0.56553,0.61112,0.66207,0.68019,0.72032,0.72369,0.77913,0.83657,0.83894,0.80650,0.84202,0.88306,0.90838,0.91507,0.93204,0.95047,0.94608,0.96197,0.93152,0.91815,0.87094,0.80575,0.72767,0.57193,0.39602,0.30863,0.33734,0.10151
0.98496,0.98805,0.99239,0.99300,0.99309,0.99440,0.99055,0.98788,0.98597,0.97713,0.96700,0.95899,0.95828,0.96179,0.95667,0.95281,0.92555,0.92012,0.89975,0.87117,0.86849,0.82884,0.84521,0.86085,0.81368,0.77864,0.81269,0.80366,0.72520,0.71498,0.74329,0.68470,0.61580,0.60090,0.59573,0.39637,0.28847,0.13784,0.34139,0.36783,0.51726,0.63970,0.68208,0.77469,0.83253,0.87362,0.91643,0.93302,0.92101,0.93786,0.92342,0.92668,0.92415,0.92849,0.93245,0.90601,0.88381,0.86858,0.86441,0.84296,0.81727,0.81119,0.76766,0.74868,0.76977,0.73319,0.68870,0.64921,0.63435,0.70155,0.70498,0.74988,0.73585,0.76759,0.80369,0.83885,0.88700,0.93712,0.96758,0.98496,0.95895,0.95607,0.97696,0.95809,0.93182,0.94872,0.95769,0.93437,0.90808,0.87196,0.84796,0.78170,0.76768,0.76276,0.69585,0.68165,0.66368,0.55346,0.49920,0.41053,0.45933,0.52371,0.43442,0.47008,0.52516,0.62700,0.66788,0.72178,0.68391,0.69670,0.65070,0.64260,0.62399,0.70639,0.65493,0.64746,0.74273,0.76911,0.72619,0.79061,0.87089,0.86755,0.88979,0.82047,0.79094,0.82358,0.88189,0.88579,0.92640,0.92746,0.92492,0.87946,0.87255,0.83129,0.81835,0.78722,0.73933,0.70746,0.63838,0.60889,0.53481,0.50351,0.43439,0.38349,0.32026,0.24348,0.21529,0.28217,0.30330,0.34488,0.43417,0.47999,0.50367,0.49397,0.43355,0.46849,0.50178,0.51119,0.58619,0.57432,0.50980,0.48312,0.41829,0.36289,0.36105,0.27756,0.37038,0.45513,0.52420,0.48187,0.49636,0.49914,0.57439,0.61604,0.67152,0.70207,0.76422,0.76993,0.73681,0.74155,0.69528,0.72010,0.65598,0.66743,0.57853,0.52682,0.46824,0.37108,0.29023,0.31222,0.21733,0.19085,0.09244,0.07474,0.15674,0.17387,0.29463,0.31408,0.43994,0.48271,0.53381,0.59053,0.61384,0.66002,0.66777,0.72981,0.79361,0.79561,0.75582,0.79342,0.83944,0.86717,0.87302,0.89182,0.91439,0.90788,0.93028,0.89203,0.88077,0.82450,0.75522,0.67267,0.50688,0.33626,0.26133,0.32173,0.09108
0.98843,0.99027,0.99100,0.98802,0.98715,0.98589,0.97805,0.97327,0.96993,0.95591,0.94223,0.93233,0.93283,0.93914,0.93516,0.93435,0.90287,0.90137,0.88249,0.85088,0.84294,0.79758,0.81271,0.83281,0.78356,0.74117,0.77718,0.77369,0.68891,0.67285,0.70653,0.64995,0.57394,0.55484,0.55507,0.35236,0.25876,0.09951,0.30025,0.33629,0.49920,0.62169,0.66070,0.75192,0.81502,0.85429,0.90518,0.91789,0.89830,0.91399,0.89423,0.89532,0.89044,0.89424,0.89833,0.86660,0.84118,0.82431,0.81871,0.79417,0.76631,0.75957,0.71156,0.69157,0.71527,0.67528,0.62777,0.58694,0.57249,0.64411,0.64959,0.69925,0.68480,0.72110,0.75892,0.79966,0.85243,0.91208,0.95051,0.96992,0.93339,0.92999,0.95553,0.93057,0.89899,0.91944,0.92962,0.90071,0.87006,0.82902,0.80067,0.72675,0.71158,0.70625,0.63365,0.61914,0.59950,0.48310,0.42671,0.33615,0.38791,0.45451,0.36356,0.39896,0.45454,0.56088,0.60465,0.66344,0.62516,0.64116,0.59537,0.58877,0.57385,0.66305,0.61191,0.59984,0.69917,0.73238,0.68693,0.75020,0.84166,0.84257,0.87866,0.82778,0.80592,0.84750,0.89641,0.88896,0.92202,0.91149,0.90183,0.84748,0.83631,0.78943,0.77235,0.73707,0.68392,0.64873,0.57551,0.54374,0.46613,0.43444,0.36256,0.31185,0.24771,0.17186,0.14265,0.20862,0.22772,0.26843,0.35966,0.40601,0.43073,0.42170,0.35934,0.39483,0.42961,0.44005,0.51836,0.50696,0.44073,0.41516,0.34975,0.29516,0.29693,0.21517,0.31227,0.39725,0.46990,0.42686,0.43850,0.44383,0.52369,0.56356,0.62012,0.64909,0.71537,0.71945,0.68297,0.68871,0.64099,0.67042,0.60461,0.62034,0.52888,0.47933,0.41767,0.31686,0.23197,0.24996,0.15331,0.12429,0.02700,0.00701,0.08825,0.10685,0.22932,0.25395,0.38077,0.42049,0.47052,0.52742,0.54957,0.59699,0.60392,0.66997,0.73967,0.74175,0.69922,0.74121,0.79271,0.82522,0.83378,0.85772,0.88514,0.88227,0.91273,0.87475,0.87168,0.81354,0.75006,0.67062,0.50511,0.34612,0.28464,0.36102,0.13725
0.98484,0.98623,0.98241,0.97841,0.98072,0.97711,0.96348,0.96074,0.95991,0.93904,0.92337,0.90811,0.90628,0.91137,0.90498,0.90204,0.86431,0.86205,0.84004,0.80425,0.79535,0.74514,0.76267,0.78392,0.72880,0.68366,0.72324,0.71807,0.62597,0.61033,0.64588,0.58445,0.50462,0.48571,0.48483,0.27392,0.17879,0.01871,0.22243,0.26647,0.43263,0.55775,0.59744,0.69470,0.76376,0.80742,0.86622,0.88105,0.85878,0.87848,0.85734,0.86114,0.85796,0.86503,0.87213,0.83811,0.80832,0.78849,0.78491,0.75950,0.72701,0.71982,0.66971,0.64684,0.67015,0.62885,0.57864,0.53385,0.51687,0.59133,0.59486,0.64580,0.63002,0.66715,0.70950,0.75339,0.81303,0.88012,0.92433,0.95118,0.90921,0.90326,0.93598,0.90924,0.87052,0.89288,0.90808,0.87653,0.83956,0.79355,0.76658,0.69009,0.67672,0.67695,0.60359,0.59286,0.56678,0.44455,0.38209,0.28842,0.33796,0.40391,0.30639,0.34373,0.40459,0.51550,0.55851,0.61711,0.57317,0.58639,0.53522,0.52667,0.50840,0.60165,0.54737,0.53643,0.64210,0.67650,0.62966,0.70042,0.79849,0.80008,0.83938,0.79425,0.77238,0.82483,0.87090,0.85331,0.88823,0.87470,0.86389,0.80294,0.79259,0.74128,0.72544,0.68884,0.63424,0.59859,0.52188,0.49011,0.41005,0.37628,0.30419,0.25004,0.18471,0.10588,0.07758,0.14722,0.17028,0.21668,0.30916,0.36122,0.38452,0.37087,0.30671,0.34398,0.37756,0.38660,0.46714,0.45356,0.38388,0.35434,0.28604,0.22828,0.22705,0.14205,0.23878,0.32610,0.39964,0.35467,0.36856,0.37250,0.45442,0.49803,0.55889,0.59250,0.66416,0.67087,0.63236,0.63673,0.58440,0.61311,0.54162,0.55613,0.45930,0.40670,0.34388,0.24125,0.15660,0.17710,0.08037,0.05300,-0.04338,-0.06287,0.01862,0.03716,0.15929,0.18080,0.31051,0.35410,0.40829,0.46935,0.49609,0.54773,0.55857,0.62858,0.70164,0.70314,0.65537,0.69772,0.75163,0.78497,0.79174,0.81603,0.84606,0.84075,0.87519,0.83103,0.82861,0.76411,0.69683,0.61449,0.44237,0.28662,0.23224,0.33188,0.11308
0.97704,0.97694,0.97052,0.96242,0.96198,0.95665,0.94028,0.93337,0.93007,0.90603,0.88625,0.87141,0.87214,0.88156,0.87786,0.87981,0.83976,0.84334,0.82548,0.78791,0.77208,0.71699,0.73165,0.75873,0.70436,0.65096,0.69141,0.69498,0.59874,0.57525,0.61714,0.56198,0.47563,0.45150,0.45833,0.24898,0.17501,0.00500,0.20244,0.25711,0.43656,0.55809,0.59196,0.68296,0.75485,0.79333,0.85787,0.86609,0.83540,0.85130,0.82397,0.82369,0.81663,0.82136,0.82695,0.78758,0.75621,0.73596,0.72978,0.70124,0.66862,0.66106,0.60699,0.58442,0.61097,0.56668,0.51470,0.47068,0.45564,0.53330,0.54024,0.59560,0.58006,0.62204,0.66402,0.71378,0.77568,0.85071,0.90148,0.92724,0.87481,0.86934,0.90437,0.87060,0.82854,0.85401,0.86812,0.83138,0.79232,0.74309,0.71047,0.62662,0.61102,0.60825,0.52890,0.51647,0.49160,0.36648,0.30465,0.21238,0.26607,0.33365,0.23795,0.27343,0.33160,0.44424,0.49074,0.55453,0.51318,0.53144,0.48393,0.47829,0.46658,0.56585,0.51461,0.49713,0.60391,0.64643,0.59769,0.66251,0.77052,0.77793,0.83342,0.81239,0.80018,0.85700,0.89004,0.86349,0.88693,0.85942,0.84001,0.77083,0.75449,0.69831,0.67646,0.63618,0.57655,0.53755,0.45839,0.42416,0.34195,0.30924,0.23528,0.18383,0.11860,0.04319,0.01308,0.07881,0.09749,0.13964,0.23257,0.28235,0.30703,0.29606,0.23061,0.26806,0.30364,0.31439,0.39722,0.38545,0.31618,0.29035,0.22372,0.16941,0.17368,0.09323,0.19434,0.27927,0.35600,0.31145,0.32035,0.32813,0.41429,0.45331,0.51269,0.54157,0.61502,0.61867,0.57749,0.58345,0.53221,0.56655,0.49659,0.51652,0.42044,0.37324,0.30756,0.20243,0.11381,0.12799,0.03045,-0.00040,-0.09464,-0.11705,-0.03734,-0.01731,0.10523,0.13431,0.26226,0.29975,0.35002,0.40836,0.43119,0.48168,0.48951,0.56163,0.63932,0.64122,0.59313,0.64011,0.69908,0.73769,0.74859,0.77911,0.81413,0.81494,0.85795,0.81798,0.82614,0.76356,0.70685,0.63172,0.46568,0.32575,0.28376,0.38858,0.17993
0.98017,0.98214,0.98440,0.98043,0.97747,0.97758,0.97155,0.96385,0.95906,0.94806,0.93360,0.92712,0.92915,0.93768,0.93536,0.93683,0.90791,0.90829,0.89322,0.86264,0.85259,0.80864,0.82218,0.84416,0.79831,0.75531,0.79043,0.79131,0.70924,0.69120,0.72696,0.67567,0.60031,0.58027,0.58365,0.38225,0.29266,0.13068,0.33479,0.37890,0.54104,0.65790,0.69261,0.77721,0.83602,0.87029,0.91747,0.92630,0.90578,0.91787,0.89703,0.89601,0.88878,0.89042,0.89211,0.86076,0.83794,0.82263,0.81549,0.79127,0.76634,0.75980,0.71274,0.69456,0.71875,0.67953,0.63401,0.59606,0.58365,0.65361,0.66086,0.71003,0.69679,0.73371,0.76977,0.81219,0.86230,0.92027,0.95557,0.97060,0.93428,0.93064,0.95219,0.92683,0.89777,0.91636,0.92308,0.89559,0.86847,0.83027,0.80049,0.72739,0.71138,0.70274,0.62981,0.61445,0.59886,0.48699,0.43360,0.34751,0.40118,0.46653,0.37950,0.41220,0.46370,0.56624,0.61037,0.66951,0.63540,0.65337,0.61174,0.60676,0.59532,0.68401,0.63778,0.62336,0.71824,0.75404,0.71174,0.76892,0.85821,0.86249,0.89972,0.85567,0.83501,0.86844,0.91157,0.90881,0.93655,0.92396,0.91147,0.85840,0.84472,0.79805,0.77811,0.74362,0.69117,0.65596,0.58526,0.55330,0.47751,0.44780,0.37732,0.32973,0.26711,0.19448,0.16439,0.22739,0.24328,0.28017,0.36898,0.41157,0.43626,0.42977,0.36801,0.40252,0.43788,0.44953,0.52644,0.51700,0.45382,0.43144,0.36914,0.31770,0.32202,0.24343,0.34050,0.42196,0.49353,0.45143,0.46021,0.46645,0.54586,0.58287,0.63651,0.66183,0.72450,0.72650,0.69180,0.69806,0.65392,0.68420,0.62203,0.63912,0.55199,0.50699,0.44611,0.34647,0.26172,0.27688,0.18093,0.15139,0.05586,0.03450,0.11539,0.13511,0.25565,0.28301,0.40621,0.44200,0.48852,0.54149,0.56024,0.60415,0.60841,0.67156,0.73946,0.74134,0.70225,0.74432,0.79480,0.82790,0.83781,0.86326,0.89116,0.89160,0.92258,0.89018,0.89057,0.83859,0.78055,0.70725,0.54822,0.38869,0.31979,0.38139,0.15429
0.97700,0.98066,0.98374,0.98358,0.98490,0.98636,0.98089,0.97812,0.97718,0.96731,0.95624,0.94749,0.94573,0.94933,0.94316,0.93857,0.90998,0.90396,0.88382,0.85345,0.85023,0.81001,0.82740,0.84411,0.79581,0.76082,0.79641,0.78796,0.70816,0.69874,0.72871,0.66990,0.60074,0.58685,0.58196,0.37687,0.26395,0.11359,0.32621,0.36478,0.51162,0.63110,0.67101,0.76305,0.81953,0.86003,0.90322,0.91948,0.90702,0.92442,0.90970,0.91410,0.91147,0.91693,0.92115,0.89520,0.87295,0.85719,0.85367,0.83294,0.80682,0.80066,0.75782,0.73839,0.75856,0.72271,0.67887,0.63924,0.62403,0.69059,0.69333,0.73739,0.72363,0.75531,0.79341,0.83102,0.88114,0.93289,0.96225,0.98085,0.95391,0.94826,0.96956,0.95149,0.92342,0.93867,0.94815,0.92609,0.89941,0.86353,0.84089,0.77599,0.76350,0.76046,0.69448,0.68284,0.66387,0.55459,0.49874,0.41182,0.45979,0.52170,0.43068,0.46538,0.52119,0.62218,0.66152,0.71400,0.67543,0.68650,0.63937,0.63056,0.61095,0.69408,0.64470,0.63792,0.73257,0.76036,0.72122,0.78683,0.86661,0.86622,0.88620,0.82038,0.78893,0.82007,0.87382,0.87809,0.91771,0.91892,0.91491,0.86860,0.86148,0.81841,0.80526,0.77507,0.72841,0.69715,0.62879,0.59991,0.52658,0.49545,0.42806,0.37679,0.31435,0.23765,0.21003,0.27806,0.30027,0.34364,0.43113,0.47789,0.50010,0.48882,0.42812,0.46281,0.49516,0.50437,0.57866,0.56671,0.50266,0.47504,0.41073,0.35497,0.35199,0.26772,0.35877,0.44243,0.50997,0.46700,0.48179,0.48317,0.55816,0.60127,0.65759,0.68959,0.75138,0.75769,0.72600,0.72949,0.68315,0.70639,0.64117,0.65137,0.56273,0.51175,0.45409,0.35725,0.27791,0.30079,0.20666,0.18219,0.08594,0.06796,0.15061,0.16888,0.28718,0.30483,0.42959,0.47308,0.52494,0.58148,0.60595,0.65199,0.66103,0.72224,0.78528,0.78635,0.74630,0.78281,0.82789,0.85524,0.85987,0.87860,0.90216,0.89526,0.91852,0.88016,0.86995,0.81507,0.74512,0.66490,0.49879,0.32412,0.24083,0.30179,0.06609
0.97534,0.97714,0.97320,0.96842,0.97068,0.96785,0.95396,0.95008,0.94915,0.92902,0.91246,0.89823,0.89631,0.90219,0.89573,0.89307,0.85567,0.85387,0.83345,0.79710,0.78707,0.73712,0.75459,0.77723,0.72295,0.67764,0.71769,0.71443,0.62282,0.60693,0.64407,0.58467,0.50519,0.48679,0.48708,0.27395,0.17726,0.01695,0.22715,0.28161,0.44505,0.56562,0.60209,0.69640,0.76272,0.80412,0.86143,0.87476,0.85203,0.87082,0.84918,0.85294,0.84901,0.85590,0.86237,0.82908,0.80032,0.78081,0.77716,0.75251,0.72093,0.71376,0.66462,0.64221,0.66513,0.62487,0.57594,0.53224,0.51572,0.58882,0.59238,0.64226,0.62705,0.66410,0.70700,0.75276,0.81252,0.87944,0.92136,0.94714,0.90505,0.89751,0.92902,0.90284,0.86415,0.88477,0.89894,0.86897,0.83337,0.78878,0.76246,0.68770,0.67529,0.67585,0.60338,0.59390,0.56856,0.44878,0.38649,0.29607,0.34589,0.40917,0.31202,0.34776,0.40759,0.51633,0.55813,0.61546,0.57249,0.58508,0.53478,0.52615,0.50852,0.60177,0.55075,0.53952,0.64280,0.67865,0.63518,0.70435,0.80083,0.80526,0.84312,0.80284,0.77950,0.82772,0.86934,0.85441,0.88677,0.87284,0.86041,0.79970,0.78833,0.73628,0.71938,0.68400,0.63080,0.59578,0.52064,0.48941,0.41077,0.37791,0.30768,0.25436,0.19018,0.11244,0.08448,0.15393,0.17661,0.22269,0.31297,0.36409,0.38643,0.37278,0.30884,0.34565,0.37863,0.38771,0.46699,0.45404,0.38591,0.35682,0.29005,0.23316,0.23174,0.14721,0.24253,0.32781,0.39995,0.35493,0.36808,0.37162,0.45306,0.49644,0.55657,0.58984,0.65952,0.66622,0.62964,0.63299,0.58198,0.60972,0.53938,0.55306,0.45838,0.40787,0.34578,0.24381,0.16030,0.18060,0.08475,0.05862,-0.03583,-0.05553,0.02631,0.04577,0.16545,0.18646,0.31416,0.35709,0.41058,0.47005,0.49641,0.54660,0.55741,0.62545,0.69694,0.69785,0.65133,0.69271,0.74530,0.77824,0.78467,0.80925,0.83997,0.83551,0.87050,0.82845,0.82773,0.76651,0.70083,0.62256,0.45342,0.29568,0.23285,0.32515,0.10257
0.96662,0.96822,0.96836,0.96231,0.95944,0.95877,0.95013,0.94094,0.93588,0.92264,0.90581,0.89870,0.90096,0.91128,0.90914,0.91204,0.88096,0.88342,0.87025,0.83773,0.82431,0.77783,0.79093,0.81600,0.76971,0.72340,0.75987,0.76449,0.67988,0.65933,0.69870,0.64980,0.57184,0.55041,0.55694,0.35303,0.26925,0.10469,0.31162,0.36760,0.53285,0.64545,0.67623,0.75789,0.81703,0.84855,0.89855,0.90462,0.88032,0.89157,0.86803,0.86619,0.85751,0.85908,0.86075,0.82776,0.80404,0.78804,0.78039,0.75552,0.73010,0.72327,0.67521,0.65687,0.68180,0.64213,0.59626,0.55850,0.54649,0.61703,0.62493,0.67526,0.66209,0.70061,0.73792,0.78428,0.83668,0.89886,0.93596,0.95166,0.91052,0.90542,0.92867,0.90103,0.86904,0.88801,0.89489,0.86594,0.83771,0.79826,0.76752,0.69256,0.67702,0.66913,0.59477,0.58060,0.56436,0.45180,0.39747,0.31345,0.36827,0.43195,0.34469,0.37598,0.42696,0.52934,0.57344,0.63334,0.59958,0.61819,0.57710,0.57254,0.56293,0.65443,0.61096,0.59455,0.68914,0.72870,0.68810,0.74367,0.83662,0.84490,0.88729,0.85635,0.83774,0.87267,0.90800,0.90145,0.92393,0.90562,0.88853,0.83136,0.81523,0.76559,0.74332,0.70811,0.65469,0.61873,0.54764,0.51528,0.43937,0.41019,0.34039,0.29334,0.23156,0.16048,0.13035,0.19283,0.20772,0.24424,0.33147,0.37369,0.39806,0.39161,0.32935,0.36366,0.39914,0.41099,0.48813,0.47923,0.41656,0.39478,0.33352,0.28327,0.28859,0.21135,0.30848,0.38819,0.45993,0.41751,0.42463,0.43163,0.51256,0.54863,0.60222,0.62664,0.68937,0.69100,0.65653,0.66231,0.61855,0.64994,0.58776,0.60580,0.51927,0.47687,0.41537,0.31507,0.22985,0.24325,0.14788,0.11857,0.02537,0.00348,0.08380,0.10468,0.22343,0.25208,0.37363,0.40774,0.45341,0.50499,0.52327,0.56664,0.57077,0.63405,0.70310,0.70458,0.66506,0.70810,0.75974,0.79442,0.80510,0.83287,0.86350,0.86591,0.90109,0.87040,0.87572,0.82517,0.77092,0.70243,0.54697,0.39335,0.32487,0.38835,0.16476
0.94332,0.94851,0.95830,0.95973,0.95816,0.96439,0.96658,0.96125,0.95884,0.96029,0.95204,0.95133,0.95115,0.95599,0.95140,0.94817,0.92928,0.92285,0.90840,0.88389,0.88209,0.85089,0.86615,0.88114,0.84196,0.81433,0.84541,0.83918,0.77251,0.76561,0.79305,0.74242,0.68305,0.67221,0.66773,0.47171,0.35251,0.20797,0.42686,0.47039,0.60008,0.70628,0.74148,0.82154,0.86359,0.89539,0.92363,0.93709,0.93034,0.94213,0.93128,0.93391,0.92973,0.93183,0.93189,0.91261,0.89851,0.88727,0.88241,0.86581,0.84746,0.84210,0.80651,0.79193,0.80978,0.77943,0.74294,0.71051,0.69869,0.75663,0.76019,0.79792,0.78702,0.81468,0.84725,0.88147,0.92103,0.95934,0.97450,0.98235,0.96712,0.96192,0.97079,0.95901,0.94136,0.94961,0.95156,0.93811,0.92297,0.89750,0.87717,0.82289,0.81095,0.80246,0.74262,0.72994,0.72005,0.62594,0.57855,0.50273,0.55113,0.60731,0.52666,0.55598,0.60323,0.69149,0.72738,0.77484,0.74465,0.75568,0.71622,0.70879,0.69266,0.76656,0.72633,0.72036,0.80056,0.82576,0.79555,0.84957,0.91342,0.91468,0.92202,0.85074,0.81306,0.82068,0.87428,0.89814,0.93496,0.94424,0.94216,0.90824,0.90129,0.86519,0.85146,0.82708,0.78788,0.76042,0.70177,0.67551,0.61034,0.58343,0.52165,0.47607,0.41878,0.34848,0.32160,0.38472,0.40177,0.43857,0.51854,0.55607,0.57729,0.57159,0.51532,0.54580,0.57722,0.58784,0.65459,0.64590,0.58986,0.56686,0.50979,0.45971,0.45790,0.37924,0.46438,0.54049,0.60150,0.56160,0.57404,0.57474,0.64278,0.68167,0.73044,0.75649,0.80597,0.80982,0.78597,0.78941,0.75194,0.77186,0.71655,0.72480,0.64831,0.60356,0.55158,0.46188,0.38773,0.40879,0.31905,0.29656,0.20323,0.18618,0.26747,0.28623,0.39785,0.41502,0.53025,0.56894,0.61476,0.66297,0.68245,0.72021,0.72512,0.77597,0.82899,0.82949,0.79908,0.83057,0.86730,0.89011,0.89455,0.91057,0.92951,0.92498,0.94066,0.91278,0.90080,0.85996,0.79457,0.72379,0.57251,0.38924,0.28063,0.30024,0.05605
0.94588,0.95130,0.95566,0.95661,0.95956,0.96344,0.95886,0.95759,0.95920,0.95243,0.94271,0.93463,0.93050,0.93243,0.92363,0.91648,0.89009,0.88137,0.86150,0.83192,0.83072,0.79437,0.81325,0.82808,0.78083,0.75166,0.78724,0.77606,0.70080,0.69653,0.72444,0.66545,0.60241,0.59398,0.58570,0.37828,0.25062,0.10597,0.33110,0.38575,0.51475,0.62487,0.66231,0.75235,0.80155,0.84118,0.87814,0.89699,0.88915,0.90733,0.89638,0.90403,0.90332,0.91063,0.91507,0.89455,0.87519,0.86000,0.85883,0.84207,0.81738,0.81160,0.77442,0.75567,0.77177,0.74059,0.70098,0.66280,0.64660,0.70761,0.70733,0.74530,0.73274,0.76025,0.79895,0.83565,0.88405,0.92977,0.95065,0.96870,0.94945,0.94073,0.95876,0.94667,0.92051,0.93068,0.93988,0.92489,0.90174,0.87017,0.85352,0.79871,0.79050,0.79066,0.73148,0.72400,0.70574,0.60425,0.54833,0.46799,0.51255,0.56633,0.47569,0.50825,0.56401,0.65817,0.69156,0.73680,0.69786,0.70315,0.65496,0.64380,0.62077,0.69886,0.65292,0.65093,0.73986,0.76401,0.73149,0.79800,0.86819,0.86836,0.87507,0.80451,0.76330,0.78448,0.83780,0.85119,0.89360,0.90307,0.90303,0.86267,0.85879,0.81827,0.80760,0.78262,0.74333,0.71644,0.65355,0.62812,0.56020,0.53010,0.46861,0.41717,0.35827,0.28239,0.25759,0.32695,0.35101,0.39708,0.47948,0.52662,0.54533,0.53170,0.47309,0.50642,0.53520,0.54293,0.61204,0.59966,0.53869,0.50894,0.44735,0.39137,0.38323,0.29836,0.38201,0.46192,0.52331,0.48046,0.49741,0.49506,0.56483,0.61013,0.66500,0.69919,0.75516,0.76422,0.73879,0.73941,0.69502,0.71172,0.64889,0.65362,0.56982,0.51901,0.46649,0.37438,0.30149,0.32795,0.23775,0.21902,0.12745,0.11084,0.19343,0.21167,0.32352,0.33369,0.45405,0.50001,0.55310,0.60793,0.63511,0.67918,0.69043,0.74596,0.80197,0.80160,0.76420,0.79447,0.83284,0.85495,0.85562,0.87027,0.89128,0.88157,0.89992,0.86186,0.84760,0.79781,0.72388,0.64732,0.48476,0.30111,0.19584,0.24290,0.00209
0.94693,0.94982,0.94837,0.94251,0.94247,0.94227,0.93113,0.92455,0.92244,0.90727,0.89045,0.88040,0.87942,0.88770,0.88215,0.88223,0.84925,0.84942,0.83398,0.79995,0.78787,0.74148,0.75671,0.78076,0.73169,0.68810,0.72642,0.72758,0.64213,0.62555,0.66409,0.61190,0.53570,0.51837,0.52131,0.31068,0.21528,0.05244,0.27018,0.34447,0.49863,0.60594,0.63544,0.71947,0.77752,0.81194,0.86233,0.87158,0.84917,0.86332,0.84149,0.84369,0.83744,0.84250,0.84600,0.81567,0.79139,0.77401,0.76930,0.74664,0.71928,0.71252,0.66698,0.64735,0.66891,0.63159,0.58698,0.54774,0.53318,0.60181,0.60645,0.65342,0.64064,0.67697,0.71731,0.76427,0.81984,0.88216,0.91693,0.93658,0.89756,0.88878,0.91431,0.88960,0.85467,0.87165,0.88158,0.85614,0.82633,0.78680,0.76110,0.69223,0.68112,0.67830,0.60767,0.59868,0.57909,0.46829,0.41051,0.32919,0.38112,0.43818,0.34673,0.37797,0.43234,0.53307,0.57265,0.62715,0.58945,0.60209,0.55678,0.54937,0.53511,0.62551,0.58207,0.57005,0.66489,0.70215,0.66415,0.72548,0.81658,0.82484,0.85944,0.82591,0.80148,0.83649,0.87002,0.86455,0.89071,0.87672,0.86214,0.80514,0.79220,0.74191,0.72207,0.68929,0.64029,0.60713,0.53748,0.50752,0.43389,0.40391,0.33813,0.28903,0.22887,0.15591,0.12847,0.19409,0.21284,0.25480,0.33990,0.38674,0.40739,0.39575,0.33325,0.36823,0.40071,0.41056,0.48577,0.47520,0.41260,0.38666,0.32559,0.27283,0.27290,0.19299,0.28486,0.36352,0.43147,0.38798,0.39768,0.40105,0.47976,0.51958,0.57474,0.60333,0.66541,0.67038,0.63921,0.64236,0.59700,0.62342,0.55981,0.57343,0.48677,0.44232,0.38402,0.28593,0.20507,0.22262,0.12955,0.10542,0.01668,-0.00474,0.07566,0.09636,0.21114,0.23291,0.35342,0.39137,0.44049,0.49381,0.51689,0.56150,0.56967,0.63137,0.69748,0.69755,0.65660,0.69523,0.74363,0.77518,0.78187,0.80696,0.83740,0.83622,0.87015,0.83530,0.83806,0.78704,0.72744,0.65903,0.50131,0.34293,0.26059,0.32605,0.10149
0.90822,0.91357,0.92521,0.92401,0.91899,0.92699,0.93117,0.92135,0.91682,0.92209,0.91184,0.91601,0.91819,0.92730,0.92533,0.92693,0.91168,0.90915,0.90130,0.87829,0.87222,0.84306,0.85533,0.87370,0.84047,0.81145,0.84099,0.84252,0.78076,0.76999,0.80133,0.76068,0.70248,0.68985,0.69163,0.50092,0.39356,0.24339,0.46374,0.52720,0.65346,0.74601,0.77281,0.83948,0.87446,0.89707,0.92041,0.92682,0.91688,0.92211,0.90855,0.90766,0.89941,0.89809,0.89429,0.87547,0.86539,0.85651,0.84906,0.83299,0.81931,0.81425,0.78031,0.76902,0.78763,0.75890,0.72604,0.69877,0.69009,0.74460,0.75116,0.78797,0.77941,0.80837,0.83730,0.87450,0.91004,0.94666,0.95791,0.95814,0.94168,0.93601,0.93941,0.92618,0.91160,0.91754,0.91441,0.90279,0.89270,0.87136,0.84871,0.79688,0.78449,0.77044,0.71027,0.69688,0.69329,0.60716,0.56543,0.49913,0.55144,0.60310,0.53012,0.55439,0.59404,0.67499,0.71058,0.75781,0.73480,0.74899,0.71688,0.71237,0.70275,0.77552,0.74420,0.73422,0.80569,0.83530,0.81003,0.85251,0.91466,0.92150,0.93319,0.87813,0.84471,0.84119,0.88172,0.91047,0.93618,0.93942,0.93206,0.89879,0.88751,0.85195,0.83314,0.80959,0.77204,0.74477,0.69085,0.66481,0.60389,0.58047,0.52201,0.48261,0.42954,0.36592,0.33857,0.39511,0.40580,0.43569,0.51059,0.54205,0.56276,0.56083,0.50619,0.53495,0.56685,0.57870,0.64208,0.63677,0.58690,0.56937,0.51879,0.47528,0.47829,0.40713,0.49064,0.55866,0.61648,0.57860,0.58538,0.58804,0.65486,0.68749,0.73073,0.74964,0.79311,0.79326,0.77274,0.77686,0.74580,0.76735,0.71919,0.73034,0.66202,0.62593,0.57682,0.49067,0.41785,0.43311,0.34666,0.32326,0.23545,0.21716,0.29504,0.31500,0.42159,0.44391,0.55042,0.58099,0.61997,0.66046,0.67410,0.70556,0.70580,0.75121,0.80074,0.80086,0.77613,0.80739,0.84224,0.86607,0.87293,0.89194,0.91230,0.91393,0.93165,0.91342,0.90917,0.87915,0.82506,0.76626,0.62980,0.45312,0.33673,0.33323,0.09346
0.86477,0.87320,0.88907,0.89488,0.89486,0.90683,0.91606,0.91310,0.91420,0.92689,0.92387,0.92858,0.92567,0.92751,0.92076,0.91428,0.90499,0.89239,0.87960,0.86075,0.86629,0.84854,0.86553,0.87365,0.84224,0.83010,0.85706,0.84481,0.79534,0.79939,0.81933,0.77202,0.73027,0.72945,0.71803,0.53228,0.38969,0.26305,0.49144,0.54709,0.63806,0.72609,0.75813,0.82848,0.85158,0.87907,0.88756,0.90415,0.91001,0.92028,0.91873,0.92544,0.92352,0.92619,0.92413,0.91762,0.91284,0.90578,0.90353,0.89552,0.88450,0.88055,0.85782,0.84751,0.85829,0.83835,0.81271,0.78705,0.77566,0.81924,0.81924,0.84396,0.83644,0.85459,0.88254,0.90935,0.93799,0.95599,0.95093,0.95102,0.95638,0.94850,0.94459,0.94655,0.93987,0.93694,0.93411,0.93589,0.93254,0.92074,0.91040,0.87810,0.87135,0.86306,0.81872,0.80981,0.80683,0.73492,0.69482,0.63467,0.67698,0.71868,0.64734,0.67133,0.71182,0.78203,0.80762,0.84097,0.81627,0.81951,0.78385,0.77427,0.75467,0.81184,0.78011,0.78251,0.84466,0.85923,0.84286,0.89157,0.92888,0.92882,0.90843,0.81870,0.76790,0.74839,0.80426,0.85145,0.89317,0.92149,0.92962,0.91425,0.91374,0.88870,0.88048,0.86700,0.84321,0.82456,0.78054,0.76119,0.70957,0.68688,0.63731,0.59638,0.54747,0.48221,0.46042,0.52045,0.53846,0.57394,0.64170,0.67482,0.69058,0.68368,0.63481,0.66118,0.68611,0.69407,0.74792,0.74041,0.69456,0.67195,0.62325,0.57707,0.56958,0.49449,0.56415,0.62983,0.67649,0.63988,0.65453,0.64941,0.70378,0.74264,0.78448,0.81004,0.84493,0.85051,0.83904,0.83887,0.80961,0.81839,0.77255,0.77207,0.70878,0.66726,0.62754,0.55192,0.49210,0.51768,0.43824,0.42420,0.34052,0.32655,0.40452,0.42189,0.51891,0.52544,0.62723,0.66628,0.70900,0.74989,0.76931,0.79911,0.80441,0.84056,0.87615,0.87496,0.85441,0.87361,0.89507,0.90712,0.90572,0.91244,0.92276,0.91428,0.91516,0.89315,0.87192,0.84533,0.77690,0.71372,0.57691,0.37805,0.23290,0.20551,-0.04497
0.88916,0.89543,0.89853,0.89556,0.89733,0.90173,0.89588,0.89099,0.89259,0.88665,0.87369,0.86779,0.86407,0.87008,0.86238,0.85919,0.83333,0.82795,0.81400,0.78255,0.77649,0.74040,0.75845,0.77758,0.73377,0.70264,0.73891,0.73534,0.66283,0.65566,0.68934,0.63926,0.57714,0.56879,0.56613,0.35729,0.23917,0.08670,0.31937,0.41123,0.53610,0.62746,0.65397,0.73080,0.77239,0.80285,0.83757,0.84986,0.83720,0.85062,0.83648,0.84239,0.83813,0.84420,0.84616,0.82622,0.80959,0.79538,0.79298,0.77775,0.75630,0.75045,0.71583,0.69974,0.71512,0.68630,0.65083,0.61684,0.60234,0.65912,0.66028,0.69618,0.68585,0.71448,0.75249,0.79536,0.84321,0.88951,0.90718,0.92098,0.89893,0.88663,0.90151,0.88858,0.86163,0.86849,0.87436,0.86257,0.84248,0.81417,0.79680,0.74630,0.74060,0.73855,0.68035,0.67545,0.66160,0.56854,0.51512,0.44733,0.49472,0.53852,0.45317,0.47947,0.52869,0.61511,0.64534,0.68812,0.65421,0.66018,0.61692,0.60744,0.59023,0.66804,0.63171,0.62785,0.70789,0.73665,0.71226,0.76988,0.83902,0.84729,0.85839,0.81104,0.77389,0.78512,0.81895,0.83309,0.86385,0.86594,0.85920,0.81698,0.80894,0.76628,0.75098,0.72757,0.69169,0.66604,0.60829,0.58416,0.52154,0.49486,0.43848,0.39247,0.33946,0.26995,0.24713,0.31191,0.33160,0.37340,0.44827,0.49142,0.50771,0.49490,0.43914,0.47059,0.49698,0.50466,0.56896,0.55898,0.50421,0.47783,0.42353,0.37354,0.36827,0.29016,0.36933,0.43964,0.49568,0.45362,0.46552,0.46348,0.53188,0.57302,0.62331,0.65253,0.70273,0.70952,0.68881,0.68851,0.64957,0.66616,0.60920,0.61514,0.53898,0.49694,0.44912,0.36144,0.29227,0.31404,0.22872,0.21209,0.13106,0.11199,0.19129,0.21201,0.31411,0.32626,0.43652,0.47565,0.52285,0.57054,0.59430,0.63272,0.64186,0.69141,0.74329,0.74182,0.70872,0.73685,0.77244,0.79499,0.79646,0.81407,0.83791,0.83304,0.85542,0.82510,0.82033,0.78157,0.71827,0.65663,0.50858,0.33330,0.22078,0.25451,0.01638
0.92291,0.92855,0.92656,0.92612,0.93381,0.93450,0.92281,0.92406,0.92929,0.91500,0.90266,0.88822,0.88051,0.88082,0.86847,0.85828,0.82445,0.81370,0.79010,0.75430,0.75268,0.71179,0.73506,0.75089,0.69710,0.66613,0.70651,0.69302,0.61085,0.60835,0.63895,0.57444,0.50894,0.50288,0.49300,0.27360,0.14151,-0.00399,0.22872,0.30201,0.43405,0.54165,0.57730,0.67187,0.72500,0.76813,0.81338,0.83432,0.82358,0.84685,0.83473,0.84629,0.84798,0.85986,0.86792,0.84604,0.82218,0.80349,0.80531,0.78890,0.75939,0.75299,0.71505,0.69349,0.70800,0.67673,0.63547,0.59346,0.57390,0.63613,0.63288,0.67070,0.65718,0.68498,0.72975,0.77139,0.82811,0.88123,0.90640,0.93279,0.90857,0.89496,0.92062,0.90863,0.87368,0.88366,0.89829,0.88305,0.85281,0.81784,0.80423,0.74930,0.74580,0.75379,0.69573,0.69459,0.66931,0.56381,0.50028,0.42044,0.46201,0.50942,0.41144,0.44462,0.50542,0.60320,0.63285,0.67518,0.62981,0.63048,0.57582,0.56211,0.53573,0.61687,0.56987,0.57046,0.66357,0.68791,0.65808,0.73395,0.80895,0.81173,0.81962,0.75833,0.71619,0.74742,0.79346,0.79492,0.83808,0.84491,0.84344,0.79626,0.79357,0.74772,0.73885,0.71352,0.67496,0.64873,0.58372,0.55941,0.49073,0.45899,0.39939,0.34476,0.28627,0.20722,0.18590,0.25984,0.28913,0.34260,0.42299,0.47616,0.49184,0.47209,0.41311,0.44782,0.47303,0.47826,0.54766,0.53295,0.46957,0.43488,0.37170,0.31237,0.29998,0.21106,0.29171,0.37223,0.43215,0.38632,0.40564,0.40051,0.47179,0.52213,0.58159,0.62178,0.68277,0.69510,0.66918,0.66675,0.61792,0.63256,0.56428,0.56623,0.47695,0.42336,0.37119,0.27859,0.20836,0.23908,0.15020,0.13548,0.04831,0.03275,0.11510,0.13404,0.24116,0.24604,0.36756,0.41839,0.47607,0.53459,0.56759,0.61537,0.63216,0.68996,0.74735,0.74583,0.70320,0.73188,0.77106,0.79312,0.79071,0.80494,0.82887,0.81586,0.83834,0.79355,0.78107,0.72679,0.64908,0.57234,0.40502,0.22380,0.12422,0.19508,-0.04357
0.91028,0.91270,0.89847,0.89099,0.90070,0.89313,0.86762,0.86842,0.87394,0.84191,0.82131,0.79659,0.78837,0.79144,0.77854,0.77077,0.72188,0.71745,0.69217,0.64705,0.63548,0.57897,0.60224,0.62648,0.56269,0.51537,0.56235,0.55572,0.45451,0.44201,0.48235,0.41557,0.33365,0.32011,0.31773,0.08825,-0.01505,-0.17584,0.04560,0.13897,0.29917,0.40973,0.44142,0.54097,0.61170,0.65843,0.72810,0.74562,0.71844,0.74518,0.72228,0.73308,0.73378,0.74857,0.76104,0.72667,0.69123,0.66607,0.66812,0.64507,0.60584,0.59803,0.54956,0.52266,0.54156,0.50278,0.45257,0.40336,0.38125,0.45437,0.45206,0.49940,0.48307,0.51910,0.57143,0.62491,0.69714,0.77492,0.82232,0.86179,0.81294,0.79701,0.84084,0.81559,0.76279,0.78282,0.80651,0.77773,0.73118,0.68105,0.66136,0.58994,0.58648,0.60095,0.53217,0.53439,0.49769,0.37441,0.30055,0.21381,0.25711,0.30732,0.19992,0.23543,0.30336,0.41422,0.44795,0.49803,0.44464,0.44790,0.38735,0.37389,0.34995,0.44677,0.39498,0.38947,0.49716,0.53271,0.49397,0.57757,0.68007,0.68818,0.72601,0.70417,0.67703,0.73942,0.76840,0.73513,0.76777,0.75030,0.73669,0.66605,0.65770,0.59788,0.58444,0.54996,0.50041,0.46809,0.39162,0.36364,0.28620,0.25096,0.18632,0.12845,0.06704,-0.01376,-0.03517,0.04061,0.07125,0.12946,0.21466,0.27589,0.29181,0.26733,0.20391,0.24221,0.26835,0.27296,0.35025,0.33308,0.26246,0.22508,0.15738,0.09563,0.08566,-0.00350,0.08369,0.16727,0.23498,0.18650,0.20388,0.20224,0.28333,0.33412,0.40009,0.44280,0.51766,0.53096,0.49575,0.49377,0.43661,0.45854,0.38139,0.38912,0.28906,0.23499,0.17587,0.07533,-0.00129,0.02533,-0.06534,-0.08278,-0.16657,-0.18425,-0.10461,-0.08440,0.02449,0.03439,0.16065,0.21104,0.27195,0.33588,0.37211,0.42761,0.44768,0.51743,0.58894,0.58773,0.53365,0.57032,0.62237,0.65351,0.65396,0.67721,0.71213,0.70208,0.74291,0.68980,0.69136,0.62477,0.55346,0.47755,0.30448,0.15479,0.09966,0.23257,0.02190
0.92712,0.92854,0.91366,0.90459,0.91270,0.90415,0.87776,0.87732,0.88132,0.84723,0.82545,0.80023,0.79373,0.79834,0.78715,0.78159,0.73152,0.72967,0.70493,0.65952,0.64546,0.58611,0.60789,0.63394,0.56943,0.51756,0.56467,0.56061,0.45599,0.43956,0.48166,0.41574,0.32948,0.31189,0.31218,0.08441,-0.00731,-0.17420,0.03898,0.12641,0.29691,0.41257,0.44534,0.54573,0.62114,0.66779,0.74193,0.75769,0.72687,0.75251,0.72675,0.73524,0.73432,0.74764,0.75998,0.72191,0.68447,0.65896,0.65939,0.63351,0.59334,0.58526,0.53305,0.50581,0.52736,0.48559,0.43279,0.38266,0.36128,0.43808,0.43778,0.48896,0.47208,0.51103,0.56259,0.61714,0.69039,0.77251,0.82560,0.86555,0.81114,0.79738,0.84344,0.81385,0.75983,0.78349,0.80750,0.77405,0.72545,0.67188,0.64780,0.56982,0.56365,0.57587,0.50245,0.50187,0.46493,0.33627,0.26247,0.17161,0.21749,0.27302,0.16552,0.20242,0.27046,0.38522,0.42293,0.47794,0.42496,0.43191,0.37237,0.36051,0.33909,0.43971,0.38560,0.37670,0.48806,0.52663,0.48285,0.56484,0.67459,0.68255,0.73017,0.71534,0.69374,0.76270,0.79118,0.75172,0.78123,0.75734,0.74084,0.66576,0.65503,0.59323,0.57748,0.53960,0.48526,0.45019,0.37023,0.34003,0.25916,0.22344,0.15518,0.09737,0.03379,-0.04696,-0.07056,0.00374,0.03260,0.08879,0.17782,0.23896,0.25713,0.23417,0.16913,0.20833,0.23686,0.24260,0.32338,0.30654,0.23408,0.19825,0.12894,0.06778,0.06121,-0.02651,0.06545,0.15080,0.22250,0.17419,0.18979,0.19102,0.27544,0.32421,0.39054,0.43140,0.50995,0.52162,0.48246,0.48222,0.42378,0.45015,0.37194,0.38336,0.28105,0.22744,0.16521,0.06175,-0.01903,0.00438,-0.08828,-0.10975,-0.19560,-0.21540,-0.13615,-0.11594,-0.00239,0.01258,0.14103,0.18920,0.24891,0.31353,0.34780,0.40443,0.42280,0.49623,0.57254,0.57214,0.51641,0.55715,0.61369,0.64825,0.65166,0.67808,0.71498,0.70732,0.75212,0.69879,0.70388,0.63428,0.56656,0.48925,0.31490,0.17273,0.13275,0.27470,0.07167
0.88195,0.88159,0.85890,0.84678,0.85781,0.84458,0.80941,0.81031,0.81621,0.77164,0.74610,0.71393,0.70578,0.71028,0.69758,0.69177,0.63336,0.63340,0.60657,0.55624,0.53810,0.47198,0.49437,0.52349,0.45346,0.39543,0.44592,0.44359,0.33066,0.31125,0.35700,0.28942,0.19747,0.17809,0.18058,-0.04681,-0.12558,-0.29082,-0.08903,0.00848,0.18517,0.29880,0.32921,0.43171,0.51465,0.56358,0.64960,0.66495,0.62704,0.65607,0.62609,0.63600,0.63602,0.65246,0.66824,0.62542,0.58184,0.55254,0.55461,0.52678,0.48102,0.47218,0.41661,0.38639,0.40836,0.36459,0.30862,0.25486,0.23140,0.31121,0.30980,0.36339,0.34523,0.38658,0.44243,0.50146,0.58265,0.67642,0.74013,0.78906,0.72330,0.70709,0.76377,0.72914,0.66514,0.69287,0.72294,0.68404,0.62675,0.56605,0.54194,0.45933,0.45534,0.47404,0.39920,0.40266,0.35792,0.22292,0.14355,0.05153,0.09493,0.14831,0.03659,0.07396,0.14606,0.26496,0.30158,0.35688,0.29867,0.30400,0.24044,0.22761,0.20562,0.31125,0.25547,0.24532,0.36239,0.40470,0.35897,0.44614,0.56616,0.57675,0.63584,0.64117,0.62621,0.71135,0.72889,0.67137,0.69703,0.66266,0.64119,0.55563,0.54377,0.47571,0.45966,0.41896,0.36168,0.32537,0.24180,0.21152,0.12891,0.09193,0.02436,-0.03501,-0.09783,-0.17803,-0.19961,-0.12455,-0.09341,-0.03342,0.05429,0.11983,0.13626,0.10923,0.04410,0.08401,0.11061,0.11485,0.19683,0.17815,0.10333,0.06491,-0.00535,-0.06741,-0.07515,-0.16196,-0.07145,0.01343,0.08556,0.03676,0.05270,0.05425,0.14034,0.18999,0.25931,0.30293,0.38730,0.40095,0.35871,0.35729,0.29473,0.32212,0.23968,0.25177,0.14573,0.09197,0.02883,-0.07496,-0.15459,-0.13171,-0.22163,-0.24172,-0.32292,-0.34179,-0.26597,-0.24550,-0.13678,-0.12293,0.00410,0.05302,0.11462,0.18174,0.21944,0.27974,0.30188,0.37957,0.46066,0.45960,0.39791,0.44007,0.50089,0.53814,0.54118,0.57011,0.61169,0.60351,0.65653,0.59811,0.60878,0.53291,0.46781,0.39264,0.21875,0.09717,0.07899,0.25261,0.07194
0.89449,0.89661,0.87797,0.87219,0.88699,0.87706,0.84642,0.85252,0.86196,0.82325,0.80349,0.77209,0.76037,0.75885,0.74241,0.72980,0.67556,0.66698,0.63493,0.58727,0.57919,0.52070,0.54749,0.56873,0.49851,0.45300,0.50239,0.48829,0.38244,0.37487,0.41184,0.33647,0.25460,0.24353,0.23527,0.00419,-0.10760,-0.25635,-0.04133,0.04129,0.19675,0.31509,0.35280,0.46288,0.53962,0.59445,0.66992,0.69363,0.66871,0.70237,0.68171,0.69744,0.70259,0.72201,0.73914,0.70485,0.66501,0.63704,0.64280,0.61992,0.57555,0.56741,0.51874,0.48858,0.50555,0.46680,0.41432,0.36037,0.33461,0.40867,0.40255,0.44896,0.43077,0.46468,0.52075,0.57189,0.64957,0.73040,0.78200,0.83105,0.78197,0.76437,0.81582,0.79166,0.73361,0.75524,0.78548,0.75508,0.70252,0.64858,0.63336,0.56259,0.56222,0.58569,0.52018,0.52642,0.48105,0.35265,0.27304,0.18093,0.21724,0.26750,0.15343,0.19262,0.26755,0.38290,0.41380,0.46071,0.39971,0.39752,0.32951,0.31282,0.28124,0.37734,0.31946,0.31823,0.43227,0.46369,0.42355,0.51850,0.62178,0.62639,0.65906,0.62727,0.59801,0.67274,0.70726,0.66676,0.70876,0.69545,0.68568,0.61307,0.60941,0.54878,0.54091,0.50677,0.45776,0.42680,0.34813,0.32160,0.24293,0.20511,0.14118,0.07862,0.01596,-0.06901,-0.08837,-0.00784,0.03020,0.09604,0.18170,0.24993,0.26370,0.23285,0.16935,0.20913,0.23278,0.23460,0.31259,0.29194,0.21760,0.17438,0.10244,0.03577,0.01942,-0.07440,0.00928,0.09708,0.16374,0.11438,0.13729,0.13313,0.21276,0.26902,0.34031,0.39078,0.47141,0.48951,0.45153,0.44739,0.38415,0.40256,0.31834,0.32223,0.21627,0.15574,0.09674,-0.00317,-0.07652,-0.04414,-0.13321,-0.14754,-0.23211,-0.24662,-0.16683,-0.14838,-0.04122,-0.03864,0.09063,0.14854,0.21526,0.28557,0.32853,0.38945,0.41549,0.48847,0.56120,0.55941,0.49968,0.53464,0.58698,0.61603,0.61284,0.63245,0.66662,0.65007,0.69007,0.62761,0.62340,0.54685,0.46647,0.38170,0.19936,0.04814,0.00152,0.16036,-0.04190
0.92787,0.93163,0.92144,0.92041,0.93324,0.92840,0.90725,0.91347,0.92197,0.89462,0.88024,0.85550,0.84481,0.84180,0.82607,0.81196,0.76717,0.75478,0.72336,0.68174,0.68048,0.63116,0.65769,0.67353,0.60923,0.57315,0.61825,0.59951,0.50416,0.50213,0.53275,0.45770,0.38430,0.37647,0.36367,0.13716,0.00787,-0.13395,0.08822,0.15052,0.29388,0.41508,0.45718,0.56655,0.63442,0.68852,0.74973,0.77585,0.76122,0.79282,0.77876,0.79418,0.79964,0.81667,0.83100,0.80338,0.77024,0.74637,0.75133,0.73160,0.69285,0.68566,0.64161,0.61446,0.62995,0.59466,0.54615,0.49596,0.47201,0.54117,0.53513,0.57746,0.56070,0.59033,0.64157,0.68481,0.75270,0.81897,0.85809,0.89871,0.86428,0.84939,0.88973,0.87303,0.82638,0.84303,0.86769,0.84420,0.80101,0.75545,0.74241,0.67901,0.67666,0.69482,0.63392,0.63660,0.59827,0.47841,0.40507,0.31428,0.35052,0.40280,0.29356,0.33265,0.40390,0.51356,0.54412,0.58857,0.53249,0.53030,0.46574,0.44923,0.41580,0.50396,0.44709,0.44903,0.55641,0.58101,0.54349,0.63411,0.72263,0.72245,0.73859,0.67977,0.64150,0.69873,0.74779,0.72769,0.77699,0.77894,0.77693,0.71831,0.71814,0.66616,0.66074,0.63082,0.58657,0.55803,0.48452,0.45923,0.38384,0.34730,0.28416,0.22301,0.16012,0.07471,0.05396,0.13377,0.17085,0.23354,0.31916,0.38300,0.39816,0.37095,0.30892,0.34746,0.37184,0.37453,0.44974,0.43048,0.35904,0.31770,0.24679,0.18072,0.16373,0.06885,0.15159,0.24006,0.30435,0.25607,0.28007,0.27428,0.34966,0.40587,0.47395,0.52303,0.59697,0.61366,0.57951,0.57642,0.51737,0.53285,0.45292,0.45440,0.35296,0.29156,0.23500,0.13773,0.06571,0.10029,0.00999,-0.00443,-0.09432,-0.10768,-0.02531,-0.00800,0.10232,0.10358,0.23309,0.29156,0.35699,0.42515,0.46554,0.52264,0.54584,0.61343,0.67943,0.67814,0.62468,0.65661,0.70274,0.72714,0.72309,0.73790,0.76529,0.74709,0.77560,0.71737,0.70389,0.63324,0.54736,0.45932,0.27654,0.10439,0.03418,0.15627,-0.06496
0.94882,0.95127,0.94142,0.93849,0.94816,0.94244,0.92184,0.92525,0.93012,0.90225,0.88621,0.86305,0.85520,0.85529,0.84215,0.83230,0.78756,0.77956,0.75118,0.70994,0.70418,0.65161,0.67509,0.69452,0.63142,0.58919,0.63373,0.62071,0.52300,0.51484,0.54937,0.47845,0.40047,0.38805,0.37990,0.15474,0.04321,-0.11186,0.10466,0.16775,0.32319,0.44531,0.48571,0.59243,0.66351,0.71505,0.77917,0.80122,0.78166,0.80984,0.79159,0.80312,0.80561,0.81998,0.83255,0.80112,0.76740,0.74384,0.74611,0.72368,0.68546,0.67805,0.63061,0.60387,0.62231,0.58387,0.53360,0.48399,0.46176,0.53439,0.53148,0.57775,0.56072,0.59407,0.64373,0.68932,0.75706,0.82738,0.87164,0.90986,0.86877,0.85665,0.89730,0.87577,0.82868,0.84886,0.87178,0.84454,0.80079,0.75254,0.73400,0.66412,0.65868,0.67179,0.60486,0.60331,0.56736,0.44370,0.37207,0.27902,0.32038,0.37783,0.27051,0.30956,0.37884,0.49099,0.52598,0.57584,0.52218,0.52517,0.46376,0.44952,0.42189,0.51437,0.45707,0.45423,0.56362,0.59275,0.55019,0.63603,0.73234,0.73301,0.76200,0.71521,0.68285,0.74313,0.78906,0.76418,0.80680,0.80038,0.79384,0.73080,0.72629,0.67211,0.66237,0.62918,0.58017,0.54856,0.47200,0.44405,0.36564,0.32962,0.26287,0.20320,0.13893,0.05457,0.03168,0.10899,0.14138,0.19965,0.28830,0.34962,0.36749,0.34378,0.27969,0.31836,0.34651,0.35138,0.42994,0.41226,0.34020,0.30189,0.23079,0.16678,0.15493,0.06285,0.15133,0.24014,0.30908,0.26128,0.28161,0.27979,0.35945,0.41141,0.47767,0.52194,0.59693,0.61074,0.57448,0.57370,0.51549,0.53648,0.45839,0.46442,0.36311,0.30443,0.24443,0.14344,0.06601,0.09533,0.00187,-0.01653,-0.10806,-0.12394,-0.04181,-0.02383,0.09106,0.09978,0.23037,0.28396,0.34647,0.41379,0.45055,0.50712,0.52720,0.59743,0.66770,0.66731,0.61389,0.65007,0.70057,0.72908,0.72901,0.74834,0.77841,0.76504,0.79821,0.74311,0.73532,0.66497,0.58558,0.49945,0.31795,0.15504,0.10016,0.22685,0.00943
0.96094,0.96486,0.96115,0.96262,0.97116,0.96846,0.95554,0.96049,0.96383,0.94408,0.93342,0.91500,0.90771,0.90565,0.89298,0.88143,0.84433,0.83295,0.80420,0.76842,0.76884,0.72396,0.74727,0.76130,0.70280,0.66942,0.70944,0.69132,0.60347,0.60045,0.62811,0.55703,0.48700,0.47769,0.46482,0.24735,0.12040,-0.02496,0.19249,0.23728,0.37947,0.50416,0.54866,0.65544,0.72025,0.77173,0.82430,0.84888,0.83819,0.86535,0.85291,0.86483,0.86831,0.88106,0.89192,0.86624,0.83760,0.81710,0.81919,0.79950,0.76559,0.75888,0.71585,0.69153,0.70806,0.67251,0.62582,0.57922,0.55818,0.62625,0.62288,0.66536,0.64904,0.67830,0.72428,0.76203,0.82199,0.87990,0.91454,0.94691,0.91848,0.90859,0.94098,0.92561,0.88777,0.90423,0.92301,0.90093,0.86452,0.82286,0.80681,0.74351,0.73726,0.74708,0.68504,0.68079,0.65035,0.53391,0.46772,0.37543,0.41581,0.47396,0.37143,0.41012,0.47659,0.58363,0.61755,0.66431,0.61414,0.61638,0.55725,0.54277,0.51340,0.59781,0.54086,0.54117,0.64460,0.66718,0.62679,0.71033,0.79386,0.78996,0.80384,0.73156,0.69342,0.74251,0.80122,0.79188,0.84184,0.84813,0.84860,0.79773,0.79637,0.74972,0.74346,0.71378,0.66901,0.63998,0.56800,0.54150,0.46664,0.43155,0.36578,0.30710,0.24363,0.15981,0.13684,0.21359,0.24571,0.30176,0.38918,0.44687,0.46521,0.44405,0.38265,0.41959,0.44752,0.45257,0.52769,0.51067,0.44120,0.40389,0.33411,0.27063,0.25788,0.16552,0.25115,0.33998,0.40640,0.36036,0.38269,0.37937,0.45385,0.50592,0.56967,0.61297,0.68180,0.69503,0.66216,0.66197,0.60706,0.62479,0.55044,0.55418,0.45692,0.39653,0.33900,0.24151,0.16631,0.19808,0.10521,0.08770,-0.00542,-0.02106,0.06217,0.07937,0.19440,0.20054,0.33014,0.38444,0.44585,0.51166,0.54695,0.60068,0.61913,0.68474,0.74913,0.74906,0.70063,0.73360,0.77869,0.80304,0.80171,0.81628,0.84047,0.82479,0.84834,0.79599,0.77966,0.71255,0.62907,0.53916,0.35819,0.18146,0.11130,0.21489,-0.01825
0.95119,0.95448,0.94720,0.94876,0.96000,0.95480,0.93785,0.94562,0.95086,0.92511,0.91394,0.89067,0.88176,0.87757,0.86324,0.84921,0.80733,0.79367,0.76094,0.72213,0.72383,0.67606,0.70202,0.71517,0.65181,0.61777,0.66006,0.63844,0.54621,0.54458,0.57178,0.49539,0.42414,0.41450,0.39979,0.18140,0.05579,-0.08635,0.12411,0.16084,0.30879,0.43896,0.48597,0.59866,0.66949,0.72555,0.78450,0.81146,0.79967,0.83072,0.81789,0.83198,0.83740,0.85271,0.86633,0.83875,0.80627,0.78352,0.78712,0.76628,0.72856,0.72160,0.67649,0.64996,0.66654,0.62947,0.58018,0.53060,0.50784,0.57817,0.57346,0.61746,0.59970,0.62942,0.67832,0.71609,0.78059,0.84343,0.88380,0.92210,0.89029,0.87923,0.91769,0.90160,0.85883,0.87706,0.90025,0.87504,0.83325,0.78774,0.77198,0.70540,0.70002,0.71416,0.65271,0.65041,0.61517,0.49410,0.42341,0.32719,0.36468,0.42319,0.31702,0.35753,0.42782,0.53876,0.57265,0.61976,0.56545,0.56628,0.50308,0.48761,0.45578,0.54105,0.48066,0.48255,0.59040,0.61159,0.56918,0.65942,0.74694,0.74172,0.75804,0.68594,0.64997,0.71007,0.76963,0.75067,0.80365,0.80858,0.80945,0.75449,0.75413,0.70525,0.70170,0.67011,0.62338,0.59374,0.51880,0.49208,0.41521,0.37832,0.31182,0.25051,0.18596,0.10061,0.07842,0.15730,0.19224,0.25208,0.34063,0.40196,0.41999,0.39559,0.33339,0.37126,0.39858,0.40280,0.47964,0.46077,0.38850,0.34841,0.27630,0.21053,0.19646,0.10236,0.18745,0.27864,0.34541,0.29843,0.32308,0.31871,0.39408,0.44908,0.51643,0.56318,0.63725,0.65201,0.61600,0.61542,0.55666,0.57514,0.49589,0.49915,0.39622,0.33225,0.27389,0.17602,0.10142,0.13531,0.04303,0.02650,-0.06473,-0.08025,0.00073,0.01721,0.13263,0.13671,0.26833,0.32539,0.38927,0.45863,0.49696,0.55425,0.57537,0.64456,0.71199,0.71185,0.65921,0.69323,0.74077,0.76570,0.76324,0.77739,0.80274,0.78407,0.80964,0.75176,0.73467,0.66047,0.57416,0.47964,0.29330,0.12233,0.06980,0.19741,-0.02945
0.93520,0.93896,0.93070,0.93363,0.94761,0.94255,0.92420,0.93439,0.94270,0.91600,0.90550,0.87994,0.86867,0.86210,0.84542,0.82852,0.78533,0.76880,0.73375,0.69409,0.69824,0.65146,0.67960,0.69086,0.62586,0.59447,0.63793,0.61264,0.52066,0.52268,0.54835,0.46858,0.39991,0.39368,0.37552,0.15445,0.02146,-0.11688,0.09687,0.13614,0.27758,0.40652,0.45465,0.57018,0.63940,0.69812,0.75671,0.78669,0.77754,0.81165,0.80114,0.81839,0.82610,0.84394,0.85914,0.83372,0.80091,0.77719,0.78318,0.76426,0.72531,0.71838,0.67541,0.64801,0.66252,0.62723,0.57875,0.52792,0.50332,0.57201,0.56473,0.60590,0.58819,0.61560,0.66607,0.70316,0.76873,0.82994,0.86819,0.90937,0.88072,0.86774,0.90739,0.89462,0.85074,0.86702,0.89256,0.86992,0.82736,0.78263,0.77097,0.70867,0.70577,0.72387,0.66622,0.66717,0.62938,0.51003,0.43684,0.34201,0.37598,0.43061,0.32214,0.36291,0.43546,0.54532,0.57582,0.61913,0.56209,0.55868,0.49249,0.47493,0.43973,0.52260,0.46130,0.46666,0.57445,0.59222,0.55235,0.64717,0.73068,0.72435,0.73404,0.65745,0.61703,0.67659,0.73759,0.71908,0.77597,0.78566,0.78967,0.73625,0.73918,0.69112,0.69059,0.66114,0.61772,0.59018,0.51648,0.49144,0.41611,0.37880,0.31499,0.25197,0.18832,0.10146,0.08141,0.16256,0.20078,0.26458,0.35148,0.41576,0.43157,0.40384,0.34203,0.37977,0.40475,0.40754,0.48275,0.46250,0.39004,0.34714,0.27474,0.20683,0.18882,0.09266,0.17416,0.26516,0.32914,0.28149,0.30881,0.30189,0.37515,0.43299,0.50141,0.55143,0.62536,0.64268,0.60869,0.60612,0.54608,0.56098,0.48042,0.47990,0.37636,0.31020,0.25403,0.15825,0.08739,0.12492,0.03449,0.02096,-0.06935,-0.08243,-0.00148,0.01454,0.12672,0.12570,0.25672,0.31723,0.38394,0.45484,0.49658,0.55501,0.57917,0.64729,0.71234,0.71152,0.65774,0.68852,0.73330,0.75558,0.75021,0.76136,0.78524,0.76316,0.78626,0.72518,0.70458,0.62961,0.53837,0.44231,0.25386,0.07934,0.02113,0.15066,-0.07560
0.93263,0.93815,0.93744,0.94393,0.95624,0.95664,0.94652,0.95593,0.96444,0.94926,0.94306,0.92434,0.91354,0.90596,0.89047,0.87295,0.83904,0.81929,0.78638,0.75244,0.76192,0.72500,0.75268,0.75943,0.70161,0.67970,0.71902,0.69111,0.61122,0.61841,0.63889,0.56221,0.50387,0.50139,0.48005,0.26580,0.11963,-0.01061,0.20822,0.23793,0.36360,0.48832,0.53735,0.64719,0.70452,0.75930,0.80277,0.83354,0.83348,0.86447,0.85994,0.87687,0.88460,0.90017,0.91202,0.89377,0.86847,0.84909,0.85451,0.83959,0.80733,0.80143,0.76490,0.74128,0.75370,0.72313,0.68062,0.63514,0.61274,0.67424,0.66703,0.70228,0.68655,0.70916,0.75435,0.78516,0.84033,0.88635,0.91075,0.94275,0.92871,0.91714,0.94493,0.94002,0.90755,0.91721,0.93646,0.92231,0.89019,0.85550,0.84676,0.79431,0.79124,0.80465,0.75321,0.75238,0.72211,0.61478,0.54862,0.45971,0.49288,0.54515,0.44417,0.48232,0.54911,0.64980,0.67791,0.71672,0.66592,0.66201,0.60081,0.58389,0.54874,0.62150,0.56470,0.57317,0.67010,0.68191,0.64879,0.73663,0.80277,0.79415,0.78703,0.69032,0.64217,0.68159,0.75087,0.75312,0.81398,0.83674,0.84696,0.80763,0.81337,0.77375,0.77539,0.75141,0.71465,0.69063,0.62466,0.60188,0.53254,0.49790,0.43745,0.37780,0.31676,0.23249,0.21247,0.29106,0.32702,0.38643,0.46958,0.52731,0.54300,0.51900,0.46057,0.49580,0.52049,0.52387,0.59356,0.57531,0.50831,0.46830,0.39990,0.33485,0.31660,0.22219,0.29950,0.38705,0.44581,0.40046,0.42786,0.41955,0.48660,0.54278,0.60634,0.65348,0.71852,0.73459,0.70613,0.70352,0.64958,0.66069,0.58655,0.58311,0.48718,0.42294,0.37136,0.28137,0.21474,0.25353,0.16533,0.15263,0.06128,0.04979,0.13088,0.14612,0.25609,0.25316,0.37976,0.43907,0.50235,0.56845,0.60686,0.65946,0.68069,0.74069,0.79670,0.79580,0.74990,0.77622,0.81322,0.83035,0.82371,0.83005,0.84744,0.82471,0.83716,0.78254,0.75515,0.68965,0.59712,0.50258,0.32065,0.12882,0.04540,0.13767,-0.10425
0.90213,0.90945,0.91353,0.92475,0.93867,0.94216,0.93745,0.94994,0.96039,0.95216,0.95120,0.93484,0.92223,0.91064,0.89353,0.87172,0.84407,0.81863,0.78355,0.75426,0.77147,0.74345,0.77277,0.77261,0.71843,0.70772,0.74361,0.70799,0.63868,0.65426,0.66667,0.58792,0.54097,0.54432,0.51595,0.31116,0.14841,0.03455,0.25158,0.26355,0.37059,0.49311,0.54540,0.65513,0.70434,0.76041,0.79264,0.82830,0.83848,0.87080,0.87401,0.89393,0.90512,0.92155,0.93338,0.92274,0.90191,0.88472,0.89212,0.88172,0.85271,0.84755,0.81799,0.79613,0.80456,0.77940,0.74181,0.69893,0.67649,0.73053,0.72058,0.74877,0.73414,0.75006,0.79235,0.81487,0.86277,0.89532,0.90846,0.93772,0.93813,0.92679,0.94788,0.95209,0.92739,0.93151,0.94914,0.94290,0.91685,0.88973,0.88723,0.84612,0.84480,0.85928,0.81730,0.81740,0.78935,0.69270,0.63053,0.54599,0.57332,0.62144,0.52487,0.56241,0.62746,0.71976,0.74301,0.77413,0.72497,0.71651,0.65594,0.63719,0.59808,0.65952,0.60387,0.61823,0.70727,0.70942,0.68151,0.76951,0.81863,0.80503,0.77891,0.65900,0.60122,0.62887,0.71018,0.72564,0.79499,0.83370,0.85278,0.82648,0.83814,0.80685,0.81478,0.79638,0.76743,0.74841,0.68964,0.67058,0.60768,0.57422,0.51901,0.46011,0.40184,0.31851,0.30100,0.37924,0.41713,0.47680,0.55501,0.61006,0.62369,0.59983,0.54560,0.57847,0.60043,0.60280,0.66628,0.64785,0.58462,0.54377,0.47781,0.41294,0.39043,0.29600,0.36509,0.45064,0.50265,0.45924,0.49025,0.47828,0.53714,0.59496,0.65583,0.70413,0.76260,0.78028,0.75674,0.75296,0.70203,0.70709,0.63662,0.62735,0.53619,0.47000,0.42378,0.34148,0.28261,0.32658,0.24318,0.23452,0.14399,0.13615,0.21525,0.22846,0.33319,0.32273,0.44491,0.50734,0.57081,0.63522,0.67452,0.72423,0.74654,0.79983,0.84676,0.84557,0.80407,0.82403,0.85283,0.86310,0.85259,0.85151,0.86180,0.83420,0.83536,0.78110,0.74334,0.68137,0.58249,0.48578,0.30673,0.10445,0.00539,0.08095,-0.16763
0.86517,0.87456,0.88521,0.89992,0.91265,0.92146,0.92472,0.93660,0.94734,0.95063,0.95430,0.94493,0.93251,0.91973,0.90294,0.87968,0.86214,0.83339,0.80076,0.77814,0.80088,0.78385,0.81224,0.80712,0.76119,0.76169,0.79253,0.75395,0.69901,0.72122,0.72690,0.65291,0.61853,0.62748,0.59550,0.40306,0.22448,0.12615,0.34583,0.35196,0.43379,0.54658,0.59830,0.69982,0.73496,0.78644,0.80188,0.83856,0.85896,0.88824,0.89848,0.91878,0.93066,0.94521,0.95409,0.95236,0.93977,0.92731,0.93492,0.92982,0.90793,0.90403,0.88328,0.86541,0.86989,0.85144,0.82146,0.78473,0.76440,0.80853,0.79758,0.81748,0.80528,0.81465,0.85132,0.86602,0.90279,0.91807,0.91559,0.93608,0.95276,0.94230,0.95119,0.96433,0.95115,0.94803,0.95976,0.96346,0.94846,0.93239,0.93521,0.90797,0.90775,0.91898,0.88659,0.88618,0.86553,0.78502,0.73136,0.65570,0.67966,0.72255,0.63525,0.66956,0.72782,0.80706,0.82550,0.84903,0.80615,0.79510,0.73997,0.72117,0.68017,0.72942,0.67970,0.69844,0.77428,0.76927,0.74932,0.82975,0.85865,0.84284,0.79753,0.65911,0.59263,0.59819,0.68580,0.72248,0.79600,0.84912,0.87536,0.86486,0.88022,0.85867,0.86919,0.85868,0.83924,0.82554,0.77728,0.76224,0.70826,0.67829,0.62971,0.57537,0.52179,0.44280,0.42633,0.50086,0.53767,0.59320,0.66454,0.71347,0.72546,0.70378,0.65548,0.68511,0.70419,0.70568,0.76033,0.74367,0.68798,0.64980,0.58964,0.52851,0.50379,0.41249,0.47323,0.55255,0.59648,0.55615,0.58772,0.57308,0.62234,0.67853,0.73358,0.77978,0.82670,0.84418,0.82842,0.82347,0.77967,0.77776,0.71513,0.70194,0.62160,0.55869,0.51980,0.44615,0.39498,0.44049,0.36269,0.35726,0.26947,0.26388,0.34189,0.35375,0.45116,0.43618,0.54981,0.61115,0.67096,0.72908,0.76567,0.80858,0.82864,0.87141,0.90645,0.90486,0.87230,0.88507,0.90360,0.90697,0.89424,0.88694,0.88992,0.86122,0.85045,0.80300,0.75735,0.70660,0.60701,0.51468,0.34741,0.13033,0.00184,0.02993,-0.22246
0.82624,0.83611,0.84575,0.86275,0.87881,0.88742,0.88974,0.90553,0.91888,0.92144,0.92712,0.91519,0.89966,0.88348,0.86338,0.83614,0.81827,0.78622,0.75070,0.72820,0.75460,0.73995,0.77040,0.76191,0.71491,0.72050,0.75105,0.70715,0.65469,0.68213,0.68390,0.60645,0.57704,0.59158,0.55416,0.36407,0.17441,0.08684,0.30674,0.31571,0.38119,0.48981,0.54250,0.64702,0.67945,0.73442,0.74796,0.78919,0.81427,0.84726,0.86140,0.88612,0.90152,0.91932,0.93045,0.93278,0.92026,0.90693,0.91798,0.91617,0.89308,0.88943,0.87291,0.85403,0.85441,0.83943,0.81177,0.77416,0.75145,0.79162,0.77662,0.79151,0.77938,0.78438,0.82259,0.83441,0.87161,0.88323,0.87710,0.90131,0.92345,0.91082,0.92093,0.93888,0.92513,0.91988,0.93420,0.94241,0.92693,0.91224,0.92173,0.90251,0.90612,0.92276,0.89689,0.90094,0.87734,0.80098,0.74582,0.67287,0.69081,0.72767,0.63885,0.67324,0.73416,0.80987,0.82262,0.83918,0.79279,0.77529,0.71656,0.69462,0.64863,0.69308,0.64199,0.66602,0.74040,0.73004,0.71296,0.79915,0.82114,0.80281,0.74650,0.59964,0.52667,0.53178,0.62241,0.66093,0.74034,0.80112,0.83269,0.82633,0.84651,0.82734,0.84254,0.83578,0.82217,0.81239,0.76733,0.75552,0.70536,0.67519,0.63154,0.57559,0.52435,0.44424,0.43158,0.50829,0.54952,0.60995,0.67694,0.72890,0.73732,0.71160,0.66489,0.69374,0.70917,0.70848,0.75925,0.74081,0.68600,0.64388,0.58428,0.52092,0.48981,0.39659,0.44994,0.52795,0.56743,0.52744,0.56292,0.54468,0.58894,0.64823,0.70338,0.75368,0.79788,0.81930,0.80773,0.80012,0.75549,0.74716,0.68462,0.66601,0.58744,0.52166,0.48666,0.41725,0.37224,0.42284,0.34910,0.34940,0.26468,0.26249,0.33976,0.35025,0.44092,0.41746,0.52842,0.59441,0.65752,0.71714,0.75846,0.80232,0.82676,0.86698,0.89716,0.89464,0.86134,0.86847,0.88213,0.88075,0.86377,0.85157,0.85174,0.81816,0.80280,0.75120,0.69990,0.64820,0.54200,0.44865,0.28153,0.06309,-0.07283,-0.04340,-0.29125
0.82750,0.83722,0.84582,0.86246,0.87888,0.88701,0.88819,0.90390,0.91761,0.91898,0.92378,0.91103,0.89515,0.87916,0.85870,0.83152,0.81233,0.78043,0.74471,0.72126,0.74682,0.73100,0.76185,0.75415,0.70619,0.71073,0.74231,0.69888,0.64472,0.67180,0.67488,0.59698,0.56624,0.58063,0.54374,0.35070,0.16213,0.07312,0.29518,0.30814,0.37603,0.48397,0.53576,0.64013,0.67333,0.72850,0.74348,0.78469,0.80874,0.84211,0.85546,0.88037,0.89568,0.91403,0.92544,0.92717,0.91385,0.89997,0.91118,0.90907,0.88525,0.88142,0.86435,0.84509,0.84560,0.83022,0.80203,0.76379,0.74078,0.78171,0.76673,0.78212,0.76988,0.77547,0.81461,0.82786,0.86647,0.87998,0.87479,0.90015,0.92065,0.90734,0.91865,0.93593,0.92060,0.91560,0.93063,0.93847,0.92183,0.90636,0.91576,0.89571,0.89982,0.91737,0.89073,0.89558,0.87115,0.79374,0.73728,0.66426,0.68243,0.71872,0.62873,0.66305,0.72470,0.80126,0.81383,0.83064,0.78350,0.76575,0.70634,0.68412,0.63832,0.68405,0.63289,0.65680,0.73233,0.72283,0.70584,0.79305,0.81670,0.79933,0.74443,0.60100,0.52804,0.53391,0.62242,0.65926,0.73798,0.79751,0.82807,0.81994,0.83982,0.81942,0.83421,0.82696,0.81293,0.80279,0.75699,0.74493,0.69413,0.66387,0.62036,0.56403,0.51255,0.43186,0.41947,0.49687,0.53852,0.59961,0.66641,0.71902,0.72724,0.70076,0.65323,0.68255,0.69793,0.69729,0.74883,0.73043,0.67521,0.63265,0.57256,0.50873,0.47734,0.38361,0.43741,0.51568,0.55546,0.51484,0.55024,0.53195,0.57716,0.63696,0.69276,0.74351,0.78876,0.81045,0.79839,0.79058,0.74533,0.73741,0.67402,0.65511,0.57559,0.50983,0.47443,0.40426,0.35890,0.40960,0.33558,0.33607,0.25184,0.24944,0.32686,0.33738,0.42815,0.40480,0.51644,0.58290,0.64660,0.70661,0.74846,0.79290,0.81778,0.85864,0.88950,0.88677,0.85265,0.86010,0.87438,0.87357,0.85645,0.84481,0.84596,0.81236,0.79825,0.74619,0.69573,0.64372,0.53778,0.44511,0.27736,0.05968,-0.07532,-0.04376,-0.29085
0.80987,0.82062,0.83605,0.85420,0.86704,0.87957,0.88874,0.90152,0.91312,0.92513,0.93289,0.92814,0.91481,0.90023,0.88274,0.85788,0.84859,0.81708,0.78626,0.76912,0.79659,0.78919,0.81712,0.80731,0.76846,0.77894,0.80533,0.76393,0.72200,0.75013,0.74999,0.68001,0.65723,0.67242,0.63663,0.45752,0.26833,0.18558,0.40400,0.40819,0.46434,0.56501,0.61473,0.70849,0.73060,0.77851,0.77978,0.81801,0.84733,0.87475,0.89124,0.91299,0.92613,0.94024,0.94716,0.95378,0.94783,0.93876,0.94756,0.94784,0.93154,0.92864,0.91650,0.90181,0.90180,0.89011,0.86755,0.83600,0.81685,0.85121,0.83845,0.84989,0.84009,0.84308,0.87529,0.88335,0.91093,0.91155,0.89537,0.90993,0.94044,0.92998,0.92953,0.95095,0.94672,0.93719,0.94483,0.95830,0.95200,0.94530,0.95449,0.94119,0.94315,0.95321,0.93031,0.93104,0.91630,0.85145,0.80459,0.73890,0.75854,0.79418,0.71485,0.74534,0.79818,0.86455,0.87686,0.89163,0.85340,0.83834,0.78731,0.76756,0.72559,0.76302,0.71829,0.74169,0.80534,0.79320,0.78121,0.85649,0.86684,0.84886,0.78569,0.63405,0.55978,0.54622,0.63633,0.69081,0.76732,0.83314,0.86603,0.86930,0.88884,0.87589,0.88961,0.88622,0.87661,0.86855,0.83043,0.81958,0.77471,0.74826,0.70762,0.65723,0.60925,0.53461,0.52135,0.59244,0.62869,0.68130,0.74373,0.78754,0.79653,0.77602,0.73304,0.75916,0.77479,0.77549,0.82142,0.80634,0.75797,0.72123,0.66704,0.60898,0.58091,0.49318,0.54418,0.61662,0.65219,0.61513,0.64760,0.63022,0.66987,0.72442,0.77320,0.81744,0.85325,0.87149,0.86378,0.85744,0.81997,0.81121,0.75663,0.73816,0.66870,0.60866,0.57725,0.51273,0.47027,0.51769,0.44677,0.44591,0.36245,0.36013,0.43604,0.44662,0.53411,0.51337,0.61765,0.67831,0.73524,0.78774,0.82311,0.86014,0.87948,0.91239,0.93579,0.93350,0.90823,0.91329,0.92174,0.91829,0.90264,0.88925,0.88575,0.85504,0.83383,0.79153,0.73922,0.69866,0.59853,0.51180,0.35711,0.13353,-0.01791,-0.02509,-0.27773
0.74572,0.75797,0.77672,0.79831,0.81250,0.82775,0.84101,0.85615,0.86962,0.88750,0.89950,0.89695,0.88208,0.86434,0.84548,0.81736,0.81386,0.77822,0.74692,0.73429,0.76759,0.76867,0.79716,0.78175,0.74758,0.76824,0.79090,0.74409,0.71332,0.74875,0.74136,0.67249,0.66133,0.68267,0.64144,0.47646,0.27480,0.21158,0.42415,0.42037,0.45099,0.54346,0.59377,0.68383,0.69621,0.74337,0.73359,0.77499,0.81314,0.84105,0.86422,0.88850,0.90424,0.91908,0.92588,0.94001,0.93890,0.93232,0.94315,0.94835,0.93574,0.93383,0.92942,0.91677,0.91212,0.90658,0.89020,0.86223,0.84330,0.86866,0.85311,0.85647,0.84823,0.84437,0.87325,0.87370,0.89414,0.88203,0.85522,0.86690,0.91004,0.89943,0.89287,0.92229,0.92488,0.91012,0.91616,0.93718,0.93699,0.93779,0.95384,0.95359,0.95825,0.96992,0.95783,0.96056,0.94794,0.89643,0.85452,0.79638,0.80909,0.83809,0.76524,0.79353,0.84304,0.89848,0.90440,0.91035,0.87445,0.85440,0.80526,0.78403,0.73853,0.76403,0.72265,0.75158,0.80497,0.78467,0.77911,0.85210,0.84563,0.82442,0.74438,0.57815,0.49599,0.47078,0.56685,0.63273,0.71454,0.79300,0.83321,0.84864,0.87328,0.86843,0.88730,0.89041,0.88982,0.88746,0.85816,0.85180,0.81535,0.79115,0.75790,0.71003,0.66710,0.59593,0.58585,0.65456,0.69218,0.74430,0.79907,0.84000,0.84601,0.82502,0.78773,0.81062,0.82204,0.82099,0.85844,0.84338,0.80081,0.76393,0.71426,0.65831,0.62586,0.54091,0.58113,0.64809,0.67530,0.64130,0.67622,0.65531,0.68509,0.73971,0.78433,0.82907,0.85641,0.87614,0.87488,0.86684,0.83354,0.81759,0.76837,0.74432,0.68308,0.62384,0.59981,0.54501,0.51196,0.56273,0.49938,0.50367,0.42526,0.42643,0.49883,0.50718,0.58485,0.55667,0.65210,0.71388,0.76948,0.81851,0.85442,0.88738,0.90780,0.93251,0.94567,0.94270,0.92256,0.92004,0.91947,0.90905,0.88968,0.86958,0.85969,0.82540,0.79425,0.75370,0.69367,0.65887,0.55564,0.47103,0.32504,0.09674,-0.06980,-0.09596,-0.34347
0.70615,0.71878,0.73567,0.75869,0.77612,0.79078,0.80198,0.82045,0.83664,0.85248,0.86549,0.85984,0.84202,0.82138,0.79955,0.76805,0.76279,0.72428,0.69013,0.67680,0.71265,0.71487,0.74551,0.72773,0.69179,0.71606,0.73929,0.68820,0.65825,0.69782,0.68811,0.61603,0.60836,0.63402,0.58878,0.42517,0.21619,0.16208,0.37403,0.37439,0.39286,0.48121,0.53172,0.62393,0.63491,0.68517,0.67520,0.72040,0.76163,0.79313,0.81894,0.84717,0.86595,0.88399,0.89316,0.91008,0.90818,0.90032,0.91429,0.92207,0.90769,0.90586,0.90458,0.89078,0.88287,0.87993,0.86506,0.83593,0.81478,0.83720,0.81820,0.81766,0.80928,0.80210,0.83285,0.83196,0.85373,0.84018,0.81161,0.82757,0.87363,0.86069,0.85647,0.88939,0.89008,0.87381,0.88287,0.90707,0.90532,0.90657,0.92832,0.93419,0.94274,0.96015,0.95351,0.96079,0.94424,0.89558,0.85138,0.79580,0.80312,0.82586,0.75139,0.77982,0.83197,0.88501,0.88567,0.88585,0.84637,0.82061,0.76800,0.74387,0.69422,0.71640,0.67420,0.70733,0.75994,0.73566,0.73242,0.81082,0.79977,0.77715,0.68956,0.51981,0.43247,0.40839,0.50543,0.57031,0.65667,0.74029,0.78406,0.80140,0.82981,0.82594,0.84872,0.85470,0.85872,0.85946,0.83237,0.82867,0.79521,0.77084,0.74216,0.69271,0.65186,0.57977,0.57305,0.64390,0.68551,0.74224,0.79297,0.83682,0.83966,0.81450,0.77836,0.80085,0.80895,0.80590,0.84033,0.82371,0.78173,0.74120,0.69201,0.63406,0.59614,0.50964,0.54332,0.60906,0.63237,0.59846,0.63669,0.61281,0.63883,0.69630,0.74165,0.79039,0.81664,0.83986,0.84134,0.83058,0.79597,0.77500,0.72504,0.69623,0.63583,0.57434,0.55342,0.50232,0.47483,0.52990,0.47036,0.47963,0.40461,0.40877,0.47986,0.48697,0.55839,0.52296,0.61596,0.68189,0.74055,0.79103,0.83130,0.86547,0.88996,0.91286,0.92246,0.91850,0.89700,0.88996,0.88583,0.87176,0.84871,0.82489,0.81349,0.77504,0.74117,0.69644,0.63240,0.59628,0.48826,0.40338,0.25794,0.03027,-0.13997,-0.16135,-0.40251
0.68634,0.69953,0.72007,0.74342,0.75852,0.77577,0.79124,0.80757,0.82259,0.84458,0.85864,0.85770,0.84133,0.82215,0.80215,0.77260,0.77297,0.73537,0.70506,0.69523,0.73107,0.73791,0.76657,0.74839,0.71830,0.74543,0.76578,0.71716,0.69435,0.73395,0.72348,0.65726,0.65403,0.68018,0.63647,0.48087,0.27399,0.22245,0.43315,0.43458,0.44607,0.52657,0.57390,0.65751,0.66112,0.70589,0.68791,0.73036,0.77387,0.80121,0.82830,0.85441,0.87158,0.88714,0.89327,0.91301,0.91568,0.91063,0.92314,0.93252,0.92278,0.92145,0.92346,0.91256,0.90416,0.90363,0.89258,0.86786,0.84908,0.86726,0.84968,0.84659,0.83995,0.83138,0.85811,0.85519,0.87071,0.85000,0.81484,0.82403,0.87523,0.86342,0.85223,0.88742,0.89416,0.87485,0.87933,0.90742,0.91182,0.91845,0.94000,0.95048,0.95848,0.97133,0.96678,0.97264,0.96225,0.92195,0.88348,0.83404,0.84256,0.86292,0.79527,0.82078,0.86703,0.91307,0.91284,0.91122,0.87748,0.85324,0.80619,0.78361,0.73715,0.75451,0.71739,0.75003,0.79480,0.76938,0.76990,0.84042,0.82168,0.79987,0.70861,0.53844,0.45093,0.41374,0.50871,0.58389,0.66682,0.75272,0.79692,0.82037,0.84811,0.84809,0.86950,0.87791,0.88503,0.88719,0.86515,0.86234,0.83306,0.81151,0.78564,0.74052,0.70254,0.63472,0.62783,0.69443,0.73228,0.78354,0.83035,0.86848,0.87134,0.84976,0.81622,0.83671,0.84474,0.84246,0.87311,0.85890,0.82192,0.78524,0.74044,0.68655,0.65062,0.56838,0.59975,0.66068,0.68092,0.64904,0.68475,0.66145,0.68418,0.73804,0.77869,0.82301,0.84310,0.86417,0.86892,0.85871,0.82930,0.80789,0.76393,0.73524,0.68171,0.62483,0.60683,0.55959,0.53439,0.58698,0.53000,0.53877,0.46557,0.47003,0.53969,0.54684,0.61496,0.58122,0.66873,0.73044,0.78449,0.82957,0.86568,0.89480,0.91588,0.93325,0.93789,0.93395,0.91811,0.90938,0.90156,0.88603,0.86392,0.83962,0.82603,0.78997,0.75266,0.71471,0.65104,0.62323,0.52050,0.44156,0.30626,0.07760,-0.10299,-0.15030,-0.39195
0.63021,0.64421,0.67126,0.69712,0.70940,0.73045,0.75384,0.76888,0.78228,0.81425,0.83238,0.83848,0.82401,0.80487,0.78725,0.75883,0.76930,0.73118,0.70498,0.70236,0.74170,0.75831,0.78426,0.76211,0.74168,0.77712,0.79103,0.74250,0.73457,0.77699,0.76067,0.70233,0.71034,0.73886,0.69448,0.55985,0.35285,0.31543,0.51405,0.50236,0.49470,0.56559,0.61099,0.68359,0.67502,0.71321,0.68076,0.72137,0.77176,0.79416,0.82585,0.84985,0.86604,0.87820,0.88074,0.90674,0.91685,0.91675,0.92790,0.94064,0.93844,0.93832,0.94705,0.94079,0.93046,0.93517,0.93101,0.91346,0.89825,0.90739,0.89090,0.88167,0.87756,0.86428,0.88333,0.87304,0.87649,0.84114,0.79433,0.79377,0.85670,0.84763,0.82529,0.86606,0.88415,0.86002,0.85814,0.89268,0.90731,0.92347,0.94669,0.96704,0.97388,0.98113,0.98395,0.98694,0.98546,0.96115,0.93324,0.89324,0.89943,0.91675,0.86182,0.88311,0.91993,0.95275,0.95003,0.94347,0.91845,0.89507,0.85645,0.83592,0.79215,0.79750,0.76700,0.80075,0.83129,0.80089,0.80744,0.86618,0.83077,0.80710,0.70485,0.52490,0.43546,0.38103,0.47901,0.56960,0.65148,0.74553,0.79355,0.83041,0.85936,0.86872,0.89118,0.90476,0.91849,0.92446,0.91222,0.91216,0.89151,0.87418,0.85385,0.81540,0.78292,0.72272,0.71660,0.77553,0.80888,0.85199,0.89148,0.92067,0.92307,0.90676,0.87962,0.89576,0.90230,0.90060,0.92291,0.91157,0.88290,0.85160,0.81392,0.76677,0.73276,0.65846,0.68273,0.73580,0.74912,0.72213,0.75564,0.73229,0.74627,0.79466,0.82716,0.86547,0.87444,0.89275,0.90319,0.89393,0.87286,0.84873,0.81488,0.78508,0.74370,0.69264,0.68106,0.64328,0.62450,0.67454,0.62433,0.63385,0.56515,0.57073,0.63569,0.64136,0.70183,0.66809,0.74431,0.80048,0.84734,0.88438,0.91468,0.93583,0.95251,0.96026,0.95499,0.95145,0.94488,0.93170,0.91612,0.89612,0.87429,0.84639,0.82671,0.79215,0.74602,0.71720,0.65024,0.63348,0.53588,0.46359,0.34445,0.11625,-0.07599,-0.15602,-0.39322
0.56692,0.58165,0.60803,0.63623,0.65177,0.67294,0.69579,0.71461,0.73086,0.76267,0.78318,0.78721,0.77000,0.74731,0.72689,0.69441,0.70535,0.66340,0.63446,0.63305,0.67656,0.69702,0.72475,0.69858,0.67843,0.72050,0.73328,0.67911,0.67613,0.72465,0.70332,0.64296,0.65816,0.69211,0.64254,0.51641,0.30014,0.27946,0.47190,0.45792,0.43058,0.49575,0.54192,0.61486,0.60233,0.64292,0.60686,0.65155,0.70733,0.73302,0.76921,0.79716,0.81674,0.83169,0.83633,0.86710,0.87796,0.87776,0.89216,0.90854,0.90607,0.90643,0.92031,0.91383,0.89929,0.90818,0.90745,0.89024,0.87348,0.87686,0.85666,0.84149,0.83775,0.81925,0.83831,0.82353,0.82551,0.78466,0.73330,0.73553,0.80500,0.79430,0.77218,0.81823,0.83707,0.81023,0.81059,0.84959,0.86478,0.88370,0.91397,0.94359,0.95426,0.96703,0.97855,0.98573,0.98110,0.96409,0.93648,0.90128,0.89989,0.91019,0.85684,0.87753,0.91511,0.94184,0.93295,0.91859,0.89159,0.86195,0.82139,0.79829,0.74971,0.74748,0.71755,0.75652,0.78260,0.74596,0.75642,0.81841,0.77349,0.74736,0.63337,0.44527,0.35015,0.29455,0.39535,0.48790,0.57519,0.67750,0.73080,0.77343,0.80718,0.82049,0.84811,0.86624,0.88662,0.89718,0.89005,0.89382,0.87883,0.86205,0.84803,0.80954,0.78078,0.72167,0.71936,0.77856,0.81555,0.86187,0.89523,0.92593,0.92491,0.90509,0.88168,0.89615,0.89805,0.89390,0.91030,0.89755,0.87157,0.83747,0.80190,0.75437,0.71462,0.64099,0.65567,0.70558,0.71240,0.68703,0.72404,0.69706,0.70397,0.75439,0.78589,0.82742,0.83261,0.85403,0.86855,0.85687,0.83635,0.80571,0.77315,0.73791,0.70028,0.64780,0.64152,0.61110,0.60062,0.65505,0.61147,0.62649,0.56301,0.57222,0.63377,0.63729,0.68860,0.64651,0.71671,0.77632,0.82481,0.86167,0.89560,0.91627,0.93658,0.94009,0.92842,0.92396,0.91802,0.89857,0.87707,0.85178,0.82575,0.79241,0.76911,0.72986,0.67819,0.64647,0.57372,0.55733,0.45546,0.38333,0.26857,0.04203,-0.15578,-0.23529,-0.46340
0.48525,0.50084,0.52834,0.55811,0.57493,0.59780,0.62223,0.64244,0.66054,0.69568,0.71829,0.72358,0.70505,0.68044,0.65889,0.62459,0.63922,0.59496,0.56674,0.56821,0.61462,0.64126,0.66916,0.63975,0.62380,0.67309,0.68327,0.62685,0.63287,0.68618,0.66069,0.60345,0.62788,0.66653,0.61431,0.50206,0.28294,0.27941,0.46331,0.44946,0.40092,0.45382,0.49717,0.56313,0.54196,0.57997,0.53590,0.58148,0.64245,0.66800,0.70838,0.73811,0.75945,0.77516,0.77962,0.81595,0.83046,0.83201,0.84817,0.86864,0.86911,0.87011,0.89067,0.88612,0.86763,0.88187,0.88680,0.87332,0.85705,0.85223,0.82996,0.80783,0.80576,0.78209,0.79850,0.77918,0.77594,0.72623,0.66700,0.66735,0.74471,0.73292,0.70670,0.75857,0.78141,0.75000,0.74929,0.79454,0.81403,0.83909,0.87513,0.91582,0.92968,0.94456,0.96508,0.97555,0.97248,0.96819,0.94479,0.91929,0.91186,0.91327,0.86657,0.88396,0.91760,0.93368,0.91826,0.89568,0.87123,0.83728,0.79930,0.77527,0.72525,0.71327,0.68862,0.73120,0.74728,0.70514,0.72221,0.78085,0.72288,0.69620,0.57102,0.38017,0.28122,0.21519,0.31416,0.41397,0.50208,0.61142,0.66850,0.71938,0.75650,0.77528,0.80618,0.82983,0.85808,0.87348,0.87469,0.88257,0.87581,0.86192,0.85619,0.82125,0.79841,0.74430,0.74539,0.80105,0.83841,0.88334,0.90744,0.93489,0.93046,0.90992,0.89207,0.90346,0.90102,0.89527,0.90349,0.89143,0.87180,0.83824,0.80837,0.76416,0.72129,0.65212,0.65604,0.69874,0.69703,0.67465,0.71256,0.68298,0.68122,0.73041,0.75743,0.79853,0.79630,0.81889,0.83918,0.82545,0.80920,0.77281,0.74568,0.70598,0.67691,0.62744,0.62817,0.60742,0.60651,0.66250,0.62751,0.64737,0.59149,0.60405,0.66048,0.66225,0.70172,0.65372,0.71336,0.77231,0.81838,0.85066,0.88446,0.90085,0.92192,0.91749,0.89669,0.89135,0.88993,0.86407,0.83496,0.80426,0.77531,0.73737,0.71005,0.66879,0.61092,0.58203,0.50562,0.49584,0.39545,0.32952,0.22777,0.00507,-0.20232,-0.29979,-0.51571
0.43769,0.45370,0.48744,0.51792,0.52999,0.55666,0.58894,0.60549,0.62047,0.66587,0.69095,0.70455,0.68942,0.66711,0.64971,0.61920,0.64397,0.60177,0.58007,0.58848,0.63529,0.67023,0.69406,0.66317,0.65803,0.71213,0.71603,0.66401,0.68366,0.73607,0.70797,0.66165,0.69452,0.73271,0.68336,0.59185,0.38209,0.38635,0.55747,0.53416,0.47565,0.51685,0.55543,0.60655,0.57379,0.60224,0.54481,0.58524,0.64961,0.66770,0.71009,0.73528,0.75363,0.76421,0.76373,0.80406,0.82616,0.83278,0.84577,0.86833,0.87706,0.87902,0.90448,0.90527,0.88672,0.90462,0.91582,0.91050,0.89907,0.88675,0.86766,0.84168,0.84245,0.81656,0.82473,0.80042,0.78516,0.72317,0.65423,0.64258,0.72796,0.71960,0.68159,0.73637,0.77043,0.73513,0.72639,0.77637,0.80643,0.84057,0.87489,0.92200,0.93380,0.94014,0.96452,0.97073,0.97851,0.98902,0.97712,0.96152,0.95544,0.95438,0.92167,0.93380,0.95630,0.96017,0.94407,0.91939,0.90574,0.87574,0.84861,0.82821,0.78503,0.76350,0.74723,0.78787,0.78956,0.74555,0.76764,0.81094,0.74011,0.71380,0.58471,0.39343,0.29716,0.21242,0.30938,0.42335,0.50501,0.61675,0.67419,0.73575,0.77118,0.79749,0.82640,0.85340,0.88583,0.90320,0.91322,0.92235,0.92300,0.91409,0.91244,0.88564,0.86801,0.82305,0.82378,0.87013,0.89995,0.93385,0.95113,0.96746,0.96357,0.95044,0.93805,0.94522,0.94318,0.93921,0.94064,0.93279,0.92192,0.89606,0.87419,0.83835,0.80083,0.74130,0.74111,0.77510,0.76840,0.75092,0.78399,0.75662,0.74865,0.78967,0.80751,0.83956,0.82684,0.84473,0.86928,0.85760,0.85072,0.81484,0.79914,0.76108,0.74460,0.70353,0.70884,0.69580,0.69866,0.74907,0.71938,0.73782,0.68622,0.69872,0.75024,0.75186,0.78524,0.74156,0.78980,0.83994,0.87658,0.89904,0.92435,0.93166,0.94603,0.93249,0.90374,0.89896,0.90754,0.87986,0.84524,0.81261,0.78609,0.74756,0.71616,0.67966,0.61625,0.59932,0.52403,0.52740,0.43775,0.38213,0.29989,0.08261,-0.13216,-0.26843,-0.47941
0.41471,0.43064,0.46540,0.49719,0.50939,0.53645,0.57014,0.58756,0.60263,0.64939,0.67614,0.69024,0.67492,0.65161,0.63410,0.60288,0.62954,0.58621,0.56409,0.57442,0.62309,0.66059,0.68433,0.65133,0.64783,0.70490,0.70710,0.65335,0.67669,0.73084,0.69998,0.65402,0.69057,0.72991,0.67909,0.59498,0.38516,0.39649,0.56013,0.52870,0.46432,0.50402,0.54323,0.59310,0.55829,0.58673,0.52642,0.56791,0.63473,0.65286,0.69706,0.72269,0.74173,0.75223,0.75170,0.79389,0.81710,0.82456,0.83795,0.86147,0.87117,0.87341,0.90066,0.90208,0.88260,0.90188,0.91458,0.91032,0.89921,0.88451,0.86500,0.83721,0.83833,0.81061,0.81713,0.78967,0.77174,0.70625,0.63526,0.62274,0.71146,0.70382,0.66424,0.72091,0.75732,0.72123,0.71211,0.76343,0.79504,0.83096,0.86664,0.91657,0.92851,0.93484,0.96252,0.96835,0.97679,0.99074,0.98100,0.96670,0.95815,0.95643,0.92671,0.93834,0.95953,0.96024,0.94291,0.91646,0.90386,0.87315,0.84708,0.82655,0.78302,0.75751,0.74117,0.78320,0.78200,0.73536,0.75858,0.80056,0.72499,0.69691,0.56413,0.36843,0.27121,0.18525,0.28486,0.40059,0.48367,0.59865,0.65813,0.72325,0.75999,0.78910,0.81978,0.84803,0.88244,0.90110,0.91341,0.92358,0.92652,0.91822,0.91834,0.89261,0.87648,0.83322,0.83496,0.87977,0.90913,0.94213,0.95740,0.97216,0.96783,0.95523,0.94489,0.95103,0.94807,0.94374,0.94275,0.93496,0.92577,0.90039,0.87988,0.84507,0.80724,0.74962,0.74652,0.77896,0.77009,0.75405,0.78771,0.75987,0.74882,0.78913,0.80520,0.83687,0.82192,0.83968,0.86535,0.85376,0.84817,0.81103,0.79735,0.75841,0.74411,0.70318,0.71046,0.70081,0.70641,0.75717,0.73019,0.74939,0.69950,0.71284,0.76193,0.76248,0.79325,0.74824,0.79335,0.84304,0.87860,0.90005,0.92491,0.93104,0.94537,0.92999,0.89869,0.89403,0.90400,0.87475,0.83802,0.80371,0.77655,0.73625,0.70276,0.66539,0.59904,0.58249,0.50517,0.50946,0.41969,0.36455,0.28588,0.07154,-0.14252,-0.28297,-0.48885
0.33495,0.35166,0.38513,0.41807,0.43326,0.46046,0.49291,0.51304,0.53094,0.57713,0.60528,0.61769,0.59990,0.57394,0.55403,0.51983,0.54682,0.50053,0.47718,0.48826,0.53958,0.58057,0.60579,0.56992,0.56722,0.63004,0.63131,0.57390,0.60236,0.66172,0.62723,0.58122,0.62505,0.66893,0.61465,0.53904,0.32490,0.35097,0.50800,0.47998,0.39698,0.42778,0.46551,0.51266,0.47312,0.50167,0.43807,0.48188,0.55247,0.57269,0.62040,0.64927,0.67108,0.68405,0.68505,0.73147,0.75573,0.76332,0.77954,0.80652,0.81650,0.81921,0.85175,0.85343,0.82997,0.85367,0.87023,0.86732,0.85531,0.83427,0.81172,0.77799,0.77981,0.74744,0.75385,0.72319,0.70365,0.63336,0.55806,0.54776,0.64158,0.63167,0.59196,0.65337,0.69007,0.65071,0.64327,0.69890,0.73134,0.77030,0.81191,0.87080,0.88635,0.89731,0.93377,0.94415,0.95087,0.97390,0.96507,0.95794,0.94218,0.93210,0.90573,0.91551,0.93559,0.92832,0.90496,0.87066,0.85747,0.82141,0.79480,0.77248,0.72553,0.69246,0.67915,0.72558,0.71812,0.66625,0.69508,0.73816,0.65346,0.62475,0.48254,0.28521,0.18450,0.09571,0.19300,0.31000,0.39544,0.51595,0.57882,0.64883,0.68925,0.72141,0.75621,0.78904,0.83009,0.85323,0.87147,0.88554,0.89507,0.88821,0.89576,0.87157,0.86035,0.82029,0.82565,0.86883,0.90065,0.93532,0.94288,0.95778,0.94973,0.93379,0.92799,0.93217,0.92460,0.91787,0.91017,0.90162,0.89649,0.86965,0.85292,0.81960,0.77737,0.72240,0.70891,0.73572,0.71912,0.70499,0.74085,0.70963,0.69128,0.73262,0.74695,0.78064,0.76131,0.78166,0.81180,0.79756,0.79355,0.75065,0.73878,0.69529,0.68580,0.64576,0.65923,0.65794,0.67299,0.72651,0.70787,0.73246,0.69067,0.70689,0.75076,0.74941,0.76926,0.71705,0.75375,0.80482,0.84000,0.85950,0.88663,0.89096,0.90807,0.88748,0.84934,0.84376,0.85527,0.82002,0.77743,0.73824,0.70748,0.66266,0.62637,0.58556,0.51510,0.49762,0.41686,0.42348,0.33259,0.28053,0.20973,-0.00093,-0.21730,-0.35859,-0.55103
0.24270,0.25987,0.29681,0.32986,0.34252,0.37249,0.40967,0.42745,0.44419,0.49744,0.52733,0.54544,0.52921,0.50448,0.48696,0.45493,0.48943,0.44416,0.42639,0.44259,0.49424,0.54296,0.56525,0.52813,0.53476,0.60325,0.59937,0.54534,0.58705,0.64734,0.61027,0.57471,0.62825,0.67364,0.62136,0.56681,0.36045,0.40041,0.54406,0.51578,0.41496,0.42918,0.46054,0.49218,0.44055,0.46002,0.38490,0.42437,0.49814,0.51283,0.56280,0.58934,0.60956,0.61958,0.61724,0.66852,0.69921,0.71085,0.72568,0.75593,0.77283,0.77659,0.81563,0.82186,0.79646,0.82535,0.84913,0.85389,0.84558,0.81509,0.79381,0.75405,0.75854,0.72248,0.72233,0.68756,0.65814,0.57687,0.49220,0.47352,0.57449,0.56553,0.51687,0.58229,0.62696,0.58264,0.56962,0.63092,0.67183,0.71944,0.76239,0.83064,0.84615,0.85293,0.89666,0.90657,0.92119,0.96175,0.96295,0.96914,0.95071,0.93303,0.92010,0.92400,0.93392,0.91179,0.88455,0.84451,0.84028,0.80499,0.78753,0.76760,0.72507,0.68102,0.67759,0.72387,0.70078,0.64644,0.68326,0.71350,0.61474,0.58788,0.43989,0.24694,0.14851,0.04331,0.13348,0.26079,0.33992,0.46253,0.52558,0.60527,0.64523,0.68421,0.71843,0.75635,0.80399,0.83092,0.85963,0.87684,0.89616,0.89445,0.90986,0.89382,0.89011,0.86020,0.86697,0.90082,0.92762,0.95387,0.95074,0.95653,0.94656,0.93488,0.93609,0.93560,0.92570,0.91913,0.90199,0.89674,0.90155,0.88080,0.87332,0.84846,0.80857,0.76402,0.74132,0.75676,0.73167,0.72256,0.75469,0.72380,0.69667,0.73142,0.73734,0.76476,0.73477,0.75281,0.78825,0.77377,0.77843,0.73292,0.73130,0.68743,0.69166,0.66038,0.68108,0.69065,0.71399,0.76345,0.75426,0.78069,0.74868,0.76581,0.80217,0.79988,0.80755,0.75559,0.77714,0.82085,0.84752,0.85713,0.87810,0.87365,0.88648,0.85554,0.80759,0.80193,0.82244,0.78280,0.73294,0.69020,0.65991,0.61322,0.57324,0.53547,0.45998,0.45250,0.37311,0.39263,0.31202,0.27209,0.22335,0.02078,-0.20140,-0.37320,-0.55196
0.24419,0.26105,0.30152,0.33473,0.34401,0.37551,0.41694,0.43233,0.44639,0.50449,0.53546,0.55785,0.54422,0.52125,0.50665,0.47741,0.51672,0.47322,0.45853,0.47837,0.52966,0.58123,0.60089,0.56346,0.57503,0.64402,0.63706,0.58582,0.63271,0.69080,0.65292,0.62231,0.67776,0.72109,0.67110,0.62589,0.42851,0.46777,0.60271,0.56375,0.46583,0.47834,0.50864,0.53446,0.47962,0.49505,0.41504,0.45160,0.52579,0.53637,0.58617,0.60929,0.62734,0.63399,0.62894,0.68045,0.71411,0.72814,0.74050,0.77030,0.79084,0.79489,0.83430,0.84291,0.81892,0.84771,0.87290,0.88093,0.87526,0.84360,0.82496,0.78570,0.79125,0.75561,0.75109,0.71401,0.67921,0.59371,0.50680,0.48174,0.58464,0.57884,0.52507,0.59014,0.64010,0.59566,0.57855,0.64002,0.68538,0.73584,0.77581,0.84355,0.85661,0.85760,0.90040,0.90580,0.92590,0.97003,0.97687,0.98448,0.96858,0.95354,0.94680,0.94904,0.95414,0.92903,0.90389,0.86591,0.86701,0.83575,0.82379,0.80632,0.76850,0.72192,0.72049,0.76434,0.73693,0.68286,0.71904,0.74135,0.63969,0.61229,0.46651,0.27347,0.17781,0.06681,0.15833,0.29044,0.36596,0.48789,0.55026,0.63336,0.67130,0.71335,0.74570,0.78320,0.83023,0.85641,0.88703,0.90334,0.92377,0.92380,0.93836,0.92570,0.92278,0.89632,0.90184,0.93133,0.95331,0.97356,0.97012,0.97020,0.96202,0.95548,0.95802,0.95606,0.94809,0.94318,0.92515,0.92206,0.92948,0.91307,0.90795,0.88668,0.85135,0.81110,0.79002,0.80343,0.77876,0.77177,0.80093,0.77256,0.74468,0.77481,0.77664,0.79875,0.76533,0.77986,0.81536,0.80335,0.81202,0.76922,0.77271,0.73153,0.73978,0.71182,0.73256,0.74334,0.76523,0.81076,0.80153,0.82512,0.79254,0.80883,0.84345,0.84130,0.85013,0.80302,0.82177,0.86048,0.88251,0.88836,0.90434,0.89645,0.90513,0.87204,0.82297,0.81812,0.84259,0.80434,0.75418,0.71237,0.68462,0.63907,0.59784,0.56343,0.48648,0.48463,0.40671,0.43069,0.35581,0.31912,0.27750,0.07994,-0.14044,-0.32901,-0.50628
0.21365,0.23057,0.26957,0.30383,0.31541,0.34615,0.38619,0.40393,0.41968,0.47592,0.50770,0.52781,0.51244,0.48731,0.47079,0.43915,0.47718,0.43146,0.41454,0.43401,0.48739,0.53974,0.56083,0.52139,0.53175,0.60330,0.59641,0.54178,0.58939,0.65050,0.61038,0.57733,0.63557,0.68119,0.62833,0.58550,0.38542,0.43139,0.56181,0.52109,0.41640,0.42784,0.45916,0.48695,0.43214,0.44985,0.37025,0.40948,0.48557,0.49873,0.55051,0.57603,0.59622,0.60489,0.60155,0.65456,0.68741,0.70074,0.71503,0.74614,0.76540,0.76953,0.81074,0.81852,0.79264,0.82301,0.84886,0.85602,0.84907,0.81556,0.79484,0.75332,0.75867,0.72086,0.71739,0.67849,0.64442,0.55792,0.47055,0.44884,0.55365,0.54660,0.49465,0.56187,0.61074,0.56557,0.55076,0.61346,0.65744,0.70789,0.75098,0.82185,0.83654,0.84114,0.88813,0.89600,0.91315,0.95900,0.96447,0.97319,0.95328,0.93540,0.92830,0.93084,0.93732,0.91051,0.88277,0.84147,0.84036,0.80594,0.79194,0.77291,0.73214,0.68274,0.68033,0.72706,0.69911,0.64207,0.67958,0.70500,0.60059,0.57179,0.42161,0.22575,0.12777,0.01924,0.11220,0.24234,0.32089,0.44614,0.51077,0.59506,0.63555,0.67852,0.71393,0.75290,0.80236,0.83044,0.86228,0.88023,0.90260,0.90236,0.91960,0.90625,0.90469,0.87818,0.88559,0.91565,0.93993,0.96269,0.95707,0.95895,0.94895,0.93969,0.94371,0.94144,0.93144,0.92521,0.90512,0.90083,0.90851,0.89012,0.88526,0.86318,0.82498,0.78460,0.75919,0.77169,0.74417,0.73758,0.76895,0.73862,0.70787,0.73985,0.74221,0.76671,0.73305,0.74941,0.78625,0.77288,0.78054,0.73511,0.73780,0.69403,0.70215,0.67261,0.69568,0.70959,0.73570,0.78369,0.77769,0.80392,0.77397,0.79185,0.82421,0.82076,0.82563,0.77451,0.79103,0.83197,0.85549,0.86232,0.88082,0.87376,0.88495,0.85112,0.80004,0.79484,0.81831,0.77752,0.72542,0.68141,0.65137,0.60330,0.56083,0.52348,0.44486,0.44012,0.35942,0.38155,0.30375,0.26594,0.22455,0.02923,-0.18884,-0.37090,-0.54151
0.10080,0.11797,0.15633,0.19091,0.20356,0.23478,0.27497,0.29345,0.31058,0.36823,0.40117,0.42209,0.40579,0.37962,0.36244,0.32991,0.37053,0.32375,0.30880,0.33058,0.38503,0.44265,0.46327,0.42181,0.43681,0.51413,0.50437,0.44954,0.50618,0.57070,0.52743,0.49987,0.56718,0.61643,0.56309,0.53718,0.33987,0.40431,0.52165,0.48517,0.35903,0.35541,0.38149,0.39928,0.33612,0.34940,0.26361,0.30178,0.38076,0.39295,0.44735,0.47403,0.49533,0.50452,0.50107,0.55861,0.59452,0.60943,0.62516,0.65985,0.68215,0.68703,0.73462,0.74458,0.71515,0.75096,0.78269,0.79429,0.78836,0.74594,0.72369,0.67543,0.68242,0.63992,0.63371,0.59161,0.55258,0.45921,0.36580,0.34270,0.45257,0.44397,0.38904,0.46052,0.51191,0.46255,0.44689,0.51423,0.56171,0.61767,0.66532,0.74623,0.76337,0.77001,0.82662,0.83828,0.85719,0.91740,0.92796,0.94838,0.92164,0.89380,0.89542,0.89388,0.89466,0.85498,0.82120,0.77170,0.77419,0.73646,0.72633,0.70746,0.66663,0.60730,0.61224,0.66131,0.62153,0.56064,0.60610,0.62632,0.51014,0.48283,0.32531,0.13482,0.03742,-0.07911,0.00604,0.13911,0.21490,0.34274,0.40855,0.49929,0.54167,0.58919,0.62693,0.67128,0.72809,0.76098,0.80176,0.82410,0.85584,0.85911,0.88584,0.87773,0.88336,0.86465,0.87546,0.89932,0.92315,0.94319,0.92643,0.92443,0.91083,0.90088,0.91192,0.90605,0.89093,0.88278,0.85321,0.84980,0.86511,0.84865,0.85111,0.83459,0.79454,0.76188,0.72427,0.72666,0.68949,0.68699,0.71801,0.68567,0.64541,0.67454,0.67168,0.69482,0.65363,0.67064,0.71279,0.69726,0.70991,0.65933,0.66778,0.62106,0.63921,0.61500,0.64599,0.67146,0.70866,0.75615,0.76139,0.79246,0.77448,0.79458,0.81866,0.81329,0.80326,0.74729,0.74972,0.78773,0.80655,0.80718,0.82435,0.81197,0.82337,0.78131,0.72120,0.71540,0.74373,0.69690,0.63774,0.58906,0.55678,0.50522,0.45993,0.42201,0.33948,0.33866,0.25775,0.28733,0.21502,0.18654,0.16252,-0.02282,-0.24227,-0.43468,-0.58480
0.05704,0.07399,0.11577,0.14945,0.15813,0.19156,0.23633,0.25080,0.26507,0.32877,0.36222,0.38902,0.37586,0.35257,0.33945,0.31091,0.35788,0.31388,0.30478,0.33074,0.38354,0.44591,0.46289,0.42214,0.44527,0.52388,0.51012,0.46093,0.52653,0.58835,0.54506,0.52720,0.59896,0.64620,0.59735,0.58677,0.40262,0.47123,0.57696,0.53516,0.40706,0.39364,0.41446,0.41925,0.34850,0.35306,0.25939,0.29170,0.37055,0.37636,0.43020,0.45242,0.47035,0.47525,0.46787,0.52664,0.56742,0.58589,0.59853,0.63364,0.66198,0.66754,0.71748,0.73148,0.70299,0.74057,0.77631,0.79428,0.79263,0.74567,0.72681,0.67708,0.68605,0.64331,0.63113,0.58701,0.54014,0.44032,0.34171,0.30982,0.42224,0.41603,0.35345,0.42516,0.48331,0.43174,0.41020,0.47889,0.53347,0.59532,0.63969,0.72251,0.73740,0.73727,0.79528,0.80346,0.83083,0.90153,0.92069,0.94873,0.92377,0.89434,0.90715,0.90111,0.89271,0.84402,0.81083,0.76141,0.77299,0.73997,0.73894,0.72370,0.68970,0.62478,0.63724,0.68294,0.63251,0.57276,0.62186,0.62942,0.50643,0.48161,0.32613,0.14278,0.05075,-0.07748,0.00146,0.14141,0.20894,0.33409,0.39727,0.49334,0.53251,0.58407,0.61875,0.66444,0.72264,0.75593,0.80256,0.82512,0.86176,0.86907,0.89855,0.89740,0.90711,0.89656,0.90630,0.92176,0.93901,0.94983,0.92780,0.91677,0.90400,0.90002,0.91467,0.90573,0.89153,0.88508,0.85108,0.85127,0.87344,0.86405,0.87298,0.86396,0.82957,0.80570,0.76597,0.76090,0.72053,0.72174,0.74766,0.71786,0.67405,0.69622,0.68654,0.70237,0.65450,0.66739,0.71105,0.69715,0.71687,0.66820,0.68491,0.64141,0.66885,0.65259,0.68611,0.71699,0.75603,0.79751,0.80675,0.83591,0.82293,0.84204,0.86100,0.85584,0.84124,0.79070,0.78372,0.81335,0.82370,0.81619,0.82563,0.80604,0.81165,0.76349,0.69895,0.69366,0.72947,0.68286,0.62118,0.57274,0.54347,0.49333,0.44659,0.41385,0.32994,0.33899,0.26240,0.30208,0.24091,0.22220,0.21518,0.03805,-0.18028,-0.40062,-0.54231
0.10055,0.11757,0.16025,0.19351,0.20101,0.23463,0.28017,0.29384,0.30697,0.37119,0.40423,0.43155,0.41912,0.39682,0.38443,0.35698,0.40385,0.36086,0.35185,0.37743,0.42950,0.49036,0.50698,0.46716,0.48947,0.56564,0.55241,0.50417,0.56728,0.62717,0.58525,0.56649,0.63495,0.68043,0.63244,0.61646,0.43372,0.49190,0.60175,0.56125,0.44212,0.43287,0.45495,0.46191,0.39354,0.39872,0.30667,0.33854,0.41601,0.42119,0.47393,0.49510,0.51206,0.51613,0.50814,0.56517,0.60543,0.62373,0.63542,0.66920,0.69706,0.70231,0.75007,0.76377,0.73680,0.77238,0.80620,0.82306,0.82147,0.77758,0.75976,0.71265,0.72131,0.68054,0.66874,0.62589,0.57981,0.48168,0.38503,0.35237,0.46310,0.45805,0.39552,0.46566,0.52386,0.47386,0.45177,0.51918,0.57331,0.63338,0.67535,0.75456,0.76829,0.76629,0.82048,0.82624,0.85364,0.91953,0.93755,0.96211,0.94050,0.91494,0.92569,0.92069,0.91355,0.86914,0.83852,0.79248,0.80356,0.77250,0.77107,0.75614,0.72348,0.66215,0.67234,0.71692,0.66998,0.61147,0.65730,0.66500,0.54635,0.52070,0.36894,0.18529,0.09347,-0.03328,0.04852,0.18827,0.25548,0.37919,0.44169,0.53581,0.57374,0.62372,0.65703,0.70050,0.75603,0.78743,0.83099,0.85176,0.88520,0.89146,0.91719,0.91462,0.92193,0.90907,0.91762,0.93453,0.95059,0.96140,0.94372,0.93313,0.92195,0.91923,0.93145,0.92366,0.91185,0.90635,0.87560,0.87584,0.89565,0.88632,0.89306,0.88259,0.84999,0.82416,0.78938,0.78748,0.75084,0.75092,0.77631,0.74793,0.70770,0.72971,0.72085,0.73561,0.68967,0.70151,0.74384,0.73126,0.74991,0.70391,0.71983,0.67792,0.70261,0.68513,0.71585,0.74240,0.77698,0.81759,0.82271,0.84942,0.83164,0.84986,0.87176,0.86785,0.85889,0.81110,0.80881,0.83826,0.84956,0.84342,0.85249,0.83427,0.83904,0.79345,0.73205,0.72721,0.76185,0.71746,0.65840,0.61204,0.58406,0.53567,0.48992,0.45832,0.37586,0.38461,0.30891,0.34690,0.28537,0.26434,0.25243,0.07343,-0.14291,-0.36239,-0.51255
0.03513,0.05217,0.09321,0.12753,0.13761,0.17044,0.21426,0.23077,0.24603,0.30842,0.34252,0.36749,0.35304,0.32851,0.31392,0.28400,0.33021,0.28556,0.27489,0.30117,0.35495,0.41764,0.43514,0.39294,0.41531,0.49514,0.48087,0.42954,0.49565,0.55898,0.51400,0.49482,0.56803,0.61689,0.56609,0.55856,0.37444,0.44510,0.54581,0.50747,0.37240,0.35706,0.37853,0.38469,0.31419,0.32060,0.22777,0.26211,0.34199,0.34927,0.40441,0.42833,0.44778,0.45405,0.44794,0.50760,0.54768,0.56569,0.57980,0.61597,0.64309,0.64865,0.69996,0.71320,0.68314,0.72183,0.75806,0.77514,0.77232,0.72402,0.70347,0.65212,0.66109,0.61675,0.60482,0.55947,0.51297,0.41257,0.31471,0.28502,0.39832,0.39196,0.33098,0.40358,0.46117,0.41013,0.39024,0.45997,0.51344,0.57433,0.62124,0.70694,0.72360,0.72613,0.78661,0.79613,0.82066,0.89171,0.91009,0.93885,0.91113,0.88000,0.89251,0.88685,0.87994,0.83041,0.79517,0.74313,0.75257,0.71689,0.71428,0.69782,0.66227,0.59568,0.60676,0.65448,0.60419,0.54197,0.59017,0.59951,0.47589,0.44912,0.29155,0.10856,0.01398,-0.11112,-0.03003,0.10761,0.17637,0.30330,0.36857,0.46504,0.50592,0.55810,0.59498,0.64143,0.70161,0.73635,0.78370,0.80752,0.84542,0.85249,0.88378,0.88177,0.89256,0.88173,0.89331,0.90908,0.92741,0.94030,0.91717,0.90775,0.89342,0.88765,0.90298,0.89378,0.87852,0.87121,0.83574,0.83497,0.85708,0.84575,0.85489,0.84510,0.80861,0.78498,0.74229,0.73679,0.69477,0.69656,0.72404,0.69339,0.64757,0.67026,0.66023,0.67689,0.62827,0.64224,0.68766,0.67304,0.69210,0.64180,0.65900,0.61339,0.64141,0.62389,0.65937,0.69226,0.73394,0.77680,0.78848,0.81939,0.80657,0.82773,0.84534,0.83914,0.82173,0.76824,0.75992,0.79090,0.80258,0.79581,0.80754,0.78893,0.79656,0.74801,0.68215,0.67682,0.71138,0.66242,0.59958,0.54961,0.51869,0.46696,0.41939,0.38491,0.30001,0.30663,0.22848,0.26653,0.20366,0.18428,0.17724,0.00592,-0.20998,-0.42228,-0.55690
-0.08380,-0.06709,-0.02603,0.00807,0.01754,0.05110,0.09603,0.11150,0.12676,0.19140,0.22634,0.25365,0.23981,0.21546,0.20209,0.17308,0.22306,0.17888,0.17175,0.20132,0.25511,0.32332,0.33895,0.29539,0.32439,0.40899,0.39071,0.34147,0.41799,0.48270,0.43502,0.42397,0.50607,0.55636,0.50717,0.52173,0.34896,0.43902,0.51911,0.47729,0.32473,0.29438,0.30998,0.30316,0.22427,0.22403,0.12434,0.15562,0.23694,0.24128,0.29789,0.32068,0.33966,0.34474,0.33737,0.40058,0.44428,0.46484,0.47886,0.51743,0.54890,0.55541,0.61200,0.62827,0.59613,0.63933,0.68158,0.70454,0.70428,0.64739,0.62712,0.57035,0.58138,0.53334,0.51668,0.46727,0.41429,0.30707,0.20379,0.17048,0.28765,0.28105,0.21599,0.29128,0.35273,0.29814,0.27602,0.34859,0.40659,0.47347,0.52242,0.61566,0.63299,0.63473,0.70337,0.71469,0.74331,0.82976,0.85579,0.89666,0.86353,0.82385,0.84837,0.83789,0.82271,0.75935,0.72005,0.66184,0.67773,0.64158,0.64588,0.63129,0.59844,0.52153,0.54068,0.58887,0.52517,0.46061,0.51627,0.51632,0.38164,0.35702,0.19570,0.02007,-0.06919,-0.20230,-0.13080,0.00950,0.07299,0.19957,0.26394,0.36671,0.40781,0.46510,0.50267,0.55348,0.61930,0.65777,0.71432,0.74161,0.78877,0.80004,0.84021,0.84568,0.86402,0.86348,0.87718,0.88396,0.89938,0.90610,0.87144,0.85544,0.83876,0.83472,0.85743,0.84403,0.82469,0.81643,0.77165,0.77294,0.80389,0.79728,0.81505,0.81318,0.77783,0.76477,0.71109,0.69426,0.64316,0.64994,0.67492,0.64391,0.58897,0.60638,0.58977,0.60238,0.54586,0.55854,0.60777,0.59241,0.61800,0.56486,0.58962,0.54362,0.58284,0.57281,0.61544,0.66042,0.71207,0.75172,0.77488,0.80888,0.80935,0.83153,0.83886,0.83067,0.79867,0.74379,0.71957,0.74467,0.74882,0.73387,0.74117,0.71564,0.72111,0.66404,0.58987,0.58438,0.62530,0.57234,0.50357,0.45036,0.41915,0.36543,0.31532,0.28231,0.19462,0.20779,0.13156,0.17844,0.12525,0.11648,0.13126,-0.02571,-0.23612,-0.46252,-0.57277
-0.10414,-0.08724,-0.04922,-0.01421,-0.00118,0.03082,0.07182,0.09097,0.10917,0.16916,0.20418,0.22678,0.21004,0.18293,0.16633,0.13386,0.17999,0.13360,0.12266,0.14994,0.20531,0.27157,0.28971,0.24496,0.26942,0.35516,0.33885,0.28522,0.35834,0.42635,0.37727,0.36123,0.44380,0.49689,0.44386,0.45535,0.27429,0.37097,0.45255,0.41434,0.25451,0.22505,0.24254,0.24144,0.16542,0.17036,0.07452,0.10990,0.19232,0.20128,0.25923,0.28591,0.30797,0.31674,0.31255,0.37661,0.41754,0.43580,0.45276,0.49246,0.52027,0.52654,0.58389,0.59779,0.56350,0.60764,0.64912,0.66904,0.66589,0.60890,0.58542,0.52703,0.53702,0.48721,0.47383,0.42451,0.37574,0.27132,0.17000,0.14334,0.25998,0.25097,0.19113,0.26759,0.32443,0.27022,0.25265,0.32556,0.37919,0.44344,0.49703,0.59281,0.61348,0.62168,0.69305,0.70898,0.73159,0.81570,0.83726,0.87673,0.83911,0.79617,0.81583,0.80712,0.79669,0.73513,0.69257,0.63084,0.64112,0.60002,0.59899,0.58167,0.54332,0.46637,0.48266,0.53419,0.47399,0.40724,0.46308,0.47091,0.33683,0.31070,0.14542,-0.03326,-0.12577,-0.25100,-0.17866,-0.04387,0.02479,0.15430,0.22089,0.32171,0.36609,0.42219,0.46321,0.51507,0.58273,0.62288,0.67857,0.70764,0.75506,0.76467,0.80666,0.80904,0.82755,0.82430,0.84035,0.85073,0.87110,0.88374,0.84806,0.83750,0.81864,0.80969,0.83286,0.82028,0.79786,0.78738,0.74195,0.74076,0.76965,0.75842,0.77437,0.76918,0.72867,0.71241,0.65485,0.63933,0.58669,0.59266,0.62141,0.58767,0.53149,0.55295,0.53939,0.55730,0.50275,0.51888,0.56889,0.55145,0.57371,0.51689,0.53774,0.48806,0.52442,0.51052,0.55422,0.60019,0.65497,0.69889,0.72401,0.76155,0.76386,0.78810,0.79525,0.78582,0.75103,0.69000,0.66658,0.69666,0.70521,0.69395,0.70673,0.68466,0.69475,0.63916,0.56479,0.55859,0.59561,0.54007,0.47037,0.41514,0.38076,0.32458,0.27443,0.23705,0.14924,0.15611,0.07654,0.11825,0.05906,0.04673,0.05633,-0.10065,-0.31227,-0.51926,-0.62409
-0.23264,-0.21659,-0.18068,-0.14531,-0.13082,-0.09977,-0.06045,-0.04009,-0.02063,0.03789,0.07393,0.09539,0.07794,0.04943,0.03252,-0.00060,0.04710,0.00072,-0.00926,0.02049,0.07656,0.14598,0.16297,0.11624,0.14451,0.23408,0.21466,0.16103,0.24178,0.31172,0.25910,0.24828,0.33886,0.39398,0.34104,0.37842,0.21180,0.33266,0.38560,0.33712,0.15879,0.11648,0.12948,0.11910,0.03854,0.04030,-0.05853,-0.02412,0.05922,0.06769,0.12732,0.15464,0.17775,0.18727,0.18374,0.25042,0.29255,0.31183,0.32999,0.37198,0.40138,0.40827,0.47021,0.48531,0.44844,0.49665,0.54260,0.56612,0.56399,0.49973,0.47524,0.41168,0.42287,0.36923,0.35253,0.29893,0.24638,0.13834,0.03526,0.00926,0.12752,0.11809,0.05823,0.13656,0.19433,0.13865,0.12183,0.19600,0.25083,0.31808,0.37546,0.47816,0.50088,0.51141,0.59107,0.61038,0.63326,0.72942,0.75609,0.80486,0.75990,0.70910,0.73817,0.72555,0.70995,0.63727,0.58954,0.52088,0.53413,0.49051,0.49355,0.47667,0.43911,0.35229,0.37335,0.42598,0.35629,0.28678,0.34766,0.35020,0.20788,0.18255,0.01478,-0.15652,-0.24427,-0.36979,-0.30565,-0.17395,-0.10844,0.02068,0.08737,0.19164,0.23759,0.29790,0.34151,0.39693,0.46987,0.51371,0.57675,0.60939,0.66541,0.67834,0.72899,0.73659,0.76272,0.76842,0.78818,0.79138,0.81063,0.81980,0.77273,0.75813,0.73593,0.72682,0.75713,0.74049,0.71333,0.70147,0.64732,0.64701,0.68275,0.67363,0.69696,0.69774,0.65641,0.64972,0.58017,0.55496,0.49366,0.50437,0.53232,0.49750,0.43227,0.45014,0.43147,0.44744,0.38758,0.40374,0.45619,0.43797,0.46432,0.40411,0.43055,0.37901,0.42432,0.41580,0.46648,0.52453,0.58991,0.63228,0.66954,0.71095,0.72648,0.75282,0.74925,0.73738,0.68701,0.62252,0.58397,0.61016,0.61357,0.59669,0.60794,0.58175,0.59210,0.53025,0.44914,0.44222,0.48251,0.42286,0.34814,0.28949,0.25368,0.19480,0.14245,0.10463,0.01512,0.02458,-0.05443,-0.00825,-0.06056,-0.06432,-0.03575,-0.16921,-0.37072,-0.57856,-0.65125
-0.26916,-0.25327,-0.21705,-0.18279,-0.16989,-0.13801,-0.09750,-0.07982,-0.06124,-0.00078,0.03479,0.05888,0.04312,0.01593,0.00080,-0.03083,0.01926,-0.02640,-0.03361,-0.00270,0.05262,0.12423,0.13988,0.09371,0.12560,0.21572,0.19495,0.14434,0.22919,0.29794,0.24600,0.24019,0.33341,0.38674,0.33676,0.38307,0.22741,0.35368,0.39760,0.34171,0.16511,0.11734,0.12663,0.10862,0.02467,0.02156,-0.08023,-0.04971,0.03299,0.03869,0.09773,0.12279,0.14420,0.15159,0.14634,0.21312,0.25733,0.27814,0.29472,0.33669,0.36897,0.37603,0.43888,0.45610,0.42015,0.46906,0.51682,0.54363,0.54399,0.47725,0.45475,0.39067,0.40288,0.34948,0.33018,0.27589,0.22003,0.10950,0.00477,-0.02522,0.09340,0.08433,0.02124,0.09971,0.15984,0.10259,0.08307,0.15689,0.21461,0.28534,0.34023,0.44287,0.46408,0.47159,0.55282,0.57065,0.59750,0.69955,0.73048,0.78387,0.73931,0.68697,0.72242,0.70703,0.68628,0.60856,0.56135,0.49262,0.51087,0.47002,0.47819,0.46363,0.42946,0.33964,0.36566,0.41586,0.34047,0.27210,0.33623,0.33211,0.18639,0.16397,-0.00177,-0.16665,-0.24978,-0.38164,-0.32358,-0.19030,-0.12927,-0.00324,0.06142,0.16739,0.21162,0.27349,0.31555,0.37155,0.44464,0.48845,0.55462,0.58736,0.64610,0.66135,0.71419,0.72589,0.75460,0.76579,0.78458,0.78252,0.79833,0.80254,0.75158,0.73228,0.71035,0.70392,0.73668,0.71817,0.69129,0.68023,0.62363,0.62531,0.66487,0.65994,0.68711,0.69256,0.65484,0.65352,0.58217,0.55216,0.48831,0.50100,0.52589,0.49217,0.42490,0.43946,0.41769,0.43066,0.36869,0.38219,0.43417,0.41668,0.44656,0.38760,0.41738,0.36793,0.41732,0.41384,0.46611,0.52798,0.59553,0.63457,0.67534,0.71608,0.73675,0.76232,0.75359,0.74136,0.68727,0.62578,0.58089,0.60246,0.60058,0.57909,0.58585,0.55587,0.56309,0.49824,0.41522,0.40843,0.45251,0.39363,0.31790,0.25984,0.22552,0.16745,0.11483,0.07972,-0.00973,0.00500,-0.07131,-0.01972,-0.06543,-0.06295,-0.02396,-0.15112,-0.34489,-0.57156,-0.63347
-0.26190,-0.24621,-0.21644,-0.18145,-0.16178,-0.13362,-0.10159,-0.07803,-0.05404,-0.00319,0.03091,0.04570,0.02473,-0.00660,-0.02758,-0.06504,-0.02436,-0.07336,-0.08807,-0.06315,-0.00651,0.05906,0.07927,0.03271,0.05442,0.14348,0.12822,0.07053,0.14438,0.21735,0.16527,0.14780,0.23651,0.29412,0.23830,0.26911,0.09611,0.22555,0.28103,0.23917,0.05738,0.01513,0.02889,0.02536,-0.05054,-0.04313,-0.13409,-0.09586,-0.01331,0.00120,0.06106,0.09309,0.11960,0.13388,0.13466,0.20067,0.23808,0.25397,0.27570,0.31798,0.34200,0.34828,0.40983,0.42171,0.38283,0.43125,0.47526,0.49439,0.48877,0.42539,0.39723,0.33292,0.34254,0.28811,0.27696,0.22533,0.18042,0.07874,-0.01976,-0.03594,0.07856,0.06502,0.01367,0.09198,0.14149,0.08662,0.07648,0.14893,0.19661,0.25961,0.32133,0.42465,0.45050,0.46950,0.55201,0.57705,0.59179,0.68360,0.70374,0.75073,0.70098,0.64642,0.66870,0.65783,0.64853,0.57890,0.52778,0.45586,0.46196,0.41279,0.40873,0.38907,0.34556,0.26055,0.27846,0.33380,0.26979,0.20005,0.26190,0.27454,0.13600,0.11133,-0.05825,-0.22700,-0.31611,-0.43144,-0.37070,-0.24895,-0.17859,-0.05010,0.01743,0.11658,0.16561,0.22228,0.26925,0.32495,0.39860,0.44352,0.50448,0.53874,0.59415,0.60499,0.65775,0.66157,0.68758,0.69035,0.71286,0.72052,0.74620,0.76317,0.71470,0.70703,0.68224,0.66658,0.69676,0.68117,0.65014,0.63589,0.58166,0.57818,0.61099,0.59624,0.61699,0.61395,0.56695,0.55640,0.48287,0.45926,0.39634,0.40524,0.43723,0.39888,0.33306,0.35666,0.34304,0.36627,0.31150,0.33185,0.38328,0.36233,0.38359,0.31961,0.33940,0.28416,0.32462,0.31214,0.36356,0.42228,0.49118,0.53841,0.57791,0.62367,0.64289,0.67137,0.66672,0.65366,0.59892,0.52760,0.49012,0.52259,0.53126,0.51913,0.53695,0.51550,0.53172,0.47287,0.39315,0.38510,0.41974,0.35835,0.28417,0.22439,0.18512,0.12439,0.07352,0.03084,-0.05631,-0.05503,-0.13587,-0.09622,-0.15480,-0.16137,-0.13878,-0.26990,-0.46574,-0.64920,-0.71159
-0.05098,-0.03419,-0.00285,0.03260,0.05239,0.08060,0.11285,0.13727,0.16061,0.21016,0.24309,0.25605,0.23435,0.20329,0.18077,0.14229,0.17793,0.12777,0.10836,0.12799,0.18467,0.24267,0.26631,0.22216,0.23405,0.31650,0.30777,0.24708,0.30527,0.37667,0.32959,0.29934,0.37414,0.43002,0.37169,0.36108,0.16180,0.25588,0.35593,0.32674,0.17172,0.15413,0.17712,0.19398,0.12920,0.14608,0.06317,0.10611,0.18736,0.20586,0.26344,0.29680,0.32336,0.33898,0.34087,0.40205,0.43517,0.44777,0.46927,0.50788,0.52638,0.53157,0.58483,0.59251,0.55708,0.59860,0.63395,0.64455,0.63528,0.58520,0.55687,0.50090,0.50774,0.45897,0.45534,0.41072,0.37558,0.28291,0.18965,0.17707,0.28766,0.27391,0.22663,0.30203,0.34681,0.29582,0.28771,0.35749,0.39984,0.45481,0.51290,0.60478,0.62889,0.64786,0.71692,0.73892,0.74935,0.81854,0.82663,0.85555,0.81562,0.77431,0.77691,0.77358,0.77660,0.72799,0.68410,0.62225,0.61942,0.57130,0.55668,0.53417,0.48654,0.41861,0.42504,0.48035,0.43602,0.36984,0.42155,0.44856,0.32583,0.29881,0.13231,-0.05121,-0.15067,-0.25905,-0.18270,-0.05973,0.01932,0.15029,0.21884,0.30990,0.35802,0.40675,0.45158,0.50139,0.56661,0.60575,0.65278,0.68144,0.72185,0.72592,0.76456,0.75675,0.76988,0.75539,0.77329,0.79608,0.82669,0.85320,0.82376,0.82639,0.80605,0.78770,0.80514,0.79661,0.77235,0.75967,0.72065,0.71440,0.73367,0.71201,0.71884,0.70305,0.65434,0.62543,0.57065,0.56534,0.51702,0.51703,0.55291,0.51481,0.46410,0.49657,0.49364,0.52283,0.47926,0.50181,0.54836,0.52814,0.53983,0.48009,0.48798,0.43360,0.45636,0.43192,0.47165,0.51005,0.56202,0.61480,0.63416,0.67509,0.67247,0.69761,0.71188,0.70280,0.67294,0.60398,0.59358,0.63589,0.65652,0.65685,0.68085,0.66930,0.68804,0.64155,0.57422,0.56649,0.59235,0.53723,0.47175,0.41672,0.37801,0.32056,0.27373,0.22898,0.14508,0.13743,0.05336,0.08125,0.00667,-0.01750,-0.03147,-0.19759,-0.41047,-0.57729,-0.69242
0.01625,0.03359,0.06945,0.10363,0.11858,0.14963,0.18716,0.20662,0.22636,0.28216,0.31469,0.33374,0.31565,0.28820,0.26945,0.23505,0.27510,0.22711,0.21219,0.23355,0.28827,0.34749,0.36888,0.32702,0.34276,0.42278,0.41314,0.35766,0.41735,0.48453,0.44072,0.41481,0.48736,0.53873,0.48482,0.46988,0.27724,0.35643,0.46418,0.42941,0.29090,0.27707,0.29891,0.31132,0.24469,0.25618,0.16886,0.20683,0.28682,0.29987,0.35541,0.38390,0.40631,0.41732,0.41495,0.47462,0.51099,0.52588,0.54323,0.58011,0.60264,0.60779,0.65863,0.66894,0.63731,0.67630,0.71103,0.72432,0.71835,0.67103,0.64716,0.59474,0.60248,0.55721,0.55069,0.50773,0.46853,0.37377,0.27835,0.25711,0.36815,0.35688,0.30279,0.37673,0.42676,0.37507,0.36087,0.42992,0.47738,0.53527,0.58656,0.67286,0.69245,0.70275,0.76598,0.78184,0.79972,0.86842,0.87988,0.90790,0.87583,0.83999,0.84559,0.84118,0.83975,0.79269,0.75451,0.69900,0.70213,0.66117,0.65200,0.63258,0.59109,0.52618,0.53535,0.58605,0.54037,0.47766,0.52838,0.54792,0.42637,0.40134,0.24027,0.05698,-0.03916,-0.15916,-0.08250,0.04927,0.12364,0.25166,0.31756,0.40961,0.45346,0.50234,0.54213,0.58963,0.65097,0.68680,0.73257,0.75787,0.79512,0.80027,0.83409,0.82853,0.83911,0.82524,0.83855,0.85938,0.88412,0.90444,0.87920,0.87616,0.85958,0.84740,0.86195,0.85387,0.83507,0.82574,0.79067,0.78742,0.80701,0.79062,0.79759,0.78381,0.74173,0.71342,0.66716,0.66311,0.61918,0.61858,0.64999,0.61560,0.56971,0.59852,0.59379,0.61784,0.57404,0.59211,0.63666,0.61904,0.63350,0.57941,0.58978,0.54037,0.56305,0.54182,0.57773,0.61102,0.65607,0.70435,0.71782,0.75316,0.74533,0.76653,0.78383,0.77697,0.75604,0.69578,0.68906,0.72652,0.74336,0.74066,0.75834,0.74387,0.75655,0.71022,0.64529,0.63831,0.66823,0.61780,0.55467,0.50315,0.46853,0.41483,0.36890,0.32951,0.24618,0.24589,0.16512,0.19830,0.12895,0.10666,0.09354,-0.08221,-0.29702,-0.49131,-0.62395
-0.07667,-0.05999,-0.02982,0.00456,0.02424,0.05272,0.08395,0.10672,0.13068,0.18003,0.21182,0.22526,0.20388,0.17340,0.15118,0.11299,0.14839,0.09813,0.08027,0.09902,0.15473,0.21311,0.23681,0.19355,0.20626,0.28876,0.28060,0.22159,0.28056,0.35180,0.30602,0.27799,0.35357,0.40876,0.35205,0.34287,0.14847,0.24686,0.34472,0.31435,0.16064,0.14022,0.16079,0.17390,0.10767,0.12194,0.03844,0.07911,0.15943,0.17700,0.23408,0.26682,0.29255,0.30794,0.30923,0.37059,0.40428,0.41716,0.43817,0.47700,0.49649,0.50165,0.55544,0.56392,0.52878,0.57057,0.60655,0.61851,0.61008,0.55913,0.53151,0.47511,0.48238,0.43385,0.43027,0.38670,0.35127,0.25891,0.16500,0.15150,0.26147,0.24608,0.19823,0.27370,0.31795,0.26534,0.25649,0.32568,0.36858,0.42555,0.48295,0.57471,0.59857,0.61732,0.68766,0.71077,0.72256,0.79523,0.80414,0.83660,0.79612,0.75192,0.75666,0.75160,0.75237,0.70128,0.65706,0.59445,0.59340,0.54606,0.53319,0.51167,0.46442,0.39545,0.40531,0.45976,0.41290,0.34819,0.40373,0.42899,0.30464,0.28072,0.11452,-0.06503,-0.16039,-0.27264,-0.20330,-0.07940,-0.00240,0.12629,0.19295,0.28358,0.33096,0.37944,0.42325,0.47361,0.53910,0.57836,0.62695,0.65587,0.69762,0.70298,0.74358,0.73778,0.75257,0.74116,0.75861,0.77927,0.80922,0.83424,0.80134,0.80265,0.78172,0.76348,0.78189,0.77265,0.74783,0.73524,0.69487,0.68948,0.71075,0.69087,0.69978,0.68615,0.63817,0.61163,0.55497,0.54663,0.49605,0.49638,0.53097,0.49266,0.44102,0.47302,0.46987,0.49929,0.45599,0.47782,0.52353,0.50296,0.51570,0.45574,0.46352,0.40993,0.43404,0.41244,0.45320,0.49347,0.54759,0.59907,0.62112,0.66277,0.66510,0.68945,0.70098,0.69209,0.65869,0.59027,0.57598,0.61658,0.63518,0.63329,0.65567,0.64250,0.66025,0.61228,0.54399,0.53587,0.56343,0.50848,0.44230,0.38756,0.34910,0.29199,0.24587,0.20196,0.11907,0.11380,0.03165,0.06211,-0.00949,-0.02987,-0.03823,-0.20448,-0.41596,-0.59160,-0.70085
0.07315,0.08966,0.11363,0.14754,0.17255,0.19632,0.21869,0.24643,0.27319,0.31030,0.33882,0.34195,0.31657,0.28397,0.25642,0.21388,0.23579,0.18435,0.15714,0.16627,0.22088,0.26584,0.29506,0.25455,0.25080,0.32417,0.32532,0.26044,0.29650,0.36719,0.32625,0.28040,0.33910,0.39443,0.33318,0.28287,0.06494,0.13860,0.27053,0.26141,0.12764,0.13018,0.16027,0.19985,0.15202,0.18196,0.11777,0.16681,0.24236,0.27001,0.32383,0.36219,0.39148,0.41319,0.42080,0.47537,0.49818,0.50376,0.52839,0.56322,0.57050,0.57409,0.61859,0.61886,0.58499,0.61974,0.64484,0.64349,0.62753,0.59092,0.55926,0.51084,0.51363,0.47014,0.47907,0.44418,0.42655,0.35264,0.27268,0.27502,0.37352,0.35489,0.32281,0.39236,0.42185,0.37668,0.37806,0.44110,0.46915,0.51108,0.56935,0.64966,0.67600,0.70461,0.76343,0.79022,0.78713,0.83142,0.82218,0.83467,0.79792,0.76277,0.74196,0.74672,0.76631,0.73921,0.69838,0.64240,0.62435,0.57231,0.54199,0.51469,0.45803,0.40817,0.40239,0.45878,0.43791,0.37719,0.42060,0.46964,0.36828,0.34167,0.18181,-0.00339,-0.10724,-0.19278,-0.11296,-0.00524,0.08279,0.20971,0.27689,0.35160,0.40063,0.43684,0.48178,0.52550,0.58265,0.61724,0.64943,0.67461,0.70131,0.69777,0.72697,0.70632,0.70930,0.67893,0.69593,0.73453,0.77527,0.81721,0.80110,0.81996,0.80038,0.77262,0.77949,0.77823,0.75534,0.74128,0.71523,0.70354,0.70849,0.67595,0.66925,0.63993,0.58433,0.53825,0.49470,0.50504,0.46782,0.45885,0.50077,0.46036,0.42274,0.46730,0.47877,0.52036,0.49340,0.52182,0.56115,0.53902,0.53669,0.47783,0.46854,0.41278,0.41580,0.37900,0.40862,0.43055,0.47206,0.53239,0.53862,0.57953,0.56503,0.58941,0.61683,0.61030,0.59467,0.52185,0.53307,0.58833,0.62381,0.63898,0.67463,0.67652,0.70356,0.67158,0.61799,0.60944,0.62110,0.57063,0.51477,0.46425,0.42356,0.36878,0.32906,0.27907,0.20426,0.18063,0.09564,0.10541,0.01440,-0.02545,-0.07260,-0.25655,-0.47120,-0.58927,-0.72726
0.25927,0.27614,0.30412,0.33638,0.35655,0.38185,0.40788,0.43113,0.45369,0.49382,0.52059,0.52728,0.50541,0.47708,0.45278,0.41473,0.43640,0.38804,0.36216,0.36955,0.42098,0.46058,0.48861,0.45264,0.44620,0.51056,0.51461,0.45432,0.48049,0.54387,0.50968,0.46080,0.50664,0.55534,0.49832,0.42199,0.20229,0.23933,0.39797,0.38944,0.29119,0.31217,0.34652,0.39437,0.35424,0.38525,0.32531,0.37187,0.44281,0.46764,0.51645,0.55022,0.57516,0.59303,0.59772,0.64593,0.66766,0.67277,0.69308,0.72266,0.72930,0.73200,0.76760,0.76723,0.73986,0.76680,0.78484,0.78010,0.76510,0.74059,0.71356,0.67532,0.67696,0.64152,0.65201,0.62325,0.60883,0.54152,0.46669,0.46424,0.55691,0.54170,0.50800,0.57177,0.60180,0.56073,0.55859,0.61674,0.64454,0.68185,0.73037,0.79579,0.81629,0.83628,0.87908,0.89749,0.89769,0.92451,0.91125,0.90984,0.88732,0.86743,0.83778,0.84664,0.87000,0.85892,0.82891,0.78681,0.76855,0.72507,0.69365,0.66807,0.61602,0.58103,0.56927,0.61976,0.61161,0.55791,0.59119,0.64094,0.55470,0.52807,0.38099,0.19255,0.08874,0.00285,0.09145,0.20236,0.28947,0.41084,0.47464,0.54237,0.58593,0.61634,0.65442,0.69060,0.73686,0.76369,0.78456,0.80249,0.81595,0.80899,0.82376,0.79828,0.79072,0.75087,0.76085,0.80595,0.84330,0.88440,0.88481,0.90469,0.89186,0.86909,0.86551,0.86922,0.85588,0.84612,0.83394,0.82318,0.81923,0.78777,0.77251,0.73781,0.68879,0.63341,0.61045,0.63345,0.61084,0.59641,0.63567,0.60024,0.57739,0.62257,0.63866,0.67787,0.65889,0.68388,0.71686,0.69848,0.69238,0.64322,0.62899,0.57986,0.57159,0.53093,0.54887,0.55288,0.57615,0.63419,0.62231,0.65372,0.62078,0.63942,0.68007,0.67759,0.68612,0.62497,0.65624,0.71169,0.75045,0.77076,0.80381,0.80982,0.83262,0.81010,0.76858,0.76135,0.76998,0.72930,0.68323,0.64052,0.60526,0.55748,0.52205,0.47689,0.40720,0.38447,0.30280,0.30841,0.21473,0.16605,0.09795,-0.10657,-0.32441,-0.44776,-0.62663
0.25339,0.27005,0.29867,0.33018,0.34901,0.37519,0.40216,0.42303,0.44497,0.48692,0.51288,0.52172,0.50095,0.47378,0.45073,0.41395,0.43684,0.38900,0.36565,0.37311,0.42345,0.46396,0.49138,0.45658,0.45202,0.51612,0.52016,0.46244,0.49017,0.55250,0.51977,0.47415,0.52045,0.56783,0.51308,0.43730,0.22044,0.25849,0.41878,0.40930,0.31395,0.33270,0.36485,0.40832,0.36603,0.39341,0.33133,0.37519,0.44524,0.46775,0.51571,0.54799,0.57133,0.58779,0.59094,0.63916,0.66235,0.66853,0.68755,0.71694,0.72567,0.72847,0.76433,0.76525,0.73872,0.76568,0.78447,0.78177,0.76822,0.74318,0.71771,0.67964,0.68178,0.64703,0.65656,0.62891,0.61313,0.54512,0.46837,0.46296,0.55569,0.53999,0.50378,0.56741,0.59854,0.55589,0.55151,0.60925,0.63938,0.67920,0.72610,0.79066,0.80972,0.82687,0.86939,0.88763,0.89149,0.92145,0.91020,0.91169,0.89030,0.86939,0.84246,0.84928,0.86962,0.85629,0.82726,0.78592,0.77076,0.72926,0.70060,0.67670,0.62637,0.59094,0.58249,0.63134,0.62030,0.56870,0.60542,0.65167,0.56392,0.54024,0.39364,0.20772,0.10741,0.01496,0.09831,0.21284,0.29705,0.41680,0.47817,0.54637,0.58842,0.61900,0.65524,0.69186,0.73781,0.76418,0.78629,0.80380,0.81814,0.81246,0.82787,0.80468,0.79802,0.76097,0.76944,0.81221,0.84784,0.88631,0.88489,0.90229,0.88958,0.86852,0.86505,0.86810,0.85542,0.84651,0.83384,0.82443,0.82242,0.79356,0.78016,0.74788,0.70107,0.64783,0.62513,0.64561,0.62206,0.60795,0.64516,0.61025,0.58736,0.63124,0.64652,0.68414,0.66423,0.68779,0.72055,0.70236,0.69837,0.64982,0.63639,0.58911,0.58253,0.54506,0.56346,0.56787,0.59128,0.64709,0.63597,0.66722,0.63693,0.65421,0.69341,0.69148,0.69896,0.64011,0.66894,0.72184,0.75781,0.77551,0.80581,0.80954,0.82996,0.80603,0.76375,0.75649,0.76761,0.72784,0.68139,0.63941,0.60510,0.55834,0.52338,0.48020,0.41118,0.39227,0.31285,0.32228,0.23220,0.18686,0.12325,-0.08432,-0.30426,-0.44305,-0.62159
0.27051,0.28585,0.30277,0.33296,0.36009,0.37917,0.39195,0.41953,0.44690,0.47114,0.49288,0.48766,0.46101,0.42996,0.40003,0.35715,0.36397,0.31402,0.28106,0.27790,0.32657,0.35425,0.38758,0.35502,0.33450,0.39162,0.40462,0.34074,0.34865,0.41247,0.38312,0.32263,0.35747,0.40697,0.34766,0.24800,0.01987,0.05536,0.22673,0.23777,0.14821,0.17779,0.21456,0.27778,0.25197,0.29336,0.25248,0.30390,0.36815,0.40243,0.44747,0.48732,0.51612,0.54151,0.55323,0.59599,0.60718,0.60535,0.63028,0.65721,0.65293,0.65438,0.68438,0.67707,0.64921,0.67255,0.68321,0.66881,0.64735,0.63089,0.59943,0.56519,0.56332,0.53054,0.55252,0.53209,0.53524,0.48630,0.42462,0.43950,0.51890,0.49683,0.48048,0.53935,0.55180,0.51519,0.52450,0.57559,0.58841,0.61432,0.66595,0.72418,0.74876,0.78159,0.82107,0.84880,0.83480,0.84571,0.81752,0.80799,0.78184,0.76006,0.71321,0.72665,0.76325,0.76526,0.73419,0.69225,0.66012,0.61033,0.56545,0.53577,0.47461,0.45118,0.43165,0.48400,0.49233,0.44325,0.47397,0.54307,0.47382,0.45030,0.30908,0.12934,0.02666,-0.03500,0.04615,0.13643,0.22888,0.34356,0.40385,0.45538,0.50081,0.52024,0.56028,0.59319,0.63504,0.66013,0.67132,0.68876,0.69518,0.68289,0.69587,0.66170,0.65006,0.60171,0.61326,0.66863,0.71659,0.77179,0.77586,0.81020,0.79492,0.76095,0.75202,0.76028,0.74399,0.73109,0.72524,0.70911,0.69609,0.65496,0.63178,0.58846,0.53176,0.46643,0.44470,0.47484,0.45578,0.43580,0.48065,0.44161,0.42510,0.48051,0.50836,0.55963,0.55380,0.58537,0.61365,0.59126,0.57366,0.52218,0.49307,0.44169,0.41954,0.37092,0.38485,0.38164,0.40336,0.46751,0.45309,0.48905,0.45743,0.47664,0.52054,0.51819,0.52746,0.45919,0.49976,0.56564,0.61514,0.64635,0.69058,0.70727,0.73922,0.72696,0.69416,0.68570,0.68185,0.64265,0.60289,0.56267,0.52356,0.47690,0.44819,0.39716,0.33748,0.30001,0.21987,0.21017,0.10612,0.04954,-0.03718,-0.24137,-0.44902,-0.52330,-0.69428
0.45251,0.46709,0.48239,0.51010,0.53553,0.55193,0.56167,0.58802,0.61264,0.63075,0.64888,0.64054,0.61542,0.58718,0.55823,0.51778,0.51697,0.47082,0.43488,0.42605,0.47007,0.48580,0.51949,0.49246,0.46259,0.50649,0.52516,0.46379,0.45318,0.50890,0.48718,0.41807,0.43434,0.47697,0.42059,0.28892,0.05991,0.05834,0.25285,0.27163,0.21964,0.27267,0.31610,0.39609,0.38686,0.43583,0.41028,0.46225,0.51782,0.55420,0.59221,0.63012,0.65692,0.68193,0.69466,0.72745,0.73147,0.72544,0.74820,0.76819,0.75701,0.75701,0.77475,0.76298,0.74134,0.75458,0.75431,0.73135,0.70762,0.70732,0.67825,0.65661,0.65152,0.62812,0.65635,0.64476,0.65895,0.62625,0.57917,0.59895,0.66452,0.64468,0.63688,0.68581,0.69028,0.66257,0.67493,0.71643,0.72032,0.73355,0.77668,0.81632,0.83726,0.86817,0.88953,0.91202,0.89253,0.87611,0.83744,0.80800,0.79417,0.78833,0.72481,0.74604,0.79335,0.81851,0.79771,0.77041,0.73063,0.68644,0.63394,0.60384,0.54369,0.54059,0.50914,0.55641,0.58645,0.54596,0.56117,0.63992,0.59636,0.57160,0.44944,0.27272,0.17124,0.12927,0.21875,0.29628,0.38957,0.49385,0.54967,0.58579,0.62647,0.63505,0.66980,0.69243,0.72051,0.73686,0.73144,0.74141,0.73104,0.71233,0.70904,0.66553,0.64138,0.57955,0.58566,0.65145,0.70056,0.76148,0.78537,0.82814,0.81888,0.78482,0.76382,0.77894,0.77059,0.76018,0.77103,0.75286,0.72592,0.68088,0.64494,0.59212,0.53863,0.46058,0.46003,0.50693,0.50521,0.47803,0.52285,0.48795,0.48885,0.54839,0.58553,0.63953,0.64780,0.67913,0.69796,0.67847,0.65113,0.60910,0.56929,0.52395,0.48438,0.42718,0.42730,0.40354,0.40584,0.46984,0.43638,0.46369,0.41257,0.42776,0.48566,0.48703,0.52101,0.46136,0.52608,0.59632,0.65412,0.69636,0.74361,0.77038,0.80307,0.80625,0.79077,0.78341,0.76919,0.74074,0.71498,0.68403,0.64930,0.61055,0.58904,0.54033,0.49099,0.44579,0.36986,0.34605,0.23510,0.16443,0.04796,-0.16676,-0.36611,-0.40881,-0.60973
0.56082,0.57513,0.59521,0.62091,0.63992,0.65845,0.67342,0.69335,0.71279,0.73641,0.75284,0.75104,0.73095,0.70810,0.68431,0.65006,0.65271,0.61079,0.58018,0.57220,0.61219,0.62625,0.65684,0.63423,0.60730,0.64476,0.66322,0.60957,0.59684,0.64480,0.62854,0.56398,0.57306,0.60845,0.55932,0.41796,0.19751,0.17204,0.37832,0.39298,0.36797,0.42932,0.47240,0.54936,0.54183,0.58537,0.55871,0.60429,0.65532,0.68509,0.71839,0.74959,0.77065,0.78979,0.79773,0.82585,0.83188,0.82789,0.84499,0.86088,0.85310,0.85269,0.86474,0.85515,0.83967,0.84772,0.84433,0.82292,0.80285,0.80915,0.78634,0.77201,0.76722,0.75027,0.77584,0.76829,0.77994,0.74919,0.70371,0.71432,0.77595,0.76014,0.74657,0.79035,0.79903,0.77312,0.77901,0.81646,0.82420,0.83754,0.87034,0.89880,0.91313,0.93294,0.94260,0.95681,0.94526,0.92205,0.88621,0.85145,0.84933,0.85406,0.79163,0.81306,0.85667,0.88810,0.87671,0.86083,0.82710,0.79310,0.74607,0.72032,0.66827,0.67313,0.64231,0.68235,0.71517,0.68176,0.69268,0.76326,0.72722,0.70473,0.59514,0.42187,0.32666,0.27732,0.36733,0.45054,0.53721,0.63391,0.68428,0.71761,0.75167,0.75791,0.78517,0.80258,0.82249,0.83275,0.82222,0.82658,0.80924,0.79065,0.77802,0.73590,0.70637,0.64357,0.64303,0.70743,0.74932,0.80297,0.83605,0.87411,0.87088,0.84466,0.81832,0.83518,0.83427,0.82830,0.84682,0.83181,0.80261,0.76362,0.72553,0.67416,0.63015,0.55182,0.56575,0.61667,0.62379,0.59490,0.63394,0.60476,0.61498,0.67008,0.70658,0.75355,0.76396,0.78928,0.80368,0.78881,0.76340,0.73060,0.69185,0.65444,0.61191,0.55750,0.55045,0.51664,0.50680,0.56420,0.52034,0.53889,0.47853,0.48789,0.55130,0.55568,0.60489,0.55842,0.63147,0.69562,0.74963,0.79017,0.82989,0.85501,0.88011,0.88696,0.87842,0.87259,0.86082,0.84078,0.82142,0.79696,0.76860,0.73663,0.71804,0.67675,0.63140,0.59382,0.52409,0.50346,0.39888,0.32808,0.20745,-0.01745,-0.21697,-0.27747,-0.50082
0.61080,0.62385,0.63685,0.65876,0.67977,0.69399,0.70033,0.71994,0.74030,0.75322,0.76428,0.75602,0.73483,0.71333,0.68779,0.65371,0.64556,0.60546,0.57244,0.55630,0.59069,0.59364,0.62623,0.60962,0.57332,0.60060,0.62613,0.57504,0.54634,0.58972,0.58119,0.51093,0.50697,0.53898,0.49288,0.32940,0.11092,0.07096,0.29155,0.32465,0.32073,0.39023,0.43316,0.51893,0.52366,0.57151,0.56034,0.60572,0.64756,0.68094,0.70793,0.74016,0.76079,0.78278,0.79359,0.81443,0.81302,0.80449,0.82216,0.83363,0.81875,0.81718,0.82164,0.80763,0.79505,0.79751,0.78671,0.75875,0.73561,0.75154,0.72853,0.72125,0.71404,0.70301,0.73636,0.73837,0.76303,0.74918,0.71617,0.73625,0.78332,0.76395,0.76202,0.79839,0.79428,0.77331,0.78506,0.81465,0.81188,0.81554,0.84518,0.86200,0.87659,0.90125,0.90225,0.91940,0.90012,0.86134,0.81530,0.77285,0.77353,0.78116,0.70627,0.73071,0.78241,0.82689,0.81912,0.80920,0.76787,0.73440,0.68016,0.65359,0.59956,0.61816,0.58249,0.61965,0.66636,0.64144,0.64778,0.72829,0.71091,0.69311,0.59762,0.43918,0.34923,0.31700,0.39798,0.46505,0.55027,0.63530,0.67846,0.69626,0.72737,0.72285,0.74708,0.75891,0.77105,0.77688,0.75623,0.75752,0.73139,0.70894,0.69061,0.64298,0.60845,0.53942,0.53696,0.60772,0.65359,0.71427,0.75385,0.80045,0.79780,0.76723,0.73462,0.75556,0.75606,0.74983,0.77682,0.75931,0.72222,0.67908,0.63476,0.57823,0.53353,0.44831,0.46985,0.52718,0.54139,0.50759,0.54741,0.51872,0.53865,0.59861,0.64350,0.69593,0.71791,0.74536,0.75349,0.73758,0.70421,0.67493,0.62553,0.59069,0.53661,0.47862,0.46470,0.42067,0.40390,0.46215,0.41189,0.42961,0.36657,0.37376,0.44167,0.44795,0.50380,0.45906,0.54197,0.61003,0.66994,0.71739,0.76170,0.79408,0.82246,0.83914,0.84140,0.83513,0.81466,0.80028,0.78956,0.77088,0.74316,0.71642,0.70542,0.66424,0.63027,0.58569,0.52229,0.49184,0.38482,0.31005,0.17567,-0.04846,-0.23880,-0.26547,-0.49040
0.64004,0.65127,0.65328,0.67240,0.69898,0.70566,0.69901,0.72332,0.74635,0.74177,0.74816,0.72736,0.70263,0.67924,0.64954,0.61262,0.58934,0.55039,0.50951,0.48404,0.51467,0.50379,0.53969,0.52667,0.47620,0.49281,0.52564,0.47214,0.42380,0.46404,0.46027,0.37853,0.36050,0.39038,0.34300,0.16130,-0.05353,-0.10271,0.11834,0.16556,0.17713,0.25923,0.30632,0.40941,0.43273,0.49227,0.50371,0.55364,0.58618,0.62867,0.65011,0.68675,0.71058,0.73878,0.75675,0.76916,0.75549,0.73929,0.76062,0.76773,0.74057,0.73753,0.73345,0.71192,0.70032,0.69655,0.67647,0.63770,0.60859,0.63535,0.60911,0.60881,0.59769,0.59132,0.63518,0.64503,0.68685,0.69405,0.67981,0.71743,0.74731,0.72470,0.74205,0.76985,0.74839,0.73650,0.75996,0.77950,0.75996,0.74798,0.77799,0.78335,0.80076,0.83670,0.83065,0.85309,0.81796,0.75780,0.69716,0.64174,0.64129,0.65255,0.56057,0.59141,0.65722,0.71883,0.71236,0.70652,0.65067,0.61332,0.54584,0.51550,0.45569,0.48852,0.44177,0.47843,0.54499,0.52526,0.52141,0.62020,0.62632,0.60854,0.52745,0.38289,0.29631,0.29866,0.37743,0.41589,0.50352,0.57697,0.61629,0.61536,0.64646,0.62992,0.65500,0.66026,0.66454,0.66662,0.63319,0.63231,0.59659,0.56778,0.54369,0.48641,0.44614,0.36782,0.36726,0.44777,0.50159,0.57496,0.62255,0.68301,0.67956,0.63984,0.60125,0.62684,0.62692,0.61854,0.65429,0.63150,0.58303,0.53051,0.47669,0.41098,0.36146,0.26748,0.29418,0.36156,0.38366,0.34498,0.38934,0.35983,0.38823,0.45575,0.51126,0.57319,0.60983,0.64257,0.64350,0.62585,0.58004,0.55262,0.49000,0.45528,0.38603,0.31873,0.29804,0.24494,0.22254,0.28481,0.22927,0.24766,0.18129,0.18856,0.26010,0.26666,0.32757,0.27966,0.37467,0.45135,0.52181,0.58146,0.63618,0.68069,0.71779,0.74779,0.76288,0.75614,0.72092,0.71073,0.71000,0.69615,0.66711,0.64394,0.64046,0.59530,0.57337,0.51280,0.45320,0.40374,0.28861,0.20384,0.04910,-0.15994,-0.32593,-0.29106,-0.50653
0.74451,0.75549,0.76068,0.77718,0.79808,0.80543,0.80228,0.82124,0.83902,0.83715,0.84155,0.82523,0.80511,0.78683,0.76178,0.73081,0.70885,0.67509,0.63821,0.61268,0.63841,0.62362,0.65647,0.64827,0.59904,0.60751,0.64048,0.59436,0.54150,0.57353,0.57558,0.49723,0.47048,0.49277,0.45207,0.25871,0.05416,-0.02197,0.20924,0.25794,0.29666,0.38810,0.43534,0.53790,0.56549,0.62153,0.63571,0.67998,0.70649,0.74362,0.75960,0.78997,0.80857,0.83172,0.84601,0.85281,0.83936,0.82403,0.84017,0.84279,0.81722,0.81367,0.80293,0.78231,0.77672,0.76714,0.74294,0.70423,0.67801,0.71242,0.69171,0.69949,0.68793,0.68848,0.73096,0.74552,0.78721,0.79919,0.78961,0.82077,0.84416,0.82542,0.83985,0.86112,0.84158,0.83327,0.85205,0.86630,0.84818,0.83343,0.85309,0.84607,0.85779,0.88468,0.86662,0.88065,0.85071,0.78087,0.72132,0.65830,0.66921,0.69194,0.59944,0.63147,0.69543,0.76522,0.76781,0.77363,0.72183,0.69409,0.63030,0.60360,0.55126,0.59357,0.54597,0.57567,0.64710,0.63462,0.62417,0.71680,0.73475,0.71897,0.65344,0.51640,0.43504,0.43802,0.51829,0.55564,0.63597,0.70028,0.73351,0.72699,0.75109,0.73068,0.74850,0.74769,0.74295,0.73874,0.69860,0.69196,0.64839,0.61885,0.58461,0.52753,0.48165,0.40140,0.39509,0.47512,0.52259,0.59033,0.64814,0.70555,0.70759,0.67414,0.63034,0.65809,0.66556,0.66102,0.70494,0.68443,0.63255,0.58474,0.52781,0.46261,0.42182,0.32709,0.36831,0.44084,0.47267,0.43231,0.47143,0.44786,0.48618,0.54968,0.60538,0.66139,0.70153,0.72917,0.72477,0.71159,0.66600,0.64805,0.58544,0.55858,0.48518,0.41948,0.39113,0.32751,0.29221,0.34802,0.28176,0.29133,0.21499,0.21720,0.29447,0.30439,0.38047,0.34506,0.44932,0.52057,0.58844,0.64791,0.69657,0.74102,0.77214,0.80751,0.83094,0.82593,0.79101,0.78928,0.79636,0.78970,0.76696,0.75094,0.75129,0.71340,0.69717,0.64159,0.58899,0.53988,0.43021,0.34384,0.18205,-0.03382,-0.19147,-0.15765,-0.39358
0.83582,0.84551,0.85332,0.86518,0.87864,0.88681,0.88613,0.89731,0.90907,0.90950,0.90981,0.89882,0.88484,0.87377,0.85511,0.83271,0.81192,0.78578,0.75554,0.72988,0.74767,0.72765,0.75608,0.75484,0.70812,0.70536,0.73852,0.70456,0.64646,0.66638,0.67712,0.60600,0.56867,0.58029,0.55054,0.35189,0.17313,0.06927,0.30125,0.34737,0.42170,0.51873,0.56217,0.65912,0.69159,0.74107,0.75911,0.79412,0.81097,0.84032,0.84810,0.86957,0.88097,0.89737,0.90681,0.90537,0.89206,0.87782,0.88734,0.88393,0.86069,0.85654,0.83722,0.81859,0.82097,0.80440,0.77563,0.73842,0.71653,0.75938,0.74659,0.76435,0.75303,0.76291,0.80238,0.82372,0.86486,0.88444,0.88234,0.90485,0.91691,0.90267,0.91443,0.92663,0.90809,0.90452,0.91785,0.92439,0.90737,0.88951,0.89543,0.87262,0.87718,0.89183,0.85897,0.86410,0.84091,0.76209,0.70521,0.63714,0.66146,0.69566,0.60515,0.63700,0.69646,0.77378,0.78752,0.80743,0.76214,0.74724,0.69064,0.66983,0.62914,0.68212,0.63620,0.65561,0.73092,0.72893,0.71108,0.79245,0.82520,0.81377,0.77201,0.65548,0.58401,0.58560,0.66066,0.69473,0.76232,0.81085,0.83418,0.81913,0.83348,0.80765,0.81555,0.80678,0.79084,0.77870,0.73175,0.71834,0.66637,0.63716,0.59283,0.53837,0.48745,0.40792,0.39479,0.47088,0.50897,0.56738,0.63440,0.68605,0.69481,0.67002,0.62064,0.65068,0.66655,0.66706,0.71999,0.70321,0.64895,0.60873,0.55035,0.48850,0.46056,0.36878,0.42644,0.50203,0.54427,0.50269,0.53308,0.51754,0.56721,0.62376,0.67766,0.72423,0.76896,0.78851,0.77743,0.76990,0.72622,0.72158,0.66084,0.64447,0.56813,0.50806,0.47129,0.39713,0.34769,0.39337,0.31710,0.31574,0.23150,0.22699,0.30683,0.31982,0.41102,0.39311,0.50432,0.56610,0.62792,0.68465,0.72412,0.76698,0.78942,0.83015,0.86367,0.86047,0.82684,0.83621,0.85310,0.85590,0.84168,0.83593,0.84224,0.81472,0.80775,0.76049,0.71960,0.67329,0.57587,0.49352,0.33103,0.12157,-0.01713,0.00760,-0.23701
0.86327,0.87092,0.86845,0.87361,0.88850,0.89012,0.87741,0.88697,0.89850,0.88412,0.87630,0.85737,0.84339,0.83584,0.81667,0.79730,0.76319,0.74325,0.71236,0.67732,0.68479,0.64956,0.67861,0.68635,0.62977,0.61130,0.65171,0.62534,0.54807,0.55833,0.58008,0.50634,0.45215,0.45701,0.43471,0.21747,0.05830,-0.06512,0.17009,0.24128,0.34349,0.44640,0.48649,0.58906,0.63724,0.68892,0.72852,0.75985,0.76093,0.79247,0.78976,0.81028,0.81980,0.83819,0.85070,0.83783,0.81466,0.79468,0.80364,0.79381,0.76211,0.75632,0.72675,0.70340,0.71053,0.68630,0.64904,0.60507,0.58079,0.63481,0.62354,0.65125,0.63753,0.65645,0.70343,0.73750,0.79376,0.83719,0.85416,0.88729,0.87674,0.85968,0.88652,0.88599,0.85132,0.85598,0.87598,0.87050,0.84002,0.80863,0.80821,0.76940,0.77386,0.79322,0.74889,0.75527,0.72280,0.62547,0.55842,0.48235,0.51134,0.54941,0.44788,0.48202,0.54847,0.64013,0.65884,0.68760,0.63515,0.62333,0.56112,0.54089,0.50241,0.57268,0.52315,0.53566,0.62568,0.63632,0.61149,0.70008,0.75937,0.75469,0.73922,0.65475,0.59662,0.62478,0.68293,0.68920,0.74750,0.77436,0.78508,0.74781,0.75588,0.71580,0.71782,0.70041,0.67352,0.65497,0.59623,0.57850,0.51676,0.48406,0.43286,0.37455,0.31932,0.23628,0.22187,0.30153,0.34049,0.40345,0.47713,0.53657,0.54671,0.51839,0.46319,0.49717,0.51525,0.51569,0.57760,0.55872,0.49678,0.45398,0.39037,0.32570,0.30024,0.20576,0.27260,0.35267,0.40369,0.35796,0.38585,0.37356,0.43507,0.49277,0.55336,0.60282,0.66098,0.68124,0.66172,0.65430,0.60277,0.60527,0.53539,0.52525,0.43757,0.37689,0.33210,0.24763,0.18959,0.23141,0.14969,0.14508,0.06127,0.05329,0.13481,0.15057,0.24724,0.23521,0.35373,0.41537,0.48078,0.54312,0.58549,0.63549,0.66037,0.71287,0.76035,0.75734,0.71332,0.73088,0.76009,0.77214,0.76075,0.76416,0.78135,0.75743,0.76825,0.71500,0.68774,0.63083,0.53761,0.45505,0.28312,0.09071,-0.02521,0.05322,-0.17936
0.81258,0.82198,0.81981,0.82155,0.83463,0.83803,0.82567,0.83271,0.84318,0.83127,0.82231,0.80548,0.79190,0.78722,0.76898,0.75251,0.72069,0.70346,0.67644,0.64187,0.64635,0.61238,0.64002,0.65065,0.59744,0.57873,0.61829,0.59705,0.52395,0.53269,0.55722,0.49163,0.43969,0.44495,0.42594,0.21261,0.05918,-0.06787,0.17064,0.26920,0.36315,0.44945,0.48151,0.57342,0.61509,0.65937,0.69552,0.72258,0.72145,0.74894,0.74486,0.76372,0.77126,0.78840,0.79879,0.78758,0.76725,0.74854,0.75692,0.74897,0.72013,0.71451,0.68818,0.66702,0.67255,0.65115,0.61833,0.57847,0.55590,0.60516,0.59453,0.61930,0.60721,0.62568,0.67128,0.70784,0.76243,0.80421,0.81737,0.84609,0.83510,0.81647,0.83982,0.83936,0.80614,0.80858,0.82485,0.82320,0.79670,0.76856,0.76840,0.73546,0.74420,0.76341,0.72051,0.72818,0.69871,0.60816,0.54433,0.47848,0.50921,0.53833,0.44239,0.47155,0.53310,0.61834,0.63262,0.65798,0.60945,0.59714,0.53898,0.51915,0.48503,0.55356,0.51178,0.52348,0.60558,0.61805,0.59828,0.67898,0.73523,0.73549,0.72121,0.65253,0.59474,0.61596,0.66198,0.67060,0.72019,0.74309,0.75057,0.71445,0.71972,0.67938,0.67828,0.66370,0.64060,0.62389,0.57075,0.55478,0.49851,0.46863,0.42206,0.36798,0.31804,0.24097,0.22762,0.30369,0.33874,0.39839,0.46542,0.51985,0.52841,0.50225,0.45008,0.48163,0.49787,0.49824,0.55491,0.53805,0.48162,0.44129,0.38393,0.32383,0.29976,0.21091,0.27229,0.34406,0.39036,0.34638,0.37126,0.35964,0.41840,0.47215,0.52881,0.57593,0.62734,0.64697,0.63128,0.62193,0.57481,0.57551,0.51157,0.50162,0.42223,0.36798,0.32712,0.24686,0.19298,0.23139,0.15461,0.15255,0.07630,0.06841,0.14705,0.16477,0.25281,0.24056,0.35000,0.40637,0.46763,0.52375,0.56368,0.60883,0.63204,0.67845,0.72127,0.71721,0.67739,0.69201,0.71789,0.72900,0.71813,0.72285,0.74107,0.72085,0.73291,0.68518,0.66375,0.61564,0.53047,0.45950,0.30210,0.11589,-0.00737,0.05177,-0.17817
0.78028,0.78689,0.77497,0.76895,0.78176,0.77954,0.75700,0.75931,0.76875,0.74574,0.72839,0.70710,0.69553,0.69578,0.67939,0.66802,0.62606,0.61600,0.59265,0.55048,0.54327,0.49784,0.52334,0.54414,0.48659,0.45398,0.49859,0.48878,0.40326,0.40140,0.43692,0.37517,0.31087,0.30758,0.29946,0.08340,-0.04172,-0.17485,0.05716,0.17373,0.29315,0.37459,0.39778,0.48278,0.53422,0.57387,0.62576,0.64500,0.62803,0.65427,0.63900,0.65462,0.65800,0.67487,0.68620,0.66412,0.63688,0.61446,0.62028,0.60654,0.57363,0.56673,0.53186,0.50928,0.51971,0.49284,0.45485,0.41354,0.39152,0.44758,0.44121,0.47417,0.46108,0.48791,0.53792,0.58677,0.65140,0.71227,0.74055,0.77478,0.74208,0.72055,0.75432,0.74217,0.69623,0.70440,0.72420,0.71078,0.67520,0.63877,0.63034,0.58291,0.58984,0.60946,0.55773,0.56860,0.53509,0.43509,0.36698,0.30120,0.33675,0.36535,0.26731,0.29448,0.35565,0.44679,0.46575,0.49865,0.44984,0.44318,0.38622,0.36981,0.34307,0.42386,0.38607,0.38807,0.47512,0.50184,0.48121,0.55962,0.63549,0.64574,0.65702,0.63098,0.59082,0.62487,0.64332,0.63267,0.66675,0.66577,0.65845,0.60401,0.60128,0.54908,0.54109,0.51902,0.48614,0.46368,0.40411,0.38480,0.32361,0.29395,0.24510,0.19245,0.14255,0.06991,0.05507,0.12810,0.15950,0.21796,0.28367,0.33752,0.34641,0.32138,0.26744,0.30007,0.31774,0.31989,0.38098,0.36518,0.30691,0.26907,0.21220,0.15532,0.13821,0.05405,0.12055,0.19017,0.24063,0.19599,0.21562,0.20758,0.27344,0.32461,0.38346,0.42743,0.48740,0.50404,0.48198,0.47327,0.42444,0.43366,0.36548,0.36294,0.27920,0.23053,0.18466,0.10084,0.04230,0.07355,-0.00248,-0.00812,-0.07665,-0.08923,-0.01566,0.00412,0.09020,0.08696,0.19438,0.24511,0.30280,0.35753,0.39495,0.44175,0.46352,0.51639,0.56948,0.56526,0.52075,0.54384,0.57972,0.59951,0.59333,0.60767,0.63621,0.62185,0.65095,0.60487,0.59974,0.54944,0.47939,0.41903,0.27017,0.11396,0.02194,0.10317,-0.10676
0.45702,0.46711,0.46060,0.45929,0.47675,0.48216,0.46567,0.47243,0.48983,0.48108,0.47141,0.45565,0.43872,0.43237,0.41216,0.39465,0.36779,0.35028,0.33064,0.30012,0.30373,0.28222,0.30742,0.31642,0.27546,0.27006,0.30446,0.28680,0.23575,0.25170,0.27162,0.22358,0.19504,0.20919,0.19099,0.03604,-0.09704,-0.16340,0.03345,0.14387,0.17269,0.21032,0.22435,0.28273,0.29978,0.32922,0.34923,0.37108,0.37552,0.40045,0.40045,0.42220,0.43098,0.45045,0.46076,0.46027,0.44762,0.43232,0.44470,0.44698,0.42633,0.42231,0.41402,0.39896,0.39371,0.38901,0.37453,0.34893,0.32931,0.35178,0.33750,0.34262,0.33593,0.34208,0.38142,0.41363,0.45718,0.48360,0.48014,0.50564,0.50240,0.47714,0.49417,0.50464,0.47443,0.46549,0.48072,0.49207,0.47308,0.46017,0.47542,0.47136,0.48786,0.51666,0.50002,0.52253,0.49370,0.44772,0.39733,0.37249,0.38528,0.37998,0.30781,0.32165,0.36662,0.41477,0.40895,0.40886,0.37041,0.34694,0.30089,0.28101,0.24751,0.29013,0.27701,0.28982,0.33839,0.34474,0.35018,0.41490,0.43634,0.44521,0.41182,0.37485,0.31977,0.31011,0.32155,0.34225,0.38091,0.40754,0.41501,0.39358,0.40260,0.37192,0.37533,0.37579,0.37428,0.37117,0.34524,0.34160,0.31316,0.29590,0.28079,0.24247,0.21668,0.16376,0.16240,0.22073,0.25321,0.30356,0.32939,0.36857,0.36602,0.33957,0.30621,0.32597,0.32819,0.32542,0.35455,0.34272,0.30993,0.27415,0.24099,0.19784,0.16633,0.10092,0.12386,0.16601,0.18347,0.15110,0.17278,0.15490,0.18714,0.23238,0.27341,0.31388,0.34508,0.36771,0.36734,0.35004,0.31898,0.30603,0.25995,0.23869,0.19113,0.15613,0.13637,0.09026,0.06924,0.10670,0.06582,0.07784,0.03584,0.03850,0.09381,0.10681,0.14353,0.11612,0.18212,0.23122,0.27938,0.31550,0.35272,0.38227,0.40580,0.42621,0.44363,0.43604,0.40969,0.40708,0.41315,0.41177,0.39512,0.39193,0.40568,0.38357,0.38827,0.35469,0.33484,0.31096,0.24707,0.20843,0.10718,-0.04080,-0.15832,-0.13257,-0.30285
0.25651,0.25830,0.23798,0.21989,0.22720,0.22266,0.19415,0.18770,0.19683,0.16956,0.14648,0.12868,0.12359,0.12942,0.12355,0.12405,0.08891,0.09290,0.08576,0.05369,0.03540,-0.00181,0.00993,0.03372,-0.00189,-0.03464,-0.00356,0.00672,-0.05203,-0.06479,-0.03100,-0.05406,-0.09694,-0.11299,-0.10270,-0.19274,-0.18895,-0.24887,-0.16957,-0.12840,-0.03663,-0.00027,0.00084,0.02910,0.06785,0.08102,0.12682,0.12209,0.09482,0.10667,0.08335,0.08655,0.08196,0.09106,0.09760,0.07297,0.05154,0.03607,0.03595,0.02226,0.00110,-0.00340,-0.03004,-0.04202,-0.03104,-0.04926,-0.07086,-0.08931,-0.09682,-0.06647,-0.06370,-0.03998,-0.04689,-0.02424,0.00544,0.04493,0.08982,0.14638,0.17967,0.20296,0.15487,0.13828,0.16894,0.15032,0.10870,0.11834,0.13342,0.11098,0.08095,0.05590,0.04299,0.00191,0.00277,0.01767,-0.01416,-0.00312,-0.02692,-0.07389,-0.11169,-0.13070,-0.11117,-0.10730,-0.15361,-0.14818,-0.12156,-0.07528,-0.06357,-0.04316,-0.06559,-0.06237,-0.08626,-0.08943,-0.09538,-0.04535,-0.04708,-0.06119,-0.01608,0.01432,0.00804,0.04131,0.09381,0.11740,0.15564,0.20849,0.21476,0.23811,0.20432,0.17461,0.17125,0.13801,0.11418,0.06408,0.05119,0.01023,-0.00201,-0.01999,-0.04650,-0.06347,-0.09452,-0.10852,-0.14062,-0.15030,-0.16861,-0.18858,-0.20747,-0.23116,-0.24014,-0.21346,-0.20335,-0.18172,-0.16529,-0.14868,-0.14286,-0.15268,-0.18158,-0.16737,-0.15494,-0.14838,-0.11394,-0.11662,-0.14292,-0.15714,-0.17772,-0.19641,-0.19963,-0.22878,-0.19921,-0.17220,-0.14906,-0.17077,-0.17139,-0.17050,-0.13075,-0.11157,-0.08027,-0.06239,-0.01828,-0.01150,-0.03509,-0.04165,-0.06607,-0.04980,-0.08845,-0.08400,-0.12689,-0.13682,-0.16339,-0.20309,-0.23018,-0.22286,-0.24980,-0.25433,-0.26835,-0.27767,-0.25710,-0.24522,-0.21957,-0.21395,-0.17079,-0.15320,-0.13267,-0.11263,-0.09910,-0.07665,-0.06964,-0.04134,-0.00496,-0.00860,-0.03462,-0.01312,0.01612,0.03574,0.03770,0.05612,0.08589,0.08466,0.12186,0.10480,0.12166,0.09614,0.08516,0.06930,0.01105,-0.02894,0.01135,0.09842,0.03353
-0.18783,-0.19254,-0.20266,-0.21088,-0.21609,-0.21517,-0.22115,-0.23716,-0.23897,-0.24195,-0.25178,-0.24564,-0.23733,-0.23119,-0.22376,-0.21227,-0.21076,-0.19770,-0.18041,-0.17701,-0.19470,-0.19812,-0.21117,-0.19904,-0.18793,-0.20012,-0.20350,-0.17985,-0.17700,-0.19156,-0.18235,-0.15676,-0.15445,-0.16878,-0.14989,-0.09760,0.00027,0.04099,-0.02902,-0.11678,-0.10133,-0.10708,-0.11823,-0.14983,-0.15004,-0.17028,-0.16864,-0.19200,-0.20545,-0.21916,-0.22832,-0.23819,-0.24730,-0.25584,-0.26224,-0.26900,-0.26541,-0.26132,-0.26829,-0.27292,-0.26588,-0.26547,-0.26819,-0.26079,-0.25276,-0.25593,-0.25571,-0.24465,-0.23533,-0.23809,-0.22806,-0.22445,-0.22254,-0.21743,-0.22578,-0.22440,-0.22939,-0.22216,-0.21618,-0.22337,-0.24101,-0.23977,-0.24237,-0.25286,-0.25383,-0.25216,-0.26000,-0.27872,-0.27247,-0.26397,-0.27608,-0.29045,-0.30486,-0.31389,-0.31208,-0.31552,-0.30322,-0.28058,-0.26549,-0.24043,-0.24854,-0.25180,-0.22698,-0.23946,-0.25788,-0.27371,-0.26691,-0.26468,-0.24777,-0.23400,-0.21301,-0.20021,-0.18810,-0.19355,-0.16962,-0.19392,-0.20527,-0.18675,-0.17860,-0.20312,-0.20442,-0.18382,-0.16158,-0.12958,-0.08785,-0.09234,-0.13253,-0.13904,-0.16094,-0.19072,-0.21104,-0.21892,-0.23042,-0.23023,-0.24152,-0.24083,-0.24799,-0.25148,-0.24362,-0.24628,-0.23946,-0.23017,-0.21948,-0.20387,-0.19375,-0.16938,-0.17792,-0.20333,-0.21425,-0.23330,-0.25579,-0.27648,-0.27148,-0.25796,-0.25631,-0.26233,-0.25685,-0.25067,-0.25493,-0.24680,-0.23405,-0.21771,-0.20115,-0.18061,-0.17032,-0.14540,-0.15209,-0.16712,-0.17270,-0.16441,-0.17865,-0.17169,-0.17545,-0.19020,-0.19917,-0.20940,-0.20712,-0.21217,-0.22353,-0.22451,-0.21590,-0.20905,-0.20050,-0.18767,-0.17306,-0.14948,-0.15014,-0.13974,-0.13287,-0.14673,-0.13042,-0.13395,-0.10948,-0.11638,-0.14229,-0.14668,-0.16504,-0.15085,-0.17712,-0.19140,-0.21183,-0.22954,-0.24780,-0.25884,-0.27202,-0.27744,-0.27611,-0.27662,-0.26572,-0.25457,-0.25271,-0.24530,-0.23773,-0.22994,-0.22404,-0.20984,-0.19563,-0.17157,-0.15507,-0.14221,-0.10855,-0.08538,-0.03523,-0.00473,0.07455,0.02429,0.09955
-0.27194,-0.26863,-0.26062,-0.26109,-0.26732,-0.25166,-0.23827,-0.25430,-0.25274,-0.22513,-0.22405,-0.20208,-0.19699,-0.19422,-0.18908,-0.18378,-0.15980,-0.15881,-0.13703,-0.12164,-0.12335,-0.09805,-0.10763,-0.10778,-0.07840,-0.05985,-0.07128,-0.05769,-0.01907,-0.01301,-0.01695,0.01711,0.05183,0.05556,0.06224,0.12409,0.16333,0.22471,0.19488,0.13927,0.09037,0.04764,0.02891,-0.02180,-0.06207,-0.09507,-0.13780,-0.15723,-0.14350,-0.16190,-0.15371,-0.15945,-0.16471,-0.17468,-0.18807,-0.17003,-0.14507,-0.13107,-0.13526,-0.12345,-0.09867,-0.09543,-0.07272,-0.05569,-0.06086,-0.04375,-0.02085,0.00544,0.01882,-0.01187,-0.00733,-0.02827,-0.01959,-0.03238,-0.05052,-0.06170,-0.09037,-0.12777,-0.16719,-0.19602,-0.16919,-0.17135,-0.20532,-0.18743,-0.16205,-0.18512,-0.20711,-0.19162,-0.15876,-0.11965,-0.11497,-0.08769,-0.09205,-0.10353,-0.07714,-0.07616,-0.04769,0.01823,0.04964,0.10604,0.09122,0.06149,0.10270,0.08082,0.04686,-0.00221,-0.01455,-0.03737,-0.00671,-0.00415,0.02680,0.03587,0.04455,0.00877,0.05292,0.04477,-0.00424,-0.00878,0.02736,-0.00943,-0.06585,-0.04910,-0.08058,-0.08487,-0.07666,-0.15399,-0.18442,-0.12936,-0.14079,-0.13048,-0.13171,-0.09981,-0.10036,-0.07816,-0.08256,-0.05985,-0.03752,-0.02487,0.01180,0.02078,0.05175,0.07049,0.10264,0.12824,0.15126,0.18217,0.18066,0.15100,0.14037,0.11505,0.07079,0.03579,0.03321,0.04821,0.06147,0.04883,0.04535,0.04898,0.02254,0.03571,0.06929,0.08947,0.12044,0.14682,0.14927,0.17409,0.14334,0.11102,0.08082,0.09431,0.08283,0.08031,0.05447,0.03902,0.01681,0.00293,-0.02630,-0.02962,-0.01480,-0.02284,0.00441,-0.00847,0.01823,0.01493,0.05616,0.08617,0.10504,0.13779,0.16711,0.16219,0.19228,0.20189,0.23199,0.23489,0.21032,0.20636,0.16661,0.16308,0.11838,0.10469,0.07893,0.04431,0.02293,-0.00583,-0.02202,-0.05796,-0.09103,-0.09444,-0.06064,-0.07295,-0.10023,-0.11271,-0.11463,-0.12370,-0.13446,-0.12551,-0.14316,-0.10303,-0.10450,-0.05911,-0.03125,0.00611,0.08258,0.06454,0.05018,-0.12338,-0.08521
-0.23814,-0.22961,-0.20505,-0.19334,-0.19426,-0.16770,-0.14051,-0.14789,-0.13962,-0.09130,-0.07856,-0.05136,-0.05281,-0.05915,-0.05965,-0.06431,-0.02582,-0.04246,-0.02778,-0.00309,0.01409,0.05998,0.05968,0.04342,0.07815,0.12365,0.10837,0.10378,0.16182,0.18711,0.17042,0.19224,0.25155,0.27089,0.25964,0.32228,0.30910,0.37625,0.37387,0.31605,0.23261,0.18073,0.16726,0.11965,0.05688,0.02925,-0.04221,-0.04767,-0.00740,-0.02119,0.00458,0.00736,0.00979,0.00310,-0.01114,0.02505,0.06140,0.07959,0.08066,0.10440,0.13600,0.13999,0.17817,0.19838,0.18361,0.21293,0.24718,0.27747,0.28891,0.24349,0.24075,0.20343,0.21583,0.18967,0.16711,0.14113,0.09585,0.02888,-0.03896,-0.07729,-0.01463,-0.01708,-0.06974,-0.02710,0.01727,-0.02122,-0.04714,-0.00548,0.04224,0.09717,0.11766,0.17381,0.17657,0.16446,0.21014,0.21055,0.24119,0.32543,0.36027,0.42163,0.40506,0.36692,0.41142,0.38869,0.35501,0.29264,0.26909,0.23068,0.26218,0.25206,0.28067,0.28137,0.28611,0.22907,0.27250,0.28157,0.21711,0.18780,0.23351,0.19848,0.10688,0.10824,0.03089,-0.01984,-0.05069,-0.17353,-0.17263,-0.07298,-0.06282,-0.01188,0.01190,0.07415,0.08786,0.12558,0.13658,0.17057,0.21298,0.23644,0.28623,0.30229,0.34363,0.36428,0.40543,0.42846,0.45307,0.47795,0.48321,0.46090,0.45044,0.42875,0.38097,0.34033,0.33335,0.34981,0.36461,0.35012,0.34469,0.34882,0.31413,0.32757,0.36632,0.38056,0.41282,0.43328,0.42652,0.44352,0.40274,0.36977,0.32800,0.34166,0.33886,0.32873,0.29014,0.27969,0.24999,0.23650,0.19390,0.19233,0.22421,0.21496,0.24765,0.22386,0.25992,0.23958,0.28662,0.30798,0.33816,0.38156,0.42275,0.43224,0.46420,0.48129,0.49922,0.51240,0.49296,0.48748,0.44687,0.42869,0.38428,0.37889,0.35819,0.32309,0.30735,0.27447,0.26209,0.21170,0.15850,0.15333,0.19508,0.16607,0.11976,0.09116,0.07860,0.05321,0.02753,0.02383,-0.02189,0.01657,-0.01009,0.04773,0.05848,0.09042,0.16287,0.11399,0.03595,-0.18854,-0.19581
0.09799,0.11170,0.14606,0.16968,0.17351,0.20534,0.24280,0.24468,0.25689,0.31478,0.33808,0.36573,0.35878,0.34310,0.33563,0.31684,0.35679,0.32175,0.32156,0.34161,0.37904,0.42929,0.44163,0.41414,0.43526,0.49564,0.48764,0.45610,0.50625,0.55188,0.52433,0.51404,0.57089,0.60151,0.56882,0.55521,0.42850,0.47947,0.57413,0.50816,0.43538,0.42982,0.44336,0.43686,0.37904,0.37384,0.29440,0.31216,0.37271,0.37121,0.41119,0.42415,0.43460,0.43361,0.42258,0.46711,0.50364,0.52076,0.52586,0.55144,0.57884,0.58318,0.61989,0.63478,0.61755,0.64483,0.67210,0.69032,0.69337,0.65832,0.64898,0.61353,0.62182,0.59168,0.58099,0.54940,0.51043,0.43208,0.34967,0.31524,0.40403,0.39798,0.33975,0.39700,0.44654,0.40074,0.37623,0.42827,0.47842,0.53527,0.56191,0.61851,0.62296,0.61317,0.65473,0.65687,0.68738,0.74613,0.76544,0.79327,0.78017,0.75910,0.77380,0.76526,0.75217,0.71358,0.69416,0.65982,0.67699,0.65915,0.66557,0.65815,0.63771,0.58882,0.60841,0.63549,0.59295,0.55223,0.59735,0.59583,0.49587,0.48521,0.36321,0.21587,0.15259,0.02680,0.07749,0.20639,0.25793,0.35204,0.39625,0.47181,0.49826,0.53773,0.56002,0.59536,0.63669,0.65914,0.69618,0.71041,0.73672,0.74502,0.76703,0.76957,0.77549,0.77003,0.76999,0.77825,0.78631,0.78807,0.76827,0.74847,0.74336,0.74902,0.75557,0.74935,0.74553,0.74633,0.72431,0.72914,0.74837,0.74764,0.75700,0.75357,0.73395,0.71422,0.68996,0.68663,0.65578,0.65548,0.67051,0.64966,0.62042,0.63622,0.62889,0.63779,0.60465,0.61112,0.64026,0.62958,0.64804,0.61478,0.62637,0.59794,0.61660,0.60983,0.63093,0.65180,0.67965,0.71083,0.71439,0.73342,0.72101,0.73212,0.74396,0.74186,0.73724,0.70599,0.70292,0.72390,0.72638,0.71402,0.71305,0.69398,0.68986,0.65101,0.60248,0.59764,0.63205,0.60253,0.55515,0.52070,0.50034,0.46407,0.42957,0.40874,0.34432,0.36252,0.30522,0.34505,0.30534,0.29620,0.30161,0.14348,-0.01883,-0.25465,-0.37828
-0.01107,0.00458,0.04591,0.07249,0.07447,0.11019,0.15508,0.15817,0.16992,0.23778,0.26559,0.29970,0.29250,0.27664,0.26998,0.25125,0.30155,0.26578,0.26944,0.29672,0.33907,0.40129,0.41143,0.37884,0.41143,0.48319,0.46800,0.43498,0.50434,0.55536,0.52044,0.52079,0.59082,0.63011,0.59543,0.60587,0.46123,0.53373,0.62083,0.57709,0.46002,0.43037,0.43760,0.41807,0.34116,0.32841,0.23176,0.24982,0.31984,0.31436,0.36122,0.37419,0.38408,0.38205,0.36847,0.42351,0.46860,0.49135,0.49767,0.53016,0.56568,0.57147,0.62010,0.63929,0.61577,0.65247,0.69044,0.71696,0.72218,0.67288,0.66141,0.61428,0.62595,0.58761,0.56933,0.53076,0.47851,0.38042,0.28186,0.23852,0.34289,0.33784,0.26856,0.33330,0.39445,0.34231,0.31264,0.37757,0.43801,0.50532,0.54131,0.61907,0.62837,0.61824,0.67079,0.67564,0.71358,0.79434,0.82334,0.86594,0.84666,0.81425,0.84136,0.82700,0.80442,0.74772,0.71844,0.67267,0.69713,0.67429,0.68757,0.67971,0.65816,0.59374,0.62082,0.65476,0.59345,0.54527,0.59961,0.58752,0.46567,0.45209,0.31288,0.16030,0.08886,-0.05680,-0.00724,0.13894,0.18845,0.29523,0.34599,0.43896,0.46940,0.51965,0.54367,0.58850,0.64342,0.67375,0.72533,0.74614,0.78649,0.80007,0.83259,0.84287,0.85838,0.86150,0.86673,0.86854,0.87459,0.87028,0.83903,0.81476,0.80423,0.81055,0.82816,0.81574,0.80416,0.80159,0.76472,0.77131,0.80227,0.80507,0.82420,0.82721,0.80388,0.79343,0.75445,0.73775,0.69569,0.70107,0.71569,0.69220,0.64868,0.65925,0.64189,0.64631,0.59569,0.60156,0.64236,0.63096,0.65950,0.61705,0.64204,0.60707,0.64592,0.64605,0.67926,0.71361,0.75289,0.78213,0.79674,0.82136,0.81722,0.83359,0.84409,0.84055,0.81810,0.78010,0.75985,0.77557,0.77272,0.75180,0.74829,0.71992,0.71488,0.66132,0.59625,0.59120,0.63545,0.59416,0.53398,0.49122,0.46913,0.42675,0.38416,0.36311,0.28662,0.31225,0.25110,0.30645,0.27036,0.27325,0.29664,0.14098,-0.07019,-0.33527,-0.45056
-0.02294,-0.00633,0.03433,0.06509,0.07288,0.10766,0.15036,0.16119,0.17724,0.24208,0.27274,0.30092,0.28835,0.26717,0.25478,0.22938,0.27718,0.23651,0.23264,0.25923,0.30737,0.37050,0.38514,0.34729,0.37454,0.45194,0.43771,0.39471,0.46321,0.52227,0.48206,0.47252,0.54637,0.59331,0.54936,0.55477,0.38727,0.46618,0.56024,0.52691,0.38942,0.36005,0.37239,0.36417,0.28785,0.28457,0.18908,0.21652,0.29264,0.29448,0.34663,0.36701,0.38286,0.38692,0.37804,0.43747,0.48017,0.50003,0.51198,0.54834,0.57921,0.58486,0.63736,0.65325,0.62433,0.66426,0.70318,0.72515,0.72551,0.67405,0.65620,0.60384,0.61466,0.57137,0.55657,0.51472,0.46548,0.36548,0.26522,0.23026,0.34060,0.33307,0.26864,0.33899,0.39768,0.34465,0.32112,0.39092,0.44783,0.51262,0.55808,0.64522,0.66062,0.65933,0.71858,0.72937,0.75929,0.83896,0.86204,0.90211,0.87662,0.83930,0.85922,0.84785,0.83353,0.77742,0.74133,0.68817,0.70374,0.67065,0.67511,0.66129,0.63120,0.56351,0.58327,0.62598,0.56847,0.51202,0.56594,0.56549,0.43965,0.42020,0.26790,0.10156,0.01603,-0.12238,-0.06018,0.08322,0.14315,0.26191,0.32096,0.41690,0.45478,0.50652,0.53812,0.58605,0.64752,0.68228,0.73434,0.75864,0.80073,0.81177,0.84781,0.85178,0.86743,0.86465,0.87540,0.88495,0.89845,0.90394,0.87260,0.85617,0.84177,0.84058,0.85800,0.84593,0.82993,0.82422,0.78523,0.78802,0.81628,0.81029,0.82623,0.82243,0.78925,0.77258,0.72667,0.71321,0.66812,0.67211,0.69431,0.66518,0.61772,0.63514,0.62059,0.63193,0.58083,0.59211,0.63786,0.62366,0.64810,0.59867,0.62088,0.57697,0.61313,0.60496,0.64170,0.67887,0.72334,0.76113,0.77770,0.80854,0.80313,0.82414,0.83768,0.83221,0.80626,0.75611,0.73842,0.76341,0.76892,0.75428,0.76054,0.73681,0.74009,0.68652,0.61780,0.61146,0.65077,0.60251,0.53813,0.48920,0.46080,0.41198,0.36611,0.33678,0.25494,0.27013,0.19931,0.24799,0.19754,0.19219,0.20391,0.04391,-0.17917,-0.41643,-0.53448
0.13609,0.15320,0.19406,0.22671,0.23538,0.26848,0.31091,0.32404,0.33861,0.40011,0.43074,0.45629,0.44329,0.42144,0.40770,0.38014,0.42347,0.38126,0.37175,0.39401,0.44362,0.49993,0.51793,0.48096,0.49924,0.57173,0.56181,0.51449,0.57086,0.62933,0.59108,0.56968,0.63304,0.67837,0.63153,0.60585,0.41745,0.47327,0.59591,0.56228,0.44697,0.44124,0.46341,0.47402,0.40917,0.41612,0.32858,0.36100,0.43590,0.44241,0.49300,0.51480,0.53162,0.53707,0.53012,0.58531,0.62329,0.63999,0.65208,0.68485,0.71029,0.71497,0.76030,0.77218,0.74602,0.77973,0.81110,0.82526,0.82227,0.78223,0.76401,0.71905,0.72682,0.68799,0.67924,0.64116,0.60021,0.50857,0.41474,0.38466,0.49130,0.48407,0.42505,0.49228,0.54612,0.49732,0.47684,0.54202,0.59290,0.65026,0.69248,0.76884,0.78345,0.78319,0.83232,0.84058,0.86577,0.92516,0.93886,0.96081,0.94205,0.91665,0.92096,0.91715,0.91355,0.87517,0.84537,0.80081,0.80852,0.77643,0.77155,0.75567,0.72131,0.66618,0.67453,0.71767,0.67685,0.62271,0.66803,0.68037,0.56790,0.54515,0.39562,0.21263,0.12162,-0.00308,0.07504,0.21357,0.28237,0.40284,0.46330,0.55182,0.58943,0.63547,0.66734,0.70951,0.76301,0.79296,0.83287,0.85246,0.88212,0.88694,0.91054,0.90506,0.90998,0.89348,0.90115,0.92250,0.94079,0.95445,0.93919,0.93241,0.92158,0.91743,0.92618,0.91992,0.90808,0.90313,0.87628,0.87576,0.89218,0.88032,0.88424,0.87031,0.83584,0.80530,0.77410,0.77588,0.74259,0.73990,0.76599,0.73695,0.70128,0.72622,0.72110,0.73822,0.69674,0.70979,0.75054,0.73735,0.75316,0.70746,0.71893,0.67631,0.69663,0.67747,0.70498,0.72629,0.75740,0.79971,0.80089,0.82774,0.80655,0.82455,0.85111,0.84773,0.84214,0.79412,0.79769,0.83063,0.84565,0.84255,0.85417,0.83918,0.84525,0.80308,0.74535,0.73979,0.77110,0.72843,0.67189,0.62677,0.59876,0.55198,0.50900,0.47696,0.39815,0.40456,0.32981,0.36535,0.30032,0.27710,0.25732,0.07140,-0.15653,-0.36338,-0.51988
-0.04211,-0.02551,0.01735,0.05047,0.05730,0.09159,0.13761,0.15044,0.16418,0.23100,0.26444,0.29391,0.28202,0.26058,0.24875,0.22331,0.27497,0.23512,0.23132,0.26126,0.31120,0.37702,0.39017,0.35016,0.38027,0.46020,0.44196,0.39759,0.47167,0.53117,0.48693,0.47966,0.55637,0.60520,0.55992,0.57730,0.40713,0.49252,0.57667,0.53898,0.38835,0.35695,0.37078,0.36162,0.28328,0.28084,0.18136,0.20986,0.28852,0.28970,0.34366,0.36343,0.37971,0.38283,0.37385,0.43521,0.47946,0.50045,0.51270,0.55019,0.58242,0.58860,0.64340,0.65990,0.62955,0.67093,0.71207,0.73530,0.73584,0.68182,0.66339,0.60907,0.62016,0.57484,0.55702,0.51101,0.45778,0.35338,0.25115,0.21418,0.32814,0.32324,0.25717,0.32791,0.39007,0.33816,0.31369,0.38467,0.44327,0.50884,0.55636,0.64791,0.66443,0.66245,0.72377,0.73298,0.76423,0.84697,0.87374,0.91417,0.88777,0.85049,0.87378,0.86267,0.84662,0.78720,0.74986,0.69489,0.71169,0.67755,0.68339,0.66910,0.63898,0.56773,0.58648,0.63036,0.56996,0.51066,0.56278,0.55959,0.43007,0.40697,0.25198,0.07985,-0.00743,-0.14347,-0.07413,0.06911,0.12988,0.25160,0.31363,0.41385,0.45252,0.50845,0.54147,0.59060,0.65443,0.69091,0.74540,0.77067,0.81548,0.82703,0.86386,0.86908,0.88632,0.88470,0.89781,0.90577,0.91876,0.92215,0.88993,0.87285,0.85824,0.85790,0.87874,0.86512,0.84690,0.84045,0.79807,0.80064,0.83050,0.82459,0.84188,0.83932,0.80537,0.79145,0.74306,0.72810,0.68197,0.68828,0.71082,0.68200,0.63104,0.64628,0.62846,0.63763,0.58082,0.59229,0.64144,0.62780,0.65444,0.60320,0.63002,0.58536,0.62606,0.61782,0.65699,0.69695,0.74275,0.77965,0.79836,0.82908,0.82345,0.84525,0.85904,0.85237,0.82400,0.77326,0.75244,0.77620,0.78082,0.76545,0.77153,0.74619,0.74939,0.69378,0.62245,0.61668,0.65749,0.60666,0.53998,0.48889,0.46082,0.41057,0.36220,0.33268,0.24763,0.26368,0.19049,0.23960,0.18856,0.18203,0.19608,0.04175,-0.18407,-0.41547,-0.53035
-0.10844,-0.09288,-0.04610,-0.01422,-0.01306,0.02222,0.07276,0.08279,0.09287,0.16505,0.20020,0.23423,0.22631,0.20818,0.20113,0.18220,0.24219,0.20986,0.21195,0.25012,0.29695,0.36698,0.37256,0.33217,0.37237,0.45153,0.42577,0.38786,0.47120,0.52470,0.47785,0.48327,0.56241,0.60953,0.56924,0.62715,0.48774,0.58464,0.62678,0.57487,0.40955,0.36462,0.37373,0.35114,0.26839,0.25816,0.15206,0.17583,0.25319,0.24660,0.29975,0.31357,0.32679,0.32506,0.31265,0.37431,0.42236,0.44663,0.45581,0.49359,0.53050,0.53732,0.59398,0.61348,0.58362,0.62640,0.67191,0.70122,0.70573,0.64694,0.63163,0.57614,0.58981,0.54445,0.51737,0.46537,0.40243,0.29225,0.18951,0.14432,0.25801,0.26036,0.18929,0.25581,0.32618,0.27819,0.24875,0.31996,0.38397,0.45080,0.49732,0.59300,0.60854,0.59867,0.65847,0.66094,0.69920,0.78914,0.82833,0.87612,0.85305,0.81587,0.85238,0.83697,0.81243,0.74554,0.70747,0.65219,0.67647,0.64615,0.66205,0.65034,0.62865,0.55177,0.57318,0.61316,0.54464,0.48576,0.53257,0.51338,0.38145,0.35604,0.20819,0.04543,-0.03406,-0.17081,-0.10410,0.04077,0.09210,0.20797,0.26935,0.37449,0.41032,0.47166,0.50119,0.55045,0.61573,0.65250,0.71277,0.73860,0.78932,0.80515,0.84330,0.85552,0.87869,0.88641,0.90203,0.90053,0.90509,0.89612,0.85875,0.83115,0.81803,0.82642,0.85360,0.83476,0.81648,0.81164,0.76278,0.76883,0.80524,0.80575,0.83064,0.83531,0.80705,0.80505,0.75328,0.73139,0.68472,0.69771,0.71431,0.69068,0.63418,0.63809,0.60923,0.60695,0.54020,0.54772,0.60001,0.59005,0.62460,0.57548,0.61635,0.57495,0.62985,0.62935,0.67141,0.71783,0.76436,0.79255,0.81650,0.84392,0.84030,0.86377,0.87371,0.86701,0.83079,0.78596,0.75345,0.76661,0.76329,0.73941,0.73888,0.70763,0.70564,0.64451,0.56964,0.56453,0.61053,0.55930,0.49140,0.44069,0.41754,0.36909,0.31828,0.29490,0.20897,0.23391,0.16528,0.22201,0.18546,0.18981,0.22567,0.11190,-0.11172,-0.36927,-0.45306
0.04604,0.06203,0.10963,0.14123,0.14193,0.17746,0.22812,0.23687,0.24605,0.31740,0.35091,0.38484,0.37746,0.36041,0.35319,0.33378,0.38993,0.35670,0.35660,0.39011,0.43670,0.50131,0.50914,0.47131,0.50486,0.57882,0.55821,0.51968,0.59165,0.64339,0.60137,0.59885,0.66754,0.71112,0.67117,0.69353,0.53724,0.60643,0.68426,0.63770,0.49856,0.47474,0.48989,0.48057,0.40605,0.40111,0.30117,0.32607,0.40124,0.39659,0.44742,0.46103,0.47317,0.47120,0.45850,0.51596,0.56123,0.58384,0.59139,0.62539,0.65941,0.66540,0.71488,0.73223,0.70647,0.74330,0.78216,0.80608,0.80910,0.76061,0.74684,0.69883,0.71041,0.67054,0.64880,0.60271,0.54637,0.44354,0.34470,0.30082,0.41064,0.41238,0.34298,0.40706,0.47418,0.42756,0.39859,0.46608,0.52696,0.58937,0.62992,0.71371,0.72523,0.71331,0.76257,0.76282,0.79979,0.87393,0.90518,0.93920,0.92376,0.89868,0.92251,0.91221,0.89465,0.84211,0.81204,0.76629,0.78657,0.75980,0.76990,0.75806,0.73384,0.66958,0.68477,0.72319,0.66789,0.61389,0.65567,0.64484,0.52473,0.49966,0.35537,0.18148,0.09927,-0.03419,0.04108,0.18721,0.24325,0.35920,0.41891,0.51766,0.55162,0.60657,0.63338,0.67755,0.73447,0.76581,0.81566,0.83667,0.87571,0.88706,0.91447,0.92000,0.93306,0.92989,0.93991,0.94726,0.95435,0.95057,0.92733,0.90691,0.89795,0.90458,0.92221,0.90934,0.89681,0.89331,0.85626,0.86087,0.88808,0.88599,0.90137,0.89894,0.87200,0.85821,0.82133,0.81167,0.77507,0.78146,0.79940,0.77617,0.73152,0.74159,0.72131,0.72368,0.66710,0.67390,0.71966,0.71155,0.73954,0.69502,0.72549,0.68756,0.72844,0.72115,0.75438,0.78598,0.81988,0.85068,0.85996,0.88239,0.86496,0.88443,0.90575,0.90182,0.88510,0.84462,0.83102,0.84937,0.85211,0.83616,0.83745,0.81217,0.81001,0.75825,0.69334,0.68880,0.73003,0.68562,0.62517,0.57933,0.55762,0.51258,0.46519,0.44186,0.35944,0.38013,0.31080,0.35963,0.31326,0.30538,0.31484,0.16625,-0.06160,-0.30658,-0.43102
0.08932,0.10490,0.15550,0.18421,0.17961,0.21681,0.27079,0.27392,0.27913,0.35434,0.38598,0.42526,0.42217,0.40967,0.40727,0.39406,0.45363,0.42529,0.43050,0.46580,0.50762,0.57153,0.57548,0.54156,0.57953,0.64789,0.62598,0.59542,0.66787,0.71245,0.67499,0.67903,0.74422,0.78128,0.74797,0.77201,0.63561,0.68894,0.76384,0.71389,0.59403,0.57062,0.58292,0.56612,0.49108,0.47921,0.37817,0.39632,0.46645,0.45510,0.50148,0.50909,0.51633,0.50921,0.49221,0.54622,0.59372,0.61815,0.62081,0.65190,0.68932,0.69516,0.74102,0.76074,0.73951,0.77321,0.81101,0.83792,0.84476,0.79934,0.79105,0.74794,0.76044,0.72524,0.69970,0.65653,0.59681,0.49467,0.39770,0.34578,0.45157,0.45686,0.38269,0.44230,0.51288,0.46807,0.43354,0.49737,0.56222,0.62522,0.65734,0.73367,0.74056,0.71892,0.76094,0.75389,0.79805,0.87061,0.90649,0.94029,0.93487,0.91487,0.94349,0.93132,0.90836,0.85682,0.83264,0.79464,0.82178,0.80357,0.82062,0.81297,0.79800,0.73752,0.75561,0.78740,0.73071,0.68202,0.72069,0.69948,0.58484,0.56263,0.43124,0.26928,0.19450,0.05478,0.12551,0.27372,0.32050,0.42734,0.48170,0.57789,0.60575,0.65955,0.67998,0.72038,0.77193,0.79911,0.84733,0.86444,0.90040,0.91349,0.93624,0.94544,0.95715,0.95709,0.96273,0.96555,0.96451,0.95252,0.93290,0.90505,0.90014,0.91399,0.92913,0.91633,0.90947,0.90989,0.87688,0.88504,0.91313,0.91766,0.93446,0.93604,0.91786,0.90808,0.87979,0.86933,0.83751,0.84452,0.85619,0.83855,0.79910,0.80285,0.77916,0.77356,0.71645,0.71804,0.76123,0.75653,0.78798,0.75148,0.78602,0.75448,0.79654,0.79454,0.82413,0.85175,0.87833,0.90189,0.90689,0.92271,0.90168,0.91792,0.93933,0.93728,0.92755,0.89839,0.88599,0.89667,0.89332,0.87286,0.86653,0.83791,0.82899,0.77808,0.71694,0.71347,0.75785,0.71944,0.66327,0.62266,0.60627,0.56700,0.52203,0.50585,0.42770,0.45635,0.39427,0.44853,0.41284,0.40955,0.42417,0.28064,0.06195,-0.20243,-0.32994
0.17013,0.18616,0.23433,0.26325,0.26170,0.29783,0.34788,0.35334,0.36111,0.43140,0.46148,0.49588,0.48984,0.47557,0.47026,0.45405,0.50717,0.47625,0.47639,0.50646,0.54891,0.60718,0.61543,0.58236,0.61189,0.67704,0.66068,0.62621,0.68814,0.73404,0.69918,0.69320,0.75204,0.78970,0.75269,0.75239,0.60157,0.64217,0.73941,0.69766,0.59192,0.57965,0.59658,0.59286,0.52502,0.52060,0.42735,0.44990,0.51901,0.51304,0.55857,0.56972,0.57891,0.57551,0.56133,0.61303,0.65592,0.67664,0.68142,0.71126,0.74308,0.74808,0.79036,0.80643,0.78549,0.81625,0.84903,0.86962,0.87283,0.83406,0.82365,0.78368,0.79418,0.76096,0.74195,0.70350,0.65252,0.55775,0.46527,0.42060,0.52307,0.52564,0.45763,0.51712,0.58080,0.53725,0.50722,0.56951,0.62821,0.68594,0.71899,0.79021,0.79921,0.78285,0.82021,0.81571,0.85345,0.91321,0.93936,0.96431,0.96019,0.94207,0.95798,0.95025,0.93662,0.89644,0.87354,0.83807,0.85707,0.83603,0.84426,0.83388,0.81449,0.76189,0.77325,0.80670,0.76162,0.71360,0.74911,0.74097,0.63447,0.61156,0.48016,0.31236,0.23199,0.10056,0.17567,0.31998,0.37349,0.48146,0.53713,0.62665,0.65597,0.70411,0.72582,0.76375,0.81203,0.83728,0.87805,0.89323,0.92187,0.93074,0.94869,0.95019,0.95592,0.94638,0.95109,0.96350,0.96780,0.96543,0.95329,0.93327,0.92847,0.93780,0.94572,0.93679,0.93188,0.93225,0.90696,0.91235,0.93264,0.93082,0.94001,0.93334,0.91129,0.89062,0.86897,0.86770,0.84123,0.84282,0.85845,0.83907,0.80669,0.81784,0.80222,0.80335,0.75470,0.75992,0.80013,0.79359,0.81774,0.78153,0.80683,0.77322,0.80369,0.79372,0.81819,0.83674,0.85792,0.88727,0.88426,0.90093,0.87263,0.88814,0.91670,0.91602,0.91586,0.88367,0.88444,0.90310,0.90832,0.89609,0.89621,0.87474,0.87041,0.82640,0.77149,0.76749,0.80489,0.76826,0.71602,0.67699,0.65837,0.61925,0.57706,0.55704,0.48154,0.50146,0.43709,0.48256,0.43637,0.42329,0.41907,0.26008,0.03840,-0.20791,-0.35767
0.29893,0.31543,0.35899,0.38926,0.39301,0.42596,0.47003,0.47998,0.49043,0.55209,0.58085,0.60770,0.59822,0.58081,0.57057,0.54820,0.59075,0.55467,0.54601,0.56770,0.61286,0.66232,0.67722,0.64450,0.65990,0.72164,0.71329,0.67083,0.71613,0.76550,0.73267,0.70971,0.75790,0.79623,0.75391,0.71305,0.53069,0.55564,0.68911,0.65471,0.56657,0.57895,0.60609,0.62618,0.57203,0.58156,0.50135,0.53167,0.60025,0.60402,0.64910,0.66586,0.67864,0.68052,0.67156,0.71932,0.75448,0.77005,0.77794,0.80486,0.82796,0.83177,0.86721,0.87735,0.85737,0.88289,0.90694,0.91683,0.91405,0.88638,0.87250,0.83825,0.84483,0.81457,0.80656,0.77342,0.73635,0.65380,0.56920,0.53697,0.63426,0.63244,0.57527,0.63336,0.68599,0.64519,0.62327,0.68106,0.72908,0.77784,0.81144,0.87310,0.88234,0.87439,0.90604,0.90562,0.93206,0.97140,0.98253,0.98980,0.98519,0.97593,0.97126,0.97203,0.97334,0.95159,0.93223,0.90174,0.90772,0.88317,0.87675,0.86219,0.83182,0.79217,0.79215,0.82910,0.80336,0.75708,0.78751,0.80008,0.70719,0.68229,0.54909,0.36580,0.27794,0.16371,0.25033,0.38571,0.45225,0.56412,0.62141,0.70104,0.73304,0.77281,0.79735,0.83107,0.87300,0.89503,0.92296,0.93540,0.95216,0.95342,0.96226,0.95192,0.94709,0.92209,0.92466,0.95181,0.96692,0.97940,0.98082,0.97670,0.97262,0.97291,0.97247,0.97027,0.96634,0.96485,0.95074,0.95050,0.95758,0.94587,0.94165,0.92253,0.89409,0.85642,0.84465,0.85894,0.84096,0.83424,0.85750,0.83420,0.81192,0.83623,0.83475,0.84894,0.81465,0.82433,0.85826,0.85034,0.86188,0.82545,0.83352,0.79816,0.80902,0.78573,0.80225,0.80685,0.81942,0.85780,0.84217,0.85930,0.81985,0.83320,0.87337,0.87394,0.88967,0.85281,0.87456,0.90646,0.92501,0.92756,0.93793,0.92817,0.93117,0.89962,0.85545,0.85117,0.87729,0.84430,0.79886,0.76218,0.74044,0.70118,0.66276,0.63576,0.56382,0.56907,0.49877,0.52708,0.46065,0.42838,0.38856,0.19680,-0.03013,-0.23095,-0.41427
0.36746,0.38340,0.42878,0.45626,0.45527,0.48864,0.53494,0.53968,0.54582,0.60929,0.63585,0.66665,0.66138,0.64843,0.64227,0.62523,0.66879,0.63700,0.63239,0.65385,0.69458,0.74120,0.75288,0.72465,0.74168,0.79678,0.78861,0.75318,0.79533,0.83767,0.81006,0.79121,0.83241,0.86389,0.82825,0.78014,0.60952,0.61583,0.75505,0.72040,0.65430,0.67293,0.69898,0.71625,0.66502,0.67030,0.59222,0.61664,0.67940,0.67817,0.71817,0.72942,0.73761,0.73507,0.72286,0.76557,0.80107,0.81778,0.82103,0.84386,0.86881,0.87226,0.90218,0.91360,0.89892,0.91973,0.94058,0.95136,0.95150,0.92961,0.92080,0.89320,0.89969,0.87526,0.86578,0.83661,0.79909,0.72088,0.64036,0.60260,0.69357,0.69430,0.63484,0.68730,0.74111,0.70288,0.67688,0.72943,0.77863,0.82592,0.85046,0.90152,0.90525,0.88919,0.91182,0.90515,0.93645,0.96979,0.98258,0.98540,0.99020,0.98933,0.98547,0.98634,0.98482,0.96806,0.95640,0.93546,0.94598,0.92995,0.92789,0.91725,0.89351,0.86116,0.86210,0.89233,0.86928,0.83000,0.85652,0.86266,0.77871,0.75703,0.63718,0.46231,0.38221,0.26599,0.34981,0.48483,0.54422,0.64689,0.69788,0.77270,0.79860,0.83527,0.85342,0.88222,0.91652,0.93331,0.95654,0.96455,0.97558,0.97683,0.97863,0.96988,0.96133,0.93658,0.93376,0.95876,0.96809,0.97480,0.98301,0.97589,0.97640,0.98160,0.97758,0.97689,0.97871,0.98032,0.97230,0.97436,0.97962,0.97299,0.96738,0.95036,0.93005,0.89349,0.89244,0.90898,0.89783,0.89009,0.90839,0.88992,0.87499,0.89536,0.89369,0.90297,0.87169,0.87701,0.90619,0.90147,0.91380,0.88520,0.89314,0.86528,0.87343,0.85323,0.86413,0.86146,0.86480,0.89689,0.87425,0.88413,0.83963,0.84864,0.89124,0.89404,0.92022,0.89451,0.92132,0.94748,0.96220,0.96335,0.96764,0.95691,0.95408,0.92633,0.88869,0.88574,0.91297,0.88737,0.84830,0.81772,0.80139,0.76841,0.73344,0.71291,0.64651,0.65724,0.59376,0.62349,0.56408,0.53261,0.49091,0.29528,0.07670,-0.12945,-0.32368
0.47948,0.49431,0.53785,0.56072,0.55668,0.58850,0.63189,0.63220,0.63581,0.69495,0.71616,0.74626,0.74334,0.73508,0.73149,0.71958,0.75756,0.73092,0.72807,0.74456,0.77781,0.81466,0.82568,0.80482,0.81702,0.85929,0.85594,0.82821,0.85693,0.88973,0.87225,0.85229,0.87908,0.90266,0.87409,0.80441,0.64721,0.62173,0.77563,0.75341,0.72419,0.75343,0.77845,0.79977,0.75875,0.76352,0.69678,0.71636,0.76856,0.76525,0.79691,0.80405,0.80795,0.80350,0.79008,0.82381,0.85485,0.86905,0.86879,0.88573,0.90742,0.90968,0.92990,0.93950,0.93117,0.94400,0.95742,0.96440,0.96485,0.95468,0.95029,0.93323,0.93828,0.92298,0.91701,0.89822,0.86832,0.80406,0.73483,0.69728,0.77431,0.77580,0.72095,0.76423,0.81176,0.77907,0.75307,0.79740,0.84139,0.88094,0.89550,0.93022,0.93046,0.91009,0.91764,0.90664,0.93759,0.95413,0.96077,0.95424,0.97023,0.97838,0.96648,0.96972,0.97166,0.96909,0.96621,0.95769,0.96688,0.95834,0.95502,0.94664,0.92909,0.91237,0.90965,0.93273,0.92181,0.89275,0.91133,0.91884,0.85502,0.83767,0.73913,0.58166,0.50909,0.40119,0.47922,0.60464,0.65644,0.74399,0.78650,0.84714,0.86596,0.89275,0.90322,0.92376,0.94665,0.95566,0.96782,0.96947,0.96897,0.96758,0.95853,0.94648,0.93076,0.90076,0.89284,0.92147,0.92752,0.93418,0.95388,0.94877,0.95409,0.96152,0.94878,0.95230,0.96102,0.96584,0.96985,0.97263,0.97063,0.96512,0.95357,0.93361,0.92015,0.87917,0.89433,0.91849,0.91900,0.90661,0.92066,0.90734,0.90675,0.92639,0.92930,0.93643,0.91511,0.91805,0.93937,0.93719,0.94510,0.92674,0.92908,0.90864,0.90638,0.88536,0.88625,0.86933,0.85867,0.88631,0.85173,0.85401,0.80062,0.80425,0.85303,0.85942,0.90145,0.88685,0.92699,0.95119,0.96728,0.97223,0.97452,0.96798,0.96237,0.94439,0.91958,0.91748,0.93957,0.92403,0.89633,0.87478,0.86358,0.83953,0.81238,0.79762,0.74286,0.75324,0.69973,0.72469,0.66919,0.63542,0.58116,0.38529,0.18013,-0.01116,-0.22280
0.57455,0.58946,0.62522,0.64879,0.65207,0.67906,0.71272,0.71912,0.72712,0.77361,0.79252,0.81175,0.80355,0.79115,0.78122,0.76238,0.78672,0.75553,0.74217,0.74857,0.78362,0.80975,0.82810,0.80792,0.80407,0.84149,0.84745,0.81116,0.82059,0.85686,0.84197,0.80383,0.81931,0.84471,0.80972,0.70265,0.51901,0.48224,0.66577,0.65630,0.64187,0.69118,0.72512,0.77078,0.74542,0.76545,0.71566,0.74427,0.79440,0.80282,0.83341,0.84798,0.85685,0.85991,0.85365,0.88289,0.90391,0.91116,0.91580,0.93034,0.94070,0.94157,0.95541,0.95745,0.94871,0.95691,0.96141,0.95628,0.94930,0.94971,0.94010,0.92782,0.92858,0.91572,0.92265,0.91035,0.89751,0.84850,0.78984,0.76928,0.83836,0.83423,0.79457,0.83577,0.86872,0.83996,0.82470,0.86420,0.89436,0.92254,0.94040,0.96698,0.97096,0.96312,0.96572,0.96159,0.97750,0.97234,0.96159,0.93871,0.95233,0.96476,0.93056,0.94223,0.96121,0.97790,0.97567,0.96928,0.96194,0.94689,0.92633,0.91231,0.88284,0.87941,0.86409,0.89142,0.90159,0.87384,0.88686,0.91886,0.87065,0.85170,0.75273,0.58626,0.50580,0.42186,0.50748,0.61769,0.68263,0.77198,0.81592,0.86369,0.88621,0.90281,0.91725,0.93383,0.95140,0.95816,0.95754,0.95752,0.94607,0.93682,0.92092,0.89586,0.87102,0.82556,0.81783,0.86234,0.88125,0.90553,0.93621,0.94801,0.95220,0.94846,0.92771,0.93792,0.94596,0.94795,0.96208,0.95835,0.94278,0.92501,0.90036,0.86668,0.84387,0.78551,0.80730,0.84619,0.85438,0.83380,0.85654,0.83869,0.84742,0.88113,0.89901,0.92078,0.91464,0.92445,0.94017,0.93487,0.92867,0.90840,0.89279,0.86849,0.84677,0.81154,0.80508,0.77553,0.75866,0.79672,0.75196,0.75717,0.69485,0.69878,0.75794,0.76564,0.81857,0.79577,0.85542,0.89481,0.92624,0.94673,0.96229,0.96926,0.97396,0.96885,0.95463,0.95153,0.95978,0.94611,0.92523,0.90552,0.88987,0.86528,0.84294,0.81969,0.77036,0.76255,0.70416,0.70989,0.63467,0.58315,0.49580,0.27938,0.07345,-0.06686,-0.30021
0.59969,0.61412,0.64952,0.67407,0.67788,0.70385,0.73721,0.74474,0.75245,0.79737,0.81675,0.83480,0.82671,0.81342,0.80304,0.78298,0.80595,0.77394,0.75863,0.76444,0.80047,0.82521,0.84411,0.82338,0.81745,0.85424,0.86068,0.82253,0.82946,0.86591,0.85018,0.80891,0.82254,0.84715,0.81090,0.70051,0.51438,0.47652,0.66028,0.64217,0.63132,0.68815,0.72599,0.77700,0.75538,0.77870,0.73144,0.76175,0.81215,0.82233,0.85303,0.86814,0.87787,0.88127,0.87601,0.90402,0.92343,0.92992,0.93490,0.94825,0.95700,0.95773,0.96972,0.97068,0.96280,0.96957,0.97188,0.96481,0.95701,0.95989,0.95006,0.93942,0.93910,0.92665,0.93448,0.92138,0.91029,0.86333,0.80716,0.78865,0.85682,0.85335,0.81588,0.85623,0.88792,0.86085,0.84697,0.88433,0.91249,0.93858,0.95574,0.97919,0.98155,0.97449,0.97578,0.97080,0.98453,0.97491,0.96241,0.93453,0.94808,0.96449,0.92761,0.94174,0.96323,0.98382,0.98367,0.97926,0.96980,0.95515,0.93250,0.91825,0.88705,0.88530,0.86653,0.89373,0.90804,0.88007,0.89000,0.92548,0.88022,0.85956,0.76103,0.58931,0.50816,0.42953,0.52069,0.62827,0.69671,0.78690,0.83136,0.87773,0.90090,0.91711,0.93266,0.94779,0.96312,0.96884,0.96536,0.96448,0.95028,0.93938,0.92091,0.89375,0.86639,0.81810,0.80915,0.85539,0.87593,0.90192,0.93594,0.94988,0.95540,0.95108,0.92862,0.94015,0.94952,0.95163,0.96837,0.96360,0.94512,0.92600,0.89823,0.86264,0.83940,0.77839,0.80296,0.84571,0.85636,0.83497,0.85911,0.84124,0.85161,0.88706,0.90741,0.93124,0.92823,0.93820,0.95185,0.94688,0.93828,0.91872,0.90008,0.87612,0.85042,0.81232,0.80385,0.77194,0.75281,0.79208,0.74495,0.74906,0.68292,0.68670,0.74723,0.75401,0.81129,0.78889,0.85274,0.89437,0.92774,0.95120,0.96796,0.97740,0.98290,0.98101,0.96949,0.96686,0.97290,0.96088,0.94194,0.92298,0.90735,0.88262,0.86041,0.83589,0.78688,0.77625,0.71582,0.71690,0.63785,0.58073,0.48654,0.26659,0.06615,-0.06398,-0.29798
0.66855,0.68136,0.71701,0.73772,0.73697,0.76197,0.79509,0.79750,0.80107,0.84478,0.86035,0.88044,0.87619,0.86827,0.86220,0.84857,0.87002,0.84446,0.83342,0.83774,0.86669,0.88545,0.90102,0.88655,0.88077,0.90696,0.91448,0.88554,0.88556,0.91205,0.90385,0.86684,0.87017,0.88689,0.85878,0.74105,0.57482,0.51350,0.69953,0.68763,0.70229,0.76437,0.79983,0.84873,0.83289,0.85230,0.81134,0.83528,0.87663,0.88196,0.90542,0.91474,0.91934,0.91882,0.91090,0.93165,0.94936,0.95555,0.95612,0.96435,0.97301,0.97309,0.97790,0.97901,0.97693,0.97762,0.97539,0.96792,0.96232,0.97310,0.96849,0.96613,0.96540,0.96039,0.96751,0.96107,0.95215,0.91423,0.86650,0.84439,0.90148,0.90072,0.86416,0.89576,0.92561,0.90367,0.88726,0.91743,0.94405,0.96521,0.97265,0.98322,0.98034,0.96588,0.95505,0.94410,0.96095,0.94153,0.92893,0.89563,0.91923,0.94457,0.90706,0.92168,0.94168,0.96996,0.97818,0.98486,0.97827,0.97214,0.95293,0.94235,0.91928,0.92805,0.90855,0.92747,0.94783,0.92920,0.93206,0.96175,0.93143,0.91444,0.83578,0.68193,0.61007,0.53547,0.62088,0.72205,0.78054,0.85645,0.89255,0.92954,0.94541,0.95585,0.96382,0.97224,0.97831,0.97774,0.96736,0.96122,0.93960,0.92819,0.90176,0.87536,0.84379,0.79515,0.78154,0.82604,0.84030,0.86121,0.90304,0.91503,0.92506,0.92568,0.89774,0.91132,0.92709,0.93268,0.95733,0.95459,0.93293,0.91802,0.88824,0.85404,0.83928,0.77972,0.81694,0.86270,0.88207,0.85927,0.87766,0.86558,0.88547,0.91642,0.93667,0.95444,0.95597,0.96153,0.96999,0.96870,0.95988,0.94985,0.93102,0.91503,0.88558,0.85053,0.83514,0.79436,0.76441,0.79645,0.74183,0.73795,0.66568,0.66451,0.72781,0.73670,0.80514,0.79509,0.86507,0.90067,0.93101,0.95418,0.96575,0.97567,0.97609,0.98028,0.97803,0.97654,0.98124,0.97773,0.96748,0.95627,0.94673,0.93029,0.91364,0.89657,0.85666,0.84996,0.79973,0.80049,0.73001,0.67467,0.57760,0.36484,0.17855,0.05245,-0.18699
0.76692,0.77852,0.80643,0.82335,0.82471,0.84471,0.86856,0.87118,0.87504,0.90637,0.91619,0.92865,0.92339,0.91687,0.90869,0.89522,0.90414,0.88094,0.86595,0.86114,0.88415,0.88905,0.90685,0.89904,0.88106,0.89453,0.91015,0.88308,0.86288,0.88363,0.88411,0.83824,0.82463,0.83672,0.81128,0.66370,0.49748,0.41310,0.61865,0.62585,0.66916,0.74637,0.78407,0.84718,0.84803,0.87487,0.85316,0.87795,0.90874,0.91904,0.93512,0.94568,0.94993,0.95255,0.94828,0.95967,0.96796,0.96822,0.96920,0.97184,0.97130,0.96973,0.96424,0.95970,0.96145,0.95428,0.94214,0.92545,0.91593,0.94005,0.93541,0.94292,0.93890,0.94165,0.95852,0.96290,0.96969,0.95197,0.92003,0.90939,0.94945,0.94584,0.92305,0.94528,0.96075,0.94604,0.93657,0.95697,0.97074,0.97887,0.98187,0.97689,0.97407,0.96451,0.94148,0.93239,0.93924,0.89707,0.87128,0.82426,0.85377,0.88613,0.83157,0.85165,0.88317,0.93034,0.94419,0.95970,0.94285,0.93780,0.90854,0.89629,0.87108,0.89803,0.87007,0.88566,0.92552,0.91598,0.91014,0.95348,0.94781,0.93408,0.87221,0.73120,0.66354,0.61231,0.69300,0.77520,0.83335,0.89651,0.92583,0.94416,0.95654,0.95383,0.95822,0.95879,0.95410,0.94720,0.92265,0.91169,0.87731,0.86021,0.82403,0.78912,0.74924,0.69037,0.67429,0.72878,0.74779,0.77798,0.83152,0.85450,0.86647,0.86173,0.82496,0.84453,0.86341,0.86886,0.90584,0.89981,0.86659,0.84571,0.80599,0.76336,0.74817,0.67806,0.72766,0.78471,0.81535,0.78595,0.80611,0.79518,0.82844,0.86577,0.89659,0.92099,0.93722,0.94554,0.94561,0.94390,0.92444,0.91967,0.88766,0.87502,0.82950,0.78757,0.76215,0.70638,0.66471,0.69816,0.63214,0.62549,0.54585,0.54124,0.61301,0.62503,0.70649,0.69923,0.78559,0.82704,0.86608,0.89962,0.91743,0.93758,0.94227,0.96003,0.97249,0.97093,0.96394,0.96801,0.96950,0.96580,0.95751,0.94754,0.93982,0.92260,0.89572,0.87881,0.83481,0.82135,0.74552,0.68135,0.56181,0.34669,0.17297,0.08775,-0.16428
0.77646,0.78813,0.81279,0.83137,0.83693,0.85507,0.87519,0.88201,0.88878,0.91509,0.92553,0.93270,0.92433,0.91412,0.90234,0.88396,0.88820,0.86121,0.84045,0.83261,0.85875,0.86137,0.88269,0.87256,0.84837,0.86322,0.88149,0.84771,0.82238,0.84742,0.84563,0.79108,0.77665,0.79150,0.76067,0.60458,0.42643,0.34648,0.55587,0.55892,0.60031,0.68520,0.72809,0.80215,0.80835,0.84312,0.82669,0.85742,0.89039,0.90694,0.92502,0.94012,0.94834,0.95510,0.95472,0.96643,0.97084,0.96847,0.97267,0.97562,0.97038,0.96862,0.96252,0.95474,0.95473,0.94724,0.93272,0.91135,0.89833,0.92431,0.91603,0.92308,0.91731,0.91848,0.93987,0.94329,0.95556,0.94089,0.91174,0.90935,0.94965,0.94397,0.92745,0.95136,0.96196,0.94803,0.94417,0.96418,0.97237,0.97686,0.98371,0.97878,0.97808,0.97531,0.95442,0.94893,0.94912,0.90127,0.86925,0.81623,0.84106,0.87381,0.81150,0.83533,0.87413,0.92608,0.93812,0.95146,0.92724,0.91751,0.88070,0.86531,0.83294,0.86111,0.82693,0.84679,0.89344,0.88084,0.87345,0.92801,0.92413,0.90749,0.84049,0.69015,0.61716,0.57667,0.66413,0.73989,0.80692,0.87474,0.90780,0.92412,0.94059,0.93634,0.94528,0.94604,0.94162,0.93559,0.90789,0.89788,0.86136,0.84119,0.80462,0.76431,0.72219,0.65765,0.64324,0.70358,0.72938,0.76765,0.82334,0.85344,0.86394,0.85339,0.81554,0.83695,0.85369,0.85711,0.89565,0.88636,0.84865,0.82192,0.77746,0.72926,0.70807,0.63140,0.67976,0.74185,0.77308,0.74163,0.76694,0.75307,0.78657,0.83014,0.86652,0.89829,0.91933,0.93166,0.93071,0.92702,0.90184,0.89374,0.85498,0.83880,0.78646,0.73759,0.71142,0.65415,0.61364,0.65315,0.58616,0.58263,0.50180,0.49836,0.57207,0.58292,0.66528,0.65140,0.74332,0.79250,0.83804,0.87792,0.90227,0.92787,0.93813,0.95972,0.97384,0.97196,0.95956,0.96227,0.96417,0.95877,0.94703,0.93410,0.92607,0.90296,0.87529,0.84933,0.79973,0.77760,0.69135,0.61864,0.48708,0.26648,0.09572,0.03223,-0.21980
0.77686,0.78795,0.81558,0.83440,0.83715,0.85629,0.87985,0.88484,0.88948,0.91945,0.93078,0.94131,0.93519,0.92645,0.91730,0.90142,0.90939,0.88438,0.86630,0.86146,0.88701,0.89182,0.91092,0.90054,0.88053,0.89527,0.91080,0.87966,0.85835,0.88104,0.87862,0.82833,0.81508,0.82808,0.79938,0.65216,0.48245,0.40187,0.60228,0.59556,0.63887,0.72278,0.76530,0.83484,0.83877,0.87037,0.85027,0.87865,0.91167,0.92477,0.94254,0.95467,0.96109,0.96498,0.96246,0.97407,0.98065,0.98018,0.98232,0.98472,0.98233,0.98087,0.97475,0.96883,0.97029,0.96263,0.94906,0.93027,0.91942,0.94464,0.93854,0.94609,0.94104,0.94271,0.96014,0.96165,0.96930,0.95153,0.92116,0.91356,0.95504,0.95235,0.93196,0.95506,0.97006,0.95653,0.94945,0.96923,0.98083,0.98731,0.99146,0.98575,0.98239,0.97445,0.95189,0.94283,0.94758,0.90213,0.87476,0.82275,0.84956,0.88514,0.82800,0.85087,0.88556,0.93545,0.94967,0.96510,0.94519,0.93907,0.90693,0.89361,0.86523,0.89164,0.85833,0.87605,0.91957,0.90756,0.89905,0.94669,0.94113,0.92364,0.85958,0.71005,0.63949,0.59472,0.68389,0.76283,0.82665,0.89321,0.92566,0.94454,0.95950,0.95778,0.96509,0.96524,0.95998,0.95323,0.92681,0.91606,0.88014,0.86127,0.82370,0.78614,0.74443,0.68278,0.66705,0.72354,0.74536,0.77821,0.83417,0.85981,0.87202,0.86591,0.82878,0.84891,0.86767,0.87267,0.91078,0.90314,0.86731,0.84419,0.80152,0.75642,0.73897,0.66617,0.71646,0.77703,0.80907,0.77941,0.80195,0.79042,0.82361,0.86316,0.89617,0.92322,0.94169,0.95085,0.94998,0.94836,0.92643,0.92093,0.88639,0.87258,0.82358,0.77756,0.75118,0.69483,0.65280,0.68894,0.62181,0.61545,0.53315,0.52922,0.60147,0.61187,0.69544,0.68606,0.77608,0.82099,0.86267,0.89960,0.91972,0.94261,0.94940,0.96969,0.98324,0.98216,0.97278,0.97693,0.97893,0.97443,0.96508,0.95330,0.94419,0.92407,0.89541,0.87397,0.82578,0.80715,0.72543,0.65517,0.52885,0.31412,0.14570,0.07203,-0.17607
0.85445,0.86371,0.88656,0.90021,0.90092,0.91626,0.93412,0.93559,0.93731,0.95901,0.96440,0.97214,0.96849,0.96427,0.95710,0.94598,0.94612,0.92756,0.91056,0.90016,0.91708,0.91022,0.92737,0.92512,0.89926,0.89975,0.91979,0.89668,0.86050,0.87287,0.88005,0.82933,0.80030,0.80516,0.78399,0.62002,0.46745,0.36217,0.56923,0.57668,0.64950,0.74341,0.78496,0.85904,0.87585,0.90812,0.90328,0.92679,0.94737,0.95955,0.96811,0.97670,0.97940,0.98207,0.97981,0.98128,0.98148,0.97770,0.97718,0.97310,0.96578,0.96302,0.94675,0.93808,0.94547,0.92987,0.90823,0.88466,0.87348,0.91033,0.90782,0.92601,0.91898,0.92962,0.95134,0.96296,0.98036,0.98000,0.96441,0.96063,0.98442,0.98220,0.97047,0.98201,0.98761,0.98187,0.97699,0.98592,0.98925,0.98525,0.98073,0.95833,0.95151,0.94178,0.90573,0.89355,0.89433,0.83169,0.79792,0.73654,0.77236,0.81671,0.75129,0.77702,0.81610,0.88008,0.90250,0.92948,0.90633,0.90648,0.87206,0.86063,0.83671,0.87937,0.84255,0.85194,0.90897,0.90862,0.89068,0.94056,0.95843,0.94587,0.90532,0.77698,0.71702,0.68942,0.76983,0.83275,0.88853,0.93689,0.95924,0.96138,0.96927,0.95679,0.95671,0.94842,0.93132,0.91721,0.87933,0.86287,0.81617,0.79443,0.74740,0.70667,0.65866,0.59265,0.57277,0.63192,0.65197,0.68567,0.75158,0.78130,0.79738,0.79192,0.74755,0.77180,0.79586,0.80282,0.85162,0.84375,0.80051,0.77748,0.72914,0.68156,0.66958,0.59378,0.65754,0.72486,0.76808,0.73481,0.75410,0.74720,0.79299,0.83195,0.86993,0.89603,0.92497,0.93239,0.92360,0.92408,0.89680,0.90030,0.85936,0.85316,0.79445,0.74790,0.71184,0.64301,0.58852,0.61978,0.54311,0.53030,0.44127,0.43300,0.51015,0.52325,0.61903,0.61941,0.71997,0.76314,0.80664,0.84803,0.86768,0.89581,0.90140,0.93238,0.95956,0.95931,0.94301,0.95673,0.97071,0.97550,0.97126,0.96869,0.96829,0.95357,0.93873,0.91516,0.87803,0.85172,0.77482,0.70255,0.56560,0.35873,0.20870,0.16167,-0.09002
0.89251,0.90123,0.91683,0.92850,0.93315,0.94436,0.95371,0.95767,0.96164,0.97234,0.97429,0.97386,0.96759,0.96232,0.95198,0.93842,0.92806,0.90895,0.88679,0.86911,0.88387,0.86757,0.88803,0.88864,0.85245,0.84617,0.87246,0.84734,0.79709,0.80843,0.81970,0.76013,0.72156,0.72512,0.70314,0.51976,0.36425,0.24942,0.46620,0.48465,0.57213,0.67612,0.72029,0.80675,0.83593,0.87593,0.88575,0.91238,0.92724,0.94562,0.95065,0.96245,0.96700,0.97405,0.97630,0.97233,0.96480,0.95605,0.95775,0.95080,0.93553,0.93174,0.90972,0.89605,0.90440,0.88445,0.85627,0.82533,0.81015,0.85482,0.85028,0.87335,0.86359,0.87768,0.90746,0.92520,0.95479,0.96840,0.96403,0.97177,0.98492,0.97939,0.97963,0.98651,0.98040,0.97915,0.98174,0.98459,0.97714,0.96364,0.95867,0.92784,0.92281,0.92067,0.87942,0.87119,0.86226,0.78505,0.74064,0.67012,0.70571,0.75224,0.67404,0.70416,0.75298,0.82888,0.85267,0.88276,0.85010,0.84798,0.80410,0.79027,0.76165,0.81449,0.77071,0.78058,0.85119,0.85440,0.83158,0.89485,0.92749,0.91616,0.88376,0.76244,0.70378,0.69618,0.77420,0.82026,0.87906,0.92106,0.94061,0.93029,0.93810,0.91694,0.91732,0.90484,0.88224,0.86536,0.81854,0.80030,0.74623,0.72010,0.66878,0.62122,0.56855,0.49520,0.47526,0.54211,0.56817,0.61117,0.68312,0.72275,0.73849,0.72638,0.67703,0.70543,0.72939,0.73486,0.79054,0.77913,0.72789,0.69867,0.64327,0.58895,0.57363,0.49005,0.55834,0.63294,0.68145,0.64373,0.66629,0.65846,0.71114,0.75660,0.80317,0.83688,0.87671,0.88785,0.87354,0.87247,0.83635,0.84107,0.78936,0.78308,0.71252,0.65950,0.61839,0.54185,0.48306,0.51789,0.43658,0.42428,0.33328,0.32387,0.40442,0.41841,0.51954,0.51770,0.62804,0.67778,0.72888,0.77876,0.80521,0.84156,0.85276,0.89285,0.92876,0.92811,0.90231,0.91921,0.93989,0.94799,0.94244,0.94213,0.94705,0.92927,0.92227,0.88831,0.85307,0.81432,0.73044,0.65046,0.49735,0.29062,0.15376,0.14594,-0.10771
0.87143,0.88077,0.89792,0.91244,0.91862,0.93093,0.94238,0.94871,0.95421,0.96749,0.97240,0.97234,0.96481,0.95655,0.94492,0.92823,0.92040,0.89757,0.87331,0.85768,0.87703,0.86523,0.88699,0.88344,0.84833,0.84843,0.87311,0.84282,0.79757,0.81407,0.82034,0.75853,0.72610,0.73298,0.70644,0.52898,0.36364,0.26141,0.47456,0.47986,0.55614,0.66044,0.70764,0.79554,0.82137,0.86334,0.86798,0.89814,0.91893,0.93915,0.94865,0.96268,0.96968,0.97776,0.98063,0.98051,0.97474,0.96690,0.97018,0.96549,0.95123,0.94798,0.92932,0.91618,0.92223,0.90497,0.87906,0.84897,0.83328,0.87419,0.86766,0.88689,0.87739,0.88749,0.91613,0.92881,0.95518,0.96213,0.95267,0.96045,0.98106,0.97558,0.97358,0.98540,0.98253,0.97876,0.98150,0.98791,0.98277,0.97266,0.97159,0.94656,0.94239,0.94197,0.90655,0.89916,0.89004,0.81787,0.77496,0.70580,0.73664,0.78147,0.70514,0.73551,0.78425,0.85636,0.87745,0.90326,0.87037,0.86530,0.82081,0.80573,0.77367,0.82020,0.77584,0.78947,0.85674,0.85432,0.83401,0.89911,0.92281,0.90817,0.86471,0.72946,0.66619,0.65416,0.73915,0.79115,0.85618,0.90714,0.93193,0.92833,0.94010,0.92350,0.92818,0.91868,0.90014,0.88601,0.84257,0.82650,0.77567,0.74985,0.70136,0.65358,0.60215,0.52896,0.51046,0.57754,0.60573,0.64985,0.71921,0.75829,0.77284,0.75996,0.71306,0.74019,0.76236,0.76700,0.81927,0.80727,0.75754,0.72715,0.67234,0.61757,0.59921,0.51500,0.57853,0.65262,0.69744,0.66095,0.68628,0.67615,0.72398,0.77102,0.81709,0.85287,0.89020,0.90270,0.89044,0.88844,0.85292,0.85369,0.80263,0.79292,0.72418,0.66924,0.63113,0.55896,0.50470,0.54287,0.46451,0.45476,0.36413,0.35713,0.43636,0.44873,0.54662,0.54004,0.64837,0.70079,0.75269,0.80247,0.83030,0.86605,0.87853,0.91572,0.94706,0.94626,0.92204,0.93549,0.95186,0.95609,0.94804,0.94326,0.94418,0.92274,0.90961,0.87456,0.83268,0.79421,0.70565,0.62300,0.47073,0.25850,0.11573,0.10009,-0.15224
0.89651,0.90478,0.92201,0.93455,0.93791,0.94949,0.96103,0.96443,0.96742,0.98012,0.98324,0.98463,0.97973,0.97432,0.96535,0.95221,0.94409,0.92501,0.90309,0.88722,0.90291,0.88835,0.90800,0.90740,0.87308,0.86799,0.89261,0.86725,0.81938,0.83046,0.84000,0.78137,0.74386,0.74632,0.72444,0.54738,0.39329,0.28369,0.49300,0.49639,0.58501,0.69209,0.73823,0.82393,0.85286,0.89242,0.90007,0.92644,0.94253,0.95992,0.96573,0.97612,0.98032,0.98585,0.98730,0.98331,0.97674,0.96918,0.96986,0.96228,0.94832,0.94477,0.92238,0.90966,0.91896,0.89868,0.87050,0.84066,0.82652,0.87105,0.86755,0.89114,0.88148,0.89531,0.92300,0.93843,0.96514,0.97635,0.97140,0.97697,0.99178,0.98816,0.98656,0.99335,0.98992,0.98909,0.99033,0.99212,0.98631,0.97398,0.96796,0.93606,0.92868,0.92445,0.88335,0.87281,0.86515,0.78877,0.74678,0.67536,0.71076,0.76000,0.68457,0.71507,0.76219,0.83788,0.86346,0.89488,0.86405,0.86394,0.82210,0.80941,0.78155,0.83286,0.78888,0.79756,0.86712,0.86985,0.84606,0.90690,0.93783,0.92510,0.89201,0.76493,0.70825,0.69911,0.78085,0.82965,0.88956,0.93268,0.95280,0.94474,0.95251,0.93352,0.93413,0.92119,0.89757,0.88014,0.83364,0.81492,0.76081,0.73500,0.68246,0.63587,0.58273,0.51037,0.48942,0.55461,0.57948,0.62003,0.69250,0.72965,0.74672,0.73727,0.68880,0.71636,0.74139,0.74776,0.80325,0.79246,0.74160,0.71406,0.65877,0.60554,0.59199,0.50964,0.57903,0.65430,0.70344,0.66689,0.68912,0.68203,0.73401,0.77811,0.82381,0.85628,0.89584,0.90550,0.88987,0.89009,0.85491,0.86071,0.80989,0.80502,0.73514,0.68231,0.64070,0.56473,0.50516,0.53901,0.45734,0.44318,0.34997,0.34072,0.42072,0.43419,0.53667,0.53687,0.64704,0.69569,0.74531,0.79430,0.81885,0.85439,0.86379,0.90377,0.93965,0.93971,0.91527,0.93334,0.95418,0.96258,0.95825,0.95779,0.96138,0.94404,0.93555,0.90336,0.86688,0.82813,0.74537,0.66409,0.51283,0.30693,0.17179,0.15740,-0.09431
0.94635,0.95248,0.96286,0.97012,0.97325,0.98006,0.98329,0.98480,0.98662,0.98822,0.98489,0.98054,0.97629,0.97436,0.96592,0.95604,0.93772,0.92386,0.90155,0.87849,0.88619,0.85911,0.87865,0.88554,0.84346,0.82438,0.85477,0.83579,0.77191,0.77407,0.79304,0.73233,0.67989,0.67548,0.66005,0.46670,0.33116,0.19926,0.41185,0.43177,0.54922,0.66348,0.70779,0.79918,0.84186,0.88360,0.90857,0.93141,0.93495,0.95346,0.95029,0.95882,0.96051,0.96686,0.97021,0.95617,0.94171,0.92968,0.92916,0.91575,0.89523,0.89036,0.85843,0.84199,0.85601,0.82835,0.79227,0.75668,0.74118,0.79668,0.79531,0.82831,0.81637,0.83839,0.87172,0.89739,0.93594,0.96605,0.97732,0.99010,0.98618,0.98175,0.99166,0.98766,0.97214,0.97888,0.98484,0.97627,0.95971,0.93585,0.92271,0.87555,0.86667,0.86408,0.81078,0.80012,0.78640,0.69315,0.64305,0.56314,0.60438,0.65953,0.57473,0.60809,0.66086,0.75004,0.78145,0.82215,0.78617,0.79025,0.74416,0.73237,0.70759,0.77402,0.72561,0.72825,0.81147,0.82443,0.79231,0.85828,0.91238,0.90411,0.89515,0.79497,0.74792,0.75852,0.82967,0.85684,0.90902,0.93388,0.94424,0.91813,0.91996,0.88947,0.88439,0.86342,0.82931,0.80560,0.74799,0.72449,0.66052,0.63162,0.57173,0.52158,0.46326,0.38681,0.36344,0.43181,0.45658,0.50002,0.58045,0.62372,0.64308,0.63158,0.57638,0.60803,0.63647,0.64376,0.70901,0.69713,0.63892,0.60992,0.54917,0.49298,0.48291,0.39759,0.47772,0.55853,0.61700,0.57658,0.59623,0.59294,0.65655,0.70125,0.75279,0.78617,0.83736,0.84651,0.82313,0.82453,0.78281,0.79646,0.73804,0.73897,0.65871,0.60496,0.55515,0.46823,0.39887,0.42922,0.34049,0.32186,0.22576,0.21309,0.29562,0.31123,0.42235,0.42951,0.54865,0.59681,0.64927,0.70350,0.72951,0.77120,0.78151,0.83216,0.88101,0.88150,0.84869,0.87498,0.90720,0.92408,0.92319,0.93107,0.94377,0.93023,0.93591,0.89896,0.87353,0.82581,0.74661,0.66372,0.50189,0.30854,0.19958,0.22372,-0.02325
0.94249,0.94888,0.95630,0.96466,0.97160,0.97698,0.97678,0.98182,0.98657,0.98394,0.98090,0.97197,0.96494,0.95972,0.94812,0.93415,0.91185,0.89448,0.86758,0.84194,0.85230,0.82373,0.84654,0.85155,0.80442,0.78701,0.81977,0.79524,0.72775,0.73389,0.75115,0.68353,0.63143,0.62939,0.60975,0.41043,0.26549,0.13847,0.35361,0.37100,0.48694,0.60577,0.65338,0.75227,0.79872,0.84612,0.87508,0.90259,0.90771,0.93132,0.92984,0.94235,0.94737,0.95737,0.96390,0.95023,0.93284,0.91864,0.92084,0.90792,0.88371,0.87868,0.84665,0.82782,0.84016,0.81266,0.77512,0.73623,0.71797,0.77423,0.76992,0.80214,0.78902,0.80960,0.84661,0.87152,0.91441,0.94671,0.95999,0.97947,0.97592,0.96922,0.98408,0.98216,0.96242,0.96902,0.97966,0.97096,0.95000,0.92371,0.91369,0.86711,0.86038,0.86358,0.81300,0.80559,0.78655,0.69012,0.63523,0.55225,0.58931,0.64314,0.55299,0.58859,0.64654,0.73835,0.76774,0.80616,0.76479,0.76477,0.71302,0.69872,0.66846,0.73488,0.68257,0.68894,0.77642,0.78636,0.75432,0.82903,0.88354,0.87349,0.85999,0.75285,0.70326,0.72090,0.79534,0.81768,0.87635,0.90485,0.91812,0.89059,0.89578,0.86413,0.86308,0.84244,0.80911,0.78642,0.72713,0.70470,0.63981,0.60881,0.54959,0.49574,0.43642,0.35651,0.33451,0.40704,0.43701,0.48673,0.56785,0.61631,0.63416,0.61772,0.56214,0.59509,0.62153,0.62686,0.69272,0.67823,0.61721,0.58378,0.52012,0.46011,0.44563,0.35596,0.43378,0.51741,0.57489,0.53288,0.55661,0.55064,0.61372,0.66345,0.71912,0.75828,0.81322,0.82572,0.80143,0.80111,0.75517,0.76616,0.70244,0.70035,0.61490,0.55618,0.50668,0.41980,0.35284,0.38793,0.30001,0.28428,0.18916,0.17775,0.25996,0.27465,0.38513,0.38670,0.50866,0.56242,0.61948,0.67812,0.70908,0.75455,0.76915,0.82209,0.87162,0.87162,0.83492,0.85975,0.89186,0.90710,0.90311,0.90837,0.92076,0.90235,0.90739,0.86359,0.83390,0.78002,0.69364,0.60501,0.43567,0.23837,0.13415,0.17502,-0.07117
0.93506,0.94188,0.95272,0.96268,0.96820,0.97543,0.97925,0.98392,0.98802,0.99016,0.98951,0.98369,0.97765,0.97208,0.96173,0.94791,0.93019,0.91224,0.88620,0.86418,0.87680,0.85271,0.87435,0.87693,0.83368,0.82009,0.84988,0.82434,0.76289,0.77051,0.78444,0.71886,0.67105,0.66975,0.64902,0.45891,0.31263,0.19209,0.40104,0.40582,0.51526,0.63345,0.68235,0.77835,0.82073,0.86664,0.88938,0.91704,0.92586,0.94776,0.94876,0.96024,0.96517,0.97349,0.97862,0.96745,0.95299,0.94090,0.94233,0.93047,0.90922,0.90467,0.87490,0.85781,0.86974,0.84379,0.80847,0.77212,0.75521,0.80859,0.80491,0.83531,0.82298,0.84166,0.87516,0.89578,0.93323,0.95885,0.96758,0.98283,0.98500,0.98048,0.99052,0.99090,0.97673,0.98191,0.98989,0.98318,0.96656,0.94401,0.93449,0.89113,0.88327,0.88351,0.83526,0.82585,0.81022,0.71873,0.66818,0.58699,0.62375,0.67788,0.59252,0.62747,0.68222,0.77010,0.79947,0.83679,0.79863,0.79948,0.75090,0.73740,0.70772,0.76948,0.71821,0.72508,0.80807,0.81528,0.78398,0.85443,0.90227,0.89007,0.87121,0.75455,0.70421,0.71523,0.79439,0.82445,0.88478,0.91800,0.93409,0.91277,0.91901,0.89187,0.89164,0.87262,0.84119,0.81956,0.76340,0.74168,0.67926,0.64953,0.59123,0.53936,0.48120,0.40332,0.38094,0.45100,0.47927,0.52578,0.60560,0.65038,0.66877,0.65508,0.60152,0.63297,0.65961,0.66553,0.72903,0.71557,0.65697,0.62560,0.56376,0.50582,0.49216,0.40478,0.48106,0.56321,0.61903,0.57887,0.60232,0.59644,0.65639,0.70424,0.75713,0.79412,0.84527,0.85678,0.83378,0.83419,0.79109,0.80139,0.74115,0.73893,0.65731,0.59962,0.55189,0.46795,0.40251,0.43699,0.35030,0.33410,0.23832,0.22760,0.30884,0.32256,0.43219,0.43426,0.55362,0.60583,0.66055,0.71673,0.74533,0.78826,0.80080,0.85069,0.89695,0.89738,0.86412,0.88783,0.91734,0.93084,0.92728,0.93078,0.94002,0.92171,0.92226,0.88144,0.84871,0.79790,0.71248,0.62407,0.45939,0.26025,0.15084,0.17590,-0.07018
0.96183,0.96691,0.97518,0.98158,0.98485,0.98962,0.99036,0.99214,0.99375,0.99125,0.98673,0.97993,0.97599,0.97416,0.96592,0.95634,0.93470,0.92205,0.89826,0.87356,0.87986,0.84908,0.86850,0.87652,0.83160,0.80871,0.84026,0.82169,0.75292,0.75273,0.77292,0.71001,0.65319,0.64643,0.63199,0.43780,0.30905,0.17440,0.38079,0.39426,0.52110,0.64136,0.68762,0.78257,0.83135,0.87543,0.90670,0.92975,0.93001,0.94980,0.94452,0.95265,0.95440,0.96111,0.96569,0.94818,0.93043,0.91684,0.91604,0.90027,0.87701,0.87178,0.83615,0.81814,0.83393,0.80347,0.76416,0.72621,0.71002,0.76951,0.76868,0.80520,0.79217,0.81643,0.85102,0.87784,0.91968,0.95549,0.97336,0.98951,0.97995,0.97647,0.99100,0.98328,0.96437,0.97466,0.98300,0.96959,0.94884,0.92057,0.90508,0.85201,0.84170,0.83973,0.78293,0.77143,0.75490,0.65504,0.60260,0.51791,0.55997,0.61880,0.53134,0.56676,0.62198,0.71637,0.75055,0.79482,0.75658,0.76223,0.71452,0.70296,0.67840,0.74896,0.69687,0.69764,0.78656,0.80160,0.76484,0.83322,0.89493,0.88610,0.88462,0.78803,0.74571,0.76566,0.83684,0.85571,0.90768,0.92779,0.93630,0.90493,0.90573,0.87255,0.86696,0.84281,0.80451,0.77852,0.71667,0.69158,0.62389,0.59345,0.53039,0.47846,0.41793,0.33994,0.31541,0.38462,0.40974,0.45432,0.53842,0.58377,0.60444,0.59251,0.53552,0.56849,0.59825,0.60584,0.67457,0.66183,0.60046,0.57074,0.50741,0.44996,0.44113,0.35500,0.43873,0.52251,0.58439,0.54318,0.56284,0.56087,0.62770,0.67279,0.72654,0.76078,0.81663,0.82579,0.79863,0.80092,0.75624,0.77278,0.71124,0.71438,0.62969,0.57419,0.52150,0.43149,0.35912,0.38870,0.29784,0.27717,0.17905,0.16582,0.24801,0.26325,0.37806,0.38752,0.51016,0.55877,0.61250,0.66930,0.69594,0.74048,0.75120,0.80638,0.86018,0.86118,0.82495,0.85449,0.89095,0.91045,0.91076,0.92064,0.93542,0.92210,0.93166,0.89174,0.86788,0.81483,0.73587,0.64968,0.48395,0.29729,0.20143,0.24150,0.00055
0.97406,0.97781,0.97966,0.98349,0.98912,0.98969,0.98289,0.98594,0.98859,0.97613,0.96778,0.95453,0.94917,0.94750,0.93757,0.92752,0.89719,0.88591,0.85934,0.82874,0.83144,0.79214,0.81329,0.82476,0.77230,0.74216,0.77832,0.76054,0.68033,0.67710,0.70169,0.63410,0.56875,0.55958,0.54663,0.34100,0.21826,0.07561,0.28330,0.30800,0.44733,0.57307,0.61955,0.72173,0.78083,0.82950,0.87384,0.89751,0.89084,0.91439,0.90461,0.91414,0.91649,0.92612,0.93403,0.91083,0.88646,0.86885,0.86927,0.85049,0.82102,0.81497,0.77404,0.75229,0.76950,0.73517,0.69069,0.64748,0.62870,0.69452,0.69288,0.73393,0.71891,0.74673,0.78702,0.81988,0.87155,0.92036,0.94932,0.97429,0.95319,0.94751,0.97236,0.95913,0.92987,0.94466,0.95904,0.93944,0.90927,0.87261,0.85563,0.79477,0.78542,0.78879,0.72700,0.71842,0.69429,0.58327,0.52317,0.43263,0.47489,0.53532,0.43938,0.47745,0.53903,0.64223,0.67789,0.72535,0.68051,0.68552,0.63189,0.61931,0.59306,0.67218,0.61572,0.61513,0.71397,0.73360,0.69241,0.76902,0.84479,0.83774,0.84772,0.76480,0.72688,0.76414,0.82958,0.83165,0.88255,0.89335,0.89744,0.85409,0.85336,0.81270,0.80620,0.77779,0.73431,0.70558,0.63671,0.60993,0.53677,0.50342,0.43732,0.38139,0.31803,0.23622,0.21181,0.28501,0.31344,0.36356,0.45138,0.50359,0.52419,0.50791,0.44736,0.48304,0.51289,0.51961,0.59348,0.57843,0.51155,0.47809,0.41037,0.34933,0.33942,0.24991,0.33711,0.42488,0.49096,0.44702,0.46769,0.46602,0.53857,0.58685,0.64615,0.68428,0.74867,0.75968,0.72794,0.72976,0.67896,0.69787,0.62914,0.63351,0.54068,0.48210,0.42550,0.33013,0.25445,0.28466,0.19133,0.17037,0.07241,0.05797,0.14102,0.15677,0.27429,0.28387,0.41198,0.46346,0.52144,0.58371,0.61460,0.66490,0.67917,0.74157,0.80285,0.80369,0.76014,0.79304,0.83576,0.85898,0.85926,0.87247,0.89269,0.87871,0.89667,0.84995,0.83057,0.76842,0.68772,0.59823,0.42320,0.24558,0.16755,0.24361,0.00936
0.96265,0.96730,0.97013,0.97615,0.98359,0.98533,0.97966,0.98481,0.98939,0.97882,0.97270,0.95919,0.95223,0.94789,0.93638,0.92333,0.89459,0.88004,0.85137,0.82204,0.82860,0.79280,0.81544,0.82354,0.77125,0.74630,0.78178,0.75929,0.68235,0.68379,0.70462,0.63443,0.57382,0.56820,0.55098,0.34723,0.21383,0.07928,0.28792,0.30739,0.43672,0.56209,0.61068,0.71491,0.77111,0.82201,0.86231,0.88946,0.88791,0.91355,0.90756,0.91960,0.92431,0.93537,0.94415,0.92451,0.90135,0.88413,0.88635,0.86977,0.84067,0.83493,0.79714,0.77539,0.79018,0.75835,0.71571,0.67262,0.65289,0.71567,0.71184,0.74940,0.73471,0.75926,0.79937,0.82850,0.87843,0.92183,0.94629,0.97183,0.95736,0.95105,0.97431,0.96584,0.93863,0.95092,0.96607,0.95023,0.92150,0.88730,0.87423,0.81894,0.81129,0.81669,0.75992,0.75280,0.72806,0.62069,0.56074,0.47139,0.51004,0.56796,0.47206,0.51044,0.57288,0.67322,0.70592,0.74937,0.70351,0.70519,0.65001,0.63570,0.60575,0.68031,0.62308,0.62647,0.72326,0.73793,0.69885,0.77816,0.84667,0.83701,0.83722,0.74244,0.69926,0.73263,0.80346,0.81085,0.86753,0.88600,0.89523,0.85720,0.86030,0.82280,0.81977,0.79430,0.75469,0.72855,0.66233,0.63752,0.56685,0.53350,0.46981,0.41308,0.35064,0.26793,0.24492,0.31948,0.35058,0.40281,0.48904,0.54202,0.56121,0.54298,0.48414,0.51930,0.54725,0.55269,0.62397,0.60804,0.54195,0.50668,0.43907,0.37678,0.36345,0.27210,0.35523,0.44286,0.50585,0.46224,0.48573,0.48158,0.55042,0.60086,0.66018,0.70086,0.76332,0.77650,0.74700,0.74740,0.69650,0.71141,0.64276,0.64370,0.55178,0.49090,0.43698,0.34459,0.27278,0.30647,0.21511,0.19686,0.09970,0.08689,0.16988,0.18460,0.29968,0.30429,0.43159,0.48621,0.54591,0.60868,0.64158,0.69179,0.70791,0.76800,0.82543,0.82590,0.78311,0.81255,0.85149,0.87117,0.86888,0.87809,0.89512,0.87756,0.89034,0.84170,0.81664,0.75462,0.66908,0.57738,0.40153,0.21706,0.13060,0.19798,-0.03760
0.96628,0.97106,0.97655,0.98238,0.98759,0.99092,0.98784,0.99122,0.99484,0.98764,0.98202,0.97123,0.96586,0.96276,0.95315,0.94185,0.91608,0.90255,0.87585,0.84853,0.85487,0.82099,0.84203,0.85023,0.80098,0.77647,0.81040,0.78964,0.71560,0.71601,0.73654,0.66950,0.60989,0.60275,0.58707,0.38879,0.25870,0.12484,0.33027,0.34325,0.47330,0.59781,0.64627,0.74672,0.80093,0.84903,0.88580,0.91114,0.90998,0.93290,0.92688,0.93662,0.93987,0.94879,0.95575,0.93636,0.91517,0.89972,0.90021,0.88330,0.85661,0.85116,0.81353,0.79333,0.80924,0.77741,0.73563,0.69464,0.67668,0.73878,0.73674,0.77464,0.76041,0.78520,0.82237,0.85014,0.89651,0.93715,0.95988,0.98112,0.96816,0.96370,0.98358,0.97463,0.95097,0.96324,0.97558,0.95963,0.93401,0.90169,0.88672,0.83120,0.82172,0.82327,0.76580,0.75609,0.73493,0.62983,0.57348,0.48522,0.52566,0.58516,0.49297,0.53046,0.58972,0.68824,0.72268,0.76754,0.72518,0.72951,0.67784,0.66520,0.63743,0.71071,0.65515,0.65700,0.75109,0.76640,0.72717,0.80097,0.86759,0.85814,0.85916,0.76353,0.72179,0.75006,0.82129,0.83356,0.88839,0.90691,0.91556,0.87971,0.88155,0.84597,0.84155,0.81616,0.77614,0.74951,0.68454,0.65915,0.58899,0.55672,0.49259,0.43806,0.37589,0.29527,0.27048,0.34234,0.37062,0.41893,0.50535,0.55488,0.57538,0.56031,0.50202,0.53665,0.56597,0.57243,0.64334,0.62884,0.56437,0.53197,0.46582,0.40588,0.39525,0.30633,0.39070,0.47714,0.54025,0.49769,0.51930,0.51650,0.58500,0.63300,0.69050,0.72818,0.78870,0.79960,0.77001,0.77168,0.72327,0.73977,0.67344,0.67622,0.58659,0.52803,0.47419,0.38263,0.30986,0.34114,0.24955,0.22927,0.13095,0.11788,0.20021,0.21459,0.33099,0.33868,0.46478,0.51639,0.57310,0.63331,0.66298,0.71102,0.72415,0.78280,0.83957,0.84055,0.80037,0.83082,0.86959,0.88979,0.88921,0.89912,0.91534,0.89982,0.91167,0.86674,0.84228,0.78340,0.70116,0.61100,0.43928,0.25522,0.16567,0.21993,-0.01530
0.98193,0.98457,0.98399,0.98540,0.99057,0.98928,0.97877,0.98104,0.98396,0.96675,0.95596,0.94008,0.93540,0.93500,0.92616,0.91784,0.88357,0.87496,0.84816,0.81537,0.81480,0.77099,0.79153,0.80546,0.75051,0.71478,0.75251,0.73727,0.65136,0.64409,0.67174,0.60380,0.53280,0.51980,0.50988,0.30493,0.19515,0.04767,0.24673,0.26913,0.42059,0.54988,0.59641,0.69987,0.76545,0.81469,0.86627,0.88829,0.87612,0.89973,0.88609,0.89391,0.89531,0.90483,0.91354,0.88549,0.85764,0.83852,0.83796,0.81618,0.78420,0.77768,0.73230,0.70938,0.72917,0.69139,0.64365,0.59860,0.57977,0.64998,0.64985,0.69531,0.67948,0.71064,0.75162,0.78738,0.84261,0.89895,0.93585,0.96315,0.93413,0.92919,0.95913,0.94061,0.90705,0.92600,0.94252,0.91715,0.88252,0.84080,0.82015,0.75224,0.74138,0.74446,0.67794,0.66840,0.64200,0.52455,0.46255,0.36860,0.41279,0.47624,0.37843,0.41757,0.48053,0.58871,0.62755,0.67962,0.63352,0.64141,0.58728,0.57578,0.55177,0.63590,0.57717,0.57358,0.67729,0.70091,0.65521,0.73203,0.81716,0.81147,0.83305,0.76201,0.73059,0.77707,0.83835,0.83049,0.87772,0.87965,0.87986,0.82905,0.82585,0.78147,0.77301,0.74052,0.69199,0.66034,0.58719,0.55825,0.48108,0.44680,0.37757,0.32112,0.25607,0.17416,0.14823,0.22104,0.24833,0.29791,0.38911,0.44242,0.46440,0.44834,0.38586,0.42272,0.45435,0.46181,0.53945,0.52418,0.45472,0.42174,0.35244,0.29147,0.28445,0.19574,0.28712,0.37649,0.44624,0.40178,0.42092,0.42144,0.49798,0.54511,0.60613,0.64333,0.71259,0.72276,0.68672,0.68978,0.63683,0.66020,0.58896,0.59681,0.50016,0.44173,0.38203,0.28390,0.20454,0.23220,0.13722,0.11327,0.01438,-0.00123,0.08069,0.09627,0.21711,0.23074,0.36144,0.41134,0.46899,0.53239,0.56272,0.61519,0.62887,0.69574,0.76273,0.76413,0.71728,0.75446,0.80241,0.82949,0.83201,0.84875,0.87236,0.86010,0.88416,0.83585,0.82140,0.75500,0.67755,0.58742,0.41051,0.24462,0.18165,0.27487,0.05044
0.97358,0.97563,0.97104,0.97215,0.98020,0.97632,0.96100,0.96578,0.97087,0.94758,0.93546,0.91460,0.90823,0.90631,0.89574,0.88547,0.84600,0.83635,0.80634,0.77047,0.76977,0.72226,0.74463,0.75870,0.69907,0.66137,0.70154,0.68424,0.59301,0.58613,0.61444,0.54186,0.46844,0.45524,0.44444,0.23681,0.12980,-0.01660,0.17750,0.19745,0.35389,0.48711,0.53516,0.64396,0.71502,0.76871,0.82726,0.85125,0.83704,0.86439,0.84970,0.85956,0.86268,0.87481,0.88621,0.85595,0.82411,0.80245,0.80349,0.78062,0.74467,0.73768,0.69008,0.66496,0.68489,0.64569,0.59530,0.54704,0.52620,0.59886,0.59729,0.64425,0.62737,0.65930,0.70340,0.74053,0.80098,0.86344,0.90609,0.93953,0.90590,0.89949,0.93590,0.91588,0.87650,0.89751,0.91875,0.89022,0.84998,0.80395,0.78391,0.71312,0.70339,0.71081,0.64402,0.63697,0.60505,0.48259,0.41609,0.31907,0.36077,0.42442,0.32228,0.36311,0.43013,0.54240,0.58089,0.63323,0.58266,0.58876,0.53043,0.51771,0.49144,0.57780,0.51614,0.51325,0.62193,0.64555,0.59794,0.68073,0.77116,0.76501,0.79012,0.72281,0.69319,0.75024,0.81112,0.79268,0.84154,0.84090,0.84064,0.78458,0.78228,0.73494,0.72833,0.69387,0.64359,0.61126,0.53507,0.50597,0.42660,0.39066,0.32090,0.26183,0.19568,0.11179,0.08691,0.16223,0.19224,0.24583,0.33821,0.39586,0.41719,0.39778,0.33414,0.37196,0.40273,0.40930,0.48882,0.47174,0.39932,0.36341,0.29172,0.22829,0.21953,0.12901,0.22009,0.31172,0.38214,0.33652,0.35751,0.35745,0.43544,0.48498,0.54926,0.59002,0.66456,0.67650,0.63777,0.63998,0.58294,0.60679,0.53119,0.53839,0.43677,0.37548,0.31463,0.21551,0.13660,0.16608,0.07143,0.04833,-0.04980,-0.06458,0.01590,0.03080,0.15171,0.16344,0.29613,0.34895,0.40968,0.47656,0.51030,0.56640,0.58308,0.65351,0.72355,0.72469,0.67339,0.71147,0.76183,0.78967,0.79104,0.80792,0.83335,0.81877,0.84579,0.79212,0.77791,0.70530,0.62493,0.53142,0.34926,0.18951,0.13978,0.25932,0.04447
0.96686,0.97078,0.97140,0.97634,0.98451,0.98443,0.97541,0.98165,0.98725,0.97203,0.96466,0.94764,0.94069,0.93605,0.92480,0.91153,0.87901,0.86465,0.83395,0.80245,0.80823,0.76886,0.79213,0.80090,0.74531,0.71742,0.75445,0.73152,0.64982,0.65000,0.67156,0.59882,0.53449,0.52574,0.50944,0.30684,0.18056,0.04719,0.24676,0.25525,0.39415,0.52559,0.57677,0.68456,0.74757,0.80125,0.84788,0.87538,0.87062,0.89801,0.89001,0.90157,0.90651,0.91821,0.92853,0.90530,0.87867,0.86003,0.86194,0.84283,0.81096,0.80493,0.76322,0.74027,0.75722,0.72247,0.67640,0.63101,0.61070,0.67712,0.67395,0.71514,0.69906,0.72558,0.76668,0.79651,0.84996,0.89943,0.93091,0.95977,0.93956,0.93373,0.96220,0.95011,0.91895,0.93489,0.95286,0.93158,0.89845,0.85957,0.84410,0.78292,0.77403,0.78036,0.72104,0.71347,0.68555,0.57238,0.51032,0.41650,0.45516,0.51626,0.41821,0.45843,0.52297,0.62820,0.66367,0.71053,0.66253,0.66574,0.60885,0.59529,0.56478,0.64220,0.58224,0.58433,0.68579,0.70209,0.65944,0.74056,0.81616,0.80628,0.81348,0.72229,0.68379,0.72702,0.79787,0.79664,0.85356,0.86800,0.87507,0.83145,0.83346,0.79363,0.79095,0.76220,0.71833,0.68999,0.61995,0.59362,0.51940,0.48446,0.41828,0.36023,0.29580,0.21246,0.18791,0.26288,0.29436,0.34745,0.43677,0.49188,0.51249,0.49387,0.43366,0.47010,0.49903,0.50443,0.57888,0.56194,0.49291,0.45709,0.38712,0.32410,0.31243,0.22109,0.30655,0.39695,0.46225,0.41801,0.44167,0.43853,0.51002,0.56128,0.62384,0.66581,0.73380,0.74595,0.71175,0.71322,0.65948,0.67766,0.60473,0.60787,0.51090,0.44849,0.39207,0.29810,0.22419,0.25712,0.16478,0.14463,0.04632,0.03359,0.11479,0.12868,0.24684,0.25335,0.38332,0.43794,0.49833,0.56339,0.59692,0.65010,0.66631,0.73066,0.79273,0.79383,0.74758,0.78049,0.82373,0.84593,0.84464,0.85560,0.87475,0.85670,0.87341,0.82159,0.79785,0.72988,0.64460,0.54914,0.36963,0.19313,0.12461,0.21395,-0.01338
0.95131,0.95509,0.95538,0.96401,0.97473,0.97343,0.96546,0.97472,0.98056,0.96555,0.96055,0.94324,0.93513,0.92769,0.91488,0.89812,0.86634,0.84878,0.81582,0.78494,0.79459,0.75785,0.78295,0.78859,0.73248,0.70939,0.74565,0.71823,0.63967,0.64407,0.66191,0.58602,0.52612,0.51968,0.49945,0.29748,0.16207,0.03790,0.23783,0.23266,0.36634,0.50145,0.55572,0.66659,0.72794,0.78360,0.82781,0.85809,0.85778,0.88749,0.88278,0.89686,0.90408,0.91703,0.92815,0.90754,0.88162,0.86315,0.86642,0.84865,0.81716,0.81146,0.77186,0.74898,0.76434,0.73139,0.68616,0.64092,0.62006,0.68415,0.67923,0.71789,0.70140,0.72493,0.76696,0.79399,0.84629,0.89220,0.91969,0.94994,0.93472,0.92799,0.95567,0.94733,0.91747,0.93092,0.94907,0.92973,0.89771,0.86159,0.84871,0.79001,0.78104,0.78973,0.73490,0.72892,0.70119,0.59160,0.52947,0.43583,0.46962,0.52969,0.43187,0.47255,0.53759,0.64078,0.67432,0.71791,0.66910,0.67014,0.61141,0.59695,0.56393,0.63692,0.57651,0.58032,0.67981,0.69284,0.65417,0.74006,0.80857,0.79713,0.79473,0.69095,0.64934,0.69258,0.76890,0.76987,0.83184,0.85319,0.86311,0.82388,0.82865,0.79140,0.79290,0.76599,0.72445,0.69797,0.62963,0.60479,0.53268,0.49760,0.43323,0.37427,0.31048,0.22689,0.20374,0.27960,0.31371,0.36888,0.45490,0.50972,0.52867,0.50919,0.45019,0.48509,0.51392,0.51934,0.59171,0.57427,0.50571,0.46817,0.39792,0.33416,0.31946,0.22691,0.30886,0.39976,0.46282,0.41929,0.44575,0.44046,0.50865,0.56220,0.62583,0.67054,0.73795,0.75186,0.71811,0.71805,0.66405,0.67950,0.60542,0.60564,0.50830,0.44359,0.38802,0.29693,0.22641,0.26298,0.17275,0.15553,0.05765,0.04617,0.12636,0.13942,0.25434,0.25687,0.38604,0.44394,0.50542,0.57176,0.60686,0.66004,0.67812,0.74122,0.80040,0.80143,0.75582,0.78681,0.82721,0.84669,0.84304,0.85040,0.86699,0.84534,0.85798,0.80446,0.77603,0.70691,0.61595,0.51663,0.33447,0.14975,0.07904,0.17441,-0.05928
0.94717,0.94951,0.94766,0.95702,0.96769,0.96388,0.95611,0.96476,0.96868,0.95244,0.94741,0.93089,0.92395,0.91632,0.90403,0.88746,0.85552,0.83794,0.80498,0.77443,0.78418,0.74734,0.77215,0.77731,0.72169,0.69810,0.73342,0.70640,0.62830,0.63185,0.64899,0.57356,0.51344,0.50556,0.48633,0.28746,0.15919,0.03776,0.22884,0.20796,0.34958,0.48903,0.54374,0.65426,0.71730,0.77262,0.81831,0.84764,0.84639,0.87599,0.87064,0.88407,0.89107,0.90315,0.91395,0.89210,0.86582,0.84732,0.84981,0.83090,0.79960,0.79380,0.75304,0.73033,0.74688,0.71298,0.66666,0.62166,0.60147,0.66632,0.66253,0.70272,0.68589,0.71020,0.75248,0.77888,0.83087,0.87775,0.90643,0.93683,0.92029,0.91431,0.94238,0.93294,0.90314,0.91719,0.93489,0.91298,0.88044,0.84485,0.82987,0.76742,0.75626,0.76395,0.70881,0.70204,0.67562,0.56601,0.50456,0.40971,0.44283,0.50517,0.40879,0.44952,0.51356,0.61680,0.65200,0.69701,0.64918,0.65218,0.59435,0.58103,0.54912,0.62214,0.56137,0.56371,0.66349,0.67717,0.63887,0.72493,0.79360,0.78267,0.78234,0.67834,0.64083,0.68661,0.76288,0.76108,0.82212,0.84160,0.85007,0.81023,0.81441,0.77720,0.77876,0.75037,0.70665,0.67903,0.60988,0.58429,0.51153,0.47666,0.41148,0.35335,0.28942,0.20741,0.18398,0.25815,0.29201,0.34589,0.43075,0.48389,0.50310,0.48466,0.42656,0.46103,0.49067,0.49674,0.56955,0.55259,0.48402,0.44780,0.37765,0.31479,0.30161,0.21022,0.29312,0.38418,0.44816,0.40530,0.43121,0.42660,0.49491,0.54776,0.61122,0.65558,0.72460,0.73794,0.70126,0.70217,0.64811,0.66520,0.59087,0.59291,0.49475,0.43042,0.37334,0.28202,0.21089,0.24668,0.15693,0.13903,0.04285,0.02992,0.10814,0.12109,0.23535,0.23990,0.36853,0.42573,0.48596,0.55217,0.58562,0.63856,0.65585,0.72013,0.78062,0.78216,0.73680,0.76997,0.81171,0.83233,0.82963,0.83748,0.85432,0.83304,0.84668,0.79394,0.76646,0.69604,0.60664,0.50646,0.32513,0.14235,0.08629,0.18258,-0.04897
0.96805,0.96973,0.96537,0.97026,0.97858,0.97384,0.96390,0.96823,0.96991,0.95171,0.94280,0.92726,0.92213,0.91861,0.90788,0.89532,0.86113,0.84825,0.81859,0.78587,0.78965,0.74831,0.77094,0.78151,0.72572,0.69503,0.73203,0.71219,0.62909,0.62663,0.65012,0.57924,0.51230,0.50131,0.48791,0.28072,0.16066,0.02422,0.22432,0.22968,0.37947,0.51462,0.56397,0.67089,0.73538,0.78649,0.83706,0.86154,0.85350,0.88030,0.86980,0.88065,0.88422,0.89465,0.90424,0.87872,0.85119,0.83214,0.83299,0.81211,0.78039,0.77429,0.73069,0.70778,0.72631,0.69013,0.64230,0.59704,0.57764,0.64570,0.64394,0.68748,0.67095,0.69939,0.74297,0.77583,0.83102,0.88410,0.91687,0.94664,0.92215,0.91568,0.94509,0.93035,0.89742,0.91387,0.93044,0.90603,0.87197,0.83333,0.81434,0.74719,0.73530,0.74111,0.68036,0.67255,0.64634,0.53257,0.46993,0.37555,0.41390,0.47738,0.37962,0.41921,0.48260,0.58842,0.62602,0.67527,0.62823,0.63418,0.57774,0.56568,0.53745,0.61814,0.55948,0.55768,0.65983,0.68046,0.64035,0.72332,0.80123,0.79556,0.80684,0.72238,0.68931,0.73558,0.80110,0.79516,0.84784,0.85663,0.85888,0.81217,0.81176,0.76939,0.76468,0.73413,0.68696,0.65689,0.58502,0.55747,0.48205,0.44750,0.38020,0.32286,0.25818,0.17642,0.15111,0.22461,0.25627,0.30883,0.39586,0.44935,0.46959,0.45160,0.39123,0.42698,0.45808,0.46478,0.54020,0.52424,0.45516,0.42067,0.35065,0.28883,0.27854,0.18776,0.27551,0.36568,0.43306,0.38909,0.41141,0.40931,0.48235,0.53299,0.59631,0.63841,0.70860,0.72059,0.68321,0.68442,0.63040,0.65022,0.57621,0.58216,0.48415,0.42334,0.36392,0.26782,0.19198,0.22359,0.13115,0.11072,0.01434,-0.00105,0.07962,0.09479,0.21115,0.22047,0.35044,0.40451,0.46366,0.52858,0.56032,0.61295,0.62861,0.69500,0.75948,0.76095,0.71481,0.75058,0.79620,0.82090,0.82097,0.83412,0.85549,0.83924,0.85966,0.80943,0.79011,0.72188,0.63907,0.54472,0.36562,0.18691,0.13246,0.22119,-0.00983
0.98060,0.98069,0.97561,0.97899,0.98540,0.97932,0.96857,0.97117,0.97099,0.95118,0.94065,0.92524,0.92138,0.92007,0.91052,0.90065,0.86533,0.85570,0.82800,0.79471,0.79492,0.75074,0.77152,0.78488,0.72925,0.69392,0.73128,0.71540,0.62940,0.62271,0.64929,0.58088,0.50953,0.49613,0.48613,0.27954,0.16798,0.02464,0.22291,0.23659,0.39182,0.52538,0.57251,0.67770,0.74441,0.79413,0.84768,0.86960,0.85748,0.88264,0.86898,0.87785,0.87965,0.88892,0.89793,0.86970,0.84104,0.82160,0.82129,0.79870,0.76635,0.75990,0.71382,0.69073,0.71089,0.67288,0.62381,0.57827,0.55937,0.62985,0.62953,0.67560,0.65911,0.69003,0.73324,0.76889,0.82533,0.88264,0.91941,0.94872,0.91908,0.91367,0.94465,0.92581,0.89125,0.91059,0.92688,0.89973,0.86429,0.82286,0.80134,0.73076,0.71800,0.72207,0.65726,0.64819,0.62192,0.50477,0.44192,0.34679,0.38814,0.45337,0.35521,0.39472,0.45791,0.56625,0.60571,0.65795,0.61124,0.61948,0.56419,0.55310,0.52793,0.61270,0.55401,0.54928,0.65385,0.67818,0.63442,0.71472,0.79952,0.79498,0.81546,0.74296,0.71311,0.76208,0.82310,0.81307,0.86077,0.86276,0.86162,0.81050,0.80726,0.76241,0.75457,0.72187,0.67199,0.64003,0.56604,0.53709,0.45966,0.42504,0.35572,0.29878,0.23328,0.15180,0.12539,0.19803,0.22756,0.27849,0.36779,0.42123,0.44272,0.42594,0.36408,0.40056,0.43289,0.44037,0.51789,0.50239,0.43247,0.39913,0.32891,0.26778,0.25985,0.17030,0.26161,0.35192,0.42206,0.37780,0.39785,0.39785,0.47386,0.52236,0.58489,0.62455,0.69565,0.70614,0.66806,0.67047,0.61651,0.63920,0.56601,0.57457,0.47650,0.41732,0.35613,0.25740,0.17818,0.20681,0.11263,0.09002,-0.00765,-0.02456,0.05702,0.07268,0.19133,0.20455,0.33550,0.38709,0.44533,0.50986,0.54039,0.59334,0.60787,0.67613,0.74364,0.74529,0.69809,0.73615,0.78486,0.81225,0.81444,0.83087,0.85478,0.84156,0.86608,0.81695,0.80237,0.73417,0.65536,0.56380,0.38537,0.21649,0.16296,0.25566,0.03021
0.98670,0.98613,0.97891,0.97851,0.98267,0.97516,0.96265,0.96248,0.96000,0.93771,0.92441,0.90935,0.90709,0.90919,0.90099,0.89458,0.85741,0.85237,0.82755,0.79294,0.78778,0.73959,0.75797,0.77590,0.72032,0.67890,0.71699,0.70693,0.61737,0.60540,0.63647,0.57233,0.49527,0.47947,0.47412,0.26483,0.16076,0.00723,0.20870,0.24432,0.40334,0.53238,0.57526,0.67708,0.74557,0.79227,0.85002,0.86806,0.85005,0.87291,0.85491,0.86149,0.86068,0.86860,0.87694,0.84555,0.81573,0.79564,0.79411,0.77002,0.73705,0.73025,0.68203,0.65871,0.68023,0.64036,0.59010,0.54437,0.52616,0.59893,0.60019,0.64897,0.63255,0.66654,0.71028,0.75084,0.80978,0.87247,0.91342,0.94259,0.90602,0.90069,0.93366,0.90974,0.87233,0.89461,0.91050,0.88065,0.84352,0.79870,0.77453,0.70066,0.68770,0.69094,0.62149,0.61181,0.58511,0.46460,0.40126,0.30682,0.35190,0.41734,0.31870,0.35741,0.41999,0.53013,0.57098,0.62636,0.58015,0.59040,0.53642,0.52635,0.50434,0.59471,0.53757,0.52954,0.63585,0.66570,0.61925,0.69650,0.79002,0.78890,0.81998,0.76436,0.73825,0.79013,0.84343,0.82810,0.86823,0.86102,0.85456,0.79747,0.79041,0.74187,0.72934,0.69453,0.64198,0.60826,0.53228,0.50205,0.42305,0.38859,0.31779,0.26162,0.19609,0.11526,0.08797,0.15960,0.18713,0.23671,0.32752,0.38148,0.40379,0.38751,0.32470,0.36193,0.39455,0.40220,0.48108,0.46624,0.39608,0.36409,0.29441,0.23429,0.22850,0.14063,0.23492,0.32416,0.39682,0.35221,0.36940,0.37148,0.45064,0.49679,0.55868,0.59602,0.66725,0.67688,0.63876,0.64142,0.58763,0.61252,0.54027,0.55185,0.45486,0.39854,0.33585,0.23432,0.15172,0.17643,0.08083,0.05624,-0.04096,-0.05959,0.02337,0.04043,0.15995,0.17675,0.30779,0.35637,0.41369,0.47697,0.50631,0.55903,0.57244,0.64226,0.71284,0.71466,0.66645,0.70632,0.75827,0.78891,0.79346,0.81426,0.84183,0.83278,0.86308,0.81568,0.80832,0.74142,0.66848,0.58186,0.40589,0.24433,0.19388,0.28911,0.06810
0.99266,0.99106,0.98577,0.98594,0.98784,0.98048,0.97029,0.96904,0.96468,0.94433,0.93168,0.91872,0.91798,0.92102,0.91415,0.90951,0.87474,0.87170,0.84850,0.81634,0.81043,0.76321,0.77935,0.79709,0.74421,0.70211,0.73802,0.72973,0.64227,0.62811,0.65881,0.59724,0.51986,0.50322,0.49921,0.29722,0.19955,0.04494,0.23960,0.27014,0.42864,0.55698,0.59958,0.69897,0.76673,0.81231,0.86826,0.88489,0.86660,0.88747,0.86911,0.87391,0.87217,0.87829,0.88538,0.85381,0.82495,0.80573,0.80305,0.77852,0.74683,0.73999,0.69148,0.66905,0.69132,0.65109,0.60135,0.55684,0.53964,0.61243,0.61487,0.66415,0.64819,0.68258,0.72384,0.76301,0.81945,0.88098,0.92184,0.94806,0.91163,0.90853,0.93972,0.91470,0.87986,0.90339,0.91754,0.88738,0.85174,0.80748,0.78224,0.70805,0.69383,0.69410,0.62333,0.61136,0.58650,0.46643,0.40572,0.31141,0.35836,0.42546,0.32925,0.36760,0.42851,0.53825,0.58030,0.63692,0.59262,0.60463,0.55324,0.54395,0.52462,0.61472,0.55756,0.54782,0.65358,0.68381,0.63455,0.70763,0.80128,0.79900,0.83257,0.77818,0.75335,0.80443,0.85879,0.84492,0.88316,0.87471,0.86829,0.81236,0.80436,0.75716,0.74340,0.70802,0.65486,0.62055,0.54485,0.51396,0.43491,0.40108,0.32940,0.27442,0.20889,0.12913,0.10166,0.17154,0.19644,0.24295,0.33451,0.38633,0.40985,0.39634,0.33360,0.37030,0.40376,0.41236,0.49141,0.47740,0.40786,0.37754,0.30866,0.24981,0.24607,0.16010,0.25608,0.34502,0.41910,0.37546,0.39115,0.39479,0.47415,0.51755,0.57672,0.61058,0.67971,0.68762,0.65035,0.65475,0.60287,0.62915,0.56032,0.57317,0.47849,0.42330,0.36007,0.25838,0.17432,0.19722,0.10080,0.07429,-0.02482,-0.04374,0.03938,0.05632,0.17702,0.19657,0.32700,0.37312,0.42878,0.49078,0.51815,0.56974,0.58138,0.65079,0.72146,0.72374,0.67672,0.71730,0.76971,0.80103,0.80711,0.82874,0.85584,0.84875,0.87884,0.83368,0.82707,0.76157,0.69163,0.60652,0.43365,0.27918,0.22710,0.31527,0.09792
0.99740,0.99573,0.99308,0.99321,0.99354,0.98829,0.97984,0.97704,0.97294,0.95554,0.94313,0.93188,0.93186,0.93553,0.92989,0.92615,0.89358,0.89068,0.86877,0.83795,0.83194,0.78629,0.80161,0.81931,0.76843,0.72701,0.76225,0.75460,0.66885,0.65464,0.68502,0.62488,0.54877,0.53127,0.52795,0.32850,0.23307,0.07949,0.27209,0.29577,0.45515,0.58344,0.62668,0.72380,0.79010,0.83438,0.88729,0.90323,0.88594,0.90506,0.88721,0.89058,0.88799,0.89297,0.89893,0.86779,0.84044,0.82263,0.81885,0.79427,0.76428,0.75771,0.70946,0.68805,0.71095,0.67085,0.62175,0.57866,0.56253,0.63476,0.63828,0.68747,0.67182,0.70607,0.74510,0.78279,0.83654,0.89550,0.93512,0.95844,0.92372,0.92194,0.95056,0.92616,0.89391,0.91661,0.92920,0.89953,0.86600,0.82341,0.79722,0.72326,0.70794,0.70551,0.63459,0.62108,0.59837,0.47977,0.42137,0.32738,0.37533,0.44354,0.34993,0.38807,0.44694,0.55551,0.59873,0.65599,0.61385,0.62760,0.57847,0.57040,0.55185,0.64051,0.58421,0.57403,0.67796,0.70787,0.65878,0.72802,0.81957,0.81654,0.84983,0.79236,0.76828,0.81491,0.87053,0.86092,0.89938,0.89198,0.88603,0.83217,0.82388,0.77843,0.76414,0.72910,0.67594,0.64144,0.56670,0.53549,0.45677,0.42363,0.35173,0.29811,0.23255,0.15384,0.12515,0.19340,0.21656,0.26057,0.35245,0.40216,0.42693,0.41513,0.35273,0.38941,0.42357,0.43270,0.51165,0.49851,0.42994,0.40143,0.33320,0.27573,0.27362,0.18905,0.28566,0.37412,0.44800,0.40496,0.41970,0.42398,0.50303,0.54506,0.60318,0.63537,0.70370,0.71054,0.67296,0.67811,0.62767,0.65472,0.58693,0.60074,0.50721,0.45310,0.39042,0.28924,0.20499,0.22660,0.12994,0.10194,0.00266,-0.01668,0.06565,0.08188,0.20416,0.22547,0.35528,0.39984,0.45363,0.51414,0.53942,0.58978,0.59943,0.66778,0.73774,0.74040,0.69523,0.73633,0.78823,0.81955,0.82652,0.84819,0.87430,0.86814,0.89691,0.85421,0.84676,0.78322,0.71518,0.63042,0.46004,0.30433,0.25164,0.33150,0.11543
