# 788,789,790,791,792,793,794,795,796,797,798,799,800,801,802,803,804,805,806,807,808,809,810,811,812,813,814,815,816,817,818,819,820,821,822,823,824,825,826,827,828,829,830,831,832,833,834,835,836,837,838,839,840,841,842,843,844,845,846,847,848,849,850,851,852,853,854,855,856,857,858,859,860,861,862,863,864,865,866,867,868,869,870,871,872,873,874,875,876,877,878,879,880,881,882,883,884,885,886,887,888,889,890,891,892,893,894,895,896,897,898,899,900,901,902,903,904,905,906,907,908,909,910,911,912,913,914,915,916,917,918,919,920,921,922,923,924,925,926,927,928,929,930,931,932,933,934,935,936,937,938,939,940,941,942,943,944,945,946,947,948,949,950,951,952,953,954,955,956,957,958,959,960,961,962,963,964,965,966,967,968,969,970,971,972,973,974,975,976,977,978,979,980,981,982,983,984,985,986,987,988,989,990,991,992,993,994,995,996,997,998,999,1000,1001,1002,1003,1004,1005,1006,1007,1008,1009,1010,1011,1012,1013,1014
0.99251,0.98859,0.99126,0.98693,0.98231,0.97918,0.97006,0.96149,0.95171,0.93411,0.91742,0.90505,0.90411,0.89950,0.88580,0.87087,0.83555,0.83057,0.81458,0.78684,0.76566,0.71560,0.71822,0.73387,0.68160,0.64253,0.66436,0.66184,0.59598,0.57184,0.59304,0.56088,0.49774,0.47061,0.48216,0.39727,0.42017,0.39744,0.41799,0.41823,0.49903,0.57450,0.59764,0.65633,0.71750,0.75389,0.81751,0.84048,0.81909,0.84962,0.83053,0.84587,0.84561,0.85783,0.87154,0.82487,0.78383,0.75963,0.75546,0.71516,0.67219,0.66687,0.59123,0.56175,0.60073,0.54809,0.48695,0.44524,0.43240,0.50735,0.51167,0.57664,0.55130,0.58877,0.63116,0.67858,0.75137,0.83887,0.89276,0.92130,0.87462,0.86647,0.91950,0.88763,0.83794,0.87936,0.90193,0.85570,0.79270,0.70027,0.62595,0.54073,0.50525,0.46466,0.27108,0.16818,0.17134,-0.05741,-0.03924,-0.10901,0.15943,0.17902,0.10308,0.13047,0.14190,0.29001,0.38492,0.48962,0.44948,0.48466,0.45209,0.44908,0.45328,0.52797,0.47942,0.40625,0.53479,0.60541,0.54405,0.61054,0.72665,0.72994,0.76392,0.74268,0.74808,0.82548,0.84939,0.80941,0.84219,0.82509,0.82066,0.75107,0.73859,0.68691,0.66897,0.62673,0.55072,0.50287,0.41948,0.37831,0.27954,0.25024,0.17089,0.14625,0.11323,0.06056,0.02277,0.03580,-0.01633,0.05000,0.09406,0.08265,0.10551,0.14160,0.09876,0.16488,0.17108,0.21576,0.31249,0.30874,0.24219,0.23748,0.18758,0.16328,0.17735,0.14546,0.23273,0.29939,0.37396,0.35439,0.35388,0.37213,0.43325,0.45414,0.50224,0.52565,0.58921,0.59996,0.54564,0.55541,0.50555,0.53416,0.47842,0.49203,0.43428,0.41155,0.34553,0.26936,0.19456,0.18424,0.11688,0.07690,0.01097,-0.03674,0.00672,0.01475,0.11188,0.16949,0.25897,0.28135,0.30337,0.35778,0.35586,0.40330,0.39133,0.49325,0.60868,0.61786,0.55900,0.63156,0.70744,0.74635,0.75548,0.77738,0.80970,0.80463,0.82934,0.77303,0.77505,0.71645,0.68560,0.63919,0.56846,0.55238,0.65483,0.63314,0.66955
0.98633,0.98199,0.99464,0.99386,0.98587,0.98696,0.98549,0.97695,0.96721,0.95862,0.94487,0.93759,0.93753,0.93396,0.92225,0.90870,0.87796,0.87185,0.85653,0.83117,0.81442,0.76960,0.77272,0.78639,0.73793,0.70221,0.72259,0.71917,0.65753,0.63535,0.65477,0.62352,0.56373,0.53826,0.54822,0.46483,0.48471,0.46292,0.48377,0.48155,0.55892,0.63239,0.65536,0.71156,0.76809,0.80267,0.85929,0.88066,0.86315,0.89080,0.87473,0.88842,0.88792,0.89724,0.90694,0.86481,0.83003,0.80916,0.80357,0.76539,0.72801,0.72320,0.65150,0.62481,0.66278,0.61241,0.55422,0.51499,0.50285,0.57509,0.57935,0.64124,0.61688,0.65182,0.69116,0.73532,0.80161,0.87895,0.92555,0.94908,0.91064,0.90433,0.94710,0.91657,0.87737,0.91476,0.93010,0.88647,0.83566,0.75171,0.67909,0.59646,0.56032,0.51082,0.31708,0.20628,0.22273,0.00074,0.02601,-0.04275,0.22396,0.24549,0.17315,0.20160,0.21028,0.35426,0.45128,0.55514,0.51781,0.55228,0.52103,0.51848,0.52184,0.59337,0.54589,0.47639,0.60012,0.66566,0.60702,0.67038,0.77729,0.77804,0.80787,0.78309,0.78657,0.85309,0.87871,0.84825,0.87937,0.86598,0.86410,0.80214,0.79131,0.74429,0.72767,0.68839,0.61612,0.57013,0.48961,0.44922,0.35211,0.32305,0.24372,0.21950,0.18636,0.13379,0.09470,0.10857,0.05656,0.11836,0.16316,0.14860,0.17190,0.21114,0.16917,0.23455,0.24066,0.28728,0.38279,0.37980,0.31445,0.31050,0.26079,0.23700,0.25100,0.21914,0.30561,0.37195,0.44502,0.42597,0.42606,0.44347,0.50250,0.52316,0.56968,0.59251,0.65255,0.66256,0.61156,0.62129,0.57342,0.60033,0.54644,0.55916,0.50303,0.48036,0.41616,0.34184,0.26774,0.25774,0.19007,0.15025,0.08245,0.03587,0.08010,0.08813,0.18489,0.24217,0.33134,0.35411,0.37563,0.42953,0.42684,0.47220,0.45771,0.55534,0.66536,0.67509,0.62150,0.69178,0.76282,0.79895,0.80766,0.82721,0.85569,0.85016,0.87121,0.81971,0.81965,0.76568,0.73554,0.69075,0.62316,0.60501,0.69435,0.66413,0.70016
0.96934,0.96434,0.98594,0.98780,0.97652,0.98169,0.98704,0.97735,0.96731,0.96748,0.95577,0.95413,0.95624,0.95482,0.94625,0.93549,0.90905,0.90249,0.88890,0.86519,0.85140,0.81163,0.81421,0.82696,0.78282,0.74933,0.76769,0.76471,0.70731,0.68571,0.70368,0.67463,0.61763,0.59258,0.60175,0.52089,0.53926,0.51808,0.53867,0.53441,0.60903,0.68055,0.70328,0.75608,0.80876,0.84100,0.89169,0.91069,0.89560,0.91929,0.90505,0.91575,0.91369,0.91862,0.92387,0.88434,0.85514,0.83820,0.82990,0.79250,0.76138,0.75732,0.68889,0.66556,0.70385,0.65507,0.59981,0.56418,0.55368,0.62334,0.62900,0.68891,0.66505,0.69780,0.73268,0.77474,0.83417,0.90313,0.94444,0.96182,0.92869,0.92521,0.95792,0.92477,0.89644,0.93211,0.93926,0.89492,0.85627,0.77928,0.70585,0.62408,0.58700,0.52743,0.33266,0.21364,0.24346,0.03062,0.06448,-0.00142,0.26176,0.28743,0.22143,0.24920,0.25286,0.39122,0.49161,0.59676,0.56464,0.60037,0.57218,0.57148,0.57517,0.64403,0.59854,0.53074,0.64883,0.71134,0.65470,0.71295,0.81236,0.81085,0.83879,0.81075,0.81534,0.87274,0.89910,0.87732,0.90672,0.89510,0.89420,0.83804,0.82776,0.78495,0.76802,0.73152,0.66125,0.61627,0.53879,0.49858,0.40358,0.37501,0.29454,0.27272,0.24025,0.18913,0.14940,0.16421,0.11062,0.16445,0.21012,0.19197,0.21506,0.25778,0.21722,0.28134,0.28673,0.33570,0.42935,0.42773,0.36483,0.36383,0.31586,0.29425,0.30910,0.27843,0.36459,0.43000,0.50196,0.48401,0.48392,0.50163,0.55874,0.57797,0.62242,0.64373,0.70049,0.70865,0.65949,0.66952,0.62440,0.65078,0.59955,0.61304,0.55905,0.53694,0.47383,0.40150,0.32776,0.31705,0.24949,0.20880,0.13972,0.09393,0.13812,0.14584,0.24156,0.29958,0.38780,0.40989,0.42963,0.48127,0.47574,0.51728,0.49817,0.59139,0.69700,0.70799,0.66069,0.73066,0.79837,0.83314,0.84330,0.86203,0.88736,0.88286,0.90168,0.85532,0.85454,0.80474,0.77673,0.73385,0.67016,0.65168,0.73020,0.69575,0.73135
0.95481,0.94904,0.97816,0.98271,0.96828,0.97632,0.98859,0.97829,0.96711,0.97526,0.96604,0.97012,0.97355,0.97391,0.96766,0.95907,0.93692,0.92987,0.91648,0.89599,0.88604,0.85066,0.85346,0.86491,0.82472,0.79425,0.81158,0.80841,0.75541,0.73566,0.75232,0.72486,0.67145,0.64813,0.65649,0.57812,0.59417,0.57434,0.59482,0.58937,0.66054,0.72850,0.75020,0.79983,0.84721,0.87669,0.92059,0.93751,0.92564,0.94618,0.93384,0.94222,0.93933,0.94113,0.94210,0.90688,0.88429,0.87085,0.86075,0.82549,0.80027,0.79631,0.73212,0.71207,0.74929,0.70290,0.65094,0.61824,0.60909,0.67572,0.68200,0.73867,0.71640,0.74720,0.77909,0.81783,0.87111,0.93092,0.96509,0.97683,0.95050,0.94856,0.97094,0.93973,0.92121,0.95208,0.95176,0.91070,0.88388,0.81580,0.74364,0.66553,0.62778,0.56000,0.36770,0.24338,0.28478,0.08089,0.12115,0.05701,0.31744,0.34599,0.28422,0.31182,0.31240,0.44420,0.54468,0.64811,0.61975,0.65473,0.62853,0.62797,0.63153,0.69687,0.65323,0.58890,0.70114,0.75965,0.70604,0.76041,0.85126,0.84834,0.87275,0.84409,0.84683,0.89337,0.91892,0.90559,0.93175,0.92379,0.92440,0.87567,0.86635,0.82765,0.81145,0.77756,0.71124,0.66787,0.59415,0.55473,0.46248,0.43592,0.35719,0.33648,0.30452,0.25435,0.21429,0.22795,0.17438,0.22258,0.26818,0.24590,0.26880,0.31490,0.27516,0.33764,0.34293,0.39403,0.48584,0.48590,0.42555,0.42542,0.37866,0.35808,0.37307,0.34340,0.42792,0.49169,0.56115,0.54377,0.54338,0.56037,0.61531,0.63393,0.67609,0.69591,0.74848,0.75534,0.70954,0.71979,0.67775,0.70274,0.65423,0.66708,0.61561,0.59450,0.53394,0.46385,0.39170,0.38135,0.31445,0.27400,0.20410,0.15918,0.20357,0.21114,0.30648,0.36398,0.45027,0.47164,0.49080,0.54031,0.53387,0.57226,0.55035,0.63804,0.73760,0.74853,0.70734,0.77422,0.83720,0.86968,0.87971,0.89683,0.91903,0.91476,0.93033,0.88937,0.88774,0.84316,0.81631,0.77607,0.71607,0.69700,0.76378,0.72405,0.75740
0.93479,0.92806,0.96341,0.96855,0.95015,0.96076,0.97847,0.96546,0.95205,0.96735,0.95865,0.96945,0.97597,0.97954,0.97701,0.97239,0.95419,0.94810,0.93621,0.91843,0.90953,0.87751,0.87887,0.89079,0.85480,0.82571,0.84160,0.84014,0.79074,0.77098,0.78746,0.76294,0.71181,0.68853,0.69771,0.62252,0.63839,0.62022,0.64008,0.63413,0.70337,0.76800,0.78839,0.83362,0.87723,0.90294,0.94194,0.95591,0.94489,0.96085,0.94860,0.95294,0.94715,0.94400,0.93975,0.90575,0.88900,0.87960,0.86566,0.83040,0.81186,0.80834,0.74632,0.73026,0.76879,0.72358,0.67454,0.64618,0.63988,0.70412,0.71291,0.76830,0.74716,0.77717,0.80498,0.84248,0.88980,0.94388,0.97377,0.97815,0.95420,0.95469,0.96774,0.93389,0.92453,0.95316,0.94445,0.90284,0.88664,0.82513,0.74957,0.67267,0.63308,0.55428,0.36147,0.23067,0.28441,0.09097,0.14062,0.08078,0.33919,0.37300,0.31866,0.34392,0.33817,0.46224,0.56493,0.66992,0.64827,0.68543,0.66361,0.66471,0.67026,0.73328,0.69249,0.62841,0.73444,0.79228,0.74119,0.78937,0.87532,0.87253,0.89690,0.86900,0.87417,0.91295,0.93566,0.92836,0.95091,0.94299,0.94257,0.89823,0.88764,0.85183,0.83366,0.80146,0.73638,0.69296,0.62288,0.58302,0.49354,0.46930,0.39128,0.37418,0.34375,0.29632,0.25643,0.26795,0.21056,0.25197,0.29700,0.26957,0.29192,0.34151,0.30253,0.36285,0.36773,0.42187,0.51136,0.51445,0.45805,0.46235,0.41875,0.40054,0.41757,0.39023,0.47383,0.53518,0.60314,0.58702,0.58527,0.60283,0.65611,0.67265,0.71213,0.72941,0.77856,0.78239,0.73794,0.74908,0.71082,0.73623,0.69097,0.70522,0.65671,0.63739,0.57835,0.51035,0.43919,0.42774,0.36175,0.32041,0.25080,0.20584,0.24927,0.25616,0.35096,0.40970,0.49349,0.51260,0.52926,0.57426,0.56370,0.59674,0.56900,0.65118,0.74682,0.75839,0.72457,0.79204,0.85276,0.88551,0.89791,0.91572,0.93611,0.93472,0.94939,0.91372,0.91358,0.87374,0.84993,0.81279,0.75679,0.73923,0.79903,0.75853,0.79095
0.93701,0.93067,0.96477,0.96781,0.94905,0.95961,0.97529,0.96046,0.94645,0.96064,0.94984,0.96077,0.96824,0.97312,0.97113,0.96790,0.94871,0.94354,0.93245,0.91409,0.90281,0.86916,0.86965,0.88329,0.84704,0.81639,0.83265,0.83274,0.78212,0.76091,0.77870,0.75507,0.70238,0.67800,0.68895,0.61412,0.63263,0.61392,0.63371,0.63016,0.70000,0.76481,0.78450,0.82916,0.87362,0.89842,0.93921,0.95276,0.93961,0.95490,0.94058,0.94384,0.93640,0.93232,0.92761,0.89091,0.87334,0.86363,0.84824,0.81135,0.79286,0.78903,0.72468,0.70909,0.74950,0.70286,0.65323,0.62572,0.62064,0.68610,0.69661,0.75400,0.73275,0.76433,0.79226,0.83215,0.88125,0.93918,0.97111,0.97499,0.94730,0.94712,0.96148,0.92480,0.91348,0.94373,0.93484,0.89035,0.87236,0.80868,0.73020,0.65110,0.61050,0.53077,0.33570,0.20478,0.25830,0.06419,0.11472,0.05585,0.31722,0.35114,0.29773,0.32166,0.31401,0.43790,0.54190,0.64997,0.62989,0.66909,0.64876,0.65027,0.65771,0.72228,0.68200,0.61563,0.72246,0.78403,0.73283,0.77996,0.86937,0.86862,0.89600,0.87127,0.87831,0.92033,0.94062,0.93000,0.95111,0.94070,0.93779,0.89059,0.87774,0.84013,0.81969,0.78608,0.71850,0.67309,0.60237,0.56111,0.47076,0.44750,0.36900,0.35369,0.32388,0.27777,0.23799,0.24848,0.18930,0.23018,0.27434,0.24655,0.26729,0.31639,0.27635,0.33677,0.34110,0.39688,0.48717,0.49176,0.43629,0.44263,0.40032,0.38283,0.40156,0.37577,0.46018,0.52091,0.58979,0.57366,0.57079,0.58923,0.64356,0.65917,0.69860,0.71507,0.76509,0.76785,0.72151,0.73330,0.69545,0.72247,0.67720,0.69299,0.64467,0.62631,0.56648,0.49768,0.42573,0.41287,0.34664,0.30462,0.23606,0.18985,0.23284,0.24027,0.33522,0.39551,0.47884,0.49646,0.51189,0.55556,0.54316,0.57470,0.54483,0.62760,0.72576,0.73708,0.70355,0.77395,0.83713,0.87223,0.88638,0.90636,0.92857,0.92902,0.94586,0.90978,0.91194,0.87200,0.84936,0.81275,0.75672,0.74047,0.80536,0.76778,0.80122
0.91120,0.90379,0.94576,0.95118,0.92858,0.94236,0.96548,0.94946,0.93391,0.95679,0.94883,0.96650,0.97571,0.98251,0.98306,0.98242,0.96869,0.96387,0.95374,0.93884,0.93062,0.90196,0.90242,0.91492,0.88341,0.85626,0.87089,0.87110,0.82578,0.80658,0.82275,0.80112,0.75295,0.73043,0.74037,0.66928,0.68551,0.66736,0.68723,0.68183,0.74782,0.80840,0.82684,0.86729,0.90615,0.92777,0.96092,0.97192,0.96193,0.97341,0.96138,0.96185,0.95327,0.94558,0.93590,0.90378,0.89369,0.88807,0.87037,0.83615,0.82458,0.82111,0.76203,0.75024,0.78935,0.74597,0.70038,0.67669,0.67332,0.73463,0.74572,0.79909,0.77968,0.80869,0.83286,0.86866,0.91034,0.95819,0.98226,0.97886,0.95846,0.96046,0.96366,0.92920,0.92860,0.95355,0.93666,0.89617,0.89053,0.83710,0.75971,0.68512,0.64415,0.55542,0.36374,0.22746,0.29375,0.11151,0.16986,0.11481,0.36915,0.40745,0.36006,0.38273,0.37083,0.48703,0.59053,0.69585,0.68079,0.71928,0.70175,0.70384,0.71126,0.77118,0.73366,0.67124,0.77041,0.82702,0.77991,0.82152,0.90104,0.89907,0.92288,0.89678,0.90266,0.93341,0.95308,0.95089,0.96898,0.96176,0.96012,0.92097,0.90912,0.87643,0.85666,0.82643,0.76348,0.72045,0.65476,0.61483,0.52893,0.50748,0.43123,0.41779,0.38885,0.34470,0.30487,0.31393,0.25295,0.28963,0.33275,0.30050,0.32135,0.37373,0.33572,0.39350,0.39842,0.45510,0.54153,0.54773,0.49585,0.50429,0.46415,0.44783,0.46674,0.44218,0.52377,0.58191,0.64747,0.63229,0.62935,0.64688,0.69803,0.71263,0.74916,0.76369,0.80907,0.81033,0.76755,0.77949,0.74535,0.77084,0.72913,0.74411,0.69906,0.68183,0.62535,0.55992,0.49090,0.47827,0.41404,0.37279,0.30440,0.25939,0.30184,0.30855,0.40152,0.46068,0.54101,0.55782,0.57169,0.61236,0.59825,0.62541,0.59241,0.66816,0.75851,0.77005,0.74420,0.81146,0.86890,0.90138,0.91550,0.93368,0.95219,0.95332,0.96681,0.93720,0.93835,0.90428,0.88331,0.84982,0.79797,0.78096,0.83352,0.79063,0.82247
0.92644,0.91973,0.95804,0.96460,0.94557,0.95753,0.97820,0.96556,0.95223,0.97100,0.96417,0.97685,0.98308,0.98675,0.98427,0.97998,0.96389,0.95749,0.94563,0.92938,0.92238,0.89243,0.89442,0.90557,0.87132,0.84432,0.85977,0.85768,0.81062,0.79253,0.80802,0.78359,0.73484,0.71328,0.72152,0.64757,0.66230,0.64371,0.66391,0.65748,0.72461,0.78716,0.80675,0.85082,0.89176,0.91646,0.95165,0.96510,0.95588,0.97087,0.96021,0.96436,0.95900,0.95561,0.95001,0.91901,0.90553,0.89709,0.88315,0.85020,0.83380,0.83023,0.77108,0.75607,0.79300,0.74971,0.70227,0.67474,0.66855,0.73086,0.73907,0.79209,0.77206,0.80069,0.82790,0.86338,0.90832,0.95761,0.98296,0.98526,0.96583,0.96647,0.97520,0.94468,0.93880,0.96388,0.95277,0.91468,0.90291,0.84630,0.77319,0.69996,0.66111,0.58055,0.39009,0.25842,0.31692,0.12719,0.17809,0.11907,0.37424,0.40862,0.35476,0.38017,0.37429,0.49612,0.59694,0.69911,0.67799,0.71354,0.69160,0.69191,0.69669,0.75724,0.71709,0.65584,0.75941,0.81424,0.76564,0.81276,0.89337,0.89000,0.91148,0.88297,0.88568,0.91959,0.94230,0.93824,0.95961,0.95412,0.95503,0.91485,0.90517,0.87155,0.85492,0.82433,0.76230,0.72047,0.65254,0.61364,0.52620,0.50276,0.42641,0.40890,0.37857,0.33147,0.29142,0.30286,0.24623,0.28781,0.33232,0.30410,0.32594,0.37570,0.33741,0.39662,0.40198,0.45603,0.54404,0.54732,0.49200,0.49548,0.45210,0.43355,0.44989,0.42278,0.50463,0.56490,0.63076,0.61458,0.61325,0.62970,0.68136,0.69809,0.73653,0.75350,0.80058,0.80459,0.76229,0.77337,0.73627,0.76029,0.71621,0.72918,0.68197,0.66291,0.60600,0.53950,0.47010,0.45926,0.39407,0.35384,0.28397,0.24013,0.28388,0.29116,0.38494,0.44221,0.52488,0.54409,0.56089,0.60563,0.59588,0.62786,0.60051,0.67966,0.77126,0.78221,0.75082,0.81551,0.87283,0.90353,0.91467,0.93067,0.94932,0.94720,0.95992,0.92692,0.92565,0.88845,0.86440,0.82863,0.77388,0.75465,0.80834,0.76324,0.79469
0.95318,0.94785,0.97689,0.98025,0.96560,0.97400,0.98598,0.97410,0.96223,0.97105,0.96045,0.96593,0.97052,0.97254,0.96731,0.96062,0.93849,0.93212,0.91937,0.89910,0.88822,0.85253,0.85454,0.86728,0.82791,0.79680,0.81420,0.81247,0.75946,0.73896,0.75667,0.73039,0.67647,0.65282,0.66271,0.58502,0.60291,0.58323,0.60374,0.59975,0.67117,0.73821,0.75885,0.80708,0.85420,0.88203,0.92566,0.94164,0.92828,0.94728,0.93344,0.94033,0.93562,0.93594,0.93539,0.89876,0.87720,0.86434,0.85242,0.81636,0.79257,0.78845,0.72330,0.70431,0.74296,0.69580,0.64395,0.61268,0.60511,0.67216,0.68030,0.73805,0.71631,0.74817,0.77967,0.82038,0.87378,0.93497,0.96903,0.97915,0.95093,0.94897,0.96993,0.93633,0.91820,0.94898,0.94645,0.90348,0.87797,0.81019,0.73563,0.65708,0.61859,0.54800,0.35361,0.22810,0.27268,0.07013,0.11270,0.05024,0.31259,0.34225,0.28231,0.30849,0.30672,0.43676,0.53804,0.64363,0.61760,0.65416,0.62952,0.62927,0.63468,0.70055,0.65764,0.59179,0.70368,0.76473,0.71210,0.76494,0.85682,0.85572,0.88166,0.85546,0.85984,0.90628,0.92870,0.91478,0.93898,0.92930,0.92810,0.87855,0.86711,0.82763,0.80954,0.77492,0.70746,0.66262,0.58936,0.54856,0.45647,0.43151,0.35309,0.33411,0.30312,0.25460,0.21507,0.22700,0.17173,0.21777,0.26331,0.23968,0.26132,0.30711,0.26628,0.32799,0.33246,0.38610,0.47814,0.48021,0.42148,0.42327,0.37820,0.35843,0.37534,0.34733,0.43217,0.49476,0.56418,0.54688,0.54517,0.56278,0.61799,0.63557,0.67692,0.69565,0.74804,0.75338,0.70648,0.71771,0.67681,0.70294,0.65525,0.66955,0.61896,0.59924,0.53890,0.46854,0.39624,0.38464,0.31761,0.27660,0.20705,0.16166,0.20582,0.21395,0.30945,0.36827,0.45367,0.47328,0.49155,0.53864,0.53026,0.56637,0.54195,0.62849,0.72890,0.73924,0.69988,0.76853,0.83249,0.86665,0.87811,0.89677,0.91999,0.91754,0.93466,0.89480,0.89528,0.85195,0.82629,0.78729,0.72773,0.70927,0.77783,0.73871,0.77248
0.93965,0.93382,0.96707,0.96987,0.95221,0.96288,0.97760,0.96287,0.94932,0.96267,0.95139,0.96152,0.96843,0.97304,0.97016,0.96654,0.94692,0.94177,0.93052,0.91170,0.90033,0.86630,0.86717,0.88083,0.84421,0.81350,0.83026,0.83025,0.77924,0.75830,0.77647,0.75243,0.69951,0.67562,0.68678,0.61164,0.62992,0.61125,0.63159,0.62817,0.69826,0.76301,0.78250,0.82757,0.87222,0.89729,0.93843,0.95196,0.93824,0.95406,0.93948,0.94345,0.93619,0.93301,0.92864,0.89192,0.87422,0.86395,0.84882,0.81245,0.79320,0.78912,0.72476,0.70867,0.74867,0.70189,0.65196,0.62384,0.61871,0.68438,0.69472,0.75224,0.73145,0.76331,0.79233,0.83304,0.88344,0.94222,0.97404,0.97915,0.95128,0.95018,0.96535,0.92961,0.91656,0.94588,0.93791,0.89407,0.87473,0.81089,0.73309,0.65452,0.61501,0.53732,0.34228,0.21279,0.26516,0.06886,0.11784,0.05878,0.32098,0.35368,0.29884,0.32271,0.31610,0.44084,0.54394,0.65124,0.63036,0.66884,0.64768,0.64854,0.65581,0.72073,0.68014,0.61369,0.72155,0.78350,0.73277,0.78122,0.87084,0.87064,0.89756,0.87352,0.87978,0.92206,0.94216,0.93047,0.95177,0.94117,0.93817,0.89055,0.87742,0.83918,0.81896,0.78497,0.71757,0.67216,0.60128,0.55975,0.46944,0.44645,0.36863,0.35285,0.32331,0.27688,0.23771,0.24804,0.18880,0.23135,0.27462,0.24634,0.26715,0.31600,0.27590,0.33649,0.34046,0.39639,0.48699,0.49169,0.43606,0.44168,0.39913,0.38094,0.39957,0.37346,0.45779,0.51857,0.58712,0.57062,0.56765,0.58581,0.64026,0.65613,0.69562,0.71224,0.76272,0.76576,0.71889,0.73113,0.69291,0.71997,0.67447,0.68998,0.64158,0.62343,0.56399,0.49492,0.42312,0.41044,0.34419,0.30254,0.23354,0.18772,0.23097,0.23865,0.33348,0.39345,0.47708,0.49503,0.51109,0.55485,0.54326,0.57509,0.54616,0.62911,0.72754,0.73802,0.70381,0.77385,0.83691,0.87202,0.88541,0.90531,0.92799,0.92798,0.94560,0.90918,0.91153,0.87141,0.84808,0.81132,0.75405,0.73694,0.80284,0.76444,0.79796
0.92255,0.91603,0.95520,0.96139,0.94210,0.95492,0.97572,0.96232,0.94892,0.96868,0.96113,0.97476,0.98142,0.98589,0.98374,0.98034,0.96470,0.95866,0.94726,0.93123,0.92416,0.89456,0.89625,0.90767,0.87427,0.84746,0.86291,0.86143,0.81477,0.79667,0.81261,0.78879,0.74014,0.71879,0.72773,0.65457,0.66933,0.65113,0.67135,0.66511,0.73209,0.79385,0.81293,0.85610,0.89620,0.92004,0.95458,0.96713,0.95762,0.97167,0.96049,0.96405,0.95784,0.95369,0.94701,0.91573,0.90337,0.89545,0.88048,0.84768,0.83236,0.82853,0.76955,0.75525,0.79245,0.74891,0.70210,0.67551,0.67039,0.73238,0.74146,0.79460,0.77518,0.80410,0.83102,0.86710,0.91189,0.96096,0.98547,0.98688,0.96741,0.96792,0.97537,0.94431,0.93904,0.96314,0.95059,0.91228,0.90183,0.84630,0.77227,0.69956,0.66117,0.57940,0.38868,0.25682,0.31750,0.12878,0.18074,0.12246,0.37787,0.41264,0.35991,0.38453,0.37749,0.49783,0.59864,0.70100,0.68127,0.71709,0.69599,0.69638,0.70199,0.76229,0.72282,0.66123,0.76390,0.81930,0.77159,0.81793,0.89809,0.89565,0.91726,0.88994,0.89314,0.92554,0.94717,0.94322,0.96352,0.95760,0.95778,0.91790,0.90749,0.87379,0.85636,0.82571,0.76366,0.72147,0.65435,0.61486,0.52801,0.50545,0.42984,0.41324,0.38384,0.33747,0.29818,0.30902,0.25147,0.29259,0.33564,0.30613,0.32728,0.37744,0.33887,0.39762,0.40228,0.45739,0.54517,0.54959,0.49533,0.49964,0.45729,0.43888,0.45611,0.42959,0.51129,0.57083,0.63616,0.62003,0.61801,0.63448,0.68594,0.70208,0.73984,0.75610,0.80274,0.80598,0.76351,0.77515,0.73885,0.76324,0.71986,0.73322,0.68694,0.66878,0.61248,0.54631,0.47706,0.46579,0.40070,0.36054,0.29065,0.24704,0.29052,0.29779,0.39126,0.44887,0.53100,0.54952,0.56595,0.60935,0.59891,0.62945,0.60108,0.67908,0.77027,0.78056,0.75056,0.81574,0.87280,0.90395,0.91529,0.93188,0.95072,0.94926,0.96262,0.93053,0.93010,0.89398,0.87055,0.83545,0.78097,0.76181,0.81507,0.76990,0.80138
0.95202,0.94732,0.97648,0.98149,0.96871,0.97744,0.98967,0.97997,0.96987,0.97871,0.96965,0.97322,0.97582,0.97618,0.96948,0.96099,0.93868,0.93090,0.91734,0.89721,0.88864,0.85388,0.85717,0.86841,0.82882,0.79932,0.81683,0.81352,0.76121,0.74241,0.75917,0.73152,0.67884,0.65702,0.66554,0.58707,0.60282,0.58307,0.60393,0.59890,0.66943,0.73609,0.75693,0.80631,0.85247,0.88134,0.92370,0.94046,0.92885,0.94918,0.93707,0.94589,0.94314,0.94572,0.94642,0.91230,0.89109,0.87742,0.86758,0.83378,0.80866,0.80434,0.74141,0.72132,0.75738,0.71134,0.65983,0.62689,0.61808,0.68422,0.69051,0.74661,0.72537,0.75612,0.78865,0.82816,0.88181,0.94048,0.97226,0.98510,0.96018,0.95722,0.97855,0.94896,0.93016,0.95862,0.95782,0.91813,0.89233,0.82617,0.75571,0.68025,0.64404,0.57792,0.38642,0.26360,0.30672,0.10252,0.14129,0.07684,0.33743,0.36447,0.30146,0.32913,0.33082,0.46192,0.56017,0.66177,0.63300,0.66647,0.63927,0.63781,0.64152,0.70597,0.66207,0.59892,0.71121,0.76909,0.71722,0.77275,0.86135,0.85918,0.88170,0.85398,0.85525,0.89967,0.92360,0.91109,0.93626,0.92912,0.93014,0.88284,0.87331,0.83479,0.81926,0.78552,0.72063,0.67751,0.60468,0.56501,0.47357,0.44812,0.37106,0.34943,0.31825,0.26826,0.22915,0.24269,0.19079,0.23770,0.28339,0.26087,0.28318,0.32820,0.28774,0.34938,0.35406,0.40633,0.49823,0.49894,0.43922,0.43745,0.39088,0.36975,0.38501,0.35571,0.43949,0.50247,0.57041,0.55257,0.55192,0.56823,0.62246,0.64116,0.68268,0.70239,0.75428,0.76103,0.71581,0.72682,0.68513,0.70959,0.66143,0.67388,0.62334,0.60288,0.54397,0.47416,0.40275,0.39259,0.32552,0.28575,0.21518,0.17149,0.21638,0.22498,0.31995,0.37681,0.46263,0.48367,0.50393,0.55283,0.54743,0.58552,0.56474,0.65111,0.74932,0.75869,0.71773,0.78306,0.84466,0.87638,0.88515,0.90157,0.92371,0.91895,0.93455,0.89449,0.89304,0.84984,0.82241,0.78302,0.72249,0.70161,0.76653,0.72372,0.75613
0.96101,0.95696,0.98126,0.98318,0.97179,0.97922,0.98610,0.97494,0.96490,0.96856,0.95563,0.95651,0.95973,0.96090,0.95394,0.94577,0.92026,0.91348,0.90057,0.87794,0.86525,0.82697,0.82916,0.84264,0.80090,0.76801,0.78655,0.78506,0.72937,0.70797,0.72701,0.69976,0.64336,0.61929,0.63030,0.55111,0.57002,0.54993,0.57081,0.56845,0.64151,0.71020,0.73112,0.78153,0.83123,0.86038,0.90821,0.92515,0.90953,0.93075,0.91530,0.92391,0.91962,0.92253,0.92450,0.88514,0.85980,0.84445,0.83363,0.79658,0.76882,0.76421,0.69671,0.67554,0.71427,0.66527,0.61157,0.57811,0.57002,0.63893,0.64704,0.70713,0.68509,0.71862,0.75238,0.79673,0.85493,0.92208,0.96007,0.97574,0.94301,0.93854,0.96600,0.93130,0.90606,0.93891,0.94123,0.89604,0.86317,0.79015,0.71561,0.63551,0.59874,0.53513,0.33937,0.21917,0.25612,0.04632,0.08339,0.01899,0.28437,0.31081,0.24723,0.27355,0.27452,0.40832,0.50874,0.61494,0.58623,0.62234,0.59576,0.59493,0.60076,0.66905,0.62494,0.55725,0.67329,0.73724,0.68348,0.74011,0.83653,0.83675,0.86412,0.83945,0.84424,0.89692,0.91861,0.89957,0.92529,0.91316,0.91097,0.85687,0.84440,0.80193,0.78333,0.74653,0.67685,0.63062,0.55514,0.51330,0.41939,0.39411,0.31517,0.29533,0.26487,0.21558,0.17699,0.19004,0.13617,0.18412,0.22912,0.20749,0.22848,0.27197,0.22994,0.29284,0.29591,0.34942,0.44334,0.44513,0.38514,0.38539,0.33958,0.31909,0.33605,0.30768,0.39359,0.45683,0.52726,0.50930,0.50734,0.52519,0.58177,0.59975,0.64239,0.66175,0.71667,0.72261,0.67345,0.68533,0.64264,0.66971,0.62021,0.63505,0.58331,0.56347,0.50223,0.43023,0.35693,0.34495,0.27715,0.23612,0.16713,0.12126,0.16556,0.17473,0.27007,0.32927,0.41571,0.43580,0.45540,0.50343,0.49636,0.53432,0.51215,0.60198,0.70626,0.71546,0.67181,0.74210,0.80882,0.84454,0.85549,0.87537,0.90088,0.89803,0.91798,0.87477,0.87641,0.83039,0.80357,0.76290,0.70026,0.68155,0.75773,0.72131,0.75583
0.93761,0.93224,0.96548,0.96927,0.95313,0.96430,0.97883,0.96546,0.95350,0.96680,0.95587,0.96457,0.97014,0.97401,0.97027,0.96571,0.94570,0.93960,0.92813,0.90906,0.89905,0.86575,0.86727,0.88014,0.84361,0.81381,0.83072,0.83001,0.77943,0.75959,0.77743,0.75277,0.70037,0.67773,0.68846,0.61348,0.63026,0.61174,0.63257,0.62909,0.69842,0.76270,0.78195,0.82746,0.87144,0.89666,0.93691,0.95051,0.93767,0.95419,0.94040,0.94559,0.93919,0.93761,0.93376,0.89820,0.88083,0.87008,0.85605,0.82122,0.80121,0.79697,0.73395,0.71708,0.75534,0.70912,0.65949,0.63051,0.62481,0.68989,0.69949,0.75612,0.73595,0.76737,0.79719,0.83836,0.88930,0.94700,0.97710,0.98427,0.95826,0.95589,0.97118,0.93741,0.92350,0.95118,0.94410,0.90196,0.88240,0.81967,0.74449,0.66849,0.63111,0.55524,0.36175,0.23502,0.28627,0.08896,0.13550,0.07566,0.33634,0.36748,0.31096,0.33529,0.33051,0.45600,0.55692,0.66176,0.63924,0.67576,0.65300,0.65297,0.65955,0.72355,0.68292,0.61754,0.72611,0.78654,0.73696,0.78674,0.87441,0.87406,0.89882,0.87346,0.87819,0.91996,0.94023,0.92914,0.95124,0.94110,0.93945,0.89276,0.88039,0.84251,0.82356,0.79000,0.72419,0.67964,0.60906,0.56792,0.47819,0.45507,0.37813,0.36108,0.33184,0.28478,0.24590,0.25778,0.20081,0.24426,0.28755,0.26108,0.28141,0.32866,0.28820,0.34865,0.35186,0.40713,0.49747,0.50165,0.44570,0.44930,0.40606,0.38703,0.40499,0.37822,0.46190,0.52249,0.59008,0.57311,0.57063,0.58791,0.64171,0.65811,0.69772,0.71459,0.76418,0.76808,0.72249,0.73460,0.69627,0.72236,0.67681,0.69148,0.64326,0.62508,0.56672,0.49779,0.42683,0.41457,0.34847,0.30759,0.23853,0.19367,0.23728,0.24564,0.33962,0.39859,0.48221,0.50081,0.51816,0.56261,0.55280,0.58560,0.55896,0.64154,0.73877,0.74800,0.71291,0.78128,0.84270,0.87667,0.88833,0.90712,0.92936,0.92815,0.94541,0.90902,0.91062,0.87092,0.84679,0.80978,0.75184,0.73325,0.79771,0.75667,0.78917
0.93932,0.93485,0.96715,0.97331,0.95977,0.97030,0.98557,0.97651,0.96710,0.97966,0.97161,0.97713,0.97938,0.97980,0.97346,0.96562,0.94533,0.93651,0.92357,0.90446,0.89853,0.86674,0.87041,0.88069,0.84341,0.81626,0.83318,0.82941,0.77984,0.76294,0.77890,0.75163,0.70148,0.68136,0.68956,0.61292,0.62531,0.60764,0.63021,0.62463,0.69285,0.75615,0.77547,0.82300,0.86559,0.89287,0.93073,0.94643,0.93709,0.95618,0.94561,0.95430,0.95177,0.95399,0.95284,0.92170,0.90415,0.89168,0.88162,0.85031,0.82767,0.82324,0.76363,0.74485,0.77896,0.73468,0.68554,0.65385,0.64562,0.70938,0.71533,0.76894,0.74932,0.77905,0.81111,0.84890,0.90031,0.95367,0.98003,0.99168,0.97157,0.96784,0.98421,0.95763,0.94245,0.96682,0.96333,0.92733,0.90666,0.84653,0.77942,0.70741,0.67261,0.60477,0.41830,0.29572,0.34257,0.14248,0.18213,0.11855,0.37671,0.40308,0.34057,0.36744,0.36892,0.49715,0.59219,0.69040,0.66258,0.69408,0.66720,0.66465,0.66796,0.72982,0.68782,0.62745,0.73619,0.79149,0.74253,0.79662,0.87933,0.87698,0.89630,0.86973,0.86749,0.90609,0.92987,0.92033,0.94361,0.93925,0.94120,0.89822,0.88948,0.85296,0.83863,0.80637,0.74498,0.70348,0.63345,0.59462,0.50565,0.48109,0.40629,0.38456,0.35468,0.30453,0.26599,0.28029,0.23004,0.27541,0.31868,0.29431,0.31676,0.36327,0.32395,0.38492,0.38804,0.44028,0.53019,0.53146,0.47352,0.47094,0.42489,0.40366,0.41820,0.38881,0.47089,0.53240,0.59808,0.58018,0.57966,0.59473,0.64715,0.66591,0.70596,0.72494,0.77388,0.78053,0.73786,0.74890,0.70904,0.73214,0.68571,0.69699,0.64837,0.62866,0.57217,0.50388,0.43434,0.42492,0.35879,0.31998,0.24975,0.20729,0.25207,0.26025,0.35410,0.40964,0.49403,0.51519,0.53582,0.58405,0.57930,0.61596,0.59573,0.67848,0.77209,0.78017,0.74207,0.80445,0.86223,0.89204,0.89934,0.91418,0.93470,0.92948,0.94329,0.90602,0.90372,0.86419,0.83650,0.79922,0.74011,0.71916,0.77849,0.73373,0.76284
0.97166,0.97010,0.98767,0.98980,0.98428,0.99016,0.99073,0.98462,0.97964,0.97625,0.96373,0.95526,0.95334,0.94963,0.93777,0.92455,0.89432,0.88449,0.86926,0.84336,0.83198,0.79146,0.79587,0.80797,0.76187,0.72882,0.74893,0.74450,0.68567,0.66581,0.68435,0.65311,0.59552,0.57287,0.58233,0.49874,0.51466,0.49497,0.51918,0.51788,0.59123,0.66170,0.68320,0.73834,0.79051,0.82376,0.87590,0.89681,0.88162,0.90893,0.89443,0.90891,0.90920,0.91914,0.92788,0.88931,0.85795,0.83776,0.83278,0.79743,0.76184,0.75709,0.68931,0.66292,0.69816,0.64884,0.59229,0.55311,0.54097,0.61161,0.61548,0.67545,0.65256,0.68640,0.72568,0.77042,0.83571,0.90708,0.94686,0.97313,0.94132,0.93075,0.96818,0.93855,0.90309,0.93730,0.95044,0.90777,0.86367,0.78576,0.72027,0.64131,0.60966,0.56338,0.37358,0.26344,0.28428,0.06307,0.08541,0.01536,0.28211,0.29664,0.22262,0.25201,0.26291,0.40420,0.49845,0.59939,0.56151,0.59256,0.56000,0.55597,0.55848,0.62789,0.58077,0.51549,0.63739,0.70048,0.64555,0.71002,0.80861,0.80852,0.83309,0.80901,0.80692,0.86741,0.89292,0.86744,0.89645,0.88675,0.88674,0.82958,0.81969,0.77456,0.76009,0.72208,0.65352,0.60893,0.52998,0.48960,0.39343,0.36528,0.28753,0.26145,0.22984,0.17578,0.13759,0.15589,0.11125,0.16274,0.20683,0.19091,0.21475,0.25502,0.21323,0.27890,0.28047,0.32971,0.42567,0.42320,0.35849,0.35090,0.30039,0.27649,0.29014,0.25835,0.34447,0.41031,0.48119,0.46154,0.46168,0.47780,0.53527,0.55643,0.60181,0.62455,0.68209,0.69238,0.64367,0.65416,0.60721,0.63233,0.57935,0.59097,0.53640,0.51434,0.45273,0.37907,0.30554,0.29622,0.22745,0.18820,0.11859,0.07414,0.11952,0.12947,0.22478,0.28128,0.37013,0.39357,0.41758,0.47225,0.47184,0.51712,0.50441,0.59969,0.70593,0.71337,0.66084,0.72686,0.79406,0.82757,0.83397,0.85125,0.87829,0.87083,0.89063,0.84096,0.83996,0.79022,0.75871,0.71550,0.64796,0.62841,0.71003,0.67441,0.70611
0.96731,0.96493,0.98282,0.98359,0.97654,0.98254,0.98249,0.97351,0.96641,0.96312,0.94818,0.94227,0.94277,0.94191,0.93204,0.92182,0.89166,0.88378,0.86948,0.84389,0.82983,0.78835,0.79104,0.80508,0.75991,0.72495,0.74508,0.74325,0.68388,0.66183,0.68213,0.65314,0.59388,0.56935,0.58116,0.49875,0.51808,0.49855,0.52159,0.52257,0.59639,0.66706,0.68808,0.74133,0.79417,0.82530,0.87903,0.89804,0.87968,0.90437,0.88723,0.89896,0.89600,0.90286,0.90925,0.86681,0.83605,0.81725,0.80881,0.77092,0.73754,0.73271,0.66243,0.63780,0.67623,0.62530,0.56845,0.53168,0.52196,0.59355,0.60077,0.66320,0.64033,0.67587,0.71351,0.76185,0.82695,0.90197,0.94430,0.96806,0.93104,0.92085,0.95696,0.92132,0.88660,0.92257,0.93257,0.88521,0.84196,0.76285,0.69140,0.60924,0.57641,0.52391,0.32886,0.21647,0.24096,0.02234,0.04974,-0.01681,0.25224,0.26909,0.19967,0.22695,0.23249,0.37141,0.46958,0.57557,0.54227,0.57719,0.54795,0.54555,0.55120,0.62241,0.57680,0.50773,0.62902,0.69617,0.64177,0.70299,0.80450,0.80644,0.83506,0.81196,0.81617,0.87927,0.90057,0.87366,0.90142,0.88675,0.88390,0.82386,0.81058,0.76429,0.74592,0.70663,0.63475,0.58758,0.50857,0.46596,0.36969,0.34352,0.26467,0.24238,0.21167,0.16049,0.12264,0.13853,0.08909,0.13824,0.18245,0.16428,0.18624,0.22705,0.18486,0.24982,0.24960,0.30177,0.39777,0.39835,0.33596,0.33303,0.28546,0.26343,0.27991,0.25075,0.33782,0.40239,0.47434,0.45527,0.45347,0.47117,0.52974,0.54892,0.59347,0.61424,0.67187,0.67943,0.62867,0.64004,0.59487,0.62253,0.57073,0.58526,0.53153,0.51119,0.44871,0.37452,0.29996,0.28834,0.21965,0.17911,0.11118,0.06467,0.10902,0.11961,0.21457,0.27377,0.36126,0.38210,0.40391,0.45434,0.44980,0.49149,0.47383,0.56843,0.67706,0.68469,0.63487,0.70586,0.77567,0.81280,0.82246,0.84309,0.87187,0.86788,0.89069,0.84197,0.84459,0.79523,0.76651,0.72405,0.65744,0.63940,0.72453,0.69194,0.72648
0.98159,0.98309,0.98340,0.97960,0.98188,0.98182,0.96653,0.96150,0.95936,0.93791,0.91932,0.89852,0.89388,0.88783,0.87131,0.85458,0.81447,0.80536,0.78842,0.75673,0.73794,0.68765,0.69170,0.70726,0.65334,0.61397,0.63723,0.63390,0.56652,0.54310,0.56536,0.53204,0.46721,0.44149,0.45377,0.36641,0.38809,0.36715,0.39237,0.39914,0.47522,0.55028,0.57205,0.63240,0.69342,0.73058,0.79672,0.82128,0.79835,0.83185,0.81168,0.83057,0.83183,0.84809,0.86530,0.81749,0.77304,0.74576,0.74412,0.70409,0.65704,0.65177,0.57565,0.54331,0.58063,0.52638,0.46356,0.41879,0.40453,0.48127,0.48501,0.55157,0.52656,0.56548,0.61197,0.66469,0.74338,0.83477,0.88824,0.92660,0.87972,0.86316,0.92105,0.88813,0.83150,0.87394,0.90258,0.85350,0.78494,0.69077,0.62516,0.53934,0.50977,0.48289,0.29319,0.19934,0.19461,-0.04099,-0.03496,-0.10813,0.16241,0.16510,0.08279,0.11226,0.12982,0.28068,0.37186,0.47503,0.43038,0.46208,0.42609,0.42090,0.42491,0.50106,0.45069,0.38020,0.51333,0.58628,0.52797,0.59914,0.71471,0.72022,0.75136,0.73208,0.73365,0.81592,0.83750,0.79465,0.82725,0.80991,0.80585,0.73338,0.72006,0.66567,0.64883,0.60477,0.52854,0.48017,0.39454,0.35219,0.25150,0.22252,0.14410,0.11625,0.08365,0.02972,-0.00636,0.01192,-0.02965,0.02844,0.07403,0.06740,0.09060,0.12186,0.07806,0.14483,0.14441,0.19026,0.28933,0.28516,0.21688,0.20683,0.15492,0.12959,0.14335,0.11186,0.19967,0.26692,0.34144,0.32053,0.31990,0.33736,0.39931,0.42144,0.47060,0.49582,0.56052,0.57242,0.51763,0.52776,0.47597,0.50390,0.44620,0.45966,0.40122,0.37882,0.31352,0.23534,0.15948,0.14902,0.07992,0.04100,-0.02325,-0.07071,-0.02600,-0.01329,0.08024,0.13738,0.22721,0.25010,0.27581,0.33265,0.33451,0.38570,0.37858,0.48332,0.60102,0.60671,0.54233,0.61317,0.68986,0.72887,0.73564,0.75729,0.79201,0.78506,0.81243,0.75167,0.75465,0.69658,0.66303,0.61614,0.54151,0.52365,0.63035,0.60773,0.64085
0.97401,0.97467,0.97950,0.97396,0.97196,0.97399,0.96183,0.95279,0.94821,0.93170,0.91135,0.89624,0.89472,0.89245,0.87921,0.86662,0.82927,0.82146,0.80690,0.77649,0.75635,0.70756,0.70993,0.72708,0.67624,0.63678,0.65929,0.65846,0.59293,0.56823,0.59161,0.56140,0.49684,0.47014,0.48447,0.39941,0.42273,0.40450,0.42926,0.43751,0.51350,0.58568,0.60538,0.66144,0.71967,0.75324,0.81680,0.83869,0.81511,0.84418,0.82235,0.83725,0.83468,0.84629,0.85870,0.80955,0.76904,0.74478,0.73873,0.69724,0.65568,0.65002,0.57315,0.54489,0.58474,0.52983,0.46948,0.42889,0.41796,0.49393,0.50121,0.56845,0.54446,0.58443,0.62800,0.68159,0.75726,0.84697,0.89849,0.93068,0.88287,0.86698,0.91842,0.88158,0.83055,0.87228,0.89421,0.84287,0.78143,0.69130,0.62017,0.53327,0.50119,0.46508,0.27289,0.17338,0.17697,-0.05226,-0.03745,-0.10623,0.16958,0.17537,0.09883,0.12421,0.13522,0.28053,0.37434,0.48139,0.44349,0.47851,0.44730,0.44357,0.45056,0.52659,0.47925,0.40628,0.53517,0.61114,0.55449,0.62044,0.73506,0.74284,0.77647,0.76276,0.76693,0.84522,0.86249,0.82108,0.84849,0.82926,0.82217,0.75072,0.73465,0.68089,0.66036,0.61630,0.53893,0.48873,0.40539,0.36133,0.26179,0.23537,0.15713,0.13355,0.10330,0.05144,0.01575,0.03098,-0.01545,0.03620,0.07971,0.06776,0.08919,0.12501,0.08153,0.14786,0.14657,0.19609,0.29434,0.29395,0.22962,0.22457,0.17593,0.15318,0.17019,0.14101,0.22905,0.29426,0.36878,0.34885,0.34634,0.36502,0.42666,0.44623,0.49316,0.51524,0.57805,0.58687,0.53126,0.54279,0.49441,0.52426,0.46935,0.48516,0.42909,0.40869,0.34373,0.26641,0.19035,0.17818,0.10918,0.06876,0.00475,-0.04394,-0.00017,0.01207,0.10590,0.16577,0.25367,0.27376,0.29612,0.34917,0.34632,0.39194,0.37852,0.47926,0.59636,0.60243,0.54391,0.61758,0.69473,0.73618,0.74618,0.77028,0.80511,0.80174,0.83019,0.77340,0.77968,0.72578,0.69584,0.65231,0.58124,0.56682,0.67279,0.65331,0.68496
0.94614,0.94328,0.96961,0.97094,0.95893,0.96854,0.97608,0.96476,0.95633,0.96238,0.94902,0.95028,0.95263,0.95472,0.94799,0.94125,0.91650,0.90834,0.89583,0.87347,0.86241,0.82599,0.82848,0.84211,0.80221,0.77069,0.78934,0.78823,0.73432,0.71410,0.73358,0.70726,0.65196,0.62916,0.64084,0.56256,0.57940,0.56279,0.58596,0.58636,0.65695,0.72190,0.74025,0.78821,0.83428,0.86153,0.90660,0.92246,0.90766,0.92752,0.91214,0.92052,0.91544,0.91809,0.91866,0.88048,0.85740,0.84267,0.83101,0.79534,0.76972,0.76437,0.69827,0.67912,0.71652,0.66792,0.61654,0.58428,0.57747,0.64498,0.65397,0.71285,0.69256,0.72686,0.76096,0.80555,0.86393,0.92913,0.96284,0.97922,0.94890,0.93934,0.96313,0.93001,0.90597,0.93610,0.93723,0.89421,0.86393,0.79641,0.72567,0.64780,0.61412,0.55242,0.36168,0.24461,0.28196,0.07494,0.11065,0.04747,0.31400,0.33491,0.27074,0.29455,0.29523,0.42626,0.52218,0.62619,0.59894,0.63341,0.60773,0.60528,0.61169,0.67875,0.63711,0.57206,0.68441,0.74792,0.69808,0.75387,0.84524,0.84821,0.87323,0.85328,0.85513,0.90709,0.92604,0.90559,0.92718,0.91638,0.91334,0.86120,0.84812,0.80584,0.78683,0.75051,0.68310,0.63715,0.56380,0.52156,0.42951,0.40642,0.33052,0.31081,0.28232,0.23291,0.19577,0.21031,0.15981,0.20324,0.24486,0.22064,0.24092,0.28585,0.24501,0.30722,0.30672,0.36129,0.45393,0.45759,0.39994,0.39925,0.35477,0.33405,0.35179,0.32379,0.40810,0.46957,0.53820,0.51984,0.51742,0.53423,0.58994,0.60756,0.64848,0.66659,0.71913,0.72427,0.67639,0.68907,0.64859,0.67542,0.62785,0.64215,0.59211,0.57345,0.51452,0.44341,0.37140,0.35985,0.29269,0.25272,0.18535,0.13952,0.18343,0.19343,0.28751,0.34627,0.43052,0.44941,0.46924,0.51624,0.50962,0.54559,0.52397,0.61049,0.71203,0.71928,0.67738,0.74539,0.80993,0.84535,0.85560,0.87530,0.90103,0.89855,0.91816,0.87702,0.87951,0.83748,0.81109,0.77361,0.71221,0.69517,0.76721,0.73166,0.76175
0.96501,0.96491,0.97932,0.98079,0.97762,0.98203,0.98069,0.97639,0.97314,0.96693,0.95465,0.94348,0.93939,0.93445,0.92077,0.90638,0.87497,0.86390,0.84737,0.82148,0.81155,0.77053,0.77605,0.78804,0.74127,0.70915,0.73007,0.72480,0.66639,0.64792,0.66662,0.63471,0.57764,0.55642,0.56570,0.48219,0.49673,0.47803,0.50298,0.50422,0.57594,0.64440,0.66446,0.71988,0.77110,0.80492,0.85601,0.87765,0.86316,0.89154,0.87746,0.89379,0.89545,0.90810,0.91822,0.88060,0.84832,0.82677,0.82363,0.78993,0.75274,0.74717,0.68045,0.65383,0.68655,0.63766,0.58222,0.54155,0.52909,0.59894,0.60215,0.66092,0.63936,0.67382,0.71553,0.76011,0.82723,0.89940,0.93751,0.96724,0.93604,0.92230,0.96136,0.93616,0.89709,0.92865,0.94491,0.90568,0.85865,0.78305,0.72268,0.64724,0.61796,0.57956,0.39583,0.29492,0.31030,0.08779,0.10280,0.03066,0.29424,0.30450,0.22623,0.25557,0.27005,0.41229,0.49972,0.59631,0.55587,0.58368,0.54900,0.54250,0.54434,0.61263,0.56557,0.50481,0.62635,0.68748,0.63544,0.70290,0.79867,0.80172,0.82169,0.79814,0.79325,0.85539,0.87826,0.85129,0.87911,0.87250,0.87236,0.81562,0.80629,0.76034,0.74691,0.70894,0.64272,0.59903,0.52108,0.48104,0.38639,0.35998,0.28513,0.25721,0.22554,0.17214,0.13616,0.15449,0.11505,0.16691,0.21316,0.20034,0.22280,0.25878,0.21562,0.27846,0.27936,0.32733,0.42222,0.41975,0.35552,0.34435,0.29418,0.26827,0.28077,0.24864,0.33243,0.39710,0.46587,0.44527,0.44563,0.46046,0.51720,0.53940,0.58445,0.60807,0.66498,0.67565,0.62788,0.63875,0.59202,0.61613,0.56304,0.57333,0.51916,0.49733,0.43807,0.36439,0.29250,0.28392,0.21594,0.17874,0.11262,0.06754,0.11356,0.12567,0.21978,0.27388,0.36107,0.38387,0.41008,0.46457,0.46710,0.51378,0.50528,0.59937,0.70382,0.70893,0.65433,0.71681,0.78224,0.81470,0.81891,0.83538,0.86319,0.85448,0.87352,0.82367,0.82202,0.77314,0.73990,0.69798,0.62965,0.60908,0.68860,0.65333,0.67991
0.96985,0.97214,0.97171,0.96713,0.96992,0.96941,0.95433,0.95016,0.94910,0.92789,0.90969,0.88845,0.88224,0.87573,0.85827,0.84135,0.80186,0.79140,0.77501,0.74332,0.72626,0.67695,0.68164,0.69709,0.64395,0.60635,0.62985,0.62598,0.56043,0.53876,0.56078,0.52758,0.46449,0.44058,0.45267,0.36657,0.38645,0.36810,0.39387,0.40236,0.47657,0.54763,0.56705,0.62593,0.68415,0.72044,0.78323,0.80812,0.78722,0.82062,0.80125,0.82094,0.82296,0.84075,0.85757,0.81192,0.76873,0.74103,0.74030,0.70278,0.65596,0.64947,0.57570,0.54463,0.57896,0.52568,0.46579,0.42089,0.40742,0.48229,0.48563,0.54997,0.52688,0.56596,0.61350,0.66396,0.74244,0.83153,0.88113,0.92013,0.87607,0.85718,0.91402,0.88651,0.82935,0.86812,0.89757,0.85311,0.78547,0.69617,0.63526,0.55436,0.52643,0.50553,0.32355,0.23645,0.22902,-0.00501,-0.00323,-0.07737,0.19185,0.19160,0.10624,0.13402,0.15413,0.30327,0.38681,0.48488,0.43942,0.46771,0.43085,0.42313,0.42653,0.50041,0.45164,0.38570,0.51539,0.58588,0.53070,0.60306,0.71373,0.72298,0.74910,0.73422,0.73030,0.81111,0.83070,0.78700,0.81584,0.80337,0.79851,0.72880,0.71635,0.66210,0.64633,0.60302,0.53022,0.48309,0.40014,0.35836,0.26035,0.23339,0.15851,0.12940,0.09876,0.04502,0.01180,0.03054,-0.00670,0.04925,0.09400,0.08847,0.10967,0.13915,0.09405,0.15807,0.15793,0.20322,0.30066,0.29704,0.23052,0.21730,0.16628,0.13965,0.15279,0.12106,0.20608,0.27148,0.34313,0.32184,0.32141,0.33751,0.39746,0.42003,0.46775,0.49291,0.55583,0.56781,0.51504,0.52546,0.47500,0.50159,0.44511,0.45716,0.40017,0.37825,0.31611,0.23915,0.16563,0.15617,0.08807,0.05088,-0.01118,-0.05877,-0.01357,0.00016,0.09297,0.14807,0.23533,0.25730,0.28431,0.34114,0.34545,0.39624,0.39238,0.49344,0.60765,0.61118,0.54687,0.61306,0.68699,0.72435,0.72916,0.74960,0.78430,0.77618,0.80162,0.74295,0.74538,0.69010,0.65569,0.61151,0.53827,0.52140,0.62426,0.60296,0.62869
0.93788,0.93602,0.95787,0.95697,0.94686,0.95473,0.95888,0.94757,0.93991,0.94206,0.92738,0.92652,0.92766,0.92942,0.92106,0.91413,0.88790,0.87926,0.86683,0.84368,0.83195,0.79391,0.79621,0.81099,0.77033,0.73844,0.75780,0.75708,0.70280,0.68265,0.70300,0.67687,0.62119,0.59869,0.61118,0.53304,0.55090,0.53631,0.56009,0.56512,0.63426,0.69650,0.71258,0.76025,0.80635,0.83267,0.87816,0.89489,0.87929,0.90000,0.88345,0.89288,0.88815,0.89276,0.89454,0.85538,0.83059,0.81407,0.80301,0.76794,0.74057,0.73393,0.66762,0.64852,0.68452,0.63548,0.58518,0.55226,0.54602,0.61332,0.62255,0.68156,0.66234,0.69813,0.73420,0.77887,0.84027,0.90844,0.94213,0.96055,0.92858,0.91579,0.94282,0.91287,0.88374,0.91322,0.91805,0.87646,0.84166,0.77402,0.70573,0.63006,0.59745,0.54379,0.35901,0.25063,0.28006,0.07199,0.10189,0.03835,0.30578,0.32199,0.25447,0.27634,0.27946,0.41027,0.50020,0.60166,0.57322,0.60593,0.57959,0.57515,0.58208,0.64892,0.60848,0.54551,0.65703,0.72145,0.67337,0.73036,0.82223,0.82968,0.85328,0.83951,0.83813,0.89439,0.91067,0.88479,0.90366,0.89398,0.88852,0.83467,0.82099,0.77653,0.75707,0.71974,0.65292,0.60674,0.53421,0.49175,0.40089,0.37980,0.30627,0.28593,0.25907,0.21017,0.17616,0.19088,0.14397,0.18659,0.22672,0.20330,0.22114,0.26391,0.22255,0.28320,0.28248,0.33586,0.42748,0.43182,0.37533,0.37224,0.32847,0.30693,0.32457,0.29741,0.38004,0.44001,0.50759,0.48890,0.48615,0.50262,0.55804,0.57570,0.61572,0.63356,0.68649,0.69152,0.64345,0.65623,0.61623,0.64328,0.59654,0.61069,0.56103,0.54280,0.48503,0.41372,0.34274,0.33134,0.26509,0.22630,0.16232,0.11498,0.15902,0.17089,0.26375,0.32162,0.40338,0.42106,0.44179,0.48889,0.48377,0.51998,0.50053,0.58613,0.68797,0.69335,0.64966,0.71562,0.78051,0.81629,0.82583,0.84625,0.87392,0.87133,0.89167,0.85053,0.85413,0.81228,0.78524,0.74942,0.68758,0.67224,0.74853,0.71829,0.74339
0.89519,0.89186,0.92850,0.93465,0.91920,0.93180,0.95188,0.94277,0.93415,0.95257,0.94706,0.95617,0.95730,0.95841,0.95268,0.94724,0.93119,0.92045,0.90783,0.89173,0.89086,0.86477,0.86912,0.87832,0.84634,0.82396,0.83978,0.83561,0.79268,0.77962,0.79375,0.76841,0.72430,0.70776,0.71460,0.64205,0.64884,0.63411,0.65968,0.65550,0.71834,0.77330,0.78813,0.83089,0.86610,0.88943,0.91744,0.93081,0.92644,0.94234,0.93440,0.94248,0.93985,0.94162,0.93712,0.91253,0.90141,0.89096,0.88065,0.85480,0.83777,0.83168,0.77885,0.76504,0.79371,0.75290,0.71135,0.68256,0.67651,0.73430,0.74058,0.78802,0.77253,0.80090,0.83182,0.86419,0.91122,0.95487,0.96982,0.97804,0.96708,0.95886,0.96544,0.94753,0.93825,0.95430,0.94679,0.91983,0.90874,0.86304,0.80621,0.74429,0.71427,0.64991,0.47777,0.36406,0.41522,0.22762,0.26498,0.20345,0.45035,0.47392,0.41117,0.43384,0.43621,0.55593,0.63868,0.72738,0.70200,0.72793,0.70200,0.69599,0.69850,0.75371,0.71660,0.66690,0.76380,0.81106,0.77058,0.82226,0.88921,0.89149,0.90126,0.87881,0.86914,0.90265,0.92426,0.91573,0.93257,0.93533,0.93692,0.90265,0.89560,0.86278,0.85051,0.82155,0.76872,0.73077,0.66812,0.63084,0.54918,0.52967,0.46265,0.44065,0.41375,0.36553,0.33146,0.34714,0.30305,0.34531,0.38360,0.35529,0.37412,0.42030,0.38398,0.43897,0.43973,0.49100,0.57458,0.57861,0.52650,0.52104,0.47837,0.45572,0.47009,0.44141,0.51651,0.57319,0.63209,0.61428,0.61391,0.62588,0.67372,0.69221,0.72750,0.74478,0.78764,0.79292,0.75534,0.76704,0.73231,0.75281,0.71143,0.72037,0.67614,0.65797,0.60863,0.54456,0.48052,0.47291,0.41053,0.37558,0.31007,0.26838,0.31281,0.32304,0.41264,0.46371,0.54131,0.56055,0.58166,0.62711,0.62462,0.65724,0.63910,0.71180,0.79448,0.79969,0.76676,0.82069,0.86956,0.89508,0.89976,0.91195,0.92995,0.92388,0.93320,0.90430,0.90026,0.86780,0.84042,0.80953,0.75488,0.73471,0.77791,0.73139,0.75233
0.92786,0.92960,0.94329,0.94649,0.94601,0.95013,0.94956,0.95000,0.95087,0.94444,0.93528,0.92053,0.91264,0.90472,0.88863,0.87302,0.84130,0.82431,0.80601,0.78021,0.77840,0.74360,0.75171,0.76005,0.71574,0.68815,0.70779,0.69938,0.64541,0.63163,0.64766,0.61447,0.56275,0.54552,0.55146,0.47034,0.47678,0.46104,0.48989,0.49154,0.55658,0.61982,0.63739,0.69269,0.73943,0.77276,0.81678,0.83898,0.83033,0.86038,0.85007,0.86983,0.87512,0.89172,0.90370,0.87369,0.84275,0.81997,0.82125,0.79322,0.75514,0.74894,0.68940,0.66315,0.68848,0.64284,0.59180,0.54982,0.53605,0.60186,0.60195,0.65475,0.63570,0.66750,0.71104,0.75194,0.81704,0.88041,0.90908,0.94236,0.92059,0.90324,0.94025,0.92505,0.88582,0.91187,0.93079,0.90018,0.85623,0.78948,0.74801,0.68063,0.65724,0.63185,0.46710,0.37861,0.39109,0.17748,0.17989,0.10538,0.35338,0.35205,0.26704,0.29642,0.31857,0.45923,0.53186,0.61629,0.57175,0.59049,0.55221,0.54152,0.54002,0.60272,0.55672,0.50827,0.62358,0.67506,0.63012,0.70040,0.78147,0.78572,0.79592,0.77318,0.75974,0.81822,0.84239,0.81549,0.84161,0.84197,0.84526,0.79556,0.79041,0.74714,0.73932,0.70408,0.64644,0.60759,0.53407,0.49681,0.40707,0.38214,0.31416,0.28176,0.25153,0.19730,0.16581,0.18720,0.15937,0.21012,0.25349,0.24261,0.26488,0.29656,0.25829,0.31765,0.31402,0.35815,0.44879,0.44481,0.38188,0.36322,0.31243,0.28376,0.29368,0.26041,0.33794,0.40026,0.46322,0.44223,0.44463,0.45560,0.50835,0.53208,0.57479,0.60000,0.65294,0.66610,0.62412,0.63338,0.58740,0.60739,0.55592,0.56283,0.51076,0.48877,0.43516,0.36455,0.29720,0.29138,0.22636,0.19446,0.13153,0.08944,0.13608,0.15020,0.23890,0.28677,0.36954,0.39350,0.42395,0.47984,0.48922,0.53782,0.53700,0.62549,0.72093,0.72286,0.66721,0.71972,0.77685,0.80309,0.80204,0.81354,0.83892,0.82585,0.84003,0.79314,0.78736,0.74205,0.70547,0.66640,0.59881,0.57644,0.64147,0.59936,0.62093
0.93168,0.93296,0.94228,0.93907,0.93661,0.94052,0.93314,0.92609,0.92390,0.91345,0.89685,0.88358,0.88041,0.87787,0.86452,0.85347,0.81883,0.80706,0.79387,0.76459,0.75152,0.71036,0.71402,0.72959,0.68398,0.64949,0.66995,0.66801,0.60934,0.58893,0.61015,0.58130,0.52271,0.49988,0.51241,0.43251,0.44908,0.43458,0.46143,0.46953,0.53805,0.60331,0.61943,0.67203,0.72324,0.75360,0.80588,0.82590,0.80762,0.83511,0.81693,0.83213,0.83073,0.84257,0.85228,0.81002,0.77565,0.75305,0.74725,0.71108,0.67413,0.66729,0.59791,0.57450,0.60839,0.55729,0.50378,0.46525,0.45593,0.52631,0.53298,0.59404,0.57348,0.61101,0.65353,0.70218,0.77236,0.85033,0.88923,0.91914,0.88164,0.86323,0.90548,0.87697,0.83245,0.86722,0.88525,0.84269,0.79100,0.71407,0.65772,0.57905,0.55002,0.51486,0.33696,0.24549,0.25805,0.04348,0.05399,-0.01256,0.24673,0.24774,0.17133,0.19440,0.20646,0.34547,0.42802,0.52606,0.48911,0.51759,0.48626,0.47926,0.48477,0.55411,0.51092,0.45119,0.56948,0.63564,0.58902,0.65261,0.74857,0.76002,0.78283,0.76854,0.76508,0.83550,0.85217,0.81575,0.83797,0.82690,0.82091,0.75903,0.74605,0.69628,0.67888,0.63870,0.57029,0.52421,0.44766,0.40541,0.31223,0.28964,0.21733,0.19301,0.16474,0.11551,0.08449,0.10189,0.06365,0.11084,0.15368,0.14149,0.15979,0.19120,0.14944,0.20794,0.20494,0.25364,0.34681,0.34740,0.28717,0.27852,0.23245,0.20819,0.22385,0.19608,0.27741,0.33823,0.40615,0.38673,0.38549,0.40120,0.45795,0.47725,0.51979,0.54104,0.59775,0.60524,0.55556,0.56811,0.52362,0.55027,0.49934,0.51279,0.46069,0.44146,0.38241,0.30923,0.23859,0.22748,0.16221,0.12631,0.06813,0.01993,0.06446,0.07948,0.16775,0.22258,0.30385,0.32244,0.34681,0.39788,0.39842,0.44193,0.43093,0.52191,0.62782,0.63142,0.57755,0.64240,0.71005,0.74628,0.75326,0.77384,0.80538,0.79995,0.82304,0.77443,0.77717,0.73020,0.69944,0.66117,0.59363,0.57650,0.66384,0.63508,0.66054
0.83710,0.83265,0.87682,0.88190,0.86077,0.87692,0.90306,0.88876,0.87755,0.90533,0.89939,0.91729,0.92308,0.92981,0.92903,0.93045,0.91944,0.90972,0.90313,0.88959,0.88790,0.86819,0.87056,0.88205,0.85778,0.83750,0.85022,0.84972,0.81353,0.80057,0.81508,0.79562,0.75581,0.73924,0.74782,0.68387,0.69009,0.68006,0.70604,0.70445,0.75994,0.80777,0.81836,0.85304,0.88058,0.89695,0.91509,0.92288,0.91873,0.92745,0.91896,0.92075,0.91286,0.90710,0.89458,0.87084,0.86898,0.86473,0.84735,0.82088,0.81547,0.80968,0.76019,0.75482,0.78515,0.74669,0.71137,0.69078,0.68985,0.74264,0.75355,0.79850,0.78550,0.81316,0.83841,0.86962,0.90894,0.94420,0.95025,0.94665,0.93802,0.93133,0.92431,0.90320,0.90603,0.91881,0.89971,0.87333,0.87543,0.84151,0.78694,0.72617,0.69257,0.61034,0.44335,0.32586,0.39748,0.23586,0.28523,0.23593,0.46845,0.49223,0.44235,0.45833,0.44953,0.55675,0.63822,0.72829,0.71436,0.74233,0.72450,0.72040,0.72699,0.77758,0.74717,0.70171,0.78702,0.83320,0.80223,0.84061,0.89578,0.90245,0.91340,0.89432,0.88850,0.91123,0.92686,0.92359,0.93177,0.93275,0.93086,0.90267,0.89288,0.86376,0.84747,0.82142,0.77140,0.73386,0.67865,0.64109,0.56569,0.55105,0.48735,0.47327,0.44947,0.40912,0.37652,0.38619,0.33529,0.37109,0.40816,0.37465,0.38981,0.43643,0.40426,0.45173,0.45088,0.50481,0.58271,0.59153,0.54745,0.55032,0.51479,0.49660,0.51405,0.49159,0.56152,0.61173,0.66647,0.65154,0.64922,0.66195,0.70614,0.71980,0.74921,0.76132,0.79736,0.79639,0.76232,0.77613,0.74856,0.77017,0.73543,0.74709,0.70872,0.69397,0.64788,0.58868,0.52932,0.51921,0.46201,0.42864,0.37151,0.32702,0.36894,0.37963,0.46194,0.51268,0.58209,0.59609,0.61116,0.64851,0.63965,0.66330,0.63597,0.69736,0.77194,0.77668,0.75608,0.81071,0.85483,0.88123,0.88989,0.90402,0.91978,0.91886,0.92790,0.90914,0.90781,0.88538,0.86398,0.83995,0.79297,0.77246,0.80853,0.75818,0.77985
0.77946,0.77734,0.82180,0.83262,0.81675,0.83224,0.86090,0.85829,0.85447,0.88305,0.88560,0.89693,0.89475,0.89397,0.88766,0.88114,0.87300,0.85746,0.84806,0.83638,0.84664,0.83495,0.84311,0.84684,0.82421,0.81402,0.82501,0.81673,0.78795,0.78391,0.79189,0.76835,0.73863,0.73038,0.73091,0.66830,0.66294,0.65621,0.68170,0.67503,0.72228,0.76463,0.77462,0.81086,0.83093,0.84993,0.85588,0.86702,0.87371,0.88634,0.88781,0.89640,0.89866,0.90110,0.89284,0.88438,0.88557,0.87905,0.87225,0.85852,0.85019,0.84483,0.81022,0.80150,0.81782,0.78800,0.75787,0.73304,0.72666,0.77144,0.77285,0.80581,0.79572,0.81585,0.84208,0.86437,0.89656,0.91485,0.90777,0.91024,0.92360,0.91321,0.90440,0.90035,0.90603,0.90780,0.89501,0.88350,0.89200,0.87295,0.84477,0.80745,0.78567,0.72785,0.58758,0.48956,0.55295,0.39751,0.42506,0.36977,0.57670,0.58672,0.52743,0.54834,0.55623,0.65922,0.71910,0.78391,0.75854,0.77054,0.74454,0.73449,0.73222,0.77098,0.73982,0.71231,0.79012,0.81761,0.79432,0.83908,0.87216,0.87490,0.86429,0.83720,0.81536,0.82791,0.84958,0.85728,0.86737,0.88360,0.89219,0.87809,0.87825,0.85661,0.85353,0.83428,0.80108,0.77464,0.72594,0.69603,0.62914,0.61363,0.56052,0.53808,0.51394,0.46922,0.44091,0.45814,0.42708,0.46425,0.50303,0.48056,0.49931,0.53647,0.50144,0.54489,0.54282,0.58758,0.65760,0.66018,0.61585,0.60453,0.56474,0.54027,0.54908,0.52146,0.58165,0.62993,0.67516,0.65837,0.66095,0.66710,0.70277,0.72167,0.74937,0.76572,0.79531,0.80024,0.77867,0.78913,0.76140,0.77285,0.73956,0.74056,0.70515,0.68798,0.65253,0.59890,0.54765,0.54386,0.49014,0.46516,0.40957,0.37365,0.41726,0.42991,0.50664,0.54418,0.60996,0.62862,0.65043,0.69290,0.69819,0.72847,0.71858,0.77331,0.83073,0.83075,0.80670,0.84143,0.86945,0.88218,0.87904,0.88120,0.89015,0.87973,0.87793,0.86201,0.85040,0.83222,0.80545,0.78273,0.73857,0.71323,0.72708,0.66545,0.67385
0.84660,0.84917,0.86229,0.86247,0.86103,0.86714,0.86498,0.86475,0.86711,0.86253,0.85175,0.83767,0.82947,0.82432,0.80809,0.79519,0.76494,0.74825,0.73401,0.70903,0.70670,0.67476,0.68158,0.69211,0.65232,0.62630,0.64446,0.63873,0.58941,0.57579,0.59222,0.56348,0.51541,0.49942,0.50703,0.43133,0.43597,0.42689,0.45508,0.46054,0.51930,0.57624,0.58998,0.63941,0.67988,0.70814,0.74665,0.76600,0.75717,0.78440,0.77370,0.79161,0.79472,0.81044,0.82032,0.79093,0.76328,0.74234,0.74091,0.71557,0.68224,0.67527,0.61939,0.59772,0.62079,0.57816,0.53284,0.49521,0.48416,0.54445,0.54613,0.59565,0.57943,0.61067,0.65119,0.69160,0.75405,0.81477,0.83895,0.86943,0.84985,0.82577,0.85971,0.84503,0.80710,0.83096,0.84938,0.82008,0.77892,0.72101,0.68696,0.62916,0.61090,0.58985,0.43799,0.36544,0.37644,0.17825,0.17542,0.11252,0.34430,0.33315,0.25327,0.27541,0.29544,0.42399,0.48667,0.56358,0.52361,0.54039,0.50680,0.49455,0.49502,0.55195,0.51339,0.46852,0.57320,0.62482,0.58809,0.65090,0.72313,0.73309,0.74150,0.72825,0.70797,0.76680,0.78746,0.75872,0.77854,0.77900,0.77807,0.73092,0.72474,0.68215,0.67328,0.63933,0.58696,0.54958,0.48304,0.44735,0.36497,0.34468,0.28396,0.25704,0.23168,0.18097,0.15404,0.17327,0.14991,0.19708,0.23308,0.22473,0.24224,0.27263,0.23527,0.29092,0.28162,0.32239,0.40592,0.40345,0.34709,0.33051,0.28541,0.25791,0.26682,0.23861,0.30879,0.36480,0.42238,0.40234,0.40419,0.41457,0.46254,0.48405,0.52206,0.54294,0.59070,0.59968,0.56258,0.57286,0.53251,0.55155,0.50616,0.51224,0.46522,0.44553,0.39742,0.33147,0.27043,0.26322,0.20395,0.17658,0.12701,0.08246,0.12476,0.14021,0.22121,0.26456,0.33845,0.35881,0.38709,0.43726,0.44639,0.49013,0.48929,0.56932,0.65657,0.65511,0.60472,0.65287,0.70500,0.73091,0.72987,0.74170,0.76669,0.75600,0.77140,0.72955,0.72554,0.68718,0.65472,0.62083,0.55888,0.54066,0.61009,0.57945,0.59043
0.86032,0.87098,0.84588,0.84061,0.86307,0.85555,0.82014,0.83327,0.84957,0.80404,0.78842,0.73804,0.71682,0.69635,0.66509,0.63451,0.58272,0.56074,0.53620,0.49835,0.49177,0.44260,0.45538,0.46399,0.40382,0.36991,0.39496,0.38244,0.31578,0.30144,0.31936,0.27856,0.21986,0.20333,0.20837,0.12062,0.13076,0.11578,0.14544,0.15797,0.22034,0.28899,0.30836,0.37490,0.43369,0.47807,0.54491,0.57934,0.56365,0.61216,0.59801,0.63369,0.65015,0.68870,0.72623,0.68909,0.62896,0.58887,0.60763,0.57890,0.51235,0.50552,0.44058,0.39859,0.41676,0.36898,0.30946,0.25260,0.22899,0.29865,0.28881,0.34436,0.32151,0.35599,0.41364,0.46154,0.55149,0.64277,0.69252,0.76146,0.72440,0.68782,0.77226,0.76315,0.67816,0.71777,0.78039,0.74731,0.65086,0.55633,0.53888,0.47453,0.46814,0.51474,0.37956,0.34753,0.28860,0.05149,-0.00383,-0.08785,0.14047,0.09887,-0.00990,0.02276,0.07496,0.22830,0.27513,0.34177,0.27258,0.28009,0.22814,0.21122,0.20490,0.27178,0.21883,0.17369,0.30379,0.36127,0.31310,0.40229,0.50131,0.51066,0.52267,0.51120,0.48623,0.58202,0.60791,0.55083,0.58645,0.58232,0.58525,0.51397,0.51147,0.45480,0.45422,0.41241,0.35362,0.31733,0.23585,0.20357,0.11254,0.08255,0.02106,-0.02232,-0.05258,-0.11223,-0.13636,-0.10835,-0.10760,-0.05132,-0.01175,0.00164,0.02925,0.04142,0.00298,0.06675,0.05732,0.08354,0.17359,0.15764,0.08616,0.04915,-0.00877,-0.04214,-0.04109,-0.07654,-0.00457,0.05891,0.12076,0.09623,0.10213,0.11068,0.16499,0.19481,0.24448,0.27840,0.34199,0.36448,0.31980,0.32504,0.26736,0.28422,0.22322,0.22546,0.16740,0.14172,0.08962,0.01693,-0.04774,-0.05038,-0.11201,-0.13571,-0.18509,-0.22247,-0.18103,-0.16318,-0.08544,-0.04801,0.03239,0.06003,0.09997,0.16631,0.19241,0.25984,0.28662,0.39019,0.49601,0.49239,0.40657,0.45074,0.51598,0.54144,0.53200,0.54227,0.57765,0.55604,0.57822,0.50673,0.50063,0.44075,0.39626,0.34930,0.26995,0.25097,0.35641,0.34378,0.35523
0.76260,0.77795,0.72086,0.70421,0.74027,0.72399,0.65682,0.66961,0.69135,0.61495,0.58801,0.51594,0.49267,0.47001,0.43379,0.40039,0.33323,0.31595,0.29300,0.24404,0.22026,0.15645,0.16529,0.18056,0.11065,0.06468,0.09231,0.08490,0.00632,-0.01687,0.00667,-0.03276,-0.10196,-0.12526,-0.11409,-0.19893,-0.17643,-0.19443,-0.16952,-0.14707,-0.08316,-0.00822,0.01329,0.08288,0.15712,0.20588,0.30018,0.33851,0.30607,0.36232,0.33688,0.37617,0.39136,0.43728,0.48999,0.43464,0.35058,0.30030,0.32307,0.28481,0.20120,0.19491,0.11773,0.06781,0.09068,0.03672,-0.03100,-0.09221,-0.11717,-0.04211,-0.05071,0.01442,-0.01307,0.02676,0.08809,0.14608,0.25362,0.37950,0.46011,0.54856,0.47869,0.43489,0.55627,0.53222,0.41300,0.47491,0.56404,0.51257,0.37385,0.24836,0.22604,0.14829,0.14787,0.22902,0.10433,0.10354,-0.00635,-0.24722,-0.32649,-0.40533,-0.19681,-0.25093,-0.35781,-0.32921,-0.27237,-0.11855,-0.07548,-0.00588,-0.07909,-0.06657,-0.11698,-0.13057,-0.13317,-0.05707,-0.10992,-0.16643,-0.03018,0.04381,-0.01216,0.07878,0.20574,0.22054,0.25167,0.25130,0.23894,0.37610,0.39930,0.31019,0.35260,0.32926,0.32230,0.22338,0.21366,0.14465,0.13795,0.08766,0.01589,-0.02519,-0.11322,-0.14572,-0.23771,-0.27023,-0.33175,-0.37271,-0.39986,-0.45395,-0.47345,-0.44222,-0.43426,-0.38050,-0.35059,-0.32073,-0.29694,-0.29862,-0.33476,-0.27009,-0.27979,-0.26428,-0.17668,-0.19657,-0.26968,-0.30481,-0.35883,-0.38792,-0.38537,-0.41611,-0.34554,-0.28427,-0.21869,-0.24127,-0.23748,-0.22437,-0.16580,-0.13916,-0.08588,-0.05181,0.02272,0.04659,-0.00959,-0.00627,-0.06898,-0.04632,-0.11104,-0.10318,-0.16425,-0.18860,-0.24686,-0.31950,-0.38388,-0.38921,-0.44486,-0.46974,-0.50677,-0.54411,-0.51156,-0.49453,-0.42836,-0.39070,-0.31530,-0.29041,-0.25391,-0.18845,-0.16417,-0.09294,-0.06095,0.05392,0.17566,0.17447,0.07264,0.12629,0.20811,0.24385,0.23943,0.25922,0.30632,0.28891,0.32705,0.23744,0.24072,0.16599,0.12444,0.07139,-0.01311,-0.01948,0.13138,0.15411,0.17220
0.83245,0.84540,0.79502,0.77916,0.81033,0.79536,0.73422,0.74310,0.75968,0.68883,0.66131,0.59700,0.57762,0.55777,0.52493,0.49328,0.42878,0.41411,0.39221,0.34461,0.31760,0.25264,0.25941,0.27597,0.20602,0.15838,0.18625,0.18022,0.09988,0.07390,0.09861,0.05951,-0.01256,-0.03834,-0.02583,-0.11381,-0.08650,-0.10904,-0.08484,-0.06493,0.00612,0.08498,0.10796,0.17858,0.25534,0.30340,0.39786,0.43539,0.40164,0.45514,0.42878,0.46478,0.47705,0.51794,0.56625,0.50740,0.42605,0.37807,0.39616,0.35464,0.27404,0.26781,0.18617,0.13686,0.16534,0.10792,0.03756,-0.02194,-0.04527,0.03416,0.02847,0.09833,0.06957,0.11118,0.17124,0.23192,0.33797,0.46509,0.54750,0.62921,0.55718,0.51970,0.63516,0.60524,0.49242,0.55538,0.63646,0.58047,0.44751,0.31920,0.28166,0.19824,0.19076,0.25276,0.10704,0.08626,-0.00895,-0.25883,-0.32154,-0.40197,-0.17159,-0.21275,-0.31633,-0.28662,-0.23710,-0.07788,-0.02155,0.05994,-0.00952,0.00951,-0.03919,-0.05039,-0.05032,0.03005,-0.02437,-0.08969,0.05179,0.13029,0.06912,0.15916,0.29347,0.30633,0.34214,0.33740,0.33201,0.46549,0.48912,0.40408,0.44750,0.42195,0.41404,0.31379,0.30142,0.23187,0.22185,0.17005,0.09176,0.04636,-0.04510,-0.08143,-0.17876,-0.21187,-0.27985,-0.31782,-0.34623,-0.40103,-0.42484,-0.39404,-0.39816,-0.34053,-0.30802,-0.28518,-0.26210,-0.25770,-0.29746,-0.22976,-0.23775,-0.21512,-0.12188,-0.13895,-0.21318,-0.24222,-0.29620,-0.32418,-0.31886,-0.35049,-0.27309,-0.20877,-0.13825,-0.16096,-0.15842,-0.14312,-0.08129,-0.05549,-0.00094,0.03194,0.10875,0.13032,0.07049,0.07593,0.01268,0.03879,-0.02683,-0.01613,-0.07948,-0.10398,-0.16655,-0.24313,-0.31235,-0.31960,-0.37934,-0.40934,-0.45454,-0.49487,-0.45903,-0.44276,-0.36857,-0.32462,-0.24378,-0.21887,-0.18449,-0.11996,-0.10085,-0.03230,-0.00804,0.10964,0.23711,0.23793,0.13965,0.20202,0.28865,0.32822,0.32761,0.34989,0.39747,0.38271,0.42159,0.33397,0.33823,0.26172,0.22149,0.16673,0.08140,0.07514,0.22726,0.24550,0.26969
0.69305,0.70940,0.63892,0.61768,0.65852,0.63751,0.55800,0.57026,0.59281,0.50439,0.47362,0.39574,0.37222,0.34858,0.31163,0.27547,0.20639,0.19554,0.17651,0.12451,0.08931,0.01964,0.02501,0.04307,-0.02961,-0.07874,-0.05083,-0.05616,-0.13718,-0.16389,-0.13952,-0.17704,-0.24828,-0.27381,-0.26106,-0.34282,-0.31206,-0.33424,-0.31732,-0.29550,-0.22746,-0.15072,-0.12776,-0.05802,0.02272,0.07241,0.17591,0.21562,0.17590,0.23363,0.20461,0.24427,0.25909,0.30639,0.36514,0.30240,0.20997,0.15647,0.18043,0.14065,0.05091,0.04449,-0.03525,-0.08805,-0.06434,-0.11922,-0.18821,-0.24917,-0.27408,-0.19894,-0.20739,-0.14004,-0.16856,-0.12781,-0.06847,-0.00981,0.10045,0.23894,0.33423,0.42682,0.34399,0.30177,0.43681,0.40716,0.27655,0.34618,0.44481,0.38717,0.23304,0.09650,0.06504,-0.01128,-0.00944,0.08442,-0.03444,-0.02107,-0.15374,-0.39096,-0.47651,-0.55082,-0.35759,-0.40458,-0.50669,-0.47922,-0.42153,-0.27499,-0.23375,-0.16675,-0.24014,-0.22498,-0.27311,-0.28468,-0.28545,-0.20858,-0.25977,-0.32205,-0.18882,-0.11202,-0.17297,-0.08432,0.05426,0.07025,0.10799,0.10963,0.10440,0.25796,0.28340,0.18198,0.22834,0.19802,0.18715,0.07855,0.06599,-0.00574,-0.01440,-0.06612,-0.14175,-0.18332,-0.27115,-0.30258,-0.39112,-0.42323,-0.48180,-0.51976,-0.54360,-0.59343,-0.61033,-0.57575,-0.56760,-0.51031,-0.48889,-0.45177,-0.43551,-0.44321,-0.48242,-0.42070,-0.42487,-0.41495,-0.33207,-0.35328,-0.42377,-0.45600,-0.50502,-0.53191,-0.53003,-0.55906,-0.49141,-0.43307,-0.36800,-0.38854,-0.38510,-0.37025,-0.31298,-0.28892,-0.23661,-0.20456,-0.12790,-0.10439,-0.16337,-0.16040,-0.22277,-0.19797,-0.26105,-0.25167,-0.31208,-0.33561,-0.39483,-0.46431,-0.52602,-0.53171,-0.58284,-0.60769,-0.63972,-0.67502,-0.64744,-0.63242,-0.57132,-0.53528,-0.46427,-0.44070,-0.40834,-0.34544,-0.32259,-0.25344,-0.21916,-0.10323,0.02044,0.02110,-0.08453,-0.02767,0.05851,0.09720,0.09519,0.11823,0.16891,0.15376,0.19697,0.10426,0.11036,0.02787,-0.01087,-0.06616,-0.14942,-0.14790,0.01960,0.05942,0.07988
0.60730,0.62735,0.55074,0.53261,0.58194,0.55908,0.47683,0.50098,0.53246,0.43932,0.41417,0.32449,0.29241,0.26086,0.21777,0.17472,0.10435,0.08580,0.06408,0.01040,-0.01320,-0.07644,-0.06481,-0.05434,-0.12647,-0.16746,-0.14046,-0.15263,-0.22796,-0.24651,-0.22727,-0.26852,-0.33121,-0.34920,-0.34333,-0.42273,-0.40447,-0.42066,-0.40001,-0.38126,-0.32259,-0.25361,-0.23246,-0.16192,-0.08820,-0.03553,0.06076,0.10483,0.07377,0.13731,0.11558,0.16296,0.18723,0.24446,0.31074,0.26128,0.16755,0.10979,0.14501,0.11629,0.02054,0.01412,-0.05243,-0.10878,-0.09880,-0.14564,-0.20956,-0.27510,-0.30629,-0.23945,-0.25694,-0.20096,-0.22685,-0.19262,-0.13073,-0.08025,0.02788,0.15344,0.23854,0.34364,0.27694,0.22789,0.36732,0.35457,0.21929,0.28139,0.39182,0.34722,0.19134,0.06486,0.06430,0.00366,0.01977,0.14815,0.06634,0.10560,-0.04974,-0.27778,-0.39008,-0.46971,-0.30333,-0.37283,-0.48605,-0.45607,-0.37990,-0.23808,-0.22196,-0.18067,-0.26624,-0.26681,-0.32320,-0.34046,-0.34912,-0.28186,-0.33312,-0.37910,-0.25384,-0.19112,-0.24654,-0.15108,-0.03135,-0.01986,0.00497,0.00944,-0.01443,0.13356,0.16531,0.06548,0.11248,0.09321,0.09079,-0.00723,-0.01079,-0.07735,-0.07464,-0.12119,-0.18088,-0.21209,-0.29378,-0.31669,-0.39642,-0.43055,-0.47837,-0.52540,-0.54638,-0.60190,-0.61348,-0.57036,-0.53495,-0.48496,-0.47098,-0.42432,-0.40386,-0.41745,-0.45117,-0.38954,-0.39896,-0.40107,-0.32613,-0.35470,-0.42561,-0.47308,-0.52664,-0.55802,-0.56497,-0.59779,-0.54005,-0.48380,-0.42739,-0.44893,-0.44135,-0.43233,-0.38220,-0.35464,-0.30392,-0.26848,-0.19765,-0.16649,-0.21527,-0.21639,-0.27942,-0.26370,-0.32565,-0.32503,-0.38207,-0.40730,-0.45796,-0.52087,-0.57456,-0.57334,-0.61992,-0.63679,-0.66473,-0.69240,-0.66568,-0.65038,-0.59881,-0.57523,-0.50908,-0.48053,-0.44098,-0.37163,-0.33471,-0.25805,-0.20519,-0.09482,0.01473,0.01113,-0.10158,-0.06568,0.00773,0.03476,0.02187,0.03498,0.08088,0.05587,0.09151,-0.00203,-0.00404,-0.08270,-0.12741,-0.17988,-0.26111,-0.25976,-0.10768,-0.07063,-0.06522
0.75537,0.77225,0.71500,0.70427,0.74584,0.72758,0.66327,0.68757,0.71466,0.63741,0.61841,0.54047,0.51020,0.47974,0.43868,0.39681,0.33122,0.30859,0.28278,0.23383,0.22024,0.16140,0.17598,0.18311,0.11141,0.07392,0.10126,0.08563,0.01095,-0.00489,0.01320,-0.03166,-0.09470,-0.11159,-0.10814,-0.19597,-0.18135,-0.19826,-0.17409,-0.15946,-0.09670,-0.02402,-0.00151,0.07209,0.14289,0.19639,0.28317,0.32730,0.30396,0.36542,0.34817,0.39450,0.41927,0.47235,0.53027,0.48698,0.40354,0.34950,0.38199,0.35398,0.26480,0.25849,0.19181,0.13678,0.14870,0.10042,0.03524,-0.03136,-0.06278,0.00792,-0.00927,0.04754,0.02130,0.05567,0.11903,0.16805,0.27162,0.38473,0.45723,0.55314,0.50075,0.45739,0.57892,0.56991,0.45150,0.50545,0.60107,0.56116,0.42574,0.30748,0.30252,0.23945,0.24682,0.34807,0.24053,0.24850,0.12796,-0.11808,-0.21259,-0.30228,-0.09945,-0.16044,-0.27922,-0.24329,-0.17051,-0.01490,0.01469,0.06627,-0.01979,-0.01933,-0.07956,-0.09792,-0.10817,-0.03916,-0.09618,-0.14177,-0.00706,0.05322,-0.00451,0.09603,0.21126,0.21844,0.23608,0.23094,0.20186,0.32961,0.36195,0.28148,0.32792,0.31796,0.32186,0.23440,0.23352,0.16984,0.17400,0.12844,0.06842,0.03497,-0.05077,-0.07762,-0.16637,-0.20199,-0.25841,-0.30880,-0.33584,-0.39839,-0.41410,-0.37188,-0.34445,-0.29210,-0.26161,-0.22413,-0.19716,-0.20391,-0.24489,-0.17854,-0.19040,-0.17985,-0.09433,-0.12033,-0.19673,-0.24560,-0.30636,-0.34156,-0.34685,-0.38542,-0.31825,-0.25520,-0.19375,-0.21832,-0.20994,-0.20152,-0.14764,-0.11637,-0.06263,-0.02343,0.04762,0.07856,0.03036,0.03104,-0.03402,-0.01892,-0.08483,-0.08605,-0.14709,-0.17470,-0.22891,-0.29889,-0.35986,-0.35864,-0.41502,-0.43559,-0.47936,-0.50890,-0.47222,-0.45469,-0.38783,-0.35862,-0.28161,-0.24972,-0.20563,-0.13201,-0.09461,-0.01548,0.03179,0.14516,0.25716,0.25323,0.14498,0.18248,0.25436,0.27949,0.26531,0.27525,0.31739,0.29074,0.31774,0.22844,0.22130,0.14659,0.09826,0.04471,-0.03974,-0.04942,0.08267,0.09439,0.10309
0.85702,0.87038,0.82597,0.81554,0.84728,0.83340,0.77816,0.79239,0.81065,0.74416,0.72195,0.65842,0.63590,0.61267,0.57819,0.54309,0.48171,0.46503,0.44025,0.39509,0.37512,0.31333,0.32382,0.33535,0.26464,0.22175,0.24993,0.23931,0.16112,0.13980,0.16145,0.11884,0.05012,0.02742,0.03578,-0.05500,-0.03393,-0.05547,-0.03140,-0.01567,0.05414,0.13267,0.15683,0.22997,0.30370,0.35469,0.44435,0.48329,0.45530,0.51073,0.48914,0.52826,0.54500,0.58797,0.63605,0.58564,0.50805,0.45963,0.48194,0.44571,0.36448,0.35877,0.28193,0.23133,0.25537,0.20122,0.13212,0.06986,0.04305,0.12030,0.11038,0.17543,0.14718,0.18599,0.24696,0.30172,0.40390,0.52071,0.59623,0.67853,0.61828,0.58263,0.69276,0.67139,0.56456,0.62105,0.70074,0.65208,0.52787,0.40618,0.37481,0.29596,0.29094,0.35558,0.21242,0.18718,0.09525,-0.15893,-0.22436,-0.31143,-0.07799,-0.11890,-0.22858,-0.19339,-0.13771,0.02346,0.07820,0.15320,0.07820,0.09221,0.03870,0.02562,0.02069,0.09829,0.04057,-0.01903,0.12370,0.19438,0.13199,0.22706,0.35332,0.36075,0.38861,0.37900,0.36504,0.48636,0.51451,0.44027,0.48615,0.46908,0.46825,0.37663,0.36971,0.30427,0.29946,0.25093,0.17840,0.13704,0.04637,0.01268,-0.08509,-0.12069,-0.18876,-0.23266,-0.26391,-0.32412,-0.34845,-0.31692,-0.31485,-0.25840,-0.21969,-0.19379,-0.16621,-0.16042,-0.20251,-0.13396,-0.13903,-0.11738,-0.02331,-0.04368,-0.12145,-0.15702,-0.21694,-0.24836,-0.24589,-0.28262,-0.20486,-0.13746,-0.06781,-0.09161,-0.08649,-0.07302,-0.01248,0.01619,0.07205,0.10799,0.18271,0.20818,0.15247,0.15598,0.09143,0.11352,0.04590,0.05149,-0.01235,-0.03877,-0.10109,-0.17734,-0.24706,-0.25074,-0.31376,-0.34246,-0.39346,-0.43094,-0.39148,-0.37417,-0.29707,-0.25585,-0.17137,-0.14198,-0.10352,-0.03363,-0.00883,0.06418,0.09363,0.21178,0.33387,0.33480,0.23513,0.28959,0.37050,0.40412,0.39857,0.41542,0.45887,0.43883,0.47080,0.38393,0.38226,0.30707,0.26267,0.20691,0.12081,0.10842,0.24318,0.24819,0.27038
0.92383,0.93329,0.90840,0.90383,0.92602,0.91862,0.87974,0.89121,0.90532,0.85733,0.83888,0.78885,0.77026,0.75045,0.72103,0.69020,0.63665,0.61909,0.59490,0.55478,0.54055,0.48536,0.49627,0.50619,0.44097,0.40179,0.42850,0.41739,0.34363,0.32392,0.34451,0.30250,0.23622,0.21471,0.22221,0.12930,0.14645,0.12484,0.15118,0.16119,0.23266,0.31090,0.33545,0.40657,0.47440,0.52250,0.60091,0.63667,0.61420,0.66352,0.64522,0.67980,0.69401,0.72958,0.76801,0.72272,0.65773,0.61556,0.63230,0.59723,0.52668,0.52090,0.44671,0.40106,0.42723,0.37383,0.30628,0.24775,0.22329,0.30071,0.29319,0.35730,0.33030,0.36758,0.42425,0.47718,0.57092,0.67324,0.73686,0.80707,0.75835,0.72794,0.81771,0.79586,0.70888,0.75813,0.82050,0.77440,0.67308,0.56383,0.52795,0.44942,0.43753,0.47308,0.31246,0.26228,0.20291,-0.04996,-0.09399,-0.18065,0.06968,0.03891,-0.06678,-0.02939,0.01715,0.17806,0.24513,0.32751,0.25845,0.27502,0.22404,0.21218,0.20757,0.28406,0.22622,0.16670,0.30785,0.37450,0.31358,0.40476,0.52212,0.52555,0.54906,0.53119,0.51818,0.61925,0.64871,0.59233,0.63566,0.62407,0.62597,0.54529,0.53917,0.47932,0.47406,0.42798,0.35710,0.31468,0.22449,0.18792,0.08672,0.05247,-0.01873,-0.06078,-0.09345,-0.15512,-0.18375,-0.15305,-0.16114,-0.10415,-0.06134,-0.04671,-0.02019,-0.00442,-0.04909,0.02130,0.01471,0.04659,0.14525,0.12917,0.05193,0.02095,-0.03900,-0.07087,-0.06633,-0.10398,-0.02194,0.04795,0.11932,0.09561,0.10044,0.11382,0.17445,0.20311,0.25748,0.29182,0.36294,0.38560,0.33200,0.33735,0.27561,0.29766,0.23187,0.23774,0.17475,0.14817,0.08512,0.00734,-0.06523,-0.06931,-0.13691,-0.16773,-0.22623,-0.26687,-0.22363,-0.20780,-0.12264,-0.07725,0.01220,0.04200,0.07993,0.14846,0.16912,0.23783,0.25832,0.37312,0.49236,0.49396,0.40453,0.46097,0.53758,0.56987,0.56550,0.58062,0.61919,0.59988,0.62744,0.54879,0.54486,0.47602,0.43219,0.37762,0.29391,0.27714,0.39492,0.38263,0.40770
0.88501,0.89547,0.86240,0.85626,0.88243,0.87265,0.82618,0.83909,0.85564,0.80054,0.77996,0.72354,0.70315,0.68146,0.64922,0.61605,0.55910,0.54266,0.51812,0.47506,0.45944,0.40210,0.41199,0.42082,0.35391,0.31366,0.34074,0.32942,0.25412,0.23371,0.25390,0.21127,0.14436,0.12267,0.12977,0.03489,0.05117,0.02866,0.05417,0.05879,0.13651,0.21650,0.24234,0.31575,0.38723,0.43706,0.52140,0.55942,0.53509,0.58733,0.56758,0.60452,0.62017,0.65966,0.70428,0.65763,0.58590,0.54003,0.55954,0.52677,0.44944,0.44272,0.36850,0.31993,0.34339,0.28971,0.22144,0.16088,0.13487,0.21219,0.20359,0.26781,0.24063,0.27792,0.33484,0.38682,0.48289,0.59238,0.66393,0.74186,0.68802,0.65440,0.75399,0.73226,0.63665,0.68954,0.76072,0.71293,0.60198,0.48755,0.45255,0.37759,0.37382,0.42793,0.27576,0.24065,0.15856,-0.09968,-0.15489,-0.24137,0.00093,-0.02943,-0.13973,-0.10300,-0.04930,0.10826,0.16877,0.24500,0.17236,0.18687,0.13472,0.12172,0.11641,0.19285,0.13610,0.07290,0.21096,0.27857,0.21275,0.30649,0.42904,0.43085,0.45765,0.44535,0.42950,0.54311,0.58034,0.51111,0.55859,0.54376,0.54507,0.45964,0.45443,0.39276,0.38888,0.34125,0.27055,0.22868,0.13796,0.10281,0.00319,-0.03155,-0.10016,-0.14498,-0.17280,-0.23739,-0.26250,-0.22318,-0.22381,-0.16761,-0.14077,-0.12527,-0.10196,-0.08273,-0.12552,-0.04965,-0.05908,-0.03232,0.06473,0.04613,-0.03104,-0.06504,-0.12383,-0.15698,-0.15441,-0.19313,-0.11243,-0.04303,0.02790,0.00456,0.01016,0.02390,0.08370,0.11207,0.16646,0.19952,0.27153,0.29732,0.24354,0.24744,0.18511,0.20677,0.14097,0.14633,0.08384,0.05677,-0.00644,-0.08334,-0.15491,-0.15741,-0.22319,-0.25334,-0.30922,-0.34954,-0.30883,-0.29491,-0.21124,-0.16812,-0.07962,-0.04823,-0.00830,0.06098,0.08488,0.15486,0.18137,0.29773,0.41832,0.41981,0.32501,0.37910,0.45646,0.48917,0.48344,0.49841,0.53896,0.51746,0.54763,0.46582,0.46202,0.38626,0.34116,0.28468,0.20053,0.19286,0.31925,0.32311,0.34469
0.82674,0.83986,0.79592,0.78939,0.82257,0.80924,0.75726,0.77530,0.79562,0.73209,0.71200,0.64686,0.62153,0.59479,0.55806,0.52016,0.46095,0.44234,0.41614,0.37171,0.35735,0.30071,0.31288,0.31869,0.25025,0.21234,0.24011,0.22543,0.15119,0.13418,0.15283,0.10758,0.04436,0.02643,0.03063,-0.06261,-0.05227,-0.07082,-0.03951,-0.03473,0.03773,0.11260,0.13647,0.21078,0.28026,0.33219,0.41641,0.45773,0.43513,0.49156,0.47388,0.51567,0.53638,0.58369,0.63513,0.59169,0.51565,0.46631,0.49142,0.46277,0.37949,0.37296,0.30390,0.25144,0.26826,0.21783,0.15118,0.08748,0.05834,0.13218,0.11929,0.17914,0.15281,0.18811,0.24920,0.29974,0.39960,0.50780,0.57661,0.66493,0.61472,0.57551,0.68321,0.67020,0.56481,0.61550,0.69739,0.65699,0.53534,0.41952,0.39816,0.33155,0.33679,0.41643,0.28957,0.27235,0.17106,-0.08154,-0.15583,-0.24282,-0.01427,-0.06635,-0.18473,-0.14860,-0.08460,0.07163,0.11557,0.17862,0.10006,0.10619,0.05013,0.03443,0.02556,0.09837,0.04145,-0.01592,0.12061,0.18450,0.12242,0.22143,0.33776,0.33840,0.36462,0.35836,0.33578,0.45070,0.48869,0.41106,0.45972,0.44543,0.44962,0.36465,0.36301,0.30139,0.30291,0.25639,0.19177,0.15464,0.06708,0.03690,-0.05683,-0.09211,-0.15467,-0.20305,-0.22820,-0.29463,-0.31803,-0.28405,-0.27505,-0.21603,-0.19634,-0.18186,-0.15407,-0.13356,-0.16385,-0.08726,-0.09915,-0.08222,0.00910,-0.01366,-0.09001,-0.13028,-0.18997,-0.22323,-0.22682,-0.26634,-0.19263,-0.12588,-0.06034,-0.08365,-0.07610,-0.06577,-0.00972,0.02038,0.07456,0.10961,0.18100,0.21056,0.15946,0.16065,0.09716,0.11569,0.04964,0.05147,-0.00994,-0.03734,-0.09520,-0.16760,-0.23328,-0.23275,-0.29265,-0.31876,-0.37196,-0.40529,-0.36683,-0.35337,-0.27844,-0.24283,-0.15892,-0.12524,-0.08257,-0.01155,0.01878,0.09212,0.12923,0.24305,0.35760,0.35624,0.25644,0.30283,0.37649,0.40456,0.39341,0.40501,0.44471,0.41786,0.44823,0.36348,0.35686,0.28222,0.23303,0.17850,0.09295,0.08600,0.21636,0.22610,0.23979
0.85460,0.86702,0.83437,0.83096,0.85969,0.84990,0.81005,0.82943,0.84870,0.79676,0.78184,0.72391,0.69816,0.67177,0.63605,0.59785,0.54491,0.52495,0.49947,0.45889,0.45010,0.39818,0.41267,0.41667,0.35144,0.31942,0.34611,0.32876,0.25994,0.24772,0.26396,0.21795,0.16014,0.14642,0.14794,0.05536,0.05918,0.04578,0.07943,0.08478,0.15207,0.22159,0.24283,0.31486,0.37566,0.42593,0.49719,0.53796,0.52239,0.57642,0.56421,0.60557,0.62794,0.67399,0.71968,0.68477,0.61899,0.57249,0.59774,0.57450,0.49774,0.49129,0.42902,0.37937,0.39269,0.34677,0.28400,0.22132,0.19190,0.26195,0.24686,0.30124,0.27724,0.30983,0.37121,0.41689,0.51128,0.60432,0.65738,0.73720,0.70331,0.66497,0.75928,0.75542,0.66255,0.70247,0.77564,0.74532,0.63881,0.53701,0.52161,0.46540,0.46835,0.53702,0.41220,0.38638,0.30371,0.05415,-0.01458,-0.10190,0.13330,0.07821,-0.04105,-0.00478,0.05961,0.21547,0.25656,0.31479,0.23573,0.23774,0.18053,0.16271,0.15098,0.21816,0.16128,0.10978,0.24596,0.30460,0.24836,0.34605,0.45018,0.45016,0.46629,0.45718,0.42592,0.52172,0.55697,0.49428,0.53805,0.53341,0.54214,0.46938,0.47101,0.41445,0.41953,0.37723,0.32031,0.28666,0.20301,0.17457,0.08288,0.04796,-0.01261,-0.06228,-0.08879,-0.15801,-0.18347,-0.15121,-0.14234,-0.08332,-0.05730,-0.04465,-0.01207,0.01146,-0.02167,0.05315,0.04236,0.06034,0.15043,0.12817,0.05233,0.00912,-0.05393,-0.08932,-0.09512,-0.13634,-0.06379,0.00343,0.06593,0.04173,0.05075,0.05812,0.11155,0.14363,0.19587,0.23130,0.29806,0.32773,0.28237,0.28419,0.22282,0.23755,0.17365,0.17068,0.11119,0.08301,0.02865,-0.04215,-0.10645,-0.10397,-0.16530,-0.18956,-0.24597,-0.27885,-0.23691,-0.22215,-0.14509,-0.11147,-0.02666,0.00834,0.05194,0.12587,0.15868,0.23239,0.27021,0.37836,0.48403,0.48039,0.38640,0.42615,0.49142,0.51367,0.49861,0.50482,0.53953,0.51101,0.53419,0.45610,0.44526,0.38026,0.33016,0.27970,0.19761,0.18345,0.29742,0.29200,0.29624
0.77037,0.78581,0.74964,0.74782,0.78191,0.77004,0.73050,0.75928,0.78402,0.73011,0.72093,0.65713,0.62487,0.59356,0.55347,0.50902,0.45929,0.43739,0.41178,0.37235,0.37017,0.32228,0.34065,0.34009,0.27607,0.25308,0.27864,0.25540,0.19376,0.18915,0.20055,0.15310,0.10441,0.09836,0.09453,0.00725,0.00508,-0.00252,0.02847,0.03509,0.09181,0.15106,0.16906,0.23864,0.29029,0.34075,0.40134,0.44591,0.43818,0.49451,0.48934,0.53597,0.56564,0.61816,0.66704,0.64390,0.58113,0.53307,0.56766,0.55596,0.47700,0.47078,0.42229,0.37091,0.37201,0.33483,0.27861,0.21362,0.18016,0.24124,0.21815,0.26073,0.24025,0.26690,0.32958,0.36617,0.45463,0.53288,0.57431,0.65759,0.64150,0.60018,0.69408,0.70564,0.61420,0.64382,0.72323,0.70624,0.60397,0.51570,0.52041,0.48755,0.49880,0.59163,0.50024,0.49654,0.40143,0.16312,0.07413,-0.01553,0.19512,0.12595,0.00200,0.03981,0.11882,0.26354,0.28186,0.31572,0.22788,0.21669,0.15475,0.13198,0.11443,0.16984,0.11352,0.07752,0.20546,0.25135,0.20207,0.30305,0.39158,0.39162,0.39017,0.38330,0.33449,0.41977,0.45113,0.39871,0.43851,0.44745,0.46293,0.40296,0.41156,0.36121,0.37616,0.34006,0.29880,0.27511,0.19988,0.17940,0.09851,0.06405,0.01573,-0.03916,-0.06438,-0.13562,-0.15542,-0.11969,-0.08799,-0.03867,-0.00965,0.01794,0.05289,0.06461,0.02503,0.09452,0.08534,0.09332,0.17390,0.14721,0.07447,0.01862,-0.04697,-0.08632,-0.10054,-0.14491,-0.08257,-0.01994,0.03295,0.00781,0.02011,0.02172,0.06713,0.10250,0.15179,0.18986,0.24983,0.28465,0.24998,0.24898,0.18928,0.19484,0.13436,0.12187,0.06719,0.03846,-0.00612,-0.07046,-0.12647,-0.11807,-0.17470,-0.19091,-0.24393,-0.26758,-0.22537,-0.20936,-0.14021,-0.11893,-0.03996,-0.00317,0.04412,0.12212,0.16637,0.24487,0.29824,0.39684,0.48660,0.47795,0.38270,0.40202,0.45339,0.46440,0.44012,0.43718,0.46693,0.43242,0.44583,0.37035,0.35360,0.29619,0.24368,0.19826,0.12255,0.10628,0.20681,0.19959,0.18200
0.74819,0.76216,0.73763,0.74168,0.77089,0.76152,0.73772,0.76851,0.79085,0.75142,0.75116,0.69704,0.66377,0.63101,0.59154,0.54677,0.50671,0.48254,0.45522,0.42453,0.43257,0.39431,0.41584,0.40851,0.35144,0.33812,0.36147,0.33409,0.28237,0.28594,0.29152,0.24315,0.20511,0.20590,0.19675,0.11360,0.10013,0.09307,0.12406,0.12144,0.17555,0.22660,0.24269,0.30863,0.34960,0.39819,0.44256,0.48486,0.48938,0.54266,0.54627,0.59288,0.62586,0.67803,0.72221,0.71448,0.66436,0.62064,0.65649,0.65575,0.58421,0.57662,0.54067,0.49401,0.48670,0.45794,0.41068,0.34867,0.31460,0.36629,0.33899,0.36963,0.35409,0.37446,0.43441,0.45571,0.53285,0.58753,0.61074,0.68539,0.68971,0.65298,0.72915,0.75949,0.68424,0.69760,0.76790,0.77089,0.68767,0.62039,0.63241,0.61572,0.62954,0.71580,0.63971,0.63458,0.55386,0.32859,0.24744,0.15573,0.35018,0.29443,0.17034,0.20721,0.28842,0.42439,0.43255,0.45102,0.36415,0.34473,0.28110,0.25473,0.23185,0.27668,0.22449,0.19975,0.31352,0.34234,0.29775,0.39641,0.46316,0.45755,0.44445,0.43553,0.37365,0.43640,0.47699,0.43488,0.47257,0.49414,0.51718,0.47664,0.49273,0.45259,0.47496,0.44645,0.41970,0.40441,0.33906,0.32423,0.25295,0.21948,0.17880,0.12001,0.09608,0.02315,0.00531,0.04388,0.07655,0.13445,0.15205,0.16896,0.20491,0.22462,0.19138,0.25845,0.25197,0.25648,0.32919,0.30163,0.23272,0.17201,0.10708,0.06469,0.04529,-0.00218,0.05307,0.11261,0.15659,0.13120,0.14608,0.14256,0.18050,0.21770,0.26269,0.30039,0.35122,0.38824,0.36479,0.36213,0.30688,0.30585,0.25028,0.23031,0.18028,0.15103,0.11553,0.05801,0.00985,0.02355,-0.02949,-0.04170,-0.09768,-0.11610,-0.07295,-0.06020,0.00867,0.02226,0.09833,0.13840,0.18787,0.26536,0.31434,0.38930,0.44685,0.53322,0.60453,0.59468,0.50851,0.51453,0.55012,0.55080,0.52004,0.50834,0.52911,0.48989,0.49121,0.42779,0.40252,0.35286,0.29860,0.25808,0.18821,0.16994,0.23907,0.22063,0.19496
0.59970,0.61817,0.57376,0.57961,0.62360,0.60636,0.56915,0.61229,0.64510,0.58809,0.59210,0.51943,0.47669,0.43425,0.38688,0.33263,0.28684,0.25882,0.23004,0.19618,0.20850,0.17216,0.19785,0.18616,0.12752,0.11880,0.14117,0.10819,0.06015,0.06977,0.07041,0.01955,-0.01122,-0.00535,-0.02023,-0.09549,-0.11546,-0.12156,-0.09312,-0.09514,-0.05502,-0.00911,0.00703,0.07509,0.11590,0.16892,0.21391,0.25999,0.26723,0.32891,0.33711,0.39307,0.43614,0.50081,0.55749,0.55752,0.49883,0.44888,0.49852,0.50458,0.42328,0.41699,0.39225,0.33895,0.31858,0.29748,0.25354,0.18547,0.14508,0.18865,0.15186,0.17216,0.15834,0.17250,0.23577,0.24986,0.32739,0.37898,0.40262,0.49348,0.50232,0.46205,0.55393,0.59772,0.50824,0.51982,0.60929,0.62400,0.52597,0.45973,0.50399,0.49833,0.52354,0.65076,0.61706,0.65232,0.53980,0.33441,0.21835,0.12565,0.26371,0.18602,0.05501,0.09661,0.19519,0.32488,0.30759,0.29808,0.19832,0.16334,0.09186,0.06088,0.03016,0.06510,0.01229,0.00848,0.11477,0.12647,0.08878,0.19269,0.24740,0.24076,0.21399,0.19861,0.13068,0.19811,0.23965,0.19624,0.24016,0.26855,0.29768,0.26050,0.28406,0.24693,0.28045,0.25642,0.24292,0.23888,0.17996,0.17517,0.11586,0.08151,0.05491,-0.01128,-0.03626,-0.10369,-0.11464,-0.07335,-0.01748,0.04448,0.06811,0.11087,0.14489,0.13872,0.10880,0.16245,0.15731,0.14404,0.20347,0.16662,0.09829,0.02412,-0.04088,-0.08542,-0.11426,-0.16186,-0.12273,-0.06947,-0.03763,-0.06268,-0.04326,-0.05233,-0.02281,0.01711,0.06051,0.10310,0.14933,0.19194,0.17786,0.17116,0.11442,0.10438,0.04970,0.02339,-0.02376,-0.05402,-0.08034,-0.12882,-0.16376,-0.14430,-0.18665,-0.18701,-0.22670,-0.23683,-0.19915,-0.18466,-0.13437,-0.13725,-0.07280,-0.03125,0.02276,0.10243,0.16479,0.24882,0.32619,0.40815,0.46633,0.45289,0.35602,0.34282,0.36806,0.35852,0.31812,0.29824,0.31672,0.26984,0.26665,0.19805,0.16627,0.11456,0.05608,0.01521,-0.05472,-0.07849,-0.01584,-0.03351,-0.06642
0.55661,0.57678,0.52520,0.52797,0.57544,0.55639,0.51249,0.55638,0.59155,0.52844,0.53053,0.45235,0.40796,0.36446,0.31535,0.25993,0.21167,0.18427,0.15655,0.12090,0.13031,0.09193,0.11727,0.10677,0.04694,0.03744,0.06005,0.02746,-0.02098,-0.01154,-0.01080,-0.06112,-0.09165,-0.08589,-0.10036,-0.17423,-0.19432,-0.19788,-0.16904,-0.16843,-0.12989,-0.08579,-0.07100,-0.00349,0.03829,0.09168,0.13918,0.18618,0.19130,0.25488,0.26161,0.31915,0.36277,0.42990,0.49007,0.48832,0.42590,0.37376,0.42528,0.43163,0.34719,0.34067,0.31622,0.26198,0.24019,0.21924,0.17543,0.10700,0.06644,0.10891,0.07129,0.09093,0.07719,0.09202,0.15656,0.17090,0.25205,0.30861,0.33525,0.43013,0.43510,0.39062,0.48961,0.53414,0.43761,0.45132,0.54746,0.56198,0.45482,0.38586,0.43443,0.43119,0.45990,0.59960,0.57540,0.62443,0.49880,0.29700,0.17087,0.08088,0.20953,0.12429,-0.00770,0.03206,0.13395,0.26000,0.23528,0.22161,0.12039,0.08362,0.01240,-0.01943,-0.04997,-0.01629,-0.06882,-0.07111,0.03430,0.04720,0.01139,0.11513,0.17123,0.16766,0.14218,0.13193,0.06303,0.13856,0.17816,0.12686,0.16964,0.19658,0.22362,0.18273,0.20565,0.16701,0.20058,0.17617,0.16325,0.16035,0.10241,0.09904,0.04227,0.00879,-0.01444,-0.08074,-0.10408,-0.17054,-0.17940,-0.13765,-0.07698,-0.01716,0.00461,0.05186,0.08479,0.07456,0.04627,0.09723,0.09196,0.07491,0.13119,0.09338,0.02620,-0.04923,-0.11359,-0.15768,-0.18749,-0.23388,-0.19806,-0.14690,-0.11677,-0.14133,-0.12149,-0.13078,-0.10228,-0.06296,-0.02042,0.02186,0.06844,0.11135,0.09686,0.09024,0.03369,0.02340,-0.03062,-0.05759,-0.10374,-0.13371,-0.15877,-0.20533,-0.23791,-0.21786,-0.25716,-0.25548,-0.28986,-0.29984,-0.26426,-0.24925,-0.20374,-0.20920,-0.14831,-0.10783,-0.05482,0.02540,0.08907,0.17401,0.25500,0.33656,0.39364,0.37964,0.27964,0.26458,0.29022,0.28066,0.23977,0.22038,0.24071,0.19387,0.19281,0.12221,0.09135,0.03875,-0.01946,-0.05927,-0.12910,-0.15179,-0.08022,-0.08963,-0.12537
0.63206,0.64699,0.62722,0.63861,0.66958,0.66136,0.64726,0.68565,0.71234,0.68141,0.69186,0.63876,0.60068,0.56331,0.52217,0.47480,0.44198,0.41331,0.38715,0.36144,0.38131,0.35593,0.38163,0.36755,0.31901,0.31777,0.33704,0.30412,0.26617,0.28025,0.27765,0.22937,0.20653,0.21584,0.19879,0.12515,0.09565,0.09405,0.12664,0.11696,0.15694,0.19586,0.20892,0.27020,0.29889,0.34580,0.37120,0.41154,0.42845,0.48105,0.49518,0.54494,0.58411,0.63954,0.68311,0.69361,0.65399,0.61299,0.65478,0.66743,0.60213,0.59440,0.57775,0.53460,0.51325,0.49599,0.45991,0.39992,0.36433,0.40215,0.36764,0.38163,0.37165,0.38271,0.43952,0.44500,0.50948,0.53798,0.54072,0.61278,0.64017,0.60356,0.66601,0.71689,0.65455,0.65234,0.71960,0.74494,0.67703,0.63442,0.67530,0.67891,0.70110,0.79679,0.75610,0.76766,0.69139,0.49786,0.40703,0.31839,0.46892,0.40539,0.28135,0.31894,0.40698,0.52841,0.51403,0.50629,0.41717,0.38239,0.31625,0.28502,0.25446,0.28227,0.23418,0.23363,0.32846,0.33297,0.30174,0.39574,0.43051,0.42105,0.38907,0.37369,0.29820,0.34113,0.38644,0.35729,0.39310,0.42998,0.46200,0.44294,0.46869,0.44085,0.47500,0.45667,0.45111,0.44923,0.39759,0.39251,0.33662,0.30576,0.27919,0.21566,0.19312,0.12287,0.10827,0.14940,0.19544,0.25580,0.27200,0.29446,0.32989,0.34174,0.31694,0.37165,0.36577,0.35985,0.41788,0.38632,0.32289,0.25317,0.18985,0.14553,0.11764,0.06970,0.10896,0.16137,0.19029,0.16593,0.18527,0.17486,0.20086,0.23925,0.27753,0.31589,0.35366,0.39351,0.38545,0.38082,0.33090,0.31896,0.27042,0.24179,0.19943,0.17009,0.14769,0.10191,0.06776,0.08818,0.04466,0.04303,-0.00397,-0.01509,0.02569,0.03791,0.09419,0.09301,0.15827,0.20010,0.25134,0.32873,0.38695,0.46163,0.52983,0.59961,0.64481,0.63186,0.55210,0.53637,0.55066,0.53651,0.49615,0.47240,0.48298,0.43671,0.42573,0.37373,0.33779,0.29815,0.24123,0.20740,0.14454,0.11806,0.15452,0.12119,0.08538
0.45483,0.47037,0.45497,0.47280,0.50524,0.49734,0.49252,0.53873,0.56925,0.54676,0.56734,0.51661,0.47516,0.43442,0.39351,0.34475,0.32132,0.28885,0.26230,0.24447,0.27857,0.26878,0.29862,0.27522,0.23763,0.25035,0.26458,0.22626,0.20526,0.22996,0.21900,0.17336,0.16789,0.18726,0.16226,0.10309,0.06115,0.06440,0.09509,0.07870,0.10113,0.12311,0.13224,0.18428,0.19710,0.23959,0.24409,0.28221,0.31191,0.36078,0.38549,0.43609,0.48140,0.53807,0.57932,0.60892,0.58124,0.54483,0.59253,0.61941,0.56262,0.55589,0.56145,0.52280,0.48675,0.48412,0.46268,0.40795,0.37132,0.39136,0.35082,0.34581,0.34219,0.34126,0.39131,0.38023,0.42544,0.42368,0.40589,0.47325,0.52501,0.49210,0.53825,0.60754,0.56074,0.54203,0.60457,0.65030,0.60301,0.58775,0.65654,0.68545,0.71700,0.82477,0.83040,0.86227,0.79061,0.64150,0.54207,0.46000,0.55352,0.48287,0.36533,0.40227,0.49595,0.59176,0.55155,0.51266,0.42500,0.37498,0.30880,0.27477,0.23720,0.24544,0.20457,0.22838,0.29613,0.27500,0.25768,0.34419,0.34336,0.32834,0.27720,0.25678,0.17162,0.18725,0.23328,0.22262,0.25474,0.30611,0.34741,0.35255,0.38805,0.37537,0.42097,0.41478,0.43303,0.44556,0.41258,0.41888,0.38405,0.35740,0.34918,0.28391,0.26562,0.20176,0.19534,0.23771,0.30067,0.35132,0.36223,0.38779,0.42185,0.42591,0.40973,0.45102,0.44328,0.42706,0.46545,0.43131,0.37852,0.30189,0.24381,0.19993,0.16455,0.11809,0.13768,0.17873,0.18925,0.16715,0.18996,0.17203,0.18274,0.22098,0.25034,0.28779,0.30959,0.35035,0.36017,0.35207,0.31093,0.28733,0.24898,0.21258,0.18107,0.15346,0.14806,0.11867,0.10177,0.12817,0.09729,0.10655,0.06867,0.07027,0.10593,0.11646,0.15546,0.13783,0.18749,0.22904,0.28195,0.35300,0.41896,0.48890,0.56644,0.61399,0.62913,0.61232,0.54310,0.50280,0.49371,0.46397,0.41495,0.37979,0.37872,0.32701,0.30205,0.26352,0.21899,0.19298,0.13722,0.11271,0.06336,0.03539,0.03165,-0.01133,-0.05945
0.22718,0.24781,0.20810,0.22197,0.26861,0.25272,0.22903,0.28387,0.32427,0.28178,0.30212,0.23265,0.18370,0.13647,0.08991,0.03522,0.00657,-0.02660,-0.05168,-0.07323,-0.03998,-0.04888,-0.01753,-0.04234,-0.07911,-0.06323,-0.05054,-0.09053,-0.10638,-0.07774,-0.09193,-0.13568,-0.13337,-0.10935,-0.13703,-0.18259,-0.22783,-0.22107,-0.19411,-0.20480,-0.19874,-0.18741,-0.18132,-0.13327,-0.12311,-0.08052,-0.07367,-0.03335,-0.00472,0.04919,0.07482,0.13158,0.18340,0.25024,0.30361,0.33746,0.30047,0.25854,0.31730,0.35053,0.28541,0.27972,0.29607,0.25393,0.20617,0.21171,0.19654,0.14066,0.10060,0.10918,0.06230,0.04664,0.04606,0.03994,0.09028,0.07237,0.11739,0.11632,0.10241,0.18438,0.23386,0.19440,0.25847,0.33734,0.27299,0.25506,0.33831,0.39116,0.32506,0.31084,0.40677,0.45072,0.49661,0.65096,0.71110,0.79413,0.68069,0.56474,0.42985,0.35619,0.38189,0.28875,0.17287,0.20726,0.31533,0.39070,0.31940,0.25054,0.15637,0.09310,0.02542,-0.01145,-0.05286,-0.05639,-0.09252,-0.05161,0.00031,-0.03270,-0.04170,0.04335,0.03181,0.01959,-0.03795,-0.05064,-0.14099,-0.11504,-0.07181,-0.09340,-0.06108,-0.00868,0.03261,0.03826,0.07729,0.06666,0.11927,0.11744,0.14872,0.17188,0.14994,0.16722,0.15030,0.12614,0.13678,0.06931,0.05578,0.00038,0.00568,0.04975,0.13792,0.18173,0.18688,0.23428,0.26344,0.24429,0.23552,0.26228,0.25429,0.21802,0.23691,0.19628,0.15081,0.06508,0.01252,-0.03011,-0.07267,-0.11514,-0.11562,-0.08623,-0.09005,-0.10956,-0.08411,-0.10654,-0.10658,-0.06943,-0.04544,-0.00789,0.00764,0.05203,0.07002,0.05833,0.01987,-0.01036,-0.04307,-0.08500,-0.10913,-0.13478,-0.12853,-0.14423,-0.14510,-0.11394,-0.12948,-0.10822,-0.12512,-0.11419,-0.08839,-0.07664,-0.06311,-0.09799,-0.06662,-0.02724,0.02560,0.09345,0.16898,0.24124,0.33608,0.37335,0.37284,0.35304,0.27677,0.21803,0.19969,0.16256,0.10708,0.06726,0.06589,0.01080,-0.01447,-0.05595,-0.10167,-0.12672,-0.18133,-0.20169,-0.24541,-0.27053,-0.27256,-0.29818,-0.35768
0.22294,0.24075,0.21773,0.23556,0.27352,0.26345,0.25592,0.30774,0.34384,0.31939,0.34431,0.28865,0.24271,0.19904,0.15696,0.10762,0.08881,0.05587,0.03287,0.01812,0.05687,0.05660,0.08804,0.06125,0.03315,0.05526,0.06498,0.02534,0.01845,0.05076,0.03384,-0.00723,0.00198,0.02945,0.00028,-0.03981,-0.09209,-0.08206,-0.05332,-0.06845,-0.06721,-0.06243,-0.05912,-0.01746,-0.01711,0.01980,0.01161,0.04656,0.08202,0.12877,0.15920,0.21104,0.26056,0.32080,0.36469,0.40709,0.38443,0.34920,0.40311,0.44159,0.38874,0.38229,0.40658,0.37266,0.32285,0.33277,0.32458,0.27521,0.23884,0.24132,0.19591,0.17393,0.17712,0.16779,0.21288,0.18808,0.22184,0.20238,0.17256,0.24034,0.30407,0.26816,0.31042,0.39517,0.35081,0.32163,0.38844,0.45115,0.40796,0.41351,0.51123,0.56241,0.60694,0.73897,0.79872,0.86935,0.78404,0.68280,0.56391,0.49506,0.51903,0.43492,0.32564,0.35665,0.45742,0.52492,0.45263,0.38156,0.29522,0.23063,0.16686,0.12982,0.08808,0.07784,0.04672,0.09238,0.13301,0.09237,0.08983,0.16690,0.13835,0.12419,0.06068,0.04745,-0.04776,-0.04081,0.00381,-0.00567,0.01976,0.07840,0.12175,0.14221,0.18306,0.18035,0.23371,0.23712,0.27628,0.30244,0.28806,0.30647,0.29481,0.27346,0.28666,0.22152,0.20994,0.15558,0.15913,0.20039,0.28328,0.32594,0.32731,0.36285,0.39180,0.38299,0.37846,0.40325,0.39568,0.36215,0.37676,0.33952,0.29934,0.21654,0.16695,0.12457,0.08290,0.04183,0.03843,0.06485,0.05638,0.03762,0.06287,0.03872,0.03430,0.06998,0.08912,0.12252,0.12965,0.17206,0.19580,0.18567,0.15361,0.12123,0.09439,0.05071,0.03197,0.00820,0.01970,0.00747,0.00983,0.04146,0.02826,0.05013,0.03117,0.04288,0.06948,0.08030,0.09352,0.05819,0.08603,0.12455,0.17479,0.23960,0.31223,0.37719,0.46688,0.49257,0.47974,0.45957,0.39635,0.33348,0.30474,0.26330,0.20757,0.16470,0.15651,0.10204,0.07081,0.04234,-0.00545,-0.02056,-0.07298,-0.08747,-0.12431,-0.15306,-0.17772,-0.21633,-0.27823
0.19189,0.20209,0.21509,0.24315,0.26137,0.26254,0.28986,0.33455,0.35960,0.37297,0.40831,0.38516,0.34903,0.31493,0.28590,0.24926,0.25254,0.22078,0.20093,0.20215,0.25411,0.27374,0.30333,0.27207,0.26328,0.29749,0.30064,0.26246,0.27465,0.31272,0.29063,0.25755,0.28134,0.31381,0.28189,0.25411,0.19395,0.20723,0.23463,0.20852,0.20153,0.19230,0.19178,0.21815,0.19813,0.22227,0.18337,0.20658,0.25526,0.28387,0.32305,0.36135,0.40382,0.44577,0.46661,0.52484,0.53368,0.51617,0.55742,0.60384,0.58059,0.57490,0.61533,0.59759,0.54686,0.56617,0.57300,0.53946,0.51161,0.50150,0.46142,0.42746,0.43671,0.41884,0.44841,0.41058,0.41440,0.35522,0.29503,0.32970,0.41984,0.39875,0.39203,0.48089,0.48376,0.43430,0.46152,0.53654,0.54835,0.59193,0.68478,0.74801,0.78460,0.86214,0.92047,0.95603,0.93379,0.87362,0.79817,0.74186,0.75650,0.69928,0.61348,0.64006,0.71802,0.76099,0.69584,0.62459,0.56086,0.49878,0.44703,0.41335,0.37317,0.34920,0.32866,0.38325,0.39732,0.34077,0.35005,0.40552,0.34287,0.32206,0.24881,0.22747,0.13439,0.09269,0.13523,0.16124,0.17483,0.24444,0.29196,0.34339,0.38654,0.40250,0.45572,0.47057,0.52349,0.55477,0.55679,0.57627,0.57643,0.56239,0.57950,0.52404,0.51497,0.46758,0.46869,0.50299,0.56949,0.60197,0.60131,0.61451,0.64088,0.64781,0.64833,0.66558,0.65819,0.63577,0.64157,0.61375,0.58666,0.51605,0.47545,0.43837,0.39979,0.36242,0.35363,0.37288,0.35564,0.34020,0.36350,0.33741,0.32410,0.35517,0.36367,0.38965,0.37975,0.41475,0.45031,0.44124,0.42363,0.38768,0.37415,0.33026,0.32223,0.30273,0.32343,0.32068,0.32939,0.36051,0.35033,0.37160,0.34774,0.36251,0.38909,0.39556,0.40971,0.37488,0.39651,0.43128,0.47480,0.52569,0.58833,0.63415,0.70525,0.70636,0.66914,0.65004,0.61890,0.55075,0.50307,0.45460,0.40189,0.35414,0.33167,0.28187,0.23747,0.23650,0.18551,0.19217,0.14778,0.14483,0.12533,0.09421,0.01861,-0.04517,-0.10686
-0.04618,-0.03174,-0.03681,-0.01151,0.01758,0.01271,0.02735,0.07909,0.11159,0.11133,0.14806,0.11221,0.07096,0.03198,-0.00042,-0.04073,-0.03890,-0.07123,-0.09008,-0.08894,-0.03488,-0.01061,0.01997,-0.01458,-0.01899,0.02056,0.02097,-0.01870,0.00194,0.04501,0.01872,-0.01090,0.02353,0.06150,0.02621,0.01410,-0.04972,-0.03248,-0.00917,-0.03259,-0.05657,-0.07923,-0.08377,-0.06420,-0.09058,-0.06853,-0.11088,-0.08723,-0.03680,-0.00637,0.03534,0.07739,0.12503,0.17417,0.20326,0.26823,0.27315,0.25328,0.30333,0.35761,0.33098,0.32650,0.38042,0.36174,0.30003,0.32949,0.34548,0.31395,0.28395,0.26004,0.21443,0.16728,0.18036,0.15561,0.18284,0.13487,0.13315,0.06776,0.00631,0.04954,0.14149,0.11748,0.12031,0.22117,0.21463,0.16164,0.20280,0.28853,0.29051,0.34096,0.45860,0.53803,0.58637,0.70053,0.81535,0.89267,0.83945,0.82266,0.72143,0.67466,0.61869,0.54388,0.46480,0.48819,0.57558,0.59337,0.49862,0.39747,0.33210,0.25780,0.20680,0.17142,0.12775,0.08937,0.07552,0.14722,0.14059,0.07033,0.08937,0.13877,0.06051,0.04089,-0.03805,-0.05113,-0.14922,-0.19153,-0.15237,-0.13155,-0.11962,-0.04774,0.00044,0.05772,0.10530,0.12688,0.18714,0.20849,0.27669,0.31932,0.33555,0.36660,0.38731,0.37683,0.41368,0.35792,0.35472,0.31721,0.32954,0.36476,0.45310,0.47628,0.46618,0.49540,0.51811,0.50603,0.51572,0.51831,0.51041,0.46971,0.45390,0.42121,0.40392,0.32672,0.29354,0.25914,0.21347,0.18115,0.15137,0.15738,0.12389,0.11174,0.13695,0.10598,0.08034,0.10920,0.11065,0.13580,0.11691,0.15361,0.20018,0.18711,0.17474,0.13115,0.12519,0.07683,0.07797,0.06124,0.09547,0.10888,0.13507,0.17079,0.17663,0.20920,0.20355,0.23057,0.24634,0.25171,0.24116,0.18936,0.19166,0.22344,0.26609,0.31089,0.38050,0.42485,0.50964,0.49607,0.43863,0.41656,0.38481,0.29749,0.23762,0.18061,0.12202,0.06873,0.04353,-0.00852,-0.05599,-0.05541,-0.10806,-0.09657,-0.13802,-0.13481,-0.14480,-0.17140,-0.25395,-0.30304,-0.37519
-0.24016,-0.22511,-0.23743,-0.21500,-0.18375,-0.19111,-0.18041,-0.12826,-0.09446,-0.09816,-0.06134,-0.09750,-0.13858,-0.17634,-0.20676,-0.24413,-0.23847,-0.26808,-0.28226,-0.27760,-0.22427,-0.19415,-0.16553,-0.20054,-0.19679,-0.15268,-0.15615,-0.19370,-0.16279,-0.11744,-0.14599,-0.16886,-0.12496,-0.08370,-0.11911,-0.11419,-0.17859,-0.15777,-0.14021,-0.15995,-0.19851,-0.23405,-0.24319,-0.23415,-0.26901,-0.25382,-0.30396,-0.28483,-0.23392,-0.20847,-0.16613,-0.12689,-0.08018,-0.03238,-0.00440,0.06564,0.07433,0.05755,0.10859,0.16742,0.14648,0.14313,0.20784,0.19373,0.12667,0.16475,0.19117,0.16702,0.13960,0.10262,0.05710,-0.00027,0.01732,-0.01208,0.00820,-0.04546,-0.05728,-0.13237,-0.19890,-0.15946,-0.06566,-0.08836,-0.08954,0.01560,0.01197,-0.04630,-0.00582,0.08679,0.09307,0.15607,0.28524,0.37566,0.42795,0.55251,0.70553,0.80650,0.74666,0.77495,0.66725,0.63639,0.52773,0.44635,0.38129,0.39841,0.48318,0.47501,0.36191,0.24213,0.18388,0.10479,0.06064,0.02661,-0.01645,-0.06666,-0.07090,0.01155,-0.01684,-0.09591,-0.06685,-0.03012,-0.12291,-0.13972,-0.22129,-0.22590,-0.32331,-0.37327,-0.34196,-0.31929,-0.31442,-0.24271,-0.19699,-0.13191,-0.08417,-0.05650,0.00436,0.03214,0.11168,0.16159,0.19270,0.23162,0.27081,0.26573,0.31764,0.26854,0.27173,0.24575,0.26489,0.29294,0.39113,0.40371,0.38800,0.42362,0.43970,0.41782,0.43563,0.42415,0.41702,0.36556,0.33077,0.29855,0.29437,0.21920,0.19601,0.16716,0.11991,0.09509,0.04861,0.04087,-0.00568,-0.01378,0.01094,-0.02246,-0.05856,-0.03463,-0.04194,-0.02242,-0.05172,-0.01744,0.03690,0.02256,0.01935,-0.02747,-0.02325,-0.07255,-0.06118,-0.07284,-0.02759,-0.00048,0.03963,0.07584,0.09603,0.13626,0.14656,0.18197,0.18788,0.19187,0.16121,0.09919,0.08268,0.10867,0.14504,0.17954,0.24861,0.28445,0.37127,0.34050,0.26460,0.24085,0.21793,0.11934,0.04893,-0.01291,-0.07187,-0.12644,-0.15488,-0.20421,-0.25299,-0.24345,-0.29395,-0.27397,-0.30865,-0.29687,-0.29445,-0.31851,-0.41022,-0.44832,-0.52668
-0.22235,-0.21451,-0.19105,-0.16069,-0.14965,-0.14517,-0.10251,-0.05956,-0.03702,-0.00551,0.03839,0.03335,0.00299,-0.02370,-0.04067,-0.06439,-0.03929,-0.06656,-0.07723,-0.05903,0.00344,0.04911,0.07497,0.03841,0.05801,0.11019,0.10159,0.06687,0.11192,0.15989,0.12878,0.11329,0.16665,0.20978,0.17427,0.18825,0.12036,0.14302,0.16047,0.13418,0.08882,0.04499,0.03302,0.02875,-0.02257,-0.01952,-0.09448,-0.08643,-0.02637,-0.01826,0.02940,0.05421,0.09199,0.12066,0.12568,0.20561,0.24239,0.24234,0.27884,0.34039,0.34737,0.34485,0.41877,0.41998,0.35666,0.39980,0.43678,0.42753,0.40898,0.36462,0.32689,0.26344,0.28536,0.25133,0.25802,0.19786,0.16129,0.05440,-0.03670,-0.02915,0.08431,0.07483,0.02902,0.13065,0.16981,0.09696,0.09908,0.19623,0.25304,0.34702,0.46630,0.55951,0.60038,0.66670,0.80205,0.86165,0.86859,0.92769,0.86548,0.84552,0.74307,0.68674,0.64382,0.65659,0.71765,0.69256,0.59379,0.48306,0.44682,0.37432,0.34227,0.31299,0.27363,0.21561,0.21927,0.30534,0.25917,0.17134,0.20922,0.22693,0.10938,0.08835,0.00102,-0.01191,-0.10312,-0.19413,-0.16818,-0.11193,-0.11852,-0.04020,0.00722,0.09616,0.14284,0.18465,0.24108,0.27713,0.36288,0.41344,0.45572,0.49219,0.53684,0.53795,0.58815,0.54995,0.55354,0.53354,0.54786,0.56682,0.64467,0.64551,0.63395,0.64692,0.66221,0.65750,0.67711,0.66036,0.65460,0.61776,0.57977,0.55797,0.56401,0.50355,0.48723,0.46360,0.42313,0.40268,0.35657,0.34450,0.29444,0.28874,0.31044,0.27717,0.23679,0.25600,0.24081,0.25288,0.21087,0.23648,0.29708,0.28615,0.29461,0.24807,0.26248,0.21587,0.23505,0.22758,0.27760,0.30893,0.35010,0.38305,0.40275,0.43915,0.44154,0.47689,0.48488,0.48687,0.46054,0.40483,0.38523,0.40655,0.43548,0.45773,0.51423,0.53260,0.59763,0.54865,0.45739,0.43575,0.44154,0.34475,0.26256,0.19828,0.14556,0.09004,0.05072,0.00864,-0.04937,-0.01717,-0.06738,-0.02831,-0.05460,-0.03365,-0.01744,-0.04701,-0.18096,-0.24560,-0.31863
-0.24143,-0.23414,-0.20789,-0.17686,-0.16731,-0.16170,-0.11639,-0.07413,-0.05250,-0.01766,0.02712,0.02474,-0.00450,-0.03031,-0.04575,-0.06821,-0.04135,-0.06867,-0.07954,-0.06019,0.00410,0.05191,0.07740,0.04031,0.06219,0.11538,0.10607,0.07189,0.11883,0.16723,0.13569,0.12135,0.17640,0.22017,0.18437,0.20085,0.13144,0.15501,0.17276,0.14516,0.09826,0.05210,0.03966,0.03318,-0.02041,-0.01851,-0.09572,-0.08907,-0.02796,-0.02165,0.02689,0.05028,0.08750,0.11443,0.11780,0.19901,0.23838,0.23997,0.27566,0.33812,0.34752,0.34555,0.42134,0.42376,0.36048,0.40484,0.44323,0.43585,0.41835,0.37222,0.33486,0.26991,0.29212,0.25679,0.26151,0.19924,0.15936,0.04867,-0.04468,-0.03953,0.07606,0.06813,0.01852,0.11966,0.16279,0.08898,0.08791,0.18521,0.24639,0.34324,0.46213,0.55749,0.59879,0.66126,0.79964,0.85703,0.86700,0.93251,0.87457,0.85668,0.74913,0.69475,0.65589,0.66779,0.72637,0.69673,0.59824,0.48718,0.45364,0.38163,0.35152,0.32295,0.28433,0.22422,0.22911,0.31582,0.26594,0.17644,0.21550,0.23013,0.10872,0.08616,-0.00067,-0.01305,-0.10296,-0.19870,-0.17325,-0.11432,-0.12203,-0.04336,0.00445,0.09624,0.14306,0.18712,0.24389,0.28121,0.36849,0.42010,0.46440,0.50151,0.54788,0.54948,0.60066,0.56330,0.56767,0.54887,0.56379,0.58325,0.66058,0.65792,0.64478,0.65688,0.67229,0.66795,0.68939,0.67145,0.66416,0.62821,0.58868,0.56731,0.57483,0.51583,0.50103,0.47862,0.43885,0.41890,0.37172,0.35810,0.30664,0.30178,0.32299,0.28978,0.24811,0.26642,0.25006,0.26155,0.21748,0.24216,0.30375,0.29288,0.30300,0.25593,0.27203,0.22571,0.24635,0.23942,0.29045,0.32395,0.36643,0.39957,0.42009,0.45654,0.45882,0.49487,0.50228,0.50409,0.47635,0.41997,0.39939,0.41983,0.44782,0.46771,0.52296,0.53930,0.60260,0.55092,0.45682,0.43569,0.44455,0.34680,0.26277,0.19786,0.14572,0.08946,0.04867,0.00715,-0.05182,-0.01756,-0.06770,-0.02638,-0.05103,-0.02858,-0.00982,-0.03714,-0.17533,-0.23925,-0.31315
-0.42216,-0.41206,-0.40596,-0.38034,-0.36222,-0.36367,-0.33340,-0.28810,-0.26243,-0.24350,-0.20123,-0.21455,-0.24672,-0.27513,-0.29328,-0.31757,-0.29432,-0.31936,-0.32791,-0.30997,-0.25037,-0.20399,-0.17941,-0.21600,-0.19299,-0.13931,-0.14968,-0.18258,-0.13237,-0.08339,-0.11575,-0.12678,-0.06701,-0.02120,-0.05691,-0.02909,-0.09711,-0.07066,-0.05825,-0.08195,-0.13712,-0.19155,-0.20694,-0.21852,-0.27304,-0.27277,-0.34645,-0.33967,-0.28215,-0.27424,-0.22742,-0.20196,-0.16288,-0.13080,-0.11973,-0.03890,-0.00677,-0.00862,0.03244,0.09843,0.10265,0.10096,0.18314,0.18402,0.11468,0.16438,0.20784,0.20232,0.18413,0.12959,0.09000,0.01870,0.04303,0.00513,0.00814,-0.05742,-0.09746,-0.20358,-0.29074,-0.27782,-0.16946,-0.18029,-0.21636,-0.11130,-0.08147,-0.15372,-0.14145,-0.04067,0.00518,0.10030,0.23027,0.33547,0.38413,0.47590,0.65333,0.74699,0.72419,0.81686,0.73881,0.73072,0.57562,0.51164,0.47903,0.48607,0.54994,0.50145,0.38202,0.25173,0.21772,0.13991,0.11223,0.08350,0.04475,-0.02274,-0.01161,0.08173,0.01799,-0.07573,-0.03129,-0.02134,-0.14543,-0.16437,-0.24996,-0.25173,-0.34067,-0.42711,-0.40622,-0.35967,-0.36902,-0.29455,-0.24995,-0.16097,-0.11422,-0.06956,-0.01103,0.02834,0.12260,0.18018,0.23323,0.27759,0.33862,0.34295,0.40784,0.37262,0.38326,0.37276,0.39683,0.41534,0.50653,0.49845,0.47505,0.49881,0.50982,0.49131,0.51940,0.49231,0.48496,0.43413,0.37897,0.35463,0.37033,0.30866,0.30113,0.28169,0.23814,0.22328,0.16172,0.13801,0.07642,0.07412,0.09544,0.06016,0.01147,0.02705,0.00595,0.01519,-0.03308,-0.00733,0.05841,0.04456,0.05860,0.00873,0.03049,-0.01706,0.00987,0.00573,0.06458,0.10883,0.16308,0.19769,0.23078,0.27448,0.29289,0.33609,0.33352,0.33343,0.28804,0.22095,0.18552,0.20252,0.22795,0.24159,0.30017,0.31424,0.38666,0.32610,0.22168,0.19914,0.20579,0.09826,0.01010,-0.05737,-0.11133,-0.16785,-0.20717,-0.24808,-0.30455,-0.27118,-0.31873,-0.27735,-0.29851,-0.27177,-0.24651,-0.26633,-0.39703,-0.43957,-0.52056
-0.48876,-0.48253,-0.46067,-0.43292,-0.42483,-0.42136,-0.37705,-0.33835,-0.31911,-0.28363,-0.23902,-0.23533,-0.26005,-0.28072,-0.28993,-0.30439,-0.27017,-0.29195,-0.29608,-0.27001,-0.20791,-0.15168,-0.13048,-0.16669,-0.13195,-0.07428,-0.08902,-0.11785,-0.05718,-0.00779,-0.04131,-0.04406,0.02272,0.06879,0.03450,0.07352,0.00552,0.03405,0.04333,0.01826,-0.04499,-0.10769,-0.12590,-0.14898,-0.21362,-0.22347,-0.31134,-0.31315,-0.25297,-0.25699,-0.20872,-0.19327,-0.16123,-0.14164,-0.14395,-0.05865,-0.01102,-0.00241,0.02953,0.09612,0.11817,0.11753,0.20611,0.21788,0.15105,0.20559,0.25774,0.26393,0.25235,0.18992,0.15637,0.08006,0.10775,0.06639,0.05844,-0.01122,-0.06792,-0.19124,-0.28991,-0.29656,-0.18190,-0.18388,-0.24463,-0.14368,-0.09032,-0.16976,-0.17933,-0.07730,-0.00363,0.11023,0.23524,0.34093,0.38251,0.44312,0.62084,0.69860,0.71164,0.83999,0.78764,0.79311,0.61955,0.56912,0.55750,0.55941,0.60558,0.53829,0.42387,0.29603,0.27898,0.20593,0.18925,0.16495,0.12987,0.05552,0.07502,0.17215,0.09040,-0.00870,0.04332,0.03598,-0.10307,-0.12227,-0.20850,-0.21153,-0.29300,-0.40101,-0.38632,-0.32319,-0.34147,-0.26682,-0.22445,-0.12270,-0.07811,-0.02459,0.02945,0.07468,0.17370,0.23273,0.29644,0.34126,0.41128,0.42164,0.48961,0.46490,0.47780,0.47705,0.50031,0.51007,0.59059,0.57240,0.55073,0.56469,0.57151,0.55741,0.58923,0.55264,0.54675,0.50099,0.43737,0.41997,0.44667,0.39683,0.39815,0.38523,0.34628,0.33830,0.27146,0.24013,0.17305,0.17411,0.19277,0.15791,0.10400,0.11398,0.08515,0.08746,0.02931,0.04762,0.11830,0.10608,0.13036,0.08107,0.11250,0.06821,0.10275,0.10324,0.16718,0.21832,0.27781,0.30961,0.34795,0.39130,0.41260,0.45762,0.45156,0.44934,0.39864,0.33277,0.28845,0.29947,0.31707,0.31843,0.36712,0.36712,0.42513,0.34918,0.23260,0.21144,0.23754,0.13018,0.03444,-0.03374,-0.08220,-0.13766,-0.18296,-0.21701,-0.27676,-0.22758,-0.27212,-0.21859,-0.23104,-0.19702,-0.15959,-0.18131,-0.33487,-0.38687,-0.46225
-0.40934,-0.40653,-0.36452,-0.33293,-0.33552,-0.32438,-0.26482,-0.23174,-0.21783,-0.16467,-0.11797,-0.10007,-0.11895,-0.13415,-0.13707,-0.14558,-0.10476,-0.12666,-0.12989,-0.10004,-0.03469,0.02667,0.04698,0.01092,0.05034,0.10914,0.09293,0.06555,0.12847,0.17710,0.14381,0.14264,0.20937,0.25414,0.22032,0.25759,0.18930,0.21786,0.23057,0.20339,0.14050,0.07879,0.06071,0.03510,-0.03335,-0.04672,-0.14236,-0.14803,-0.08498,-0.09549,-0.04611,-0.03677,-0.00956,0.00077,-0.01229,0.07405,0.13293,0.14872,0.17272,0.23654,0.26982,0.26998,0.35750,0.37470,0.31341,0.36609,0.41853,0.42918,0.42129,0.36110,0.33179,0.25778,0.28516,0.24402,0.23225,0.16348,0.09917,-0.03393,-0.14114,-0.16149,-0.04001,-0.03684,-0.11642,-0.02168,0.05041,-0.03176,-0.05933,0.03968,0.13460,0.25666,0.37276,0.47167,0.50537,0.53369,0.68804,0.73418,0.78238,0.91088,0.88349,0.89078,0.74090,0.69821,0.69264,0.69479,0.72889,0.66439,0.56616,0.45262,0.44439,0.37787,0.36546,0.34402,0.31151,0.23885,0.25793,0.35090,0.27040,0.17340,0.22554,0.21239,0.06880,0.04677,-0.03888,-0.04809,-0.12457,-0.24791,-0.23365,-0.15617,-0.17758,-0.10196,-0.05870,0.04960,0.09268,0.14964,0.20009,0.24635,0.34208,0.39777,0.46021,0.50037,0.56475,0.57559,0.63585,0.61504,0.62563,0.62386,0.64137,0.64995,0.71598,0.69377,0.67715,0.67827,0.68672,0.68437,0.71608,0.68247,0.67524,0.64125,0.58379,0.57140,0.59802,0.55605,0.55683,0.54570,0.51150,0.50380,0.44402,0.41599,0.35360,0.35496,0.37221,0.33930,0.28776,0.29640,0.26737,0.26782,0.20821,0.22273,0.29246,0.28235,0.30852,0.26135,0.29348,0.25235,0.28644,0.28712,0.34783,0.39540,0.44952,0.47909,0.51169,0.54965,0.56158,0.60237,0.60074,0.59917,0.55609,0.49804,0.45934,0.46991,0.48497,0.48479,0.52622,0.52088,0.56551,0.48889,0.37387,0.35491,0.39124,0.29140,0.19593,0.12976,0.08568,0.03148,-0.01712,-0.04794,-0.10990,-0.05403,-0.09819,-0.03888,-0.04897,-0.01355,0.02566,0.00072,-0.16438,-0.23214,-0.30143
-0.47832,-0.47344,-0.44453,-0.41551,-0.41177,-0.40520,-0.35524,-0.31890,-0.30155,-0.25928,-0.21417,-0.20521,-0.22716,-0.24587,-0.25236,-0.26394,-0.22726,-0.24973,-0.25318,-0.22626,-0.16274,-0.10389,-0.08262,-0.11918,-0.08185,-0.02330,-0.03894,-0.06695,-0.00470,0.04455,0.01084,0.00909,0.07671,0.12264,0.08823,0.12836,0.06062,0.08956,0.10062,0.07547,0.01081,-0.05343,-0.07241,-0.09772,-0.16470,-0.17605,-0.26703,-0.27058,-0.20933,-0.21631,-0.16756,-0.15474,-0.12458,-0.10876,-0.11515,-0.02947,0.02284,0.03447,0.06342,0.12948,0.15582,0.15574,0.24537,0.25912,0.19398,0.24844,0.30135,0.31009,0.30016,0.23745,0.20555,0.12928,0.15696,0.11514,0.10541,0.03545,-0.02480,-0.15248,-0.25467,-0.26657,-0.14889,-0.14948,-0.21728,-0.11947,-0.05883,-0.13897,-0.15502,-0.05382,0.02749,0.14487,0.26740,0.37240,0.41266,0.46258,0.63534,0.70224,0.72604,0.85804,0.81506,0.82380,0.65603,0.60659,0.59859,0.59928,0.64024,0.57121,0.46092,0.33734,0.32458,0.25377,0.23951,0.21679,0.18311,0.10801,0.12834,0.22252,0.13993,0.04257,0.09566,0.08456,-0.05764,-0.07886,-0.16396,-0.16780,-0.24579,-0.36035,-0.34693,-0.27896,-0.29880,-0.22481,-0.18180,-0.07729,-0.03345,0.02194,0.07493,0.12089,0.21927,0.27783,0.34201,0.38548,0.45478,0.46548,0.53180,0.50906,0.52253,0.52190,0.54443,0.55532,0.63017,0.60915,0.58679,0.59461,0.60282,0.59283,0.62746,0.59237,0.58254,0.54043,0.47761,0.46210,0.48985,0.44330,0.44529,0.43389,0.39656,0.38925,0.32389,0.29300,0.22685,0.22842,0.24633,0.21199,0.15828,0.16717,0.13760,0.13933,0.08012,0.09713,0.16769,0.15533,0.18098,0.13194,0.16468,0.12147,0.15694,0.15791,0.22161,0.27279,0.33139,0.36274,0.40010,0.44144,0.46025,0.50356,0.49833,0.49646,0.44619,0.38236,0.33925,0.35000,0.36625,0.36581,0.41147,0.40841,0.46145,0.38375,0.26602,0.24586,0.27675,0.17202,0.07560,0.00802,-0.03874,-0.09385,-0.14056,-0.17318,-0.23341,-0.18176,-0.22604,-0.16916,-0.17980,-0.14369,-0.10400,-0.12392,-0.28076,-0.33620,-0.41092
-0.59495,-0.58947,-0.57021,-0.54498,-0.53830,-0.53568,-0.49283,-0.45734,-0.44002,-0.40485,-0.36177,-0.35541,-0.37666,-0.39414,-0.39965,-0.40979,-0.37323,-0.39227,-0.39300,-0.36515,-0.30606,-0.24736,-0.22856,-0.26319,-0.22293,-0.16473,-0.18175,-0.20682,-0.14152,-0.09318,-0.12666,-0.12387,-0.05349,-0.00781,-0.04033,0.00931,-0.05580,-0.02565,-0.01965,-0.04187,-0.11167,-0.18156,-0.20272,-0.23359,-0.30202,-0.31705,-0.40697,-0.41303,-0.35521,-0.36395,-0.31717,-0.30632,-0.27782,-0.26260,-0.26775,-0.18334,-0.13278,-0.12052,-0.09140,-0.02539,0.00233,0.00271,0.09482,0.11050,0.04451,0.10233,0.15903,0.17166,0.16339,0.09499,0.06419,-0.01530,0.01368,-0.02932,-0.04257,-0.11363,-0.17662,-0.30280,-0.40125,-0.41347,-0.30216,-0.30174,-0.36588,-0.26887,-0.21220,-0.29127,-0.30474,-0.20372,-0.12651,-0.00797,0.11663,0.22412,0.26525,0.32388,0.51593,0.60001,0.61256,0.76733,0.71956,0.73681,0.53712,0.48880,0.49075,0.48779,0.52639,0.44240,0.32386,0.19219,0.18378,0.11285,0.10352,0.08250,0.05061,-0.02885,-0.00299,0.09513,0.00134,-0.09838,-0.04166,-0.05960,-0.20327,-0.22106,-0.30341,-0.30053,-0.37450,-0.48648,-0.47784,-0.41480,-0.43783,-0.36768,-0.32930,-0.22580,-0.18378,-0.12720,-0.07596,-0.02858,0.07272,0.13375,0.20462,0.25171,0.33064,0.34458,0.41876,0.40078,0.41761,0.42551,0.45176,0.45809,0.53686,0.51067,0.48457,0.49841,0.50198,0.48366,0.52134,0.47739,0.47081,0.42187,0.34878,0.33381,0.36883,0.32509,0.33398,0.32649,0.28925,0.28737,0.21328,0.17456,0.10235,0.10671,0.12362,0.08925,0.03092,0.03622,0.00227,0.00000,-0.06320,-0.04824,0.02462,0.01184,0.04201,-0.00694,0.03074,-0.01101,0.02989,0.03369,0.10154,0.15985,0.22572,0.25632,0.30216,0.34698,0.37643,0.42374,0.41143,0.40747,0.34636,0.27804,0.22425,0.23046,0.24191,0.23450,0.27808,0.27036,0.32385,0.23840,0.11442,0.09415,0.12807,0.01982,-0.07856,-0.14598,-0.19094,-0.24427,-0.29066,-0.32008,-0.37783,-0.32366,-0.36397,-0.30544,-0.31129,-0.27165,-0.22587,-0.24222,-0.39657,-0.43967,-0.51506
-0.57602,-0.57465,-0.53429,-0.50576,-0.51059,-0.50048,-0.44211,-0.41388,-0.40276,-0.34876,-0.30393,-0.28015,-0.29340,-0.30250,-0.29903,-0.29988,-0.25406,-0.27096,-0.26845,-0.23458,-0.17274,-0.10592,-0.09034,-0.12379,-0.07509,-0.01532,-0.03530,-0.05668,0.01453,0.06157,0.02841,0.03676,0.10944,0.15323,0.12269,0.17697,0.11324,0.14339,0.14931,0.12531,0.05232,-0.01977,-0.04199,-0.08019,-0.15489,-0.17748,-0.27850,-0.29150,-0.23181,-0.25121,-0.20394,-0.20293,-0.18199,-0.18010,-0.19885,-0.11314,-0.04837,-0.02605,-0.00747,0.05561,0.09985,0.10152,0.19475,0.21941,0.15971,0.21784,0.27845,0.30019,0.29809,0.22813,0.20401,0.12469,0.15467,0.11075,0.08857,0.01785,-0.05841,-0.19808,-0.30570,-0.33625,-0.21962,-0.21103,-0.29910,-0.21142,-0.13151,-0.21375,-0.25045,-0.15423,-0.04900,0.08296,0.19822,0.29923,0.33036,0.35084,0.52445,0.57899,0.63231,0.80438,0.78642,0.81111,0.61838,0.58391,0.60172,0.59727,0.61796,0.52651,0.42386,0.30489,0.31150,0.24867,0.24854,0.23274,0.20529,0.12475,0.15430,0.25153,0.14988,0.04915,0.10902,0.07844,-0.07413,-0.09322,-0.17449,-0.17775,-0.24278,-0.37376,-0.36917,-0.28768,-0.31728,-0.24742,-0.21066,-0.09805,-0.05894,0.00377,0.04911,0.09941,0.19943,0.25781,0.33221,0.37561,0.45427,0.47188,0.54127,0.53208,0.54804,0.56120,0.58248,0.58300,0.64773,0.61095,0.59099,0.59312,0.59378,0.58455,0.62157,0.57398,0.56851,0.53135,0.45942,0.45192,0.49251,0.46102,0.47444,0.47228,0.44176,0.44426,0.37312,0.33267,0.26179,0.26825,0.28232,0.25058,0.19195,0.19278,0.15525,0.14801,0.07970,0.08792,0.16112,0.15086,0.18704,0.14088,0.18330,0.14681,0.19108,0.19753,0.26467,0.32344,0.38734,0.41369,0.45775,0.49832,0.52319,0.56901,0.55738,0.55311,0.49465,0.43335,0.37884,0.38092,0.38619,0.37057,0.40330,0.38491,0.42103,0.32826,0.20116,0.18335,0.23353,0.13207,0.03156,-0.03359,-0.07140,-0.12214,-0.17283,-0.19589,-0.25576,-0.18985,-0.22711,-0.15965,-0.15904,-0.11548,-0.06256,-0.08216,-0.25474,-0.31378,-0.37921
-0.52893,-0.52799,-0.48237,-0.45255,-0.45968,-0.44711,-0.38495,-0.35746,-0.34689,-0.28860,-0.24332,-0.21732,-0.22998,-0.23897,-0.23501,-0.23542,-0.18931,-0.20741,-0.20561,-0.17200,-0.10865,-0.04173,-0.02536,-0.05923,-0.01128,0.04816,0.02866,0.00686,0.07679,0.12366,0.09071,0.09783,0.16924,0.21287,0.18181,0.23219,0.16736,0.19741,0.20657,0.18156,0.11058,0.04024,0.01867,-0.01799,-0.09237,-0.11391,-0.21529,-0.22808,-0.16716,-0.18671,-0.13883,-0.13786,-0.11695,-0.11599,-0.13602,-0.05090,0.01529,0.03804,0.05541,0.11771,0.16261,0.16439,0.25644,0.28080,0.22239,0.27909,0.33789,0.35889,0.35670,0.28902,0.26521,0.18764,0.21688,0.17363,0.15244,0.08244,0.00705,-0.13336,-0.24265,-0.27432,-0.15539,-0.14718,-0.23775,-0.15125,-0.06862,-0.15083,-0.18981,-0.09458,0.01312,0.14438,0.25780,0.35679,0.38684,0.40087,0.56557,0.61073,0.67059,0.83481,0.82127,0.84405,0.66575,0.63098,0.64591,0.64250,0.66233,0.57617,0.47800,0.36427,0.37068,0.30891,0.30791,0.29204,0.26474,0.18610,0.21377,0.30788,0.21068,0.11244,0.17077,0.14161,-0.01036,-0.03135,-0.11221,-0.11775,-0.18284,-0.31556,-0.30896,-0.22572,-0.25441,-0.18393,-0.14565,-0.03302,0.00597,0.06840,0.11373,0.16338,0.26143,0.31836,0.39002,0.43146,0.50602,0.52231,0.58814,0.57762,0.59267,0.60291,0.62224,0.62471,0.68563,0.64977,0.63056,0.62833,0.63154,0.62758,0.66482,0.62092,0.61318,0.57974,0.51191,0.50468,0.54284,0.51163,0.52251,0.51947,0.48971,0.49042,0.42332,0.38617,0.31819,0.32387,0.33781,0.30656,0.25014,0.25188,0.21591,0.20978,0.14276,0.15136,0.22333,0.21321,0.24790,0.20230,0.24298,0.20665,0.24909,0.25477,0.31964,0.37549,0.43608,0.46260,0.50323,0.54157,0.56247,0.60570,0.59668,0.59293,0.53855,0.47979,0.42966,0.43344,0.43989,0.42636,0.45860,0.44106,0.47522,0.38536,0.26134,0.24397,0.29402,0.19546,0.09624,0.03175,-0.00586,-0.05689,-0.10769,-0.13114,-0.19127,-0.12600,-0.16436,-0.09696,-0.09761,-0.05491,-0.00362,-0.02361,-0.19683,-0.26064,-0.32507
-0.60193,-0.59929,-0.56749,-0.54060,-0.54165,-0.53436,-0.48190,-0.45177,-0.43885,-0.39173,-0.34828,-0.33034,-0.34568,-0.35747,-0.35661,-0.35992,-0.31741,-0.33513,-0.33348,-0.30199,-0.24149,-0.17753,-0.16088,-0.19454,-0.14827,-0.08934,-0.10811,-0.12997,-0.06063,-0.01350,-0.04658,-0.03938,0.03276,0.07741,0.04645,0.10029,0.03647,0.06721,0.07395,0.05146,-0.02116,-0.09442,-0.11730,-0.15416,-0.22712,-0.24744,-0.34406,-0.35529,-0.29674,-0.31323,-0.26641,-0.26272,-0.23963,-0.23355,-0.24745,-0.16360,-0.10362,-0.08459,-0.06294,0.00117,0.03998,0.04124,0.13512,0.15663,0.09490,0.15356,0.21311,0.23282,0.22911,0.15857,0.13269,0.05316,0.08272,0.03910,0.01959,-0.05133,-0.12342,-0.25767,-0.36123,-0.38575,-0.27211,-0.26674,-0.34571,-0.25586,-0.18451,-0.26547,-0.29375,-0.19658,-0.10241,0.02420,0.14221,0.24645,0.28215,0.31608,0.49992,0.56716,0.60356,0.77295,0.74498,0.77016,0.57250,0.53241,0.54615,0.54057,0.56623,0.47469,0.36473,0.24104,0.24415,0.17855,0.17643,0.15949,0.13147,0.05064,0.07974,0.17543,0.07531,-0.02320,0.03596,0.00826,-0.14127,-0.16114,-0.23998,-0.23944,-0.30564,-0.43017,-0.42505,-0.35129,-0.37883,-0.31095,-0.27393,-0.16524,-0.12608,-0.06536,-0.01831,0.03083,0.13115,0.19064,0.26477,0.30976,0.39022,0.40679,0.47880,0.46758,0.48534,0.49779,0.52194,0.52425,0.59270,0.55915,0.53347,0.53701,0.53971,0.52835,0.56860,0.52324,0.51460,0.47268,0.39855,0.38855,0.42880,0.39444,0.40782,0.40468,0.37183,0.37377,0.30060,0.25941,0.18740,0.19342,0.20783,0.17523,0.11643,0.11806,0.08110,0.07518,0.00769,0.01819,0.09142,0.07978,0.11437,0.06734,0.10915,0.07114,0.11535,0.12188,0.18980,0.24948,0.31535,0.34319,0.38944,0.43156,0.46047,0.50622,0.49297,0.48831,0.42688,0.36259,0.30654,0.30968,0.31676,0.30155,0.33708,0.32083,0.36236,0.27070,0.14419,0.12541,0.17088,0.06787,-0.03188,-0.09731,-0.13698,-0.18820,-0.23707,-0.26169,-0.31950,-0.25788,-0.29553,-0.23028,-0.23098,-0.18741,-0.13551,-0.15104,-0.31553,-0.36673,-0.43555
-0.66386,-0.66176,-0.63160,-0.60707,-0.60912,-0.60271,-0.55186,-0.52428,-0.51324,-0.46683,-0.42462,-0.40455,-0.41740,-0.42625,-0.42258,-0.42246,-0.37841,-0.39320,-0.38924,-0.35596,-0.29808,-0.23321,-0.21898,-0.25072,-0.20108,-0.14296,-0.16309,-0.18200,-0.11000,-0.06437,-0.09671,-0.08524,-0.01170,0.03189,0.00321,0.06436,0.00413,0.03502,0.03737,0.01714,-0.05879,-0.13554,-0.15992,-0.20175,-0.27628,-0.30073,-0.39830,-0.41280,-0.35683,-0.37678,-0.33191,-0.33181,-0.31203,-0.30957,-0.32595,-0.24295,-0.18165,-0.16004,-0.14097,-0.07828,-0.03537,-0.03367,0.06077,0.08569,0.02547,0.08539,0.14797,0.17220,0.17120,0.09767,0.07447,-0.00622,0.02434,-0.01957,-0.04315,-0.11432,-0.19012,-0.32475,-0.42720,-0.45608,-0.34676,-0.33884,-0.42046,-0.33432,-0.26095,-0.34114,-0.37297,-0.27813,-0.18055,-0.05085,0.06496,0.16779,0.20002,0.22988,0.41987,0.49012,0.52960,0.71559,0.69240,0.72382,0.50935,0.47449,0.49818,0.49000,0.50976,0.40812,0.29739,0.17279,0.18229,0.11934,0.12269,0.10814,0.08253,-0.00011,0.03324,0.13047,0.02234,-0.07710,-0.01538,-0.05018,-0.20074,-0.21769,-0.29433,-0.29025,-0.35138,-0.47759,-0.47698,-0.40284,-0.43417,-0.36957,-0.33637,-0.22730,-0.19062,-0.12840,-0.08455,-0.03424,0.06638,0.12612,0.20466,0.25051,0.33616,0.35555,0.43080,0.42494,0.44436,0.46348,0.48805,0.48598,0.55306,0.51439,0.48884,0.49478,0.49317,0.47763,0.51852,0.46638,0.46111,0.41787,0.33840,0.33065,0.37648,0.34705,0.36569,0.36618,0.33559,0.34219,0.26533,0.21895,0.14422,0.15211,0.16500,0.13308,0.07207,0.07057,0.03034,0.02078,-0.04964,-0.04208,0.03173,0.02055,0.05916,0.01350,0.05928,0.02357,0.07170,0.08058,0.15084,0.21427,0.28328,0.30919,0.35978,0.40235,0.43620,0.48364,0.46601,0.45987,0.39360,0.32916,0.26702,0.26597,0.26828,0.24712,0.27835,0.25653,0.29369,0.19668,0.06681,0.04884,0.09941,-0.00346,-0.10353,-0.16766,-0.20410,-0.25280,-0.30164,-0.32204,-0.37860,-0.31314,-0.34677,-0.27910,-0.27471,-0.22801,-0.17066,-0.18535,-0.35109,-0.39737,-0.46432
-0.70577,-0.70035,-0.68857,-0.66794,-0.65995,-0.65975,-0.62385,-0.59128,-0.57470,-0.54489,-0.50536,-0.49974,-0.51839,-0.53285,-0.53543,-0.54204,-0.50608,-0.52181,-0.51845,-0.49093,-0.43732,-0.37867,-0.36312,-0.39460,-0.35085,-0.29478,-0.31326,-0.33367,-0.26624,-0.22066,-0.25275,-0.24411,-0.17266,-0.12873,-0.15801,-0.09779,-0.15681,-0.12550,-0.12539,-0.14351,-0.21823,-0.29341,-0.31695,-0.35406,-0.42326,-0.44292,-0.53068,-0.54040,-0.48805,-0.50012,-0.45686,-0.44995,-0.42527,-0.41334,-0.41904,-0.33897,-0.28955,-0.27574,-0.24898,-0.18534,-0.15483,-0.15373,-0.06069,-0.04220,-0.10670,-0.04728,0.01291,0.03085,0.02562,-0.04721,-0.07471,-0.15498,-0.12532,-0.16866,-0.18678,-0.25650,-0.32293,-0.44552,-0.53811,-0.55204,-0.45044,-0.44873,-0.50988,-0.41983,-0.36577,-0.44086,-0.45423,-0.35845,-0.28444,-0.16701,-0.04375,0.06264,0.10258,0.16350,0.36948,0.46588,0.47083,0.64750,0.60055,0.62810,0.40213,0.35569,0.37087,0.36360,0.39554,0.29681,0.17407,0.04012,0.03941,-0.02829,-0.03014,-0.04726,-0.07506,-0.15685,-0.12522,-0.02702,-0.13114,-0.22919,-0.16993,-0.19727,-0.33983,-0.35497,-0.43063,-0.42091,-0.48666,-0.59570,-0.59342,-0.53422,-0.56086,-0.49809,-0.46575,-0.36521,-0.32720,-0.27002,-0.22311,-0.17519,-0.07413,-0.01282,0.06342,0.11217,0.19914,0.21648,0.29563,0.28456,0.30547,0.32330,0.35241,0.35527,0.43528,0.40031,0.37069,0.38920,0.38655,0.36076,0.40034,0.34901,0.34360,0.29104,0.20951,0.19638,0.23912,0.20168,0.21877,0.21709,0.18210,0.18740,0.10701,0.06054,-0.01553,-0.00819,0.00648,-0.02646,-0.08787,-0.08740,-0.12558,-0.13245,-0.19897,-0.18701,-0.11418,-0.12756,-0.09280,-0.13978,-0.09650,-0.13511,-0.08862,-0.08118,-0.01074,0.05371,0.12518,0.15317,0.20639,0.25247,0.29286,0.34102,0.32151,0.31600,0.24444,0.17457,0.11076,0.11135,0.11672,0.10020,0.13846,0.12389,0.17338,0.08166,-0.04554,-0.06506,-0.02672,-0.13416,-0.23158,-0.29611,-0.33675,-0.38610,-0.43089,-0.45501,-0.50816,-0.45196,-0.48620,-0.42558,-0.42447,-0.38077,-0.32769,-0.33961,-0.48815,-0.51926,-0.59203
-0.75544,-0.74958,-0.74596,-0.72874,-0.71824,-0.72089,-0.69205,-0.66032,-0.64335,-0.62029,-0.58375,-0.58145,-0.59980,-0.61400,-0.61699,-0.62282,-0.58939,-0.60360,-0.59966,-0.57287,-0.52280,-0.46649,-0.45238,-0.48231,-0.43917,-0.38503,-0.40334,-0.42202,-0.35550,-0.31184,-0.34263,-0.33225,-0.26166,-0.21917,-0.24669,-0.18224,-0.23778,-0.20749,-0.21149,-0.22716,-0.30224,-0.37768,-0.40096,-0.43948,-0.50684,-0.52716,-0.61066,-0.62036,-0.57204,-0.58382,-0.54367,-0.53706,-0.51348,-0.50123,-0.50477,-0.42815,-0.38286,-0.37038,-0.34372,-0.28146,-0.25303,-0.25231,-0.16109,-0.14268,-0.20620,-0.14715,-0.08648,-0.06754,-0.07183,-0.14540,-0.17149,-0.25093,-0.22118,-0.26372,-0.28265,-0.35129,-0.41605,-0.53205,-0.61854,-0.63038,-0.53660,-0.53483,-0.58965,-0.50220,-0.45452,-0.52626,-0.53520,-0.44223,-0.37604,-0.26297,-0.14173,-0.03594,0.00475,0.07260,0.28423,0.39062,0.38539,0.56750,0.51622,0.54725,0.30892,0.26349,0.28292,0.27362,0.30472,0.20096,0.07531,-0.05958,-0.05895,-0.12518,-0.12515,-0.14143,-0.16770,-0.24940,-0.21594,-0.11827,-0.22512,-0.32117,-0.26202,-0.29123,-0.42930,-0.44136,-0.51323,-0.49962,-0.56176,-0.66366,-0.66473,-0.61166,-0.63841,-0.58010,-0.55132,-0.45540,-0.41941,-0.36415,-0.31906,-0.27243,-0.17273,-0.11220,-0.03482,0.01426,0.10427,0.12285,0.20479,0.19669,0.21939,0.24140,0.27348,0.27471,0.35685,0.32107,0.28993,0.31212,0.30640,0.27422,0.31277,0.25851,0.25283,0.19760,0.11281,0.10020,0.14577,0.11027,0.13115,0.13100,0.09718,0.10499,0.02154,-0.02819,-0.10565,-0.09733,-0.08350,-0.11568,-0.17805,-0.17919,-0.21869,-0.22667,-0.29271,-0.28154,-0.21013,-0.22398,-0.18833,-0.23399,-0.18917,-0.22629,-0.17853,-0.16971,-0.09846,-0.03190,0.04194,0.06854,0.12538,0.17275,0.21870,0.26781,0.24471,0.23872,0.16263,0.09136,0.02289,0.02133,0.02498,0.00455,0.04134,0.02517,0.07503,-0.01778,-0.14372,-0.16347,-0.12629,-0.23278,-0.32810,-0.39051,-0.42929,-0.47634,-0.51845,-0.54055,-0.59077,-0.53632,-0.56723,-0.50832,-0.50496,-0.46122,-0.40730,-0.41681,-0.55737,-0.57858,-0.64913
-0.77572,-0.76997,-0.76805,-0.75176,-0.74107,-0.74431,-0.71711,-0.68662,-0.67029,-0.64856,-0.61305,-0.61039,-0.62788,-0.64133,-0.64341,-0.64804,-0.61451,-0.62663,-0.62190,-0.59474,-0.54673,-0.49160,-0.47858,-0.50711,-0.46354,-0.41074,-0.42926,-0.44633,-0.37983,-0.33717,-0.36760,-0.35580,-0.28530,-0.24373,-0.27043,-0.20343,-0.25861,-0.22816,-0.23399,-0.24805,-0.32423,-0.40006,-0.42304,-0.46255,-0.52919,-0.55046,-0.63282,-0.64402,-0.59724,-0.60999,-0.57095,-0.56542,-0.54301,-0.53186,-0.53584,-0.45966,-0.41528,-0.40210,-0.37631,-0.31541,-0.28623,-0.28517,-0.19483,-0.17545,-0.23778,-0.17876,-0.11777,-0.09754,-0.10103,-0.17524,-0.20058,-0.27997,-0.25030,-0.29276,-0.31288,-0.38097,-0.44604,-0.56020,-0.64449,-0.65823,-0.56785,-0.56460,-0.61887,-0.53319,-0.48576,-0.55630,-0.56559,-0.47413,-0.40889,-0.29608,-0.17691,-0.07311,-0.03398,0.03128,0.24304,0.35090,0.34623,0.53397,0.48436,0.51842,0.27252,0.23078,0.25423,0.24382,0.27244,0.16612,0.04227,-0.09275,-0.09029,-0.15523,-0.15372,-0.16885,-0.19451,-0.27625,-0.24117,-0.14380,-0.25225,-0.34837,-0.28868,-0.32048,-0.45729,-0.46840,-0.53852,-0.52508,-0.58331,-0.68372,-0.68648,-0.63440,-0.66109,-0.60514,-0.57781,-0.48337,-0.44834,-0.39314,-0.34966,-0.30251,-0.20386,-0.14338,-0.06499,-0.01528,0.07595,0.09492,0.17722,0.17060,0.19252,0.21763,0.24900,0.24792,0.32840,0.29294,0.26373,0.28844,0.28098,0.24649,0.28586,0.22849,0.22673,0.16956,0.08266,0.07022,0.11670,0.08295,0.10477,0.10620,0.07414,0.08384,-0.00062,-0.05157,-0.12988,-0.12089,-0.10747,-0.13916,-0.20157,-0.20407,-0.24436,-0.25357,-0.32006,-0.31065,-0.23943,-0.25304,-0.21630,-0.26108,-0.21528,-0.25095,-0.20249,-0.19314,-0.12161,-0.05375,0.02112,0.04663,0.10531,0.15257,0.20125,0.25000,0.22490,0.21831,0.14064,0.06989,-0.00086,-0.00413,-0.00256,-0.02450,0.01054,-0.00695,0.04129,-0.05238,-0.17889,-0.19776,-0.15955,-0.26498,-0.35968,-0.42119,-0.45861,-0.50419,-0.54616,-0.56662,-0.61544,-0.56023,-0.59003,-0.53151,-0.52636,-0.48251,-0.42724,-0.43692,-0.57773,-0.59770,-0.66603
-0.76711,-0.75741,-0.77632,-0.76479,-0.74301,-0.75314,-0.74449,-0.70914,-0.68728,-0.68629,-0.65510,-0.66992,-0.69376,-0.71350,-0.72392,-0.73659,-0.71371,-0.72593,-0.72414,-0.70400,-0.66294,-0.61932,-0.60504,-0.63212,-0.59955,-0.55209,-0.56672,-0.58565,-0.52886,-0.48826,-0.51702,-0.51011,-0.44621,-0.40625,-0.43251,-0.37305,-0.42442,-0.39734,-0.40315,-0.41249,-0.48270,-0.55207,-0.57263,-0.60361,-0.65951,-0.67328,-0.73907,-0.74299,-0.70212,-0.70445,-0.66908,-0.65510,-0.62769,-0.60516,-0.59489,-0.52565,-0.49860,-0.49576,-0.46159,-0.40251,-0.39075,-0.39041,-0.30676,-0.29706,-0.36116,-0.30579,-0.25191,-0.24066,-0.24952,-0.31831,-0.34817,-0.42287,-0.39642,-0.43556,-0.44732,-0.51121,-0.56027,-0.65352,-0.72199,-0.71728,-0.63946,-0.64463,-0.67172,-0.58445,-0.56313,-0.62394,-0.61007,-0.52236,-0.48832,-0.39614,-0.27561,-0.17312,-0.12679,-0.02724,0.19038,0.32113,0.27639,0.44065,0.36473,0.39117,0.14826,0.09540,0.10390,0.09633,0.13942,0.04392,-0.08649,-0.22526,-0.23621,-0.30379,-0.30957,-0.32785,-0.35546,-0.43125,-0.40110,-0.30802,-0.40426,-0.49330,-0.44041,-0.46075,-0.58021,-0.58884,-0.65444,-0.63591,-0.69862,-0.77209,-0.77063,-0.73936,-0.75878,-0.70709,-0.68100,-0.60228,-0.56707,-0.52126,-0.47550,-0.43366,-0.34010,-0.28064,-0.20981,-0.15924,-0.07251,-0.05780,0.02379,0.01056,0.03205,0.05200,0.08563,0.08921,0.17957,0.15250,0.12019,0.15594,0.15071,0.10933,0.14573,0.09345,0.09252,0.02755,-0.05596,-0.07447,-0.03523,-0.07755,-0.06060,-0.06290,-0.09969,-0.09337,-0.17634,-0.22353,-0.29832,-0.29113,-0.27586,-0.30742,-0.36627,-0.36511,-0.39968,-0.40413,-0.46157,-0.44687,-0.38074,-0.39592,-0.36686,-0.41148,-0.37282,-0.41043,-0.36770,-0.36116,-0.29370,-0.22960,-0.15714,-0.12991,-0.07279,-0.02412,0.02699,0.07659,0.05120,0.04551,-0.03198,-0.10523,-0.17271,-0.17272,-0.16656,-0.18018,-0.13773,-0.14494,-0.08417,-0.16554,-0.28131,-0.30052,-0.27985,-0.38479,-0.47107,-0.53069,-0.57125,-0.61575,-0.65078,-0.67529,-0.71807,-0.67726,-0.70724,-0.66106,-0.66161,-0.62412,-0.57826,-0.58272,-0.69599,-0.69840,-0.77144
-0.71025,-0.70017,-0.71506,-0.70024,-0.67823,-0.68705,-0.67408,-0.63525,-0.61199,-0.60783,-0.57376,-0.58924,-0.61563,-0.63796,-0.65044,-0.66629,-0.64325,-0.65900,-0.66002,-0.63984,-0.59369,-0.54896,-0.53184,-0.56167,-0.53089,-0.48110,-0.49488,-0.51731,-0.46093,-0.41759,-0.44768,-0.44478,-0.38057,-0.33807,-0.36701,-0.31407,-0.36945,-0.34270,-0.34412,-0.35617,-0.42438,-0.49223,-0.51219,-0.53941,-0.59630,-0.60740,-0.67581,-0.67694,-0.63157,-0.63128,-0.59271,-0.57550,-0.54469,-0.51911,-0.50780,-0.43479,-0.40663,-0.40540,-0.36857,-0.30624,-0.29672,-0.29707,-0.21170,-0.20443,-0.27146,-0.21599,-0.16341,-0.15568,-0.16697,-0.23422,-0.26691,-0.34233,-0.31575,-0.35545,-0.36370,-0.42905,-0.47679,-0.57459,-0.64802,-0.64043,-0.55453,-0.56122,-0.59021,-0.49719,-0.47422,-0.53893,-0.52426,-0.43183,-0.39539,-0.30141,-0.17594,-0.06986,-0.02144,0.08118,0.29627,0.42305,0.38039,0.53159,0.45185,0.47138,0.24255,0.18471,0.18361,0.17912,0.22832,0.14126,0.00903,-0.13164,-0.14818,-0.21996,-0.23092,-0.25217,-0.28272,-0.35829,-0.33223,-0.23773,-0.32830,-0.41943,-0.36756,-0.38146,-0.50370,-0.51504,-0.58595,-0.57100,-0.64042,-0.71841,-0.71322,-0.67833,-0.69579,-0.63817,-0.60751,-0.52494,-0.48640,-0.44028,-0.39036,-0.34859,-0.25271,-0.19246,-0.12398,-0.07372,0.00950,0.02238,0.10251,0.08404,0.10398,0.11722,0.15027,0.15697,0.25053,0.22648,0.19494,0.22814,0.22703,0.18984,0.22509,0.17795,0.17414,0.11121,0.03198,0.01167,0.04678,-0.00133,0.01077,0.00456,-0.03473,-0.03310,-0.11332,-0.15666,-0.23018,-0.22511,-0.20810,-0.24133,-0.29927,-0.29489,-0.32717,-0.32867,-0.38509,-0.36720,-0.30012,-0.31545,-0.28917,-0.33609,-0.30045,-0.34103,-0.30083,-0.29622,-0.22900,-0.16789,-0.09774,-0.06813,-0.01508,0.03362,0.07864,0.12818,0.10715,0.10291,0.03081,-0.04321,-0.10495,-0.10123,-0.09005,-0.09839,-0.05108,-0.05382,0.01183,-0.06691,-0.18237,-0.20322,-0.18563,-0.29358,-0.38189,-0.44454,-0.48917,-0.53740,-0.57369,-0.60261,-0.64910,-0.60984,-0.64408,-0.59802,-0.60324,-0.56723,-0.52558,-0.53259,-0.65132,-0.66130,-0.73822
-0.69408,-0.68633,-0.68732,-0.66864,-0.65309,-0.65742,-0.63207,-0.59537,-0.57519,-0.55787,-0.52024,-0.52547,-0.54907,-0.56836,-0.57686,-0.58868,-0.55960,-0.57621,-0.57596,-0.55194,-0.50024,-0.44848,-0.43122,-0.46235,-0.42561,-0.37217,-0.38799,-0.41015,-0.34825,-0.30295,-0.33438,-0.32963,-0.26159,-0.21775,-0.24765,-0.19204,-0.25108,-0.22299,-0.22368,-0.23932,-0.31031,-0.38064,-0.40149,-0.43237,-0.49542,-0.50995,-0.58897,-0.59423,-0.54410,-0.54923,-0.50767,-0.49426,-0.46547,-0.44552,-0.44244,-0.36399,-0.32527,-0.31850,-0.28604,-0.22173,-0.20263,-0.20297,-0.11353,-0.10088,-0.16745,-0.11002,-0.05338,-0.04165,-0.05051,-0.12038,-0.15128,-0.22984,-0.20127,-0.24287,-0.25509,-0.32351,-0.37992,-0.49079,-0.57504,-0.57801,-0.48288,-0.48488,-0.53024,-0.43523,-0.39688,-0.46877,-0.46751,-0.37066,-0.31588,-0.20872,-0.08278,0.02406,0.06808,0.14970,0.35850,0.47018,0.45315,0.61482,0.55044,0.57237,0.34497,0.29391,0.29856,0.29342,0.33540,0.24551,0.11754,-0.02122,-0.03169,-0.10288,-0.11134,-0.13185,-0.16231,-0.24116,-0.21265,-0.11492,-0.21133,-0.30758,-0.25165,-0.27031,-0.40361,-0.41645,-0.49212,-0.48188,-0.55157,-0.64525,-0.64071,-0.59285,-0.61413,-0.55226,-0.51967,-0.42695,-0.38759,-0.33626,-0.28665,-0.24148,-0.14208,-0.08098,-0.00866,0.04118,0.12579,0.14045,0.22038,0.20395,0.22297,0.23732,0.26834,0.27299,0.36027,0.33443,0.30668,0.33410,0.33278,0.30012,0.33680,0.28708,0.28343,0.22469,0.14471,0.12722,0.16484,0.12011,0.13328,0.12745,0.09016,0.09252,0.01237,-0.03164,-0.10692,-0.10134,-0.08471,-0.11858,-0.17819,-0.17503,-0.20998,-0.21347,-0.27526,-0.25939,-0.18875,-0.20308,-0.17301,-0.22081,-0.18179,-0.22223,-0.17956,-0.17419,-0.10484,-0.04251,0.02815,0.05727,0.10991,0.15799,0.20033,0.24901,0.22945,0.22512,0.15505,0.08243,0.02058,0.02347,0.03302,0.02195,0.06655,0.05932,0.11851,0.03366,-0.08799,-0.10873,-0.08201,-0.19106,-0.28508,-0.34979,-0.39384,-0.44377,-0.48448,-0.51224,-0.56323,-0.51525,-0.55117,-0.49814,-0.50143,-0.46263,-0.41672,-0.42880,-0.56525,-0.58902,-0.66415
-0.72159,-0.71039,-0.73300,-0.72116,-0.69584,-0.70728,-0.70190,-0.66364,-0.63945,-0.64308,-0.61190,-0.63238,-0.65956,-0.68232,-0.69630,-0.71339,-0.69401,-0.70769,-0.70721,-0.69008,-0.64930,-0.60871,-0.59272,-0.61977,-0.59150,-0.54508,-0.55811,-0.57906,-0.52582,-0.48476,-0.51336,-0.51003,-0.44865,-0.40834,-0.43556,-0.38133,-0.43352,-0.40648,-0.41087,-0.41992,-0.48798,-0.55371,-0.57285,-0.59873,-0.65137,-0.66150,-0.72362,-0.72489,-0.68364,-0.68116,-0.64530,-0.62721,-0.59657,-0.56909,-0.55491,-0.48605,-0.46310,-0.46402,-0.42650,-0.36687,-0.36119,-0.36169,-0.27993,-0.27406,-0.33948,-0.28541,-0.23477,-0.22875,-0.24071,-0.30654,-0.33927,-0.41234,-0.38663,-0.42449,-0.43142,-0.49364,-0.53655,-0.62566,-0.69189,-0.68077,-0.60285,-0.61083,-0.63075,-0.53978,-0.52553,-0.58581,-0.56522,-0.47601,-0.45016,-0.36264,-0.23832,-0.13687,-0.08910,0.01945,0.23325,0.36694,0.31458,0.46457,0.37954,0.40005,0.16659,0.10788,0.10663,0.10152,0.15150,0.06662,-0.06496,-0.20502,-0.22317,-0.29348,-0.30466,-0.32535,-0.35548,-0.42851,-0.40224,-0.30919,-0.39717,-0.48559,-0.43463,-0.44685,-0.56194,-0.57005,-0.63853,-0.62255,-0.68987,-0.75646,-0.75232,-0.72459,-0.74081,-0.68711,-0.65969,-0.58414,-0.54722,-0.50466,-0.45672,-0.41676,-0.32424,-0.26502,-0.19836,-0.14776,-0.06543,-0.05336,0.02659,0.00841,0.02753,0.04258,0.07433,0.07980,0.17294,0.15316,0.12401,0.16484,0.16139,0.11867,0.15326,0.10387,0.10513,0.03757,-0.04208,-0.06359,-0.02966,-0.07727,-0.06525,-0.07105,-0.11018,-0.10704,-0.18735,-0.23066,-0.30320,-0.29784,-0.28118,-0.31339,-0.36987,-0.36606,-0.39748,-0.39935,-0.45348,-0.43535,-0.37037,-0.38579,-0.36079,-0.40600,-0.37134,-0.41083,-0.37168,-0.36713,-0.30149,-0.24103,-0.17108,-0.14256,-0.08825,-0.03930,0.00991,0.05794,0.03512,0.03083,-0.04307,-0.11665,-0.17937,-0.17669,-0.16743,-0.17443,-0.12722,-0.12815,-0.06141,-0.13661,-0.24798,-0.26849,-0.25512,-0.36117,-0.44552,-0.50583,-0.54936,-0.59527,-0.62871,-0.65644,-0.69920,-0.66316,-0.69521,-0.65293,-0.65775,-0.62380,-0.58349,-0.59221,-0.69994,-0.70522,-0.78002
-0.64177,-0.62666,-0.66666,-0.65814,-0.62227,-0.63922,-0.65037,-0.60666,-0.57633,-0.59886,-0.57179,-0.61000,-0.64393,-0.67379,-0.69692,-0.72355,-0.71603,-0.73179,-0.73585,-0.72701,-0.69176,-0.66333,-0.64485,-0.67107,-0.65622,-0.61579,-0.62379,-0.64827,-0.60759,-0.56862,-0.59488,-0.59962,-0.54753,-0.50937,-0.53682,-0.49717,-0.54693,-0.52297,-0.52386,-0.52999,-0.58774,-0.64270,-0.65835,-0.67160,-0.71150,-0.71144,-0.75593,-0.74760,-0.71140,-0.69679,-0.66424,-0.63644,-0.59992,-0.56037,-0.53202,-0.47109,-0.46611,-0.47791,-0.43214,-0.37604,-0.38929,-0.39068,-0.31890,-0.32435,-0.38994,-0.34243,-0.30238,-0.30822,-0.32655,-0.38242,-0.41979,-0.48499,-0.46379,-0.49664,-0.49243,-0.54802,-0.57186,-0.63903,-0.68979,-0.65813,-0.59134,-0.60838,-0.60110,-0.50983,-0.52135,-0.57121,-0.52757,-0.44352,-0.44848,-0.38425,-0.25945,-0.16373,-0.11014,0.02964,0.23748,0.38544,0.29715,0.40822,0.29810,0.30433,0.09301,0.02164,-0.00023,-0.00007,0.06646,0.00234,-0.13079,-0.26848,-0.30327,-0.37572,-0.39722,-0.42168,-0.45438,-0.51754,-0.50076,-0.41391,-0.48166,-0.56098,-0.52006,-0.51525,-0.60978,-0.61683,-0.68124,-0.66315,-0.73611,-0.77591,-0.76526,-0.75751,-0.76419,-0.71341,-0.68499,-0.62619,-0.58880,-0.55727,-0.50687,-0.47434,-0.39021,-0.33460,-0.28082,-0.23221,-0.16092,-0.15473,-0.08043,-0.10783,-0.09149,-0.08603,-0.05430,-0.04176,0.06025,0.05080,0.02134,0.07069,0.07083,0.02472,0.05461,0.01560,0.01513,-0.05555,-0.12493,-0.15265,-0.13028,-0.18787,-0.18458,-0.19604,-0.23898,-0.24202,-0.31520,-0.35004,-0.41476,-0.41273,-0.39398,-0.42543,-0.47486,-0.46570,-0.48848,-0.48330,-0.52459,-0.50033,-0.44308,-0.45954,-0.44557,-0.48946,-0.46578,-0.50710,-0.47713,-0.47699,-0.41893,-0.36723,-0.30450,-0.27423,-0.22639,-0.17812,-0.13147,-0.08677,-0.10581,-0.10753,-0.17515,-0.24805,-0.30137,-0.29312,-0.27641,-0.27146,-0.21591,-0.20274,-0.12336,-0.18049,-0.27556,-0.29696,-0.30381,-0.40618,-0.47919,-0.53651,-0.58366,-0.62860,-0.65430,-0.68790,-0.72489,-0.70646,-0.74022,-0.71256,-0.72604,-0.70106,-0.67489,-0.68139,-0.76031,-0.75391,-0.83111
-0.55380,-0.53941,-0.56633,-0.55187,-0.51958,-0.53240,-0.53126,-0.48454,-0.45404,-0.46535,-0.43287,-0.46621,-0.50174,-0.53331,-0.55732,-0.58545,-0.57458,-0.59506,-0.60140,-0.59077,-0.54643,-0.51315,-0.49079,-0.52119,-0.50588,-0.46045,-0.46845,-0.49751,-0.45482,-0.41117,-0.43978,-0.44871,-0.39463,-0.35307,-0.38401,-0.35110,-0.40798,-0.38430,-0.37984,-0.39187,-0.44720,-0.50066,-0.51603,-0.52604,-0.56996,-0.56800,-0.62168,-0.61168,-0.56759,-0.55271,-0.51468,-0.48469,-0.44506,-0.40472,-0.37947,-0.31076,-0.29881,-0.30982,-0.26291,-0.20207,-0.21311,-0.21550,-0.14034,-0.14556,-0.21430,-0.16639,-0.12563,-0.13423,-0.15434,-0.20897,-0.24887,-0.31639,-0.29412,-0.32817,-0.32137,-0.38112,-0.40728,-0.48626,-0.54943,-0.52031,-0.43860,-0.45536,-0.45903,-0.35837,-0.36023,-0.41884,-0.38092,-0.28822,-0.28072,-0.20689,-0.07639,0.02344,0.07634,0.20720,0.40721,0.54181,0.47022,0.56921,0.46299,0.46079,0.26896,0.19673,0.16559,0.16971,0.24027,0.18594,0.05363,-0.08452,-0.12349,-0.20055,-0.22753,-0.25550,-0.29213,-0.35644,-0.34314,-0.25268,-0.31608,-0.40057,-0.35924,-0.34867,-0.45161,-0.46217,-0.53589,-0.52431,-0.60732,-0.66044,-0.64490,-0.62630,-0.63296,-0.57232,-0.53693,-0.46831,-0.42625,-0.39185,-0.33684,-0.30255,-0.21404,-0.15742,-0.10494,-0.05738,0.00950,0.01440,0.08623,0.05348,0.06746,0.06528,0.09504,0.11135,0.21373,0.20814,0.18216,0.22621,0.23006,0.19125,0.21877,0.18460,0.18057,0.11527,0.05163,0.02350,0.04162,-0.02123,-0.02367,-0.04038,-0.08550,-0.09424,-0.16359,-0.19345,-0.25728,-0.25784,-0.23711,-0.27086,-0.31961,-0.30668,-0.32766,-0.31924,-0.36218,-0.33537,-0.27513,-0.29100,-0.27872,-0.32576,-0.30446,-0.34950,-0.32185,-0.32430,-0.26585,-0.21770,-0.15770,-0.12482,-0.08254,-0.03421,0.00350,0.04730,0.03470,0.03444,-0.02483,-0.09777,-0.14370,-0.13084,-0.10858,-0.09773,-0.03761,-0.02079,0.06060,0.00424,-0.09310,-0.11622,-0.12253,-0.22875,-0.30738,-0.36949,-0.42157,-0.47170,-0.50110,-0.53942,-0.58388,-0.56223,-0.60275,-0.57213,-0.59085,-0.56648,-0.54344,-0.55591,-0.64993,-0.66098,-0.74245
-0.55771,-0.54408,-0.56941,-0.55502,-0.52432,-0.53671,-0.53411,-0.48905,-0.45989,-0.46950,-0.43726,-0.46792,-0.50231,-0.53249,-0.55543,-0.58219,-0.56954,-0.58790,-0.59226,-0.58079,-0.53880,-0.50496,-0.48367,-0.51307,-0.49658,-0.45088,-0.45939,-0.48770,-0.44377,-0.40030,-0.42895,-0.43653,-0.38181,-0.34049,-0.37099,-0.33635,-0.39154,-0.36714,-0.36424,-0.37581,-0.43225,-0.48641,-0.50215,-0.51346,-0.55802,-0.55759,-0.61333,-0.60483,-0.56135,-0.54837,-0.51072,-0.48230,-0.44424,-0.40580,-0.38301,-0.31473,-0.30015,-0.30996,-0.26485,-0.20397,-0.21224,-0.21484,-0.13951,-0.14255,-0.21061,-0.16248,-0.12046,-0.12761,-0.14667,-0.20210,-0.24100,-0.30850,-0.28539,-0.31944,-0.31382,-0.37276,-0.40028,-0.48003,-0.54447,-0.51946,-0.43757,-0.45318,-0.45984,-0.36004,-0.35920,-0.41925,-0.38489,-0.29285,-0.28214,-0.20552,-0.07709,0.02360,0.07487,0.19976,0.39786,0.53043,0.46493,0.56843,0.46601,0.46797,0.27471,0.20398,0.17546,0.17855,0.24615,0.18997,0.05850,-0.07910,-0.11548,-0.19158,-0.21689,-0.24450,-0.28060,-0.34561,-0.33101,-0.24094,-0.30571,-0.39012,-0.34699,-0.33816,-0.44161,-0.45095,-0.52579,-0.51647,-0.59731,-0.65106,-0.63727,-0.61676,-0.62428,-0.56431,-0.53048,-0.46110,-0.41990,-0.38504,-0.33142,-0.29648,-0.20803,-0.15148,-0.09759,-0.05017,0.01806,0.02418,0.09664,0.06646,0.08074,0.08028,0.10948,0.12313,0.22059,0.21896,0.19424,0.23724,0.23985,0.20103,0.22847,0.19225,0.18924,0.12375,0.05829,0.03140,0.05141,-0.00863,-0.00922,-0.02544,-0.07044,-0.07813,-0.14835,-0.17950,-0.24410,-0.24458,-0.22432,-0.25832,-0.30728,-0.29516,-0.31749,-0.31053,-0.35489,-0.32937,-0.26856,-0.28369,-0.26994,-0.31622,-0.29295,-0.33789,-0.30929,-0.31094,-0.25160,-0.20315,-0.14230,-0.10992,-0.06618,-0.01743,0.02143,0.06497,0.05230,0.05246,-0.00835,-0.08110,-0.12833,-0.11679,-0.09660,-0.08754,-0.02915,-0.01464,0.06434,0.00557,-0.09301,-0.11622,-0.11959,-0.22465,-0.30420,-0.36598,-0.41706,-0.46625,-0.49596,-0.53251,-0.57704,-0.55269,-0.59240,-0.56055,-0.57785,-0.55258,-0.52783,-0.54294,-0.63646,-0.64953,-0.72996
-0.49134,-0.47139,-0.53377,-0.53202,-0.48387,-0.50688,-0.54298,-0.49615,-0.45871,-0.50732,-0.48959,-0.55088,-0.59154,-0.62842,-0.66209,-0.69956,-0.71017,-0.72585,-0.73091,-0.73808,-0.71737,-0.70802,-0.68847,-0.70925,-0.71384,-0.68593,-0.68729,-0.71344,-0.69351,-0.66160,-0.68201,-0.69592,-0.66182,-0.63072,-0.65529,-0.63606,-0.67554,-0.65591,-0.65340,-0.65299,-0.69535,-0.73050,-0.74037,-0.73550,-0.75376,-0.74043,-0.75718,-0.73729,-0.71345,-0.68340,-0.65931,-0.62065,-0.57982,-0.52712,-0.48184,-0.43871,-0.45939,-0.48600,-0.43284,-0.38698,-0.42489,-0.42778,-0.37649,-0.39595,-0.45590,-0.42192,-0.39985,-0.42191,-0.44749,-0.48458,-0.52518,-0.57288,-0.55927,-0.58174,-0.56228,-0.60133,-0.59532,-0.62377,-0.64838,-0.59146,-0.54730,-0.57726,-0.53056,-0.44862,-0.49734,-0.52702,-0.45443,-0.38734,-0.43662,-0.40942,-0.29034,-0.21181,-0.15740,0.01243,0.19478,0.35302,0.22376,0.27785,0.13994,0.13123,-0.03682,-0.12750,-0.17466,-0.16766,-0.08439,-0.11373,-0.23840,-0.36160,-0.41612,-0.48528,-0.51859,-0.54573,-0.57933,-0.62335,-0.61979,-0.54814,-0.58158,-0.64063,-0.61406,-0.58651,-0.64372,-0.64544,-0.70050,-0.68346,-0.75636,-0.75091,-0.73470,-0.75569,-0.74998,-0.70891,-0.68415,-0.65582,-0.62192,-0.60988,-0.56226,-0.54260,-0.47800,-0.43204,-0.40070,-0.35901,-0.30893,-0.31095,-0.24923,-0.28472,-0.27345,-0.27922,-0.25202,-0.23067,-0.12740,-0.11726,-0.14218,-0.07887,-0.07736,-0.12904,-0.10976,-0.13551,-0.13578,-0.20709,-0.25783,-0.29150,-0.28592,-0.35044,-0.35841,-0.37652,-0.42156,-0.43098,-0.48927,-0.51030,-0.55907,-0.56178,-0.54199,-0.56944,-0.60472,-0.59004,-0.59989,-0.58667,-0.60814,-0.57753,-0.53579,-0.55172,-0.55375,-0.59108,-0.58300,-0.62253,-0.60766,-0.61342,-0.57016,-0.53510,-0.48631,-0.45678,-0.41943,-0.37549,-0.33361,-0.29751,-0.31059,-0.30781,-0.36533,-0.43142,-0.46864,-0.45456,-0.43197,-0.40950,-0.34776,-0.31633,-0.22681,-0.25403,-0.31759,-0.33943,-0.37484,-0.46274,-0.51377,-0.56137,-0.60913,-0.64734,-0.65888,-0.69609,-0.72070,-0.72751,-0.75923,-0.75369,-0.77681,-0.76630,-0.76037,-0.76827,-0.79389,-0.77474,-0.84756
-0.34149,-0.31966,-0.38325,-0.37977,-0.32797,-0.35159,-0.38964,-0.33790,-0.29733,-0.35022,-0.33250,-0.40107,-0.44650,-0.48858,-0.52847,-0.57269,-0.59010,-0.61102,-0.62266,-0.63384,-0.60985,-0.60672,-0.58316,-0.60592,-0.62051,-0.59506,-0.59206,-0.62322,-0.61270,-0.58042,-0.59979,-0.62243,-0.59560,-0.56497,-0.59117,-0.58830,-0.63063,-0.61429,-0.60545,-0.60661,-0.63747,-0.66210,-0.66871,-0.65176,-0.66232,-0.64015,-0.64892,-0.62160,-0.59636,-0.55748,-0.53275,-0.48666,-0.44050,-0.37999,-0.32791,-0.28630,-0.31521,-0.34817,-0.28979,-0.24540,-0.29485,-0.29894,-0.25503,-0.28262,-0.34240,-0.31452,-0.30142,-0.33391,-0.36492,-0.39191,-0.43623,-0.47775,-0.46745,-0.48623,-0.45739,-0.49283,-0.47418,-0.49362,-0.51394,-0.44498,-0.40022,-0.43541,-0.37767,-0.29206,-0.35121,-0.37784,-0.29493,-0.22836,-0.28971,-0.27506,-0.15670,-0.08334,-0.02666,0.15442,0.31736,0.46961,0.32936,0.34041,0.19186,0.16470,0.03604,-0.05877,-0.12736,-0.11256,-0.01705,-0.02158,-0.14084,-0.25695,-0.32561,-0.39704,-0.44113,-0.47252,-0.50963,-0.54484,-0.55139,-0.48459,-0.49784,-0.55172,-0.53390,-0.48961,-0.53510,-0.53851,-0.59540,-0.58157,-0.66361,-0.64856,-0.62472,-0.65138,-0.63834,-0.59300,-0.56365,-0.54200,-0.50543,-0.49994,-0.44871,-0.43454,-0.37568,-0.33380,-0.31482,-0.27700,-0.24128,-0.24923,-0.19687,-0.24275,-0.23650,-0.25537,-0.23025,-0.20226,-0.09439,-0.07689,-0.09706,-0.03344,-0.02564,-0.07204,-0.05919,-0.07095,-0.07481,-0.14205,-0.17767,-0.21540,-0.22295,-0.29704,-0.31637,-0.34205,-0.38922,-0.40764,-0.45475,-0.46391,-0.50361,-0.51084,-0.48865,-0.51611,-0.54383,-0.52232,-0.52345,-0.50304,-0.51478,-0.47898,-0.44244,-0.45821,-0.47006,-0.50710,-0.51001,-0.55217,-0.54669,-0.55787,-0.52246,-0.49849,-0.45989,-0.42834,-0.40234,-0.36118,-0.32944,-0.29870,-0.30366,-0.29813,-0.34093,-0.40350,-0.42594,-0.40459,-0.37220,-0.33732,-0.26792,-0.22391,-0.12666,-0.13772,-0.18741,-0.20985,-0.25952,-0.34441,-0.38830,-0.43506,-0.48728,-0.52730,-0.53553,-0.57953,-0.60435,-0.62227,-0.65900,-0.66261,-0.69536,-0.69256,-0.69962,-0.70903,-0.72596,-0.71131,-0.78637
-0.18298,-0.16252,-0.21047,-0.20030,-0.15301,-0.17204,-0.19581,-0.14205,-0.10198,-0.14239,-0.11958,-0.18231,-0.22924,-0.27279,-0.31396,-0.36058,-0.37552,-0.40168,-0.41555,-0.42601,-0.39387,-0.38773,-0.36022,-0.38594,-0.40209,-0.37331,-0.36953,-0.40554,-0.39593,-0.35972,-0.38062,-0.40936,-0.38343,-0.35035,-0.37978,-0.38841,-0.43822,-0.42124,-0.40559,-0.41261,-0.43746,-0.45678,-0.46215,-0.43874,-0.45049,-0.42494,-0.44176,-0.41259,-0.37959,-0.33932,-0.30920,-0.26037,-0.21138,-0.15009,-0.10189,-0.05390,-0.07604,-0.10869,-0.04998,-0.00348,-0.05108,-0.05608,-0.01266,-0.04103,-0.10188,-0.07608,-0.06534,-0.10270,-0.13603,-0.15785,-0.20446,-0.24481,-0.23432,-0.25226,-0.21799,-0.25486,-0.23510,-0.26412,-0.29656,-0.23076,-0.17122,-0.20625,-0.15930,-0.06460,-0.11467,-0.14980,-0.07404,0.00043,-0.04892,-0.02719,0.09335,0.16457,0.21709,0.38270,0.52425,0.65335,0.53670,0.52310,0.38199,0.34283,0.25135,0.15618,0.07294,0.09342,0.19255,0.20863,0.09678,-0.01325,-0.08821,-0.16222,-0.21368,-0.24870,-0.28971,-0.32225,-0.33551,-0.26839,-0.26883,-0.32484,-0.30917,-0.25556,-0.30457,-0.31086,-0.37737,-0.37312,-0.46568,-0.46273,-0.43256,-0.44775,-0.43364,-0.37778,-0.34160,-0.31236,-0.27116,-0.26498,-0.20991,-0.19600,-0.13657,-0.09612,-0.08292,-0.04855,-0.02324,-0.03420,0.01065,-0.04217,-0.04119,-0.07061,-0.05256,-0.02257,0.07970,0.10743,0.09676,0.15367,0.16687,0.13089,0.13997,0.13525,0.13131,0.07206,0.04808,0.01024,-0.00567,-0.08536,-0.11406,-0.14606,-0.19463,-0.22069,-0.25849,-0.25804,-0.29281,-0.30435,-0.28007,-0.30926,-0.33286,-0.30602,-0.30303,-0.27856,-0.28884,-0.25045,-0.21255,-0.22677,-0.24308,-0.28173,-0.28958,-0.33517,-0.33525,-0.35046,-0.31767,-0.30216,-0.27101,-0.23733,-0.22155,-0.18267,-0.16481,-0.13759,-0.13265,-0.12518,-0.15320,-0.21184,-0.22118,-0.19446,-0.15643,-0.11122,-0.03739,0.01306,0.11038,0.10544,0.05886,0.03535,-0.01565,-0.10034,-0.14612,-0.19618,-0.25322,-0.29777,-0.30892,-0.35824,-0.38979,-0.40550,-0.44952,-0.45220,-0.49186,-0.49196,-0.50638,-0.52705,-0.55532,-0.56288,-0.64058
-0.13478,-0.11225,-0.17992,-0.17754,-0.12284,-0.14831,-0.19298,-0.14118,-0.09967,-0.16141,-0.14763,-0.22420,-0.27216,-0.31687,-0.36205,-0.41081,-0.43911,-0.46257,-0.47830,-0.49664,-0.47717,-0.48657,-0.46214,-0.48058,-0.50781,-0.49173,-0.48376,-0.51562,-0.52045,-0.49292,-0.50775,-0.53830,-0.52573,-0.50051,-0.52420,-0.54046,-0.57689,-0.56594,-0.55332,-0.55126,-0.56680,-0.57385,-0.57549,-0.54410,-0.53948,-0.50891,-0.50146,-0.46923,-0.44970,-0.40155,-0.38093,-0.32898,-0.28153,-0.21525,-0.15733,-0.12646,-0.16715,-0.20806,-0.14812,-0.11244,-0.17381,-0.17930,-0.15267,-0.18780,-0.24082,-0.22441,-0.22533,-0.26909,-0.30420,-0.31432,-0.35901,-0.38640,-0.38110,-0.39101,-0.35006,-0.37359,-0.33537,-0.33251,-0.33973,-0.26072,-0.22773,-0.26778,-0.19377,-0.11223,-0.18813,-0.20617,-0.11328,-0.05455,-0.13510,-0.14137,-0.03273,0.01985,0.07017,0.24997,0.37333,0.51268,0.36849,0.32788,0.17448,0.13164,0.05329,-0.04271,-0.13234,-0.11052,-0.00867,0.02327,-0.07882,-0.17588,-0.25705,-0.32354,-0.37735,-0.41071,-0.44786,-0.46667,-0.48457,-0.43100,-0.41351,-0.45289,-0.44715,-0.38574,-0.40450,-0.40466,-0.45736,-0.44956,-0.53203,-0.49396,-0.46540,-0.50419,-0.48351,-0.44115,-0.41372,-0.40954,-0.37457,-0.38187,-0.33357,-0.32935,-0.28665,-0.25453,-0.25449,-0.22493,-0.21059,-0.22526,-0.18803,-0.24154,-0.24357,-0.27326,-0.25673,-0.22756,-0.12838,-0.09290,-0.09943,-0.03145,-0.01941,-0.06281,-0.06095,-0.06198,-0.06125,-0.12107,-0.13583,-0.17584,-0.19930,-0.27774,-0.30905,-0.34143,-0.38613,-0.41124,-0.44090,-0.43518,-0.45992,-0.47277,-0.44960,-0.47410,-0.48830,-0.46146,-0.45174,-0.42552,-0.42307,-0.38288,-0.35680,-0.37165,-0.39578,-0.42720,-0.44287,-0.48308,-0.49082,-0.50763,-0.48482,-0.47825,-0.45534,-0.42553,-0.41342,-0.37841,-0.35761,-0.33723,-0.33295,-0.32441,-0.34817,-0.39967,-0.40332,-0.37769,-0.33984,-0.29108,-0.21926,-0.16166,-0.06349,-0.05029,-0.07456,-0.09648,-0.16298,-0.23460,-0.26186,-0.30097,-0.35301,-0.38885,-0.38912,-0.43545,-0.45370,-0.48531,-0.52146,-0.53986,-0.58014,-0.58907,-0.61429,-0.63227,-0.62481,-0.61568,-0.68364
-0.06308,-0.03921,-0.12751,-0.13385,-0.07281,-0.10459,-0.17121,-0.12320,-0.08204,-0.16585,-0.16345,-0.25261,-0.30020,-0.34535,-0.39423,-0.44612,-0.48739,-0.50604,-0.52382,-0.55066,-0.54793,-0.57558,-0.55413,-0.56569,-0.60676,-0.60455,-0.59087,-0.61869,-0.64123,-0.62422,-0.63164,-0.66452,-0.66794,-0.65246,-0.66976,-0.69657,-0.71811,-0.71340,-0.70387,-0.69467,-0.69460,-0.68719,-0.68380,-0.64369,-0.62080,-0.58310,-0.54743,-0.50917,-0.50504,-0.44957,-0.44073,-0.38664,-0.34137,-0.27108,-0.20286,-0.19277,-0.25440,-0.30346,-0.24367,-0.22096,-0.29842,-0.30398,-0.29734,-0.34140,-0.38367,-0.37921,-0.39404,-0.44440,-0.48064,-0.47658,-0.51803,-0.52882,-0.53106,-0.53186,-0.48495,-0.49345,-0.43536,-0.39568,-0.37265,-0.27886,-0.27648,-0.32096,-0.21575,-0.15331,-0.25689,-0.25310,-0.14179,-0.10508,-0.22177,-0.26396,-0.17923,-0.14290,-0.09350,0.10302,0.20131,0.34446,0.16521,0.08723,-0.07440,-0.12245,-0.16997,-0.26330,-0.35841,-0.33619,-0.23346,-0.18678,-0.27373,-0.35136,-0.43761,-0.49256,-0.54717,-0.57805,-0.60965,-0.61168,-0.63599,-0.60300,-0.56479,-0.58191,-0.59009,-0.51974,-0.50233,-0.49817,-0.53053,-0.51767,-0.58615,-0.51028,-0.48295,-0.54803,-0.51835,-0.49407,-0.47494,-0.50015,-0.47360,-0.49614,-0.45598,-0.46393,-0.44227,-0.42095,-0.43684,-0.41418,-0.41369,-0.43244,-0.40704,-0.45955,-0.46324,-0.49556,-0.47910,-0.44883,-0.35559,-0.31215,-0.32237,-0.25146,-0.23897,-0.28432,-0.28822,-0.27745,-0.27765,-0.33565,-0.33838,-0.37947,-0.41108,-0.48558,-0.51890,-0.55056,-0.59135,-0.61685,-0.63469,-0.62263,-0.63332,-0.64673,-0.62642,-0.64439,-0.64695,-0.62003,-0.60156,-0.57243,-0.55318,-0.51376,-0.50440,-0.51828,-0.55129,-0.57366,-0.59930,-0.63258,-0.64935,-0.66742,-0.65879,-0.66284,-0.65108,-0.62576,-0.62008,-0.59176,-0.57212,-0.55783,-0.55491,-0.54604,-0.56210,-0.60406,-0.59895,-0.57350,-0.53518,-0.48386,-0.41651,-0.35278,-0.25624,-0.22272,-0.21969,-0.23774,-0.32003,-0.37191,-0.37613,-0.40124,-0.44629,-0.47104,-0.45849,-0.50070,-0.50365,-0.55619,-0.58329,-0.61918,-0.66015,-0.67895,-0.71535,-0.72200,-0.66745,-0.63297,-0.68960
0.20718,0.23138,0.15273,0.14852,0.20750,0.17998,0.11771,0.16588,0.20770,0.12729,0.12861,0.03775,-0.01173,-0.05879,-0.11124,-0.16830,-0.21541,-0.23923,-0.26113,-0.29474,-0.29085,-0.32605,-0.30159,-0.31236,-0.36479,-0.36803,-0.34915,-0.38085,-0.41698,-0.40232,-0.40606,-0.44879,-0.46510,-0.45309,-0.46964,-0.51843,-0.54040,-0.53698,-0.51837,-0.51025,-0.49416,-0.47063,-0.46261,-0.40819,-0.37586,-0.32898,-0.28486,-0.23973,-0.23532,-0.17273,-0.16472,-0.10573,-0.05845,0.01536,0.08454,0.08870,0.02176,-0.03156,0.02815,0.04351,-0.04189,-0.04834,-0.05625,-0.10747,-0.14285,-0.15008,-0.17834,-0.23977,-0.28000,-0.25867,-0.30102,-0.29805,-0.30555,-0.29887,-0.24043,-0.23918,-0.16504,-0.11362,-0.08723,0.01288,0.01550,-0.03350,0.07789,0.13675,0.02736,0.03682,0.15011,0.17865,0.05579,-0.00206,0.07115,0.09151,0.13589,0.32175,0.37250,0.48380,0.31468,0.17573,0.01893,-0.05080,-0.02040,-0.11893,-0.23654,-0.20599,-0.09690,-0.01171,-0.07725,-0.13096,-0.22915,-0.27917,-0.34413,-0.37790,-0.41092,-0.39683,-0.43482,-0.41559,-0.34499,-0.34734,-0.36760,-0.27859,-0.24148,-0.23863,-0.26831,-0.26130,-0.33626,-0.25463,-0.22102,-0.28661,-0.25087,-0.22410,-0.20178,-0.23661,-0.21058,-0.24304,-0.20381,-0.22003,-0.21302,-0.20178,-0.23718,-0.22490,-0.24975,-0.27633,-0.27097,-0.33179,-0.34352,-0.39229,-0.38635,-0.34912,-0.26524,-0.20980,-0.20898,-0.14362,-0.12133,-0.15516,-0.16965,-0.13966,-0.14248,-0.18698,-0.16406,-0.20596,-0.25495,-0.33416,-0.38288,-0.42189,-0.46146,-0.49751,-0.49303,-0.46273,-0.45575,-0.47501,-0.45407,-0.46938,-0.45786,-0.42384,-0.39320,-0.35584,-0.32229,-0.27939,-0.28080,-0.29223,-0.33820,-0.35631,-0.39635,-0.42918,-0.46001,-0.48424,-0.48983,-0.51301,-0.52014,-0.49540,-0.50914,-0.49103,-0.49300,-0.48816,-0.47147,-0.45988,-0.45021,-0.47891,-0.44900,-0.41530,-0.36910,-0.30047,-0.23051,-0.15322,-0.05786,-0.00102,0.02682,0.00930,-0.08625,-0.12420,-0.11420,-0.13339,-0.17938,-0.20284,-0.18533,-0.23130,-0.23284,-0.29851,-0.32791,-0.37245,-0.42368,-0.45224,-0.50614,-0.51966,-0.44787,-0.42854,-0.48096
0.42034,0.44386,0.38189,0.37604,0.42547,0.40644,0.35319,0.39363,0.43198,0.36425,0.36239,0.27985,0.23444,0.19245,0.14303,0.09063,0.04197,0.01571,-0.00570,-0.04307,-0.04024,-0.07913,-0.05477,-0.06174,-0.11783,-0.12697,-0.10603,-0.13537,-0.18005,-0.16979,-0.16883,-0.21463,-0.24165,-0.23448,-0.24689,-0.31216,-0.33285,-0.32989,-0.30075,-0.29271,-0.26251,-0.22856,-0.21931,-0.15928,-0.12273,-0.07473,-0.02725,0.01809,0.02179,0.08389,0.08872,0.14501,0.18628,0.25554,0.31880,0.31591,0.25092,0.19795,0.24931,0.25691,0.17388,0.16579,0.14444,0.09493,0.07072,0.05287,0.01641,-0.04745,-0.08579,-0.05071,-0.08814,-0.07223,-0.08339,-0.06899,-0.00593,0.00188,0.08585,0.14461,0.17118,0.26621,0.26578,0.21219,0.31697,0.36915,0.26436,0.27837,0.38267,0.40306,0.28439,0.21960,0.27621,0.27551,0.30836,0.46485,0.47109,0.54447,0.40165,0.22567,0.09119,0.01056,0.10880,0.01822,-0.10861,-0.07989,0.02310,0.13171,0.08958,0.06374,-0.03243,-0.07155,-0.13626,-0.16993,-0.19845,-0.17060,-0.21295,-0.21113,-0.12210,-0.10589,-0.13701,-0.04509,0.00760,0.01172,-0.00552,0.01108,-0.07241,0.01152,0.05334,-0.01848,0.01367,0.03792,0.05833,0.01677,0.03835,-0.00130,0.03042,0.00719,-0.00040,-0.00079,-0.05022,-0.04885,-0.09411,-0.12404,-0.13650,-0.19923,-0.21284,-0.27436,-0.27774,-0.23441,-0.16634,-0.11087,-0.11672,-0.07251,-0.04471,-0.05252,-0.06836,-0.02021,-0.02564,-0.05319,-0.00934,-0.04639,-0.10480,-0.17978,-0.23715,-0.27741,-0.31043,-0.35012,-0.32472,-0.28105,-0.25796,-0.27984,-0.26072,-0.27204,-0.24887,-0.21339,-0.17658,-0.13890,-0.09722,-0.05672,-0.06682,-0.07359,-0.12488,-0.13565,-0.18337,-0.21119,-0.25084,-0.27745,-0.29552,-0.33307,-0.35758,-0.33660,-0.36582,-0.36006,-0.38229,-0.38748,-0.36194,-0.35144,-0.31871,-0.32978,-0.28233,-0.24498,-0.19827,-0.11872,-0.05497,0.02365,0.10717,0.17829,0.22625,0.21195,0.11473,0.09354,0.11699,0.10684,0.06611,0.04841,0.06978,0.02647,0.02864,-0.04007,-0.06748,-0.11440,-0.16902,-0.20112,-0.26392,-0.27761,-0.19377,-0.18201,-0.22420
0.46095,0.48362,0.41198,0.40138,0.45395,0.43101,0.36317,0.40061,0.43869,0.35653,0.34618,0.25652,0.21379,0.17452,0.12472,0.07482,0.01549,-0.00993,-0.03627,-0.07770,-0.08033,-0.12858,-0.10690,-0.10906,-0.17192,-0.19248,-0.16854,-0.19245,-0.24826,-0.24729,-0.23950,-0.28383,-0.32319,-0.32424,-0.32981,-0.39791,-0.40397,-0.40983,-0.38615,-0.36980,-0.33361,-0.28780,-0.27378,-0.21018,-0.16069,-0.11126,-0.04447,0.00135,-0.00722,0.05693,0.05161,0.10685,0.14331,0.21101,0.27732,0.25873,0.18135,0.12514,0.17373,0.16967,0.07953,0.07222,0.03591,-0.01756,-0.03201,-0.05913,-0.10423,-0.17011,-0.20675,-0.16197,-0.19300,-0.16457,-0.18039,-0.15897,-0.09477,-0.07127,0.02221,0.10553,0.15381,0.25692,0.23168,0.17809,0.29884,0.33090,0.21068,0.24052,0.35159,0.35126,0.21581,0.12866,0.16977,0.14982,0.17906,0.33556,0.31725,0.39015,0.23586,0.04224,-0.09337,-0.17495,-0.06384,-0.14983,-0.27320,-0.24254,-0.14536,-0.02625,-0.05334,-0.06016,-0.15529,-0.18333,-0.24720,-0.27694,-0.29850,-0.25825,-0.30391,-0.31515,-0.21379,-0.18279,-0.22123,-0.12455,-0.04898,-0.04108,-0.04739,-0.03389,-0.09802,0.00899,0.04327,-0.03671,0.00111,0.01019,0.02312,-0.03833,-0.02456,-0.07473,-0.05201,-0.08323,-0.10739,-0.11784,-0.17709,-0.18324,-0.23875,-0.26923,-0.29134,-0.35010,-0.36683,-0.42532,-0.42632,-0.38418,-0.31785,-0.26836,-0.26320,-0.21345,-0.18650,-0.20364,-0.23054,-0.17984,-0.18953,-0.20991,-0.15629,-0.19094,-0.25372,-0.32308,-0.37903,-0.41795,-0.44209,-0.47871,-0.44459,-0.39823,-0.36548,-0.38795,-0.37277,-0.37813,-0.34654,-0.31286,-0.27117,-0.23264,-0.18068,-0.14195,-0.16434,-0.17055,-0.22637,-0.22930,-0.28244,-0.30180,-0.34680,-0.37208,-0.39991,-0.44616,-0.47923,-0.46566,-0.49972,-0.49924,-0.51930,-0.53054,-0.50485,-0.48962,-0.45303,-0.45495,-0.40396,-0.37054,-0.32324,-0.24959,-0.19222,-0.11272,-0.03544,0.04901,0.11834,0.10596,0.00029,-0.00509,0.03493,0.03688,0.00442,-0.00309,0.02757,-0.00923,0.00316,-0.07706,-0.09430,-0.15235,-0.20316,-0.24312,-0.31332,-0.32412,-0.21932,-0.19730,-0.22554
0.60790,0.62304,0.58210,0.57733,0.61016,0.59502,0.55493,0.58220,0.60547,0.55148,0.54086,0.48286,0.45147,0.42269,0.38242,0.34653,0.29871,0.27452,0.23980,0.21571,0.22184,0.17817,0.19846,0.19685,0.14010,0.12165,0.14652,0.12590,0.07358,0.07322,0.08365,0.04289,0.00279,-0.00055,-0.00242,-0.07563,-0.08840,-0.09101,-0.06179,-0.05082,-0.00329,0.04180,0.05432,0.11236,0.15460,0.19620,0.24980,0.28791,0.28379,0.33451,0.32955,0.37284,0.39918,0.45078,0.49735,0.48062,0.42346,0.37866,0.41178,0.40671,0.33570,0.32692,0.28777,0.24546,0.23942,0.20908,0.16752,0.11058,0.08148,0.12929,0.10961,0.14160,0.12772,0.15143,0.21031,0.23775,0.31944,0.38926,0.42218,0.49724,0.48094,0.43788,0.52282,0.54806,0.45918,0.47714,0.55473,0.55403,0.45741,0.38762,0.40518,0.37994,0.39859,0.49874,0.43697,0.46629,0.36864,0.16950,0.07580,0.00001,0.15859,0.09752,-0.01990,0.00816,0.08255,0.20302,0.20099,0.21561,0.13667,0.11947,0.06330,0.03504,0.02050,0.06393,0.02000,-0.00269,0.09901,0.13564,0.09734,0.19048,0.26249,0.26965,0.26288,0.27088,0.21351,0.29236,0.31896,0.26088,0.29297,0.30362,0.31462,0.26429,0.27336,0.22660,0.24218,0.21028,0.18186,0.16361,0.10615,0.09166,0.02978,0.00416,-0.02750,-0.07576,-0.09364,-0.15643,-0.16059,-0.13445,-0.09527,-0.04287,-0.03340,-0.01512,0.01324,0.02722,-0.00212,0.05893,0.03873,0.03892,0.10234,0.07775,0.01816,-0.03608,-0.08824,-0.12926,-0.14466,-0.18246,-0.13820,-0.08983,-0.05122,-0.07445,-0.06334,-0.06559,-0.02922,0.00291,0.04334,0.07639,0.12290,0.15233,0.12821,0.12832,0.08013,0.08230,0.03154,0.01709,-0.02673,-0.04993,-0.08342,-0.13689,-0.17879,-0.16958,-0.21270,-0.21561,-0.24036,-0.26365,-0.23192,-0.21503,-0.16129,-0.15276,-0.09375,-0.06344,-0.01451,0.04443,0.08919,0.15685,0.21132,0.29105,0.36150,0.34982,0.26456,0.26987,0.30890,0.31581,0.29087,0.28688,0.31460,0.28486,0.29377,0.22822,0.21419,0.16535,0.11974,0.08355,0.01557,0.00002,0.08179,0.08917,0.06594
0.62091,0.63153,0.58872,0.57688,0.60430,0.58736,0.53848,0.55106,0.56592,0.50630,0.48366,0.43391,0.41574,0.39786,0.36658,0.34396,0.29213,0.27452,0.23879,0.21699,0.21136,0.16101,0.17226,0.17982,0.12335,0.09090,0.11626,0.10798,0.04786,0.03305,0.05286,0.02075,-0.03198,-0.04805,-0.03876,-0.10794,-0.09557,-0.11149,-0.09155,-0.07000,-0.01709,0.03930,0.05488,0.10869,0.16270,0.19835,0.26679,0.29740,0.27692,0.31840,0.29861,0.32950,0.34152,0.37769,0.41543,0.37457,0.31294,0.27271,0.29108,0.26709,0.20252,0.19508,0.13674,0.09970,0.11345,0.07105,0.02223,-0.02573,-0.04343,0.01413,0.01105,0.05995,0.04202,0.07493,0.12633,0.17652,0.25720,0.35257,0.40866,0.47478,0.42383,0.39190,0.47921,0.46623,0.37525,0.41147,0.47737,0.44270,0.34291,0.25492,0.23743,0.18857,0.19087,0.25954,0.15590,0.17133,0.09132,-0.10183,-0.16988,-0.23119,-0.07059,-0.10885,-0.20384,-0.17697,-0.13111,-0.01338,0.01480,0.06454,0.00535,0.01096,-0.03271,-0.04843,-0.04838,0.00872,-0.03405,-0.07252,0.03405,0.08771,0.04816,0.12838,0.22353,0.23891,0.25010,0.24527,0.23757,0.33291,0.33439,0.27912,0.31256,0.30025,0.29362,0.22205,0.21655,0.16097,0.15710,0.11616,0.06389,0.03070,-0.03306,-0.06057,-0.13039,-0.14746,-0.18910,-0.21889,-0.24084,-0.28353,-0.28549,-0.27724,-0.26593,-0.21722,-0.18188,-0.16804,-0.15037,-0.15061,-0.18877,-0.13964,-0.16356,-0.14553,-0.07606,-0.08741,-0.14099,-0.17059,-0.20763,-0.23937,-0.23540,-0.26166,-0.20975,-0.16626,-0.11851,-0.13899,-0.13672,-0.12929,-0.08443,-0.06135,-0.02130,0.00531,0.05939,0.07507,0.03417,0.03923,-0.00555,0.01173,-0.03802,-0.03427,-0.07980,-0.09793,-0.13925,-0.19773,-0.24631,-0.25174,-0.29703,-0.30780,-0.32405,-0.35705,-0.33044,-0.30739,-0.25213,-0.22833,-0.17211,-0.15722,-0.11622,-0.08183,-0.06026,-0.00619,0.02198,0.10686,0.19747,0.18977,0.11239,0.14910,0.20748,0.23371,0.22825,0.24286,0.28135,0.26832,0.29187,0.22423,0.22787,0.17270,0.14063,0.09931,0.03003,0.01628,0.11252,0.12491,0.13570
0.14505,0.15487,0.12892,0.11997,0.13872,0.12710,0.10133,0.11141,0.12403,0.09064,0.07908,0.05310,0.04289,0.03388,0.01726,0.01157,-0.01473,-0.03310,-0.05812,-0.05849,-0.04589,-0.05870,-0.04893,-0.04928,-0.06878,-0.07790,-0.06779,-0.07285,-0.09100,-0.09128,-0.08342,-0.09430,-0.11107,-0.11263,-0.10811,-0.12340,-0.12477,-0.13232,-0.11611,-0.09441,-0.09116,-0.08123,-0.08227,-0.06418,-0.04853,-0.03955,-0.02170,-0.01046,-0.01417,0.00076,-0.00657,0.00879,0.01476,0.03425,0.05010,0.03702,0.01365,-0.00602,0.00513,-0.00119,-0.02542,-0.03007,-0.04869,-0.05956,-0.06214,-0.07595,-0.08357,-0.10088,-0.10698,-0.09144,-0.09073,-0.07737,-0.07878,-0.06507,-0.03776,-0.01433,0.01577,0.04819,0.05889,0.09180,0.07207,0.05655,0.09051,0.09788,0.05227,0.05537,0.08693,0.08577,0.04551,0.02469,0.04826,0.02992,0.03425,0.08391,0.07230,0.12067,0.09017,0.04225,-0.00896,-0.02800,-0.01319,-0.05776,-0.10816,-0.09661,-0.07228,-0.03029,-0.04522,-0.03841,-0.06457,-0.07422,-0.09544,-0.10680,-0.10713,-0.09151,-0.10287,-0.09356,-0.06158,-0.05069,-0.05079,-0.01648,0.00527,0.02131,0.00987,0.00807,0.00744,0.03510,0.01308,-0.00164,0.00749,0.00827,0.00225,-0.01994,-0.01972,-0.04344,-0.04235,-0.05809,-0.06891,-0.07846,-0.09320,-0.10159,-0.11777,-0.11406,-0.11471,-0.12207,-0.12945,-0.13348,-0.11706,-0.13587,-0.12415,-0.09374,-0.06451,-0.05838,-0.05448,-0.07203,-0.07940,-0.08073,-0.11010,-0.10572,-0.08849,-0.09166,-0.10335,-0.11669,-0.12120,-0.13776,-0.13616,-0.14091,-0.13762,-0.13401,-0.12913,-0.13954,-0.13804,-0.14134,-0.12926,-0.11976,-0.10963,-0.09824,-0.08472,-0.08254,-0.09299,-0.08971,-0.10240,-0.09795,-0.11346,-0.11206,-0.12414,-0.12839,-0.13015,-0.14776,-0.15316,-0.15596,-0.16351,-0.15122,-0.12917,-0.14339,-0.13621,-0.11341,-0.11332,-0.11890,-0.11310,-0.11531,-0.09090,-0.09649,-0.08367,-0.06269,-0.04490,-0.02405,-0.00056,-0.01450,-0.04374,-0.03923,-0.02601,-0.01997,-0.02675,-0.02204,-0.00352,-0.00868,-0.00444,-0.02769,-0.02608,-0.03848,-0.05039,-0.06127,-0.09016,-0.11567,-0.09962,-0.10273,-0.10121
0.08424,0.09405,0.03537,0.01509,0.04334,0.02110,-0.03893,-0.03525,-0.02411,-0.09043,-0.11376,-0.15812,-0.16571,-0.17399,-0.19198,-0.20174,-0.24204,-0.24824,-0.27393,-0.28261,-0.29541,-0.33213,-0.33228,-0.32039,-0.35232,-0.38234,-0.36833,-0.36412,-0.40046,-0.41617,-0.40282,-0.41152,-0.44596,-0.46225,-0.45016,-0.46738,-0.44341,-0.46876,-0.47031,-0.44314,-0.42490,-0.39487,-0.38592,-0.36057,-0.31739,-0.30214,-0.24038,-0.23037,-0.25640,-0.23204,-0.25408,-0.23879,-0.23675,-0.21545,-0.18412,-0.22167,-0.27642,-0.30390,-0.29175,-0.31532,-0.35890,-0.36316,-0.40332,-0.42382,-0.41226,-0.43690,-0.46135,-0.48154,-0.48778,-0.46099,-0.45688,-0.42766,-0.43897,-0.41823,-0.39467,-0.36075,-0.31502,-0.23424,-0.17069,-0.12174,-0.19155,-0.20631,-0.12897,-0.15054,-0.22927,-0.19009,-0.13361,-0.16576,-0.25529,-0.32409,-0.33339,-0.37630,-0.37314,-0.30237,-0.33283,-0.26943,-0.35412,-0.41539,-0.47364,-0.48991,-0.49190,-0.50934,-0.54837,-0.53642,-0.51692,-0.47259,-0.46713,-0.44543,-0.47133,-0.46351,-0.47920,-0.48145,-0.47387,-0.44172,-0.45355,-0.46441,-0.42523,-0.40173,-0.42267,-0.38902,-0.32234,-0.30253,-0.28492,-0.28636,-0.25676,-0.17008,-0.18313,-0.23718,-0.21091,-0.23760,-0.25822,-0.32025,-0.32930,-0.36619,-0.37660,-0.40221,-0.43858,-0.45684,-0.48622,-0.49812,-0.52150,-0.52385,-0.53502,-0.53912,-0.55043,-0.54519,-0.52717,-0.53562,-0.53268,-0.50002,-0.47454,-0.45091,-0.45894,-0.49295,-0.50275,-0.50707,-0.51455,-0.51884,-0.49878,-0.50629,-0.52510,-0.53042,-0.53156,-0.54073,-0.53129,-0.53128,-0.52162,-0.51499,-0.49794,-0.50395,-0.50355,-0.49630,-0.47610,-0.47149,-0.45435,-0.44358,-0.41180,-0.41163,-0.44087,-0.43794,-0.45908,-0.44360,-0.46640,-0.45463,-0.47502,-0.47988,-0.49714,-0.51853,-0.53100,-0.53982,-0.54619,-0.54378,-0.51466,-0.53238,-0.53588,-0.51862,-0.51836,-0.51398,-0.50764,-0.51338,-0.49931,-0.50380,-0.50003,-0.47641,-0.46281,-0.42008,-0.36876,-0.36983,-0.41716,-0.39139,-0.35071,-0.32756,-0.32186,-0.30267,-0.27181,-0.26995,-0.24426,-0.28708,-0.27296,-0.31572,-0.32177,-0.34716,-0.38518,-0.39271,-0.32950,-0.29042,-0.26329
-0.41635,-0.40422,-0.47636,-0.49401,-0.45693,-0.48286,-0.54464,-0.52792,-0.50842,-0.57531,-0.58768,-0.63841,-0.65394,-0.66713,-0.68564,-0.69634,-0.72268,-0.72542,-0.74002,-0.74379,-0.74809,-0.76227,-0.76125,-0.76108,-0.77191,-0.78020,-0.77686,-0.77634,-0.78162,-0.78286,-0.78181,-0.78045,-0.78135,-0.77948,-0.77825,-0.75891,-0.75577,-0.76054,-0.76871,-0.74884,-0.76679,-0.77441,-0.77647,-0.77418,-0.75924,-0.75554,-0.72345,-0.71823,-0.73239,-0.71496,-0.72368,-0.70818,-0.69861,-0.67179,-0.63599,-0.64519,-0.68766,-0.70921,-0.68582,-0.68137,-0.71622,-0.71910,-0.71536,-0.72867,-0.74583,-0.73991,-0.73752,-0.74601,-0.75357,-0.76479,-0.77142,-0.77922,-0.77695,-0.77748,-0.76937,-0.76000,-0.74294,-0.70419,-0.66745,-0.61836,-0.65841,-0.67631,-0.61023,-0.60463,-0.67252,-0.65674,-0.59591,-0.59692,-0.67043,-0.69616,-0.65110,-0.64041,-0.60928,-0.49537,-0.40811,-0.27791,-0.39520,-0.35190,-0.44256,-0.42822,-0.56021,-0.60705,-0.62192,-0.62401,-0.59288,-0.61343,-0.67067,-0.71894,-0.74012,-0.75929,-0.76725,-0.77326,-0.77424,-0.78128,-0.77283,-0.75274,-0.77024,-0.78168,-0.77660,-0.76380,-0.75412,-0.74379,-0.74280,-0.72751,-0.71564,-0.65266,-0.66620,-0.71605,-0.70034,-0.71973,-0.73101,-0.75911,-0.75776,-0.76980,-0.76351,-0.76704,-0.75854,-0.74757,-0.73762,-0.72223,-0.69535,-0.69076,-0.65957,-0.66076,-0.65189,-0.63423,-0.60206,-0.60346,-0.55464,-0.54927,-0.56275,-0.52492,-0.54050,-0.58747,-0.57136,-0.59558,-0.60579,-0.64740,-0.67794,-0.69266,-0.68386,-0.69904,-0.68439,-0.68693,-0.69435,-0.68441,-0.71922,-0.74148,-0.76258,-0.76001,-0.75571,-0.76029,-0.77255,-0.77472,-0.77942,-0.78113,-0.78128,-0.77351,-0.77160,-0.77730,-0.77715,-0.78045,-0.77716,-0.77929,-0.77223,-0.76857,-0.75434,-0.73683,-0.70988,-0.70832,-0.67865,-0.65518,-0.60082,-0.59107,-0.61290,-0.60293,-0.65155,-0.68127,-0.71623,-0.72445,-0.71666,-0.73456,-0.71713,-0.70765,-0.66928,-0.67297,-0.68105,-0.68850,-0.72026,-0.74079,-0.74200,-0.74430,-0.75183,-0.74931,-0.73538,-0.74014,-0.72668,-0.74599,-0.73862,-0.75777,-0.75565,-0.75938,-0.76464,-0.75925,-0.73446,-0.68273,-0.68857
-0.67921,-0.67185,-0.70171,-0.70856,-0.69146,-0.70314,-0.71944,-0.70382,-0.69184,-0.71121,-0.70550,-0.71818,-0.72588,-0.72859,-0.72998,-0.72188,-0.71658,-0.71883,-0.71624,-0.70331,-0.68819,-0.66575,-0.66591,-0.67246,-0.64903,-0.62878,-0.64008,-0.63892,-0.60391,-0.58921,-0.59940,-0.58125,-0.54605,-0.52728,-0.53301,-0.47580,-0.49208,-0.47226,-0.48379,-0.47058,-0.52814,-0.57674,-0.59390,-0.62567,-0.65530,-0.67620,-0.70568,-0.71749,-0.70864,-0.71913,-0.71084,-0.71140,-0.70689,-0.70058,-0.69556,-0.66952,-0.66012,-0.65731,-0.64305,-0.61463,-0.60479,-0.60355,-0.55616,-0.54482,-0.57755,-0.54400,-0.50791,-0.49099,-0.48871,-0.53572,-0.54126,-0.58332,-0.56540,-0.58554,-0.60042,-0.62074,-0.65381,-0.68811,-0.71243,-0.71203,-0.69695,-0.69985,-0.70513,-0.67615,-0.67695,-0.70339,-0.69380,-0.66242,-0.65383,-0.60237,-0.52986,-0.47632,-0.44641,-0.38583,-0.24108,-0.12727,-0.16864,-0.02047,-0.07069,-0.02503,-0.22172,-0.26651,-0.23382,-0.25301,-0.24505,-0.32163,-0.40740,-0.49073,-0.48171,-0.51358,-0.50407,-0.50813,-0.51217,-0.55939,-0.52763,-0.48167,-0.55129,-0.59003,-0.54994,-0.57984,-0.64194,-0.63560,-0.66266,-0.64930,-0.65009,-0.66766,-0.69500,-0.68711,-0.70172,-0.69841,-0.69996,-0.66995,-0.66239,-0.64186,-0.62754,-0.60369,-0.55318,-0.52121,-0.46968,-0.43967,-0.37302,-0.35690,-0.29964,-0.28883,-0.26601,-0.23359,-0.19734,-0.20527,-0.14909,-0.18017,-0.19366,-0.16464,-0.17648,-0.22136,-0.20134,-0.24752,-0.26377,-0.30865,-0.37651,-0.38239,-0.34287,-0.35189,-0.32202,-0.31605,-0.32666,-0.30726,-0.37039,-0.41572,-0.46786,-0.45840,-0.45471,-0.46898,-0.50831,-0.51855,-0.54731,-0.56205,-0.60149,-0.60025,-0.56654,-0.57314,-0.54414,-0.56390,-0.53132,-0.54241,-0.50729,-0.49403,-0.44995,-0.40359,-0.34817,-0.34206,-0.29211,-0.25842,-0.19673,-0.17105,-0.19977,-0.19538,-0.26872,-0.31527,-0.37723,-0.39175,-0.39848,-0.43344,-0.42016,-0.43843,-0.41090,-0.47022,-0.53903,-0.55288,-0.53597,-0.58994,-0.63791,-0.66315,-0.67489,-0.68827,-0.69930,-0.69786,-0.70948,-0.68014,-0.67952,-0.65045,-0.63400,-0.60676,-0.57081,-0.57112,-0.62460,-0.60224,-0.63440
-0.74185,-0.73146,-0.76491,-0.76316,-0.73730,-0.75078,-0.76244,-0.73325,-0.71295,-0.73167,-0.71557,-0.73750,-0.75600,-0.77038,-0.77999,-0.78413,-0.77489,-0.78376,-0.78557,-0.77149,-0.74229,-0.71127,-0.70216,-0.72096,-0.69662,-0.66367,-0.67567,-0.68618,-0.64267,-0.61505,-0.63412,-0.62347,-0.57525,-0.54573,-0.56214,-0.50608,-0.54046,-0.51826,-0.52497,-0.52253,-0.58695,-0.64339,-0.66070,-0.68924,-0.72807,-0.74287,-0.78465,-0.78984,-0.76675,-0.76944,-0.74875,-0.73859,-0.72079,-0.70203,-0.68873,-0.64408,-0.63191,-0.63256,-0.60475,-0.56093,-0.55664,-0.55614,-0.49182,-0.48452,-0.53449,-0.49004,-0.44642,-0.43581,-0.44177,-0.49946,-0.51795,-0.57475,-0.55360,-0.58295,-0.59380,-0.63019,-0.66715,-0.72437,-0.76631,-0.75391,-0.71092,-0.71836,-0.72518,-0.66981,-0.66964,-0.70980,-0.68982,-0.63326,-0.62086,-0.55556,-0.45215,-0.37473,-0.33078,-0.23328,-0.04777,0.08781,0.02952,0.18106,0.10473,0.14079,-0.08393,-0.14327,-0.13029,-0.14246,-0.11053,-0.19367,-0.30794,-0.42195,-0.42785,-0.48047,-0.48197,-0.49487,-0.51192,-0.57206,-0.54336,-0.47272,-0.55252,-0.61544,-0.56962,-0.58709,-0.67583,-0.67846,-0.72623,-0.71459,-0.74475,-0.78032,-0.79340,-0.77810,-0.78922,-0.76456,-0.75085,-0.70147,-0.67965,-0.64980,-0.61825,-0.58703,-0.51541,-0.47011,-0.41037,-0.36941,-0.29263,-0.27712,-0.20708,-0.20974,-0.18636,-0.16241,-0.12304,-0.12421,-0.04625,-0.07298,-0.09929,-0.06654,-0.07288,-0.11681,-0.08571,-0.13230,-0.14833,-0.20616,-0.28211,-0.29684,-0.25871,-0.28713,-0.26299,-0.26389,-0.29056,-0.27784,-0.35271,-0.39885,-0.46266,-0.45486,-0.44462,-0.46758,-0.51694,-0.52032,-0.55016,-0.55730,-0.60344,-0.59248,-0.54420,-0.55650,-0.52970,-0.56261,-0.53033,-0.55503,-0.51719,-0.50733,-0.45228,-0.39681,-0.33202,-0.31547,-0.26057,-0.21675,-0.15695,-0.11820,-0.14593,-0.14407,-0.22379,-0.28622,-0.35195,-0.35862,-0.35326,-0.37923,-0.34828,-0.35739,-0.30734,-0.37443,-0.46472,-0.48282,-0.47053,-0.55074,-0.61668,-0.65895,-0.68613,-0.71520,-0.73547,-0.74882,-0.77484,-0.74559,-0.76038,-0.72726,-0.72139,-0.69198,-0.65507,-0.65919,-0.73649,-0.72360,-0.77559
-0.64509,-0.63516,-0.65333,-0.64140,-0.61753,-0.62696,-0.62247,-0.58604,-0.56232,-0.56619,-0.53839,-0.55726,-0.58211,-0.60126,-0.61409,-0.62526,-0.60999,-0.62523,-0.62971,-0.61279,-0.57010,-0.53225,-0.51743,-0.54144,-0.51556,-0.47389,-0.48622,-0.50377,-0.45550,-0.41843,-0.44292,-0.43866,-0.38445,-0.34779,-0.37044,-0.31984,-0.36758,-0.34556,-0.34876,-0.35318,-0.41835,-0.47610,-0.49365,-0.51697,-0.56379,-0.57588,-0.63208,-0.63616,-0.59927,-0.59800,-0.56631,-0.55022,-0.52447,-0.50080,-0.48984,-0.42899,-0.40625,-0.40759,-0.37390,-0.31947,-0.31286,-0.31414,-0.24154,-0.23389,-0.29312,-0.24503,-0.19830,-0.19357,-0.20422,-0.26265,-0.28909,-0.35358,-0.32947,-0.36240,-0.36853,-0.41862,-0.45861,-0.53785,-0.59988,-0.59007,-0.52094,-0.52823,-0.54986,-0.47105,-0.45697,-0.51358,-0.49867,-0.42034,-0.39039,-0.30688,-0.18703,-0.10109,-0.05960,0.03212,0.21813,0.34203,0.30532,0.44447,0.36661,0.38697,0.16985,0.11472,0.11287,0.10926,0.15304,0.08178,-0.03800,-0.16281,-0.17916,-0.24340,-0.25498,-0.27520,-0.30085,-0.36698,-0.34209,-0.25601,-0.33346,-0.41245,-0.36411,-0.37424,-0.48049,-0.48555,-0.55433,-0.54656,-0.60506,-0.66306,-0.66327,-0.63248,-0.64603,-0.59713,-0.57395,-0.50576,-0.47343,-0.43696,-0.39440,-0.35830,-0.27526,-0.22406,-0.16408,-0.12057,-0.04704,-0.03334,0.03846,0.02251,0.03915,0.05371,0.08618,0.09204,0.17862,0.15933,0.14231,0.18117,0.17511,0.13297,0.15912,0.11053,0.10397,0.04734,-0.02313,-0.04111,-0.01050,-0.05340,-0.04036,-0.04971,-0.08245,-0.07778,-0.15042,-0.19006,-0.25664,-0.25264,-0.23696,-0.26612,-0.31763,-0.31412,-0.34273,-0.34481,-0.39574,-0.37902,-0.32016,-0.33331,-0.30936,-0.34994,-0.31898,-0.35401,-0.31871,-0.31385,-0.25387,-0.20108,-0.13785,-0.11465,-0.06583,-0.01946,0.02992,0.06992,0.05063,0.05218,-0.01613,-0.08219,-0.13959,-0.13932,-0.12646,-0.13847,-0.09561,-0.09604,-0.03620,-0.10408,-0.20376,-0.22532,-0.21354,-0.30938,-0.38670,-0.44039,-0.47925,-0.52041,-0.54900,-0.57189,-0.61165,-0.57649,-0.60386,-0.56548,-0.56910,-0.53947,-0.50601,-0.52394,-0.63209,-0.64837,-0.70963
-0.64680,-0.64576,-0.62040,-0.59936,-0.60097,-0.59673,-0.55115,-0.52611,-0.51744,-0.47691,-0.43858,-0.41788,-0.42975,-0.43693,-0.43366,-0.43060,-0.38885,-0.39836,-0.39428,-0.35965,-0.30956,-0.25214,-0.24071,-0.26720,-0.22082,-0.16688,-0.18581,-0.20093,-0.13296,-0.09073,-0.11987,-0.10634,-0.03731,0.00355,-0.02110,0.04227,-0.01152,0.01425,0.01008,-0.00475,-0.07819,-0.15044,-0.17286,-0.21357,-0.28333,-0.30963,-0.40100,-0.41724,-0.36723,-0.38774,-0.34710,-0.34761,-0.33067,-0.32921,-0.34694,-0.26960,-0.21053,-0.19148,-0.17378,-0.11328,-0.07179,-0.07158,0.01616,0.04239,-0.01464,0.04236,0.10473,0.12773,0.12739,0.05660,0.03651,-0.03933,-0.00844,-0.04910,-0.07165,-0.13631,-0.20805,-0.33087,-0.42661,-0.45936,-0.36074,-0.35050,-0.42783,-0.34486,-0.27678,-0.35579,-0.38696,-0.29528,-0.20430,-0.07927,0.02662,0.12429,0.15179,0.17455,0.35111,0.42546,0.46797,0.64866,0.62605,0.66073,0.44459,0.42036,0.44945,0.43813,0.45316,0.35665,0.25089,0.13086,0.14144,0.08278,0.08701,0.07184,0.04890,-0.03045,0.00446,0.09582,-0.00703,-0.09912,-0.03827,-0.07437,-0.21240,-0.22201,-0.29858,-0.29690,-0.35315,-0.46797,-0.47379,-0.40301,-0.43215,-0.37192,-0.34567,-0.24445,-0.21159,-0.15480,-0.11472,-0.06670,0.02850,0.08401,0.16109,0.20476,0.28946,0.31000,0.38370,0.38174,0.39960,0.42178,0.44706,0.43927,0.49956,0.47184,0.45700,0.46823,0.46402,0.44197,0.47185,0.41618,0.41576,0.37141,0.29220,0.28574,0.33096,0.30596,0.32712,0.32480,0.29679,0.30515,0.22868,0.18182,0.10783,0.11540,0.12790,0.09716,0.03844,0.03628,-0.00321,-0.01440,-0.08364,-0.07803,-0.00808,-0.01722,0.02302,-0.01989,0.02525,-0.00878,0.03786,0.04709,0.11546,0.17688,0.24508,0.26731,0.31840,0.36259,0.40369,0.44640,0.42824,0.42516,0.36020,0.29682,0.23392,0.22950,0.23014,0.20541,0.23414,0.21195,0.24680,0.15224,0.02879,0.00968,0.05908,-0.03854,-0.13411,-0.19379,-0.22772,-0.27245,-0.31708,-0.33275,-0.38545,-0.32009,-0.35019,-0.28629,-0.28012,-0.23686,-0.18303,-0.20515,-0.36097,-0.40428,-0.46654
-0.67727,-0.67455,-0.65360,-0.63193,-0.62998,-0.62708,-0.58416,-0.55545,-0.54336,-0.50625,-0.46683,-0.45184,-0.46707,-0.47790,-0.47764,-0.47892,-0.43806,-0.45059,-0.44738,-0.41463,-0.36127,-0.30216,-0.28833,-0.31803,-0.27231,-0.21595,-0.23471,-0.25304,-0.18374,-0.13879,-0.17010,-0.15903,-0.08742,-0.04438,-0.07230,-0.00985,-0.06723,-0.03988,-0.04178,-0.05904,-0.13366,-0.20790,-0.23073,-0.27025,-0.34132,-0.36464,-0.45697,-0.46968,-0.41688,-0.43420,-0.39172,-0.38903,-0.36830,-0.36214,-0.37532,-0.29474,-0.23862,-0.22133,-0.19964,-0.13622,-0.09880,-0.09839,-0.00648,0.01663,-0.04490,0.01363,0.07675,0.09826,0.09605,0.02321,-0.00063,-0.08018,-0.04894,-0.09162,-0.11264,-0.18060,-0.25173,-0.37709,-0.47393,-0.49926,-0.39626,-0.38951,-0.46212,-0.37451,-0.31048,-0.38944,-0.41364,-0.31897,-0.23242,-0.10752,0.00758,0.11216,0.14683,0.18756,0.37873,0.46406,0.49093,0.67093,0.63614,0.66769,0.44660,0.41197,0.43485,0.42547,0.44928,0.34976,0.23494,0.10674,0.11168,0.04709,0.04788,0.03126,0.00522,-0.07634,-0.04251,0.05521,-0.05118,-0.14884,-0.08717,-0.11790,-0.26137,-0.27318,-0.35310,-0.34919,-0.41042,-0.52462,-0.52827,-0.46020,-0.48860,-0.42515,-0.39475,-0.29141,-0.25517,-0.19726,-0.15370,-0.10476,-0.00486,0.05412,0.13247,0.17909,0.26605,0.28584,0.36334,0.35803,0.37701,0.39735,0.42503,0.42000,0.49071,0.45927,0.43881,0.45227,0.44939,0.42505,0.45871,0.40468,0.40161,0.35325,0.27207,0.26309,0.30809,0.27721,0.29716,0.29449,0.26325,0.26998,0.18997,0.14224,0.06636,0.07341,0.08669,0.05430,-0.00625,-0.00712,-0.04668,-0.05557,-0.12447,-0.11638,-0.04411,-0.05499,-0.01650,-0.06226,-0.01732,-0.05374,-0.00650,0.00212,0.07294,0.13615,0.20684,0.23231,0.28514,0.33152,0.37351,0.41876,0.39988,0.39652,0.32799,0.26054,0.19586,0.19341,0.19689,0.17482,0.20861,0.18926,0.23162,0.13593,0.00859,-0.01122,0.03412,-0.06978,-0.16844,-0.23172,-0.26921,-0.31659,-0.36223,-0.38261,-0.43735,-0.37491,-0.40781,-0.34397,-0.34043,-0.29637,-0.24258,-0.25987,-0.41660,-0.45547,-0.52403
-0.54877,-0.54687,-0.51276,-0.48547,-0.48776,-0.48052,-0.42650,-0.39643,-0.38457,-0.33641,-0.29285,-0.27313,-0.28927,-0.30124,-0.30127,-0.30527,-0.26230,-0.27824,-0.27664,-0.24399,-0.18506,-0.12384,-0.10749,-0.13949,-0.09533,-0.03701,-0.05485,-0.07706,-0.00916,0.03805,0.00519,0.01117,0.08148,0.12585,0.09528,0.14724,0.08356,0.11186,0.11619,0.09369,0.02427,-0.04486,-0.06602,-0.10011,-0.17141,-0.19122,-0.28829,-0.29892,-0.24043,-0.25624,-0.20965,-0.20512,-0.18194,-0.17539,-0.19064,-0.10600,-0.04588,-0.02811,-0.00694,0.05780,0.09605,0.09597,0.18718,0.20917,0.14764,0.20404,0.26338,0.28132,0.27745,0.20961,0.18369,0.10599,0.13620,0.09396,0.07638,0.00690,-0.06363,-0.19554,-0.30032,-0.32727,-0.21324,-0.20686,-0.28709,-0.19504,-0.12322,-0.20597,-0.23555,-0.13691,-0.04139,0.08616,0.20031,0.30338,0.33500,0.36272,0.53486,0.59999,0.64304,0.80260,0.77488,0.79638,0.60841,0.57525,0.58660,0.58268,0.60924,0.52475,0.41812,0.29643,0.29684,0.23167,0.22732,0.20864,0.17938,0.10092,0.12917,0.22548,0.12925,0.03003,0.08852,0.06429,-0.08104,-0.09674,-0.18207,-0.18685,-0.25516,-0.37691,-0.37200,-0.29669,-0.32308,-0.25202,-0.21600,-0.10758,-0.06779,-0.00901,0.03754,0.08571,0.18479,0.24265,0.31503,0.35857,0.43623,0.45278,0.52303,0.51142,0.52642,0.53751,0.55932,0.55929,0.62556,0.60009,0.58330,0.59086,0.59175,0.57802,0.60917,0.56278,0.55962,0.51859,0.44731,0.43786,0.47534,0.44059,0.45269,0.44604,0.41348,0.41357,0.34250,0.30351,0.23302,0.23707,0.25204,0.21888,0.16208,0.16542,0.12964,0.12423,0.05778,0.06824,0.14143,0.13098,0.16514,0.11840,0.15878,0.11961,0.16157,0.16686,0.23401,0.29031,0.35400,0.38138,0.42489,0.46752,0.49561,0.53861,0.52800,0.52544,0.46961,0.40643,0.35337,0.35627,0.36378,0.35123,0.38756,0.37302,0.41510,0.32587,0.20201,0.18326,0.22686,0.12437,0.02522,-0.04000,-0.08052,-0.13129,-0.17908,-0.20374,-0.26340,-0.20058,-0.23938,-0.17597,-0.17819,-0.13701,-0.08866,-0.11089,-0.27626,-0.33053,-0.40032
-0.62093,-0.62218,-0.57973,-0.55288,-0.56253,-0.55212,-0.49071,-0.46776,-0.46191,-0.40346,-0.35995,-0.32755,-0.33664,-0.34171,-0.33440,-0.33020,-0.27971,-0.29144,-0.28671,-0.24774,-0.18977,-0.12311,-0.11061,-0.14134,-0.08877,-0.02939,-0.04999,-0.06738,0.00708,0.05258,0.02023,0.03329,0.10778,0.15063,0.12222,0.18369,0.12396,0.15113,0.15179,0.12939,0.05595,-0.01943,-0.04278,-0.08670,-0.16423,-0.19162,-0.29459,-0.31222,-0.25478,-0.27990,-0.23464,-0.23917,-0.22267,-0.22642,-0.25107,-0.16664,-0.09685,-0.07125,-0.05850,0.00499,0.05598,0.05686,0.15105,0.18070,0.12326,0.18296,0.24785,0.27597,0.27830,0.20462,0.18479,0.10500,0.13691,0.09261,0.06545,-0.00588,-0.08828,-0.22893,-0.33721,-0.37859,-0.26542,-0.25196,-0.34758,-0.26276,-0.17621,-0.26055,-0.30515,-0.20921,-0.09765,0.03926,0.14451,0.24637,0.27366,0.27920,0.45158,0.50617,0.56977,0.75720,0.75022,0.78362,0.58036,0.56193,0.59257,0.58295,0.59381,0.49180,0.39051,0.27244,0.28863,0.22954,0.23614,0.22277,0.19832,0.11573,0.15098,0.24685,0.13620,0.03530,0.09833,0.05911,-0.09407,-0.10994,-0.18976,-0.19257,-0.24982,-0.38441,-0.38542,-0.30229,-0.33464,-0.26836,-0.23588,-0.12149,-0.08544,-0.02096,0.02052,0.07191,0.17198,0.22965,0.31006,0.35364,0.43847,0.45966,0.53224,0.53082,0.54848,0.56922,0.59158,0.58313,0.63786,0.60342,0.58337,0.58074,0.57894,0.56960,0.60606,0.55302,0.55120,0.51389,0.43573,0.43185,0.47893,0.45626,0.47768,0.47772,0.45036,0.45698,0.38186,0.33561,0.26144,0.26923,0.28121,0.25002,0.18948,0.18694,0.14552,0.13416,0.06110,0.06474,0.13934,0.12988,0.17201,0.12744,0.17535,0.14067,0.18912,0.19891,0.26879,0.33127,0.39872,0.42281,0.47149,0.51331,0.54542,0.58912,0.57369,0.56859,0.50793,0.44652,0.38502,0.38184,0.38180,0.35667,0.38280,0.35554,0.38413,0.28389,0.15293,0.13643,0.19522,0.09650,-0.00547,-0.06876,-0.10256,-0.15040,-0.20117,-0.21887,-0.27811,-0.20571,-0.23981,-0.16850,-0.16223,-0.11556,-0.05749,-0.07690,-0.25381,-0.30699,-0.36975
-0.48757,-0.49264,-0.43150,-0.40113,-0.42173,-0.40463,-0.32937,-0.31212,-0.31230,-0.23825,-0.19454,-0.14861,-0.15243,-0.15236,-0.14027,-0.13106,-0.07620,-0.08802,-0.08293,-0.04093,0.01867,0.08783,0.09935,0.06911,0.12419,0.18328,0.16215,0.14581,0.21990,0.26382,0.23276,0.24587,0.31762,0.35833,0.33209,0.38668,0.32862,0.35355,0.35704,0.33233,0.26487,0.19433,0.17259,0.12969,0.05079,0.02126,-0.08729,-0.10768,-0.04835,-0.07834,-0.03343,-0.04265,-0.03105,-0.04318,-0.07800,0.00517,0.08436,0.11577,0.12032,0.17973,0.23985,0.24127,0.32955,0.36293,0.31336,0.36825,0.43066,0.46108,0.46634,0.39907,0.38397,0.30932,0.34044,0.29919,0.27159,0.20339,0.11878,-0.02631,-0.14140,-0.19500,-0.07799,-0.05961,-0.17132,-0.09119,0.01007,-0.07787,-0.13869,-0.04563,0.08300,0.22432,0.31503,0.40870,0.42655,0.39642,0.53666,0.55689,0.65413,0.82749,0.84750,0.87886,0.71500,0.70611,0.73825,0.73033,0.72939,0.63644,0.55490,0.45581,0.47834,0.42741,0.43609,0.42358,0.40244,0.32512,0.35809,0.44560,0.34247,0.24691,0.30869,0.26781,0.11718,0.10081,0.02266,0.01468,-0.03837,-0.18470,-0.18679,-0.09291,-0.12798,-0.06127,-0.02902,0.08860,0.12180,0.18648,0.22350,0.27331,0.36707,0.41818,0.49335,0.53004,0.60428,0.62620,0.69016,0.69166,0.70571,0.72371,0.74027,0.72992,0.76610,0.73749,0.72242,0.70637,0.70431,0.70780,0.74069,0.69250,0.68848,0.66588,0.59797,0.60017,0.64476,0.62951,0.64923,0.64862,0.62612,0.63168,0.56666,0.52587,0.45928,0.46607,0.47603,0.44729,0.39175,0.38906,0.34872,0.33636,0.26523,0.26498,0.33552,0.33011,0.37243,0.33204,0.37800,0.34646,0.39206,0.40183,0.46612,0.52147,0.58108,0.60239,0.64254,0.67845,0.69980,0.73595,0.72643,0.72157,0.67428,0.62285,0.57080,0.56813,0.56701,0.54240,0.56150,0.53091,0.54667,0.44969,0.32540,0.31000,0.37668,0.28897,0.19003,0.13063,0.10063,0.05555,0.00407,-0.01068,-0.07110,0.00577,-0.02723,0.04682,0.05352,0.09869,0.15473,0.13248,-0.04837,-0.11713,-0.17181
-0.35075,-0.35773,-0.28527,-0.25232,-0.27804,-0.25729,-0.17387,-0.15943,-0.16284,-0.08030,-0.03554,0.01652,0.01451,0.01601,0.02947,0.03932,0.09513,0.08238,0.08627,0.12775,0.18847,0.25626,0.26844,0.23815,0.29057,0.34779,0.32794,0.31088,0.38063,0.42306,0.39302,0.40316,0.46988,0.50837,0.48226,0.52701,0.47036,0.49263,0.49767,0.46819,0.41149,0.34932,0.33050,0.29234,0.21690,0.18999,0.08228,0.06246,0.12287,0.09282,0.13782,0.12774,0.13798,0.12290,0.08447,0.16601,0.24716,0.27950,0.28103,0.33698,0.39802,0.39904,0.48065,0.51370,0.46926,0.51921,0.57692,0.60553,0.61087,0.55087,0.53719,0.46837,0.49718,0.45876,0.43226,0.36677,0.28435,0.14050,0.02590,-0.03161,0.08680,0.10746,-0.00954,0.06691,0.17390,0.08732,0.01974,0.10892,0.24322,0.38112,0.45914,0.54532,0.55780,0.50947,0.61919,0.61375,0.72815,0.87624,0.91086,0.93320,0.80848,0.81041,0.83740,0.83223,0.82858,0.75079,0.68489,0.60022,0.62229,0.57667,0.58315,0.57130,0.55059,0.48017,0.50818,0.58781,0.49615,0.40595,0.46125,0.42474,0.28078,0.26187,0.18559,0.17092,0.11836,-0.02865,-0.02593,0.07255,0.03967,0.10705,0.14137,0.25720,0.28995,0.35245,0.38742,0.43486,0.52153,0.56736,0.63461,0.66574,0.72872,0.74739,0.79979,0.79884,0.80962,0.82069,0.83140,0.82290,0.84866,0.82443,0.81428,0.78911,0.79182,0.80487,0.83199,0.79273,0.79113,0.77798,0.72247,0.72620,0.76399,0.74998,0.76380,0.76132,0.74231,0.74311,0.69011,0.65776,0.59960,0.60447,0.61444,0.58782,0.53871,0.53817,0.50224,0.49210,0.42628,0.42618,0.49161,0.48759,0.52563,0.48802,0.52909,0.49881,0.53864,0.54582,0.60313,0.64985,0.69945,0.71951,0.74964,0.77933,0.78698,0.81900,0.81609,0.81057,0.77883,0.73625,0.69626,0.69634,0.69672,0.67805,0.69483,0.66663,0.67638,0.58801,0.47405,0.46061,0.52665,0.44764,0.35433,0.29796,0.26973,0.22577,0.17500,0.15995,0.09911,0.17469,0.14086,0.21146,0.21550,0.25653,0.30679,0.28089,0.10004,0.02050,-0.02804
-0.24584,-0.25587,-0.17311,-0.13896,-0.17154,-0.14737,-0.05692,-0.04891,-0.05804,0.03272,0.07494,0.13687,0.14060,0.14743,0.16509,0.17993,0.23779,0.22748,0.23237,0.27438,0.33166,0.39701,0.40646,0.38007,0.43238,0.48536,0.46601,0.45246,0.51864,0.55635,0.52956,0.54105,0.60164,0.63510,0.61296,0.65234,0.59991,0.62143,0.62647,0.59675,0.54793,0.49216,0.47530,0.43800,0.36602,0.33757,0.23174,0.20944,0.26621,0.23201,0.27397,0.25869,0.26293,0.23991,0.19425,0.26886,0.35374,0.39000,0.38303,0.43226,0.49875,0.49978,0.57335,0.60908,0.57322,0.61745,0.67111,0.70207,0.71083,0.65724,0.64976,0.58939,0.61604,0.58171,0.55287,0.49552,0.41278,0.27348,0.16164,0.09612,0.20949,0.23463,0.10968,0.17267,0.28772,0.20540,0.12564,0.20402,0.34697,0.48042,0.53908,0.61497,0.61901,0.54342,0.61984,0.58789,0.72452,0.85772,0.91204,0.93584,0.84580,0.86046,0.89064,0.88578,0.87074,0.80088,0.75509,0.69106,0.71959,0.68440,0.69455,0.68590,0.66963,0.60734,0.63419,0.70242,0.61897,0.53817,0.58941,0.55068,0.41592,0.39710,0.32737,0.30825,0.26510,0.11753,0.11779,0.22176,0.18814,0.25072,0.28159,0.39322,0.42084,0.48063,0.50860,0.55240,0.62858,0.66682,0.72797,0.75206,0.80548,0.82443,0.86535,0.86910,0.87755,0.88758,0.89259,0.87980,0.88915,0.86459,0.86295,0.82863,0.83026,0.85186,0.87399,0.83964,0.83872,0.83803,0.79249,0.80144,0.83703,0.83135,0.84521,0.84488,0.83145,0.83312,0.79110,0.76375,0.71413,0.71848,0.72540,0.70318,0.66071,0.65863,0.62495,0.61267,0.55143,0.54671,0.60521,0.60435,0.64214,0.61059,0.64927,0.62461,0.66119,0.66869,0.71817,0.75753,0.79768,0.81311,0.83519,0.85753,0.85726,0.88343,0.88460,0.88011,0.85952,0.82803,0.79587,0.79449,0.79259,0.77205,0.78017,0.74829,0.74467,0.66198,0.55914,0.54822,0.61915,0.55396,0.46886,0.41965,0.39814,0.35993,0.31110,0.30082,0.24408,0.32117,0.29116,0.36036,0.36618,0.40483,0.45239,0.42542,0.24920,0.16366,0.12304
-0.27582,-0.28232,-0.21054,-0.17735,-0.20186,-0.18149,-0.09928,-0.08470,-0.08764,-0.00669,0.03654,0.08691,0.08412,0.08526,0.09681,0.10501,0.15837,0.14507,0.14866,0.18748,0.24585,0.30975,0.32235,0.29429,0.34314,0.39791,0.37957,0.36243,0.42785,0.46875,0.44042,0.44848,0.51043,0.54700,0.52256,0.56224,0.50582,0.52901,0.53493,0.50906,0.45590,0.39779,0.38030,0.34636,0.27486,0.24974,0.14540,0.12719,0.18551,0.15761,0.20169,0.19337,0.20379,0.18947,0.15155,0.22926,0.30794,0.33861,0.33983,0.39325,0.45145,0.45184,0.52874,0.55988,0.51708,0.56313,0.61653,0.64137,0.64575,0.59078,0.57749,0.51414,0.54152,0.50604,0.48302,0.42376,0.34723,0.21005,0.09806,0.04357,0.15968,0.17883,0.06555,0.13739,0.24054,0.15706,0.09079,0.17528,0.30562,0.43778,0.51215,0.59509,0.60547,0.55510,0.64893,0.63864,0.75490,0.88486,0.91517,0.93523,0.83283,0.83156,0.85096,0.84872,0.84715,0.78068,0.72027,0.64343,0.66139,0.61748,0.62096,0.60831,0.58776,0.52287,0.54750,0.62330,0.54227,0.45724,0.51007,0.47894,0.34251,0.32502,0.24877,0.23188,0.17956,0.03836,0.03968,0.13784,0.10609,0.17303,0.20626,0.31708,0.34844,0.40674,0.44033,0.48442,0.56618,0.60841,0.66960,0.69739,0.75292,0.77055,0.81741,0.81502,0.82344,0.83083,0.83736,0.82839,0.85212,0.83040,0.82976,0.80789,0.80946,0.82278,0.84292,0.80687,0.80641,0.79783,0.74983,0.75413,0.78747,0.77185,0.78206,0.77753,0.75844,0.75819,0.71150,0.68393,0.63096,0.63374,0.64311,0.61797,0.57348,0.57438,0.54166,0.53231,0.47145,0.47175,0.53363,0.53097,0.56569,0.53031,0.56724,0.53773,0.57384,0.57984,0.63261,0.67332,0.71734,0.73593,0.76004,0.78731,0.79171,0.81987,0.82133,0.81860,0.79310,0.75451,0.72056,0.72175,0.72402,0.70950,0.72667,0.70246,0.71223,0.63059,0.52468,0.51090,0.57225,0.49802,0.40994,0.35623,0.32830,0.28584,0.23771,0.22205,0.16406,0.23628,0.20270,0.27009,0.27144,0.30962,0.35444,0.32506,0.15236,0.06767,0.01861
-0.20799,-0.21146,-0.14566,-0.11132,-0.12948,-0.11115,-0.03388,-0.01218,-0.00994,0.06372,0.10875,0.14810,0.13857,0.13274,0.13740,0.13751,0.18454,0.16593,0.16466,0.19875,0.26109,0.32114,0.33841,0.30713,0.34800,0.40256,0.38714,0.36431,0.42371,0.46710,0.43780,0.43778,0.49709,0.53574,0.50720,0.53545,0.47629,0.49774,0.50823,0.47977,0.43213,0.37986,0.36450,0.33988,0.27349,0.25665,0.15832,0.14730,0.20861,0.18989,0.23615,0.23649,0.25422,0.25016,0.22199,0.30219,0.37183,0.39509,0.40483,0.46032,0.50639,0.50569,0.58077,0.60432,0.55732,0.60163,0.64949,0.66448,0.66263,0.61262,0.59268,0.53001,0.55556,0.52075,0.50611,0.44540,0.37925,0.24699,0.13775,0.09710,0.21625,0.22851,0.12856,0.20988,0.30045,0.21809,0.16648,0.25551,0.37132,0.49548,0.58000,0.66312,0.67935,0.65140,0.74645,0.74317,0.83963,0.94216,0.95513,0.95909,0.87096,0.86002,0.86109,0.86376,0.87799,0.82813,0.76286,0.68128,0.68445,0.63402,0.62702,0.60941,0.58346,0.52186,0.53899,0.61620,0.54763,0.46168,0.50861,0.49197,0.35988,0.33954,0.25931,0.24070,0.17620,0.04435,0.05568,0.14587,0.12122,0.19348,0.23290,0.33994,0.37610,0.43054,0.47066,0.51264,0.59465,0.63812,0.69216,0.72052,0.76926,0.78094,0.82504,0.81140,0.81683,0.81361,0.82053,0.82125,0.85578,0.84308,0.83906,0.82072,0.82929,0.84308,0.86283,0.83548,0.83343,0.82066,0.77948,0.77691,0.80037,0.77247,0.77301,0.76193,0.73833,0.72968,0.68708,0.66705,0.61765,0.61716,0.63047,0.60299,0.56138,0.56857,0.54191,0.53953,0.48422,0.49131,0.55235,0.54805,0.57460,0.53639,0.56617,0.53118,0.56061,0.56159,0.61212,0.64773,0.68804,0.71082,0.73010,0.75820,0.75704,0.78462,0.79060,0.78876,0.76900,0.72816,0.70289,0.71122,0.72183,0.71970,0.74714,0.73530,0.75841,0.68776,0.58773,0.57224,0.61909,0.54068,0.45419,0.39750,0.36278,0.31581,0.26896,0.24558,0.18510,0.24724,0.20749,0.26731,0.26018,0.29300,0.32867,0.29706,0.12969,0.04344,-0.00931
-0.01297,-0.02098,0.06298,0.09863,0.06882,0.09396,0.18170,0.19320,0.18733,0.27404,0.31519,0.36871,0.36785,0.36955,0.38057,0.38747,0.43616,0.42063,0.41985,0.45373,0.51104,0.56655,0.58022,0.55388,0.59198,0.63887,0.62549,0.60705,0.65806,0.69359,0.66961,0.66973,0.71745,0.74817,0.72491,0.74061,0.68959,0.70728,0.71868,0.68627,0.65573,0.61762,0.60661,0.58541,0.52650,0.50997,0.41775,0.40441,0.46029,0.43679,0.47778,0.47082,0.47996,0.46498,0.42696,0.49572,0.56889,0.59658,0.59411,0.63833,0.69022,0.68935,0.74907,0.77532,0.74309,0.77663,0.81583,0.83278,0.83547,0.79859,0.78750,0.73953,0.76047,0.73269,0.71605,0.66666,0.60287,0.48046,0.37807,0.32621,0.43641,0.45417,0.34475,0.40590,0.50757,0.43347,0.36513,0.43618,0.56257,0.67587,0.72703,0.79015,0.79323,0.72380,0.76144,0.71190,0.84014,0.90992,0.95677,0.95666,0.93203,0.94440,0.94867,0.95241,0.94993,0.91739,0.88733,0.84004,0.85177,0.81829,0.81564,0.80365,0.78434,0.73736,0.75004,0.80579,0.75396,0.68512,0.72152,0.70469,0.59114,0.56993,0.50165,0.47488,0.42422,0.29434,0.30673,0.40192,0.37900,0.44370,0.47878,0.57674,0.60564,0.65469,0.68391,0.71935,0.78255,0.81295,0.85405,0.87013,0.90060,0.90989,0.93297,0.92436,0.92564,0.91709,0.91467,0.91391,0.92235,0.91117,0.91526,0.88068,0.89093,0.92219,0.93315,0.91858,0.91716,0.92395,0.90205,0.90630,0.92308,0.90787,0.90514,0.89555,0.88157,0.87125,0.84944,0.84056,0.80754,0.80602,0.81533,0.79516,0.76569,0.77182,0.75116,0.74787,0.70150,0.70361,0.75161,0.75125,0.77463,0.74621,0.76953,0.74334,0.76535,0.76552,0.80134,0.82303,0.84569,0.86168,0.86614,0.88065,0.86227,0.87938,0.89280,0.89095,0.89325,0.87166,0.86338,0.87149,0.87979,0.87838,0.89336,0.87803,0.88069,0.82327,0.74483,0.73447,0.78576,0.73111,0.65975,0.61507,0.59066,0.55266,0.50942,0.49250,0.43837,0.49904,0.46454,0.51956,0.51416,0.54065,0.57030,0.53953,0.38271,0.28979,0.25146
0.11526,0.10640,0.19223,0.22641,0.19459,0.22053,0.30624,0.31405,0.30602,0.39125,0.42797,0.48230,0.48352,0.48705,0.49812,0.50538,0.55023,0.53654,0.53585,0.56615,0.61662,0.66444,0.67681,0.65505,0.68680,0.72704,0.71614,0.69993,0.74185,0.77185,0.75207,0.75019,0.78783,0.81300,0.79349,0.79840,0.75470,0.77078,0.78207,0.75378,0.73298,0.70539,0.69746,0.68235,0.63183,0.61809,0.53540,0.52326,0.57271,0.55084,0.58708,0.57918,0.58544,0.56871,0.53011,0.58905,0.65730,0.68341,0.67737,0.71367,0.76227,0.76122,0.80864,0.83247,0.80808,0.83323,0.86436,0.87806,0.88084,0.85456,0.84708,0.81042,0.82762,0.80601,0.79249,0.75446,0.69943,0.59171,0.49848,0.44787,0.54838,0.56524,0.46127,0.50993,0.60678,0.54111,0.47200,0.53009,0.65078,0.75071,0.78562,0.83611,0.83372,0.75262,0.75577,0.68982,0.82386,0.86424,0.91630,0.91276,0.92888,0.94445,0.94324,0.95009,0.94432,0.92862,0.91591,0.88779,0.89779,0.87279,0.86901,0.85874,0.84256,0.80732,0.81486,0.85756,0.82297,0.76746,0.79677,0.78612,0.69060,0.67190,0.60990,0.57939,0.53479,0.41669,0.42821,0.52078,0.50028,0.55907,0.59039,0.67616,0.70019,0.74171,0.76491,0.79402,0.84362,0.86554,0.89537,0.90415,0.92060,0.92741,0.93809,0.93016,0.92741,0.91442,0.90580,0.90430,0.90262,0.89497,0.91087,0.87588,0.88661,0.92133,0.92145,0.91397,0.91404,0.93049,0.92257,0.92879,0.93837,0.92658,0.91928,0.90826,0.89854,0.88646,0.87810,0.87736,0.85569,0.85207,0.85979,0.84382,0.82368,0.83071,0.81589,0.81352,0.77652,0.77715,0.81532,0.81782,0.83600,0.81378,0.83066,0.80895,0.82383,0.82231,0.84800,0.85867,0.86942,0.88136,0.87599,0.88322,0.85723,0.86669,0.88586,0.88679,0.90166,0.89075,0.89369,0.90244,0.91105,0.91391,0.92496,0.91299,0.90904,0.86483,0.80374,0.79542,0.84154,0.80058,0.74195,0.70527,0.68561,0.65368,0.61602,0.60178,0.55426,0.60854,0.57782,0.62601,0.61927,0.63979,0.66171,0.62915,0.48919,0.39353,0.36141
0.18239,0.18042,0.24576,0.27890,0.26324,0.28200,0.35091,0.37237,0.37627,0.43961,0.47728,0.50596,0.49317,0.48349,0.48010,0.47126,0.50337,0.48259,0.47528,0.49575,0.54788,0.58636,0.60547,0.58065,0.59780,0.63706,0.63116,0.60573,0.63737,0.67161,0.65055,0.63617,0.66902,0.69759,0.67252,0.66311,0.61291,0.62981,0.64733,0.62188,0.60458,0.58421,0.57832,0.57904,0.53799,0.53791,0.46770,0.46840,0.51960,0.51550,0.55436,0.56300,0.58303,0.58700,0.56793,0.62875,0.67814,0.68891,0.69974,0.74059,0.76528,0.76218,0.80797,0.81739,0.78314,0.80629,0.82872,0.82464,0.81588,0.79609,0.77616,0.74028,0.75525,0.73524,0.73811,0.70009,0.66588,0.57250,0.48638,0.46343,0.56566,0.56830,0.49506,0.55996,0.62712,0.56453,0.52731,0.59296,0.67941,0.76305,0.81966,0.87570,0.88542,0.85558,0.87099,0.83514,0.92334,0.92306,0.93104,0.90668,0.93201,0.92085,0.88680,0.90227,0.92748,0.93634,0.90634,0.86402,0.84653,0.80729,0.78527,0.76545,0.73990,0.70844,0.70455,0.75257,0.73874,0.68212,0.70504,0.71960,0.63395,0.61568,0.54453,0.51469,0.44868,0.35445,0.37769,0.45139,0.44180,0.50835,0.54674,0.62274,0.65444,0.68701,0.72142,0.74648,0.79790,0.82284,0.84208,0.85414,0.86267,0.86130,0.87275,0.84697,0.84018,0.81264,0.80472,0.81587,0.83791,0.84543,0.86123,0.84258,0.86072,0.88758,0.88432,0.88573,0.88547,0.88974,0.88887,0.88319,0.87814,0.84418,0.82213,0.79971,0.77915,0.75660,0.75004,0.75850,0.73937,0.73039,0.74423,0.72386,0.70725,0.72419,0.71844,0.72704,0.70004,0.71333,0.75128,0.75012,0.75459,0.72698,0.73210,0.70068,0.70641,0.69749,0.72110,0.72508,0.73331,0.75241,0.74232,0.75418,0.72494,0.73656,0.76194,0.76732,0.78486,0.76609,0.77814,0.79705,0.81864,0.84172,0.87231,0.88257,0.90564,0.87837,0.82547,0.81253,0.83158,0.78029,0.72421,0.68232,0.64965,0.61060,0.57750,0.54970,0.50123,0.53684,0.49738,0.53257,0.51112,0.52382,0.53009,0.49211,0.37074,0.27714,0.23285
0.26858,0.26572,0.33426,0.36807,0.35047,0.37108,0.44087,0.46038,0.46264,0.52767,0.56425,0.59368,0.58226,0.57283,0.56960,0.56112,0.59083,0.56930,0.55898,0.57798,0.63023,0.66529,0.68430,0.65971,0.67284,0.70847,0.70450,0.67896,0.70482,0.73613,0.71680,0.70003,0.72724,0.75297,0.72899,0.71185,0.66416,0.67507,0.69486,0.66587,0.65819,0.64582,0.64324,0.64850,0.61313,0.61658,0.55278,0.55525,0.60512,0.60264,0.63960,0.64846,0.66755,0.67081,0.65198,0.70836,0.75491,0.76483,0.77395,0.81058,0.83253,0.82908,0.86795,0.87521,0.84574,0.86374,0.87992,0.87341,0.86444,0.85168,0.83295,0.80350,0.81531,0.79818,0.80290,0.76781,0.73824,0.65191,0.57194,0.55094,0.64831,0.65133,0.58073,0.64038,0.70590,0.64831,0.61117,0.67073,0.75408,0.82800,0.87423,0.92163,0.92888,0.89255,0.88863,0.83837,0.92795,0.90670,0.92144,0.89045,0.94135,0.93740,0.89938,0.91652,0.94048,0.96053,0.94304,0.91250,0.89368,0.85954,0.83588,0.81685,0.79228,0.76814,0.75986,0.79898,0.79494,0.74495,0.75990,0.77867,0.70351,0.68218,0.61737,0.58569,0.52199,0.43235,0.45998,0.53084,0.52626,0.59011,0.62892,0.69927,0.72993,0.75901,0.79137,0.81251,0.85604,0.87643,0.88805,0.89544,0.89482,0.89031,0.89303,0.86570,0.85702,0.82395,0.81411,0.82938,0.84512,0.85561,0.86825,0.84349,0.86443,0.89897,0.89453,0.90547,0.90297,0.91291,0.92145,0.91593,0.90512,0.87257,0.84710,0.82386,0.80578,0.77964,0.78218,0.79680,0.78539,0.77539,0.78902,0.77107,0.76004,0.77839,0.77696,0.78762,0.76596,0.77952,0.81210,0.81159,0.81188,0.78742,0.78730,0.75822,0.75898,0.74793,0.76426,0.76206,0.76266,0.78087,0.76403,0.77123,0.73393,0.74204,0.77000,0.77409,0.80174,0.78929,0.81064,0.83209,0.85561,0.88188,0.91049,0.92334,0.94284,0.92481,0.88297,0.87191,0.88730,0.84474,0.79600,0.75823,0.72784,0.69103,0.65998,0.63220,0.58574,0.61590,0.57690,0.60616,0.58254,0.59005,0.59067,0.55503,0.44180,0.34944,0.31270
0.43667,0.42938,0.50842,0.53903,0.51109,0.53627,0.60810,0.61430,0.60745,0.67836,0.70613,0.74729,0.74634,0.74645,0.75032,0.75024,0.77872,0.76393,0.75540,0.77278,0.81250,0.83794,0.85078,0.83500,0.84382,0.86722,0.86562,0.84836,0.86267,0.88189,0.87066,0.85658,0.86827,0.88239,0.86738,0.84028,0.80832,0.81304,0.82996,0.80470,0.81365,0.81656,0.81887,0.82663,0.80281,0.80487,0.75486,0.75402,0.79165,0.78402,0.81053,0.81029,0.81769,0.80866,0.78142,0.81909,0.86414,0.87791,0.87325,0.89320,0.91938,0.91628,0.93388,0.94351,0.93384,0.93822,0.94376,0.93988,0.93662,0.93934,0.93229,0.92178,0.92767,0.92018,0.92227,0.90443,0.88095,0.81498,0.75157,0.72013,0.79614,0.80463,0.73207,0.76325,0.83229,0.78958,0.73939,0.77326,0.85798,0.91303,0.91929,0.93903,0.92996,0.85366,0.78936,0.69792,0.81367,0.76346,0.81087,0.78025,0.88812,0.90817,0.87938,0.89619,0.89926,0.93388,0.95550,0.96439,0.95704,0.94537,0.92982,0.91878,0.90448,0.89842,0.88638,0.89922,0.91338,0.88733,0.89009,0.90543,0.85919,0.84075,0.79570,0.75940,0.71833,0.64109,0.66436,0.73359,0.73008,0.77760,0.80707,0.85967,0.87831,0.89820,0.91468,0.92650,0.94527,0.94937,0.94642,0.94004,0.92027,0.91478,0.89618,0.87837,0.86558,0.83228,0.81302,0.82331,0.81024,0.82031,0.84265,0.80510,0.82382,0.87152,0.85673,0.87748,0.87739,0.90731,0.93442,0.93739,0.92137,0.90680,0.88172,0.86311,0.85760,0.83402,0.85705,0.88051,0.88729,0.87718,0.88517,0.87665,0.87960,0.89430,0.89859,0.90647,0.89572,0.90200,0.91744,0.92214,0.91975,0.90863,0.90278,0.88609,0.87907,0.86878,0.86827,0.85210,0.83465,0.84317,0.81323,0.80650,0.75762,0.75285,0.78543,0.79006,0.83654,0.84535,0.88022,0.89784,0.91505,0.93842,0.94963,0.95721,0.95295,0.95025,0.93540,0.93108,0.94973,0.93725,0.90998,0.88943,0.87375,0.85120,0.82802,0.81114,0.77683,0.80264,0.77483,0.79614,0.77794,0.77844,0.77275,0.73961,0.65022,0.55864,0.54217
0.61657,0.61331,0.67380,0.69814,0.68014,0.69914,0.75176,0.76043,0.75803,0.80692,0.82623,0.84837,0.84170,0.83601,0.83062,0.82161,0.83261,0.81544,0.80361,0.80752,0.83665,0.84442,0.85888,0.84760,0.83835,0.84982,0.85501,0.83651,0.83065,0.84329,0.83852,0.81514,0.80951,0.81730,0.80552,0.75782,0.73291,0.73491,0.75803,0.73912,0.76539,0.78610,0.79252,0.81718,0.81305,0.82716,0.80186,0.81131,0.83873,0.84530,0.86419,0.87385,0.88459,0.88762,0.87436,0.89625,0.91901,0.91938,0.92029,0.93020,0.93425,0.92935,0.92656,0.92331,0.91994,0.91123,0.89964,0.88064,0.87096,0.89234,0.88329,0.88956,0.88871,0.89203,0.91068,0.90821,0.91405,0.88284,0.84099,0.83174,0.88829,0.88502,0.84583,0.87123,0.90680,0.88017,0.85417,0.87508,0.91997,0.94179,0.94097,0.94179,0.93152,0.87680,0.78448,0.69720,0.78060,0.67038,0.69632,0.64827,0.80832,0.81342,0.75865,0.78068,0.79771,0.86931,0.90030,0.92572,0.90049,0.89246,0.86514,0.85092,0.83674,0.84983,0.82511,0.82199,0.87094,0.86582,0.85481,0.89221,0.88149,0.86860,0.83385,0.79914,0.75633,0.71859,0.74571,0.78765,0.79382,0.83289,0.85914,0.88425,0.89906,0.89998,0.91386,0.91282,0.91272,0.90604,0.88104,0.86691,0.82496,0.81220,0.77975,0.75277,0.73439,0.68857,0.66453,0.67987,0.66642,0.69477,0.72263,0.69306,0.71776,0.76406,0.74066,0.77690,0.77513,0.80665,0.85423,0.85247,0.81939,0.79748,0.75989,0.73415,0.72895,0.69819,0.73757,0.77548,0.79864,0.78334,0.79191,0.78685,0.80433,0.82517,0.84248,0.85810,0.86656,0.87887,0.87926,0.88473,0.86686,0.86212,0.84095,0.82604,0.80422,0.78824,0.77333,0.73939,0.70694,0.71447,0.67257,0.65995,0.60354,0.58885,0.62871,0.63688,0.69809,0.71573,0.76829,0.79179,0.81616,0.85554,0.87218,0.89740,0.90120,0.92667,0.94272,0.93778,0.93071,0.93324,0.92736,0.91667,0.90023,0.88380,0.87389,0.85367,0.83046,0.83363,0.80767,0.80985,0.78228,0.77102,0.74449,0.71044,0.66746,0.58598,0.57207
0.66687,0.66868,0.70760,0.73112,0.72845,0.73973,0.77504,0.79420,0.80168,0.82811,0.84735,0.84629,0.82879,0.81150,0.79416,0.77120,0.76860,0.74554,0.72757,0.72232,0.75148,0.74999,0.76964,0.75628,0.73381,0.74228,0.75203,0.72687,0.71052,0.72495,0.71983,0.68626,0.67515,0.68397,0.66857,0.60889,0.58014,0.57864,0.60722,0.58894,0.62054,0.64949,0.65947,0.69843,0.70539,0.73214,0.72145,0.74177,0.76830,0.79102,0.81059,0.83434,0.85632,0.87682,0.88096,0.90153,0.90600,0.89344,0.90839,0.91932,0.90151,0.89620,0.88913,0.87209,0.86214,0.85022,0.82963,0.79562,0.77662,0.80468,0.78600,0.79455,0.79031,0.79548,0.82769,0.82677,0.85148,0.83646,0.80553,0.82214,0.87386,0.86086,0.85153,0.88826,0.89492,0.87420,0.87667,0.90247,0.91377,0.91646,0.93094,0.93142,0.92971,0.91926,0.83669,0.77410,0.81324,0.66876,0.65873,0.59264,0.75569,0.74123,0.66062,0.69173,0.73243,0.82682,0.84680,0.86325,0.81491,0.79674,0.75369,0.73321,0.71141,0.72956,0.69445,0.69561,0.76288,0.75716,0.73958,0.79874,0.80031,0.78643,0.74780,0.71131,0.65655,0.64149,0.67781,0.70192,0.71990,0.76237,0.79352,0.80709,0.82754,0.82012,0.84277,0.83682,0.83532,0.83057,0.79515,0.78317,0.73348,0.71355,0.68084,0.63933,0.61646,0.56110,0.53792,0.56271,0.56697,0.61112,0.64163,0.62841,0.65753,0.69116,0.66569,0.70682,0.70543,0.72754,0.78198,0.77006,0.72384,0.68458,0.63604,0.60251,0.58910,0.55068,0.59175,0.63732,0.66338,0.64392,0.65707,0.64951,0.67079,0.69942,0.72536,0.75077,0.76942,0.79178,0.78984,0.79178,0.76163,0.75347,0.72114,0.70070,0.66989,0.64799,0.62976,0.58977,0.55554,0.56826,0.52360,0.51415,0.45725,0.44365,0.48651,0.49672,0.55948,0.57119,0.63139,0.66269,0.69786,0.75275,0.78478,0.82856,0.85336,0.89535,0.92141,0.91376,0.88257,0.87889,0.87851,0.86489,0.83902,0.81793,0.81315,0.78239,0.76020,0.74542,0.71311,0.70128,0.66117,0.64048,0.59833,0.56129,0.53809,0.46047,0.44357
0.67374,0.67033,0.72587,0.75158,0.73741,0.75459,0.80193,0.81215,0.81167,0.85406,0.87308,0.88904,0.88058,0.87165,0.86354,0.85024,0.85589,0.83693,0.82189,0.82236,0.85079,0.85415,0.86955,0.85806,0.84311,0.85100,0.85849,0.83845,0.82616,0.83723,0.83330,0.80596,0.79531,0.80091,0.78842,0.73392,0.71003,0.70622,0.72980,0.70826,0.74089,0.76997,0.78091,0.81307,0.81671,0.83656,0.82042,0.83335,0.85864,0.87071,0.88882,0.90215,0.91569,0.92259,0.91427,0.93246,0.94811,0.94485,0.94870,0.95538,0.95191,0.94756,0.93920,0.93030,0.92837,0.91560,0.89756,0.87322,0.86093,0.88820,0.87728,0.88813,0.88385,0.88863,0.91049,0.91053,0.92314,0.90137,0.86826,0.86730,0.91713,0.91434,0.88569,0.90949,0.93634,0.91581,0.89738,0.91536,0.94881,0.95835,0.95462,0.94915,0.93916,0.89184,0.78810,0.69716,0.76864,0.63821,0.65965,0.60268,0.77260,0.78044,0.71911,0.74699,0.76772,0.85232,0.89066,0.92150,0.88978,0.88263,0.84989,0.83575,0.81977,0.83831,0.80811,0.80265,0.86165,0.85805,0.84049,0.88609,0.88496,0.86912,0.83665,0.79523,0.75551,0.72790,0.75922,0.79660,0.81087,0.84828,0.87614,0.89415,0.91001,0.90759,0.92266,0.91794,0.91218,0.90350,0.87109,0.85500,0.80549,0.78884,0.75120,0.71962,0.69746,0.64852,0.62245,0.64241,0.62925,0.66514,0.69816,0.67310,0.69741,0.73872,0.71227,0.75227,0.75172,0.78457,0.83919,0.83486,0.79454,0.76957,0.72792,0.70028,0.69446,0.66071,0.70512,0.74860,0.77692,0.76016,0.76956,0.76559,0.78726,0.81069,0.83307,0.85329,0.86859,0.88325,0.87926,0.88378,0.85974,0.85569,0.82834,0.81455,0.78701,0.76811,0.74759,0.70902,0.67233,0.68012,0.63412,0.61953,0.55916,0.54301,0.58481,0.59282,0.65933,0.67883,0.73798,0.76452,0.79259,0.83722,0.85608,0.88753,0.89377,0.93001,0.95551,0.95223,0.93656,0.94282,0.94337,0.93442,0.91734,0.90110,0.89351,0.87069,0.84919,0.84418,0.81670,0.80971,0.77751,0.75878,0.72418,0.68943,0.65509,0.57202,0.56720
0.79298,0.78894,0.83945,0.85797,0.84210,0.85871,0.89647,0.89854,0.89412,0.92853,0.93717,0.95174,0.94802,0.94367,0.93670,0.92626,0.92370,0.90902,0.89538,0.88928,0.90427,0.89505,0.90596,0.90254,0.87959,0.87508,0.88604,0.87218,0.84633,0.84694,0.85070,0.82344,0.79796,0.79394,0.78933,0.72489,0.71483,0.70744,0.73102,0.71609,0.76237,0.80453,0.81825,0.85564,0.87279,0.89465,0.89707,0.91058,0.92315,0.93660,0.94412,0.95490,0.96146,0.96521,0.95772,0.95736,0.96252,0.95642,0.95363,0.94624,0.93712,0.93242,0.90446,0.89299,0.90532,0.88048,0.85107,0.82470,0.81475,0.85610,0.85218,0.87992,0.87007,0.88468,0.91022,0.92591,0.95279,0.95805,0.94509,0.94628,0.97275,0.96784,0.95281,0.95634,0.97019,0.96569,0.95013,0.94689,0.96326,0.94839,0.91888,0.89021,0.87107,0.81233,0.67113,0.56415,0.63216,0.47178,0.50288,0.44450,0.65728,0.67136,0.60912,0.63566,0.64786,0.74933,0.81036,0.86894,0.83988,0.84811,0.81835,0.80857,0.80049,0.83578,0.80116,0.77339,0.85208,0.87218,0.84374,0.89236,0.92197,0.91171,0.89793,0.86102,0.83497,0.83103,0.85906,0.88054,0.89715,0.91914,0.93731,0.93323,0.93902,0.92351,0.92662,0.91177,0.88461,0.86252,0.81580,0.78983,0.72422,0.70508,0.65252,0.62573,0.60136,0.55061,0.51931,0.53680,0.50663,0.54754,0.58320,0.55408,0.57846,0.62548,0.59310,0.64266,0.64221,0.68480,0.75408,0.75307,0.70621,0.69081,0.64757,0.62191,0.62422,0.59181,0.65190,0.70284,0.74624,0.72862,0.73385,0.73729,0.77135,0.79308,0.82202,0.84144,0.86947,0.88041,0.86140,0.86889,0.83923,0.84611,0.81183,0.80710,0.77181,0.75274,0.71832,0.66745,0.61705,0.61802,0.56299,0.53868,0.47270,0.44551,0.48985,0.49873,0.57713,0.61139,0.68143,0.70600,0.73086,0.77699,0.78609,0.81857,0.81308,0.86631,0.91802,0.91848,0.89617,0.92536,0.94710,0.95310,0.94566,0.94146,0.94448,0.92860,0.92025,0.90458,0.88677,0.86892,0.83880,0.81360,0.77017,0.74014,0.74108,0.67041,0.67738
0.88190,0.88411,0.90529,0.91712,0.91800,0.92481,0.93535,0.94491,0.94960,0.95237,0.95382,0.94053,0.92712,0.91288,0.89351,0.86983,0.84782,0.83022,0.81197,0.79170,0.79710,0.77013,0.78413,0.78387,0.74202,0.72723,0.74499,0.72791,0.68359,0.68007,0.68834,0.65131,0.61181,0.60400,0.60078,0.52117,0.51632,0.50589,0.53344,0.52663,0.58271,0.63884,0.65662,0.71052,0.74623,0.78159,0.81042,0.83589,0.83882,0.86995,0.87138,0.89573,0.91005,0.93138,0.94419,0.93103,0.90933,0.88673,0.89584,0.88206,0.84595,0.84026,0.79739,0.76994,0.78280,0.74840,0.70384,0.66039,0.64165,0.69704,0.68695,0.72611,0.71032,0.73282,0.77531,0.80237,0.85776,0.89699,0.90779,0.93871,0.94531,0.92764,0.95498,0.95854,0.93158,0.94289,0.96163,0.95024,0.91867,0.86990,0.84525,0.80424,0.78995,0.77532,0.62962,0.54790,0.56429,0.35672,0.35054,0.27533,0.50939,0.49985,0.41038,0.44379,0.47799,0.60907,0.66648,0.72807,0.67595,0.68113,0.63724,0.62279,0.61157,0.66125,0.61458,0.57892,0.68681,0.72085,0.68094,0.75234,0.81250,0.80661,0.79984,0.76629,0.73577,0.77216,0.80402,0.79630,0.82474,0.84039,0.85717,0.82704,0.83232,0.79985,0.80473,0.77909,0.73934,0.71214,0.64756,0.61914,0.53873,0.51162,0.45300,0.41474,0.38555,0.32518,0.29338,0.31831,0.30060,0.35702,0.39712,0.38702,0.41579,0.45044,0.41173,0.47068,0.46959,0.50507,0.58703,0.57717,0.51481,0.48645,0.43164,0.39946,0.39732,0.35851,0.42678,0.48768,0.54105,0.51880,0.52641,0.53088,0.57504,0.60331,0.64379,0.67248,0.71767,0.73723,0.70726,0.71318,0.66827,0.67754,0.62900,0.62344,0.57543,0.55081,0.50661,0.44374,0.38529,0.38763,0.32618,0.30165,0.23557,0.20484,0.25238,0.26515,0.34830,0.38318,0.46405,0.49460,0.52785,0.58982,0.61006,0.66251,0.67481,0.75369,0.82948,0.82775,0.77526,0.80974,0.84870,0.86032,0.84817,0.84674,0.86194,0.83966,0.84121,0.80000,0.78245,0.74489,0.70436,0.66727,0.60499,0.57478,0.61875,0.56270,0.57022
0.85208,0.85476,0.87681,0.89233,0.89515,0.90111,0.91475,0.92934,0.93614,0.94048,0.94664,0.93198,0.91586,0.89851,0.87777,0.85126,0.83096,0.81038,0.78954,0.77162,0.78456,0.76192,0.77831,0.77393,0.73386,0.72348,0.74030,0.71981,0.67932,0.68001,0.68494,0.64630,0.61181,0.60771,0.60084,0.52305,0.51220,0.50085,0.52860,0.51747,0.57083,0.62386,0.64172,0.69588,0.72773,0.76426,0.78729,0.81350,0.82252,0.85517,0.86123,0.88788,0.90646,0.93044,0.94465,0.93988,0.92011,0.89794,0.91153,0.90297,0.86672,0.86183,0.82581,0.79740,0.80456,0.77456,0.73269,0.68791,0.66667,0.71779,0.70375,0.73659,0.72186,0.74020,0.78207,0.80325,0.85404,0.88311,0.88745,0.92041,0.93627,0.92022,0.94465,0.95648,0.93275,0.93860,0.95819,0.95485,0.92854,0.88679,0.87254,0.83934,0.82788,0.82090,0.68878,0.61156,0.62617,0.42506,0.41357,0.33511,0.55430,0.54362,0.45212,0.48870,0.52836,0.65641,0.70633,0.75739,0.70126,0.70003,0.65277,0.63640,0.62094,0.66497,0.61797,0.59165,0.69452,0.71800,0.68034,0.75355,0.80323,0.79364,0.77898,0.74269,0.70537,0.73287,0.76716,0.76624,0.79631,0.81946,0.84095,0.81919,0.82950,0.80203,0.81311,0.79111,0.75928,0.73771,0.67661,0.65231,0.57623,0.54843,0.49411,0.45134,0.42115,0.35962,0.32957,0.35594,0.34747,0.40157,0.44448,0.43758,0.46837,0.49959,0.46227,0.51882,0.51878,0.54989,0.62814,0.61536,0.55303,0.51820,0.46157,0.42744,0.42224,0.38113,0.44517,0.50500,0.55356,0.53119,0.54124,0.54273,0.58274,0.61306,0.65268,0.68312,0.72456,0.74658,0.72252,0.72685,0.68231,0.68692,0.63900,0.62925,0.58253,0.55687,0.51697,0.45764,0.40321,0.40870,0.34918,0.32782,0.26149,0.23504,0.28289,0.29488,0.37615,0.40561,0.48468,0.51718,0.55384,0.61702,0.64277,0.69760,0.71640,0.79165,0.85871,0.85648,0.80361,0.82791,0.85967,0.86488,0.84806,0.84087,0.85191,0.82531,0.82084,0.78166,0.75922,0.72365,0.68076,0.64458,0.58415,0.55116,0.57980,0.51769,0.52127
0.87957,0.87866,0.91019,0.92486,0.91891,0.92790,0.94907,0.95506,0.95427,0.96803,0.97211,0.97017,0.96140,0.95090,0.93663,0.91720,0.90171,0.88657,0.86914,0.85488,0.86274,0.83943,0.85132,0.85106,0.81484,0.80117,0.81700,0.80176,0.76157,0.75799,0.76511,0.73092,0.69452,0.68635,0.68331,0.60708,0.60310,0.58981,0.61475,0.60361,0.66063,0.71471,0.73274,0.78264,0.81445,0.84596,0.86818,0.88902,0.89480,0.92026,0.92321,0.94229,0.95357,0.96778,0.97311,0.96355,0.95031,0.93467,0.93891,0.92435,0.89757,0.89305,0.85263,0.82975,0.84508,0.81297,0.77121,0.73304,0.71686,0.76952,0.76180,0.79856,0.78336,0.80371,0.84070,0.86428,0.91038,0.93938,0.94453,0.96370,0.97475,0.96552,0.97854,0.98025,0.96806,0.97502,0.98007,0.96972,0.95488,0.91431,0.88095,0.83769,0.81673,0.77937,0.62853,0.53061,0.56807,0.37375,0.38653,0.31490,0.54435,0.55147,0.47308,0.50687,0.53072,0.65489,0.72167,0.78667,0.74272,0.75249,0.71346,0.70206,0.69206,0.73910,0.69443,0.65891,0.76062,0.79058,0.75100,0.81537,0.87052,0.86205,0.85529,0.81932,0.79329,0.81412,0.84443,0.84807,0.87454,0.89195,0.90802,0.88545,0.89066,0.86417,0.86784,0.84498,0.80644,0.78032,0.71939,0.69164,0.61375,0.58775,0.52742,0.49300,0.46157,0.40523,0.36978,0.38781,0.36119,0.41516,0.46024,0.44523,0.47377,0.51325,0.47571,0.53128,0.53634,0.57451,0.65410,0.64671,0.58749,0.56498,0.51238,0.48308,0.48340,0.44644,0.51507,0.57444,0.62672,0.60609,0.61256,0.61772,0.66035,0.68661,0.72491,0.75065,0.79179,0.80850,0.78078,0.78691,0.74609,0.75556,0.70990,0.70618,0.66047,0.63710,0.59388,0.53339,0.47546,0.47638,0.41525,0.38931,0.32178,0.28986,0.33681,0.34671,0.43241,0.46962,0.54955,0.57807,0.60777,0.66477,0.67927,0.72585,0.72942,0.80287,0.87330,0.87500,0.83255,0.86749,0.90397,0.91488,0.90573,0.90404,0.91502,0.89552,0.89418,0.86050,0.84320,0.81000,0.77319,0.73830,0.68090,0.64891,0.67838,0.61676,0.62737
0.94358,0.94466,0.96095,0.96810,0.96791,0.97284,0.97642,0.97963,0.98056,0.97691,0.97166,0.95825,0.94922,0.93817,0.92091,0.89999,0.87219,0.85829,0.84068,0.81729,0.81326,0.77786,0.78765,0.79299,0.74652,0.72222,0.74179,0.72977,0.67623,0.66457,0.67767,0.64164,0.59209,0.57670,0.57892,0.49450,0.50077,0.48435,0.50888,0.50485,0.57188,0.63747,0.65831,0.71570,0.76238,0.79896,0.84164,0.86645,0.86035,0.89193,0.88565,0.90721,0.91659,0.93450,0.94789,0.92212,0.89246,0.86927,0.87352,0.84841,0.80902,0.80377,0.74713,0.71812,0.74172,0.69927,0.64713,0.60326,0.58608,0.65044,0.64570,0.69612,0.67594,0.70413,0.74715,0.78368,0.84659,0.90455,0.93212,0.96343,0.95004,0.93629,0.97331,0.96185,0.92668,0.94991,0.96965,0.94348,0.90038,0.83346,0.78792,0.72753,0.70444,0.67709,0.50704,0.41285,0.42727,0.20589,0.21080,0.13573,0.38864,0.39108,0.30569,0.33876,0.36379,0.50510,0.58104,0.66214,0.61380,0.63117,0.59036,0.58029,0.57457,0.63515,0.58576,0.53492,0.65405,0.70251,0.65310,0.72426,0.80703,0.80327,0.81129,0.77823,0.76261,0.81470,0.84494,0.82687,0.85915,0.86266,0.87199,0.82607,0.82482,0.78500,0.78160,0.74923,0.69410,0.65836,0.58463,0.55032,0.46037,0.43138,0.36236,0.32828,0.29639,0.23816,0.20255,0.22466,0.19324,0.25387,0.29868,0.28802,0.31501,0.35039,0.30859,0.37098,0.37220,0.41339,0.50343,0.49569,0.42973,0.40972,0.35541,0.32600,0.33024,0.29333,0.37090,0.43608,0.49887,0.47734,0.48213,0.49186,0.54368,0.56991,0.61470,0.64226,0.69597,0.71256,0.67201,0.67956,0.63149,0.64842,0.59521,0.59736,0.54410,0.51946,0.46571,0.39629,0.33002,0.32726,0.26144,0.23026,0.16251,0.12414,0.17147,0.18325,0.27318,0.31788,0.40461,0.43313,0.46296,0.52362,0.53540,0.58724,0.58972,0.67992,0.77292,0.77578,0.71972,0.77021,0.82430,0.84644,0.84223,0.84949,0.87126,0.85482,0.86532,0.81737,0.80673,0.75974,0.72191,0.67955,0.61226,0.58596,0.65183,0.60526,0.62591
0.93450,0.94049,0.93966,0.94551,0.95786,0.95703,0.94595,0.95842,0.96812,0.94719,0.94127,0.90936,0.89185,0.87246,0.84681,0.81669,0.77877,0.75999,0.73892,0.70777,0.70566,0.66579,0.67926,0.68239,0.62835,0.60280,0.62462,0.60821,0.54918,0.53922,0.55154,0.50950,0.45757,0.44424,0.44385,0.35458,0.35854,0.34061,0.36780,0.36417,0.43245,0.50131,0.52349,0.58896,0.64170,0.68576,0.73747,0.76931,0.76280,0.80511,0.79944,0.83099,0.84833,0.87881,0.90547,0.87988,0.83658,0.80368,0.81873,0.79624,0.74132,0.73545,0.67837,0.64018,0.65764,0.61453,0.55784,0.50428,0.48049,0.54730,0.53567,0.58592,0.56410,0.59249,0.64353,0.68063,0.75475,0.82214,0.85772,0.90915,0.89304,0.87135,0.93027,0.92598,0.86970,0.89772,0.93884,0.91453,0.84853,0.76971,0.74049,0.68274,0.66898,0.67734,0.52226,0.45225,0.43173,0.19467,0.17039,0.08503,0.33057,0.31420,0.21233,0.25055,0.29427,0.44641,0.50910,0.57941,0.51468,0.52344,0.47256,0.45835,0.44758,0.50981,0.45516,0.40901,0.53614,0.58274,0.53034,0.61483,0.70227,0.69814,0.70313,0.67195,0.64666,0.71500,0.75151,0.72047,0.75994,0.76560,0.77795,0.72479,0.72766,0.68287,0.68592,0.65099,0.59752,0.56439,0.48529,0.45382,0.36128,0.32815,0.26154,0.21734,0.18434,0.12026,0.08740,0.11848,0.10709,0.17021,0.21320,0.21667,0.24576,0.27094,0.22896,0.29426,0.29347,0.32598,0.41797,0.40281,0.33000,0.29640,0.23531,0.20125,0.20073,0.15948,0.23608,0.30419,0.36694,0.34329,0.35125,0.35892,0.41115,0.44176,0.49094,0.52435,0.58289,0.60667,0.56618,0.57100,0.51566,0.52940,0.47042,0.46828,0.41106,0.38330,0.32961,0.25856,0.19270,0.19372,0.12805,0.09980,0.03341,-0.00249,0.04516,0.05819,0.14566,0.18509,0.27387,0.30715,0.34436,0.41439,0.43791,0.50180,0.52129,0.62048,0.71761,0.71782,0.64456,0.68759,0.74350,0.76272,0.75162,0.75538,0.78044,0.75655,0.76796,0.70860,0.69409,0.63853,0.59387,0.54683,0.47303,0.44695,0.52392,0.48267,0.49966
0.93142,0.93505,0.94342,0.95251,0.96004,0.96118,0.96034,0.97177,0.97826,0.96727,0.96533,0.94171,0.92648,0.90865,0.88595,0.85767,0.82608,0.80774,0.78695,0.76080,0.76278,0.72757,0.74077,0.74280,0.69343,0.67138,0.69161,0.67472,0.62084,0.61308,0.62346,0.58278,0.53537,0.52338,0.52157,0.43489,0.43633,0.41879,0.44502,0.43808,0.50378,0.56934,0.59105,0.65333,0.70059,0.74203,0.78503,0.81423,0.81216,0.85066,0.84855,0.87727,0.89389,0.92023,0.94079,0.92067,0.88599,0.85797,0.87099,0.85054,0.80329,0.79823,0.74583,0.71128,0.72818,0.68838,0.63533,0.58523,0.56255,0.62565,0.61420,0.66025,0.63995,0.66549,0.71282,0.74434,0.80999,0.86530,0.89217,0.93444,0.92671,0.91105,0.95706,0.95690,0.91365,0.93514,0.96636,0.94756,0.89606,0.82761,0.79708,0.74177,0.72329,0.71678,0.56233,0.48170,0.47820,0.25204,0.23930,0.15556,0.39700,0.39038,0.29438,0.33328,0.37207,0.51843,0.58395,0.65294,0.59253,0.60141,0.55288,0.53946,0.52806,0.58582,0.53277,0.49107,0.61209,0.65228,0.60206,0.68178,0.76034,0.75418,0.75517,0.72180,0.69486,0.74773,0.78421,0.76456,0.80086,0.81139,0.82587,0.78232,0.78731,0.74831,0.75256,0.72120,0.67218,0.64141,0.56680,0.53700,0.44799,0.41560,0.34948,0.30676,0.27269,0.21044,0.17498,0.20214,0.18715,0.24761,0.29443,0.29481,0.32476,0.35341,0.31210,0.37397,0.37826,0.41144,0.50080,0.48662,0.41603,0.38446,0.32419,0.29105,0.29027,0.24954,0.32451,0.39127,0.45143,0.42865,0.43692,0.44396,0.49371,0.52354,0.57044,0.60221,0.65618,0.67857,0.64233,0.64726,0.59499,0.60704,0.55099,0.54791,0.49312,0.46570,0.41440,0.34580,0.28173,0.28278,0.21788,0.19017,0.12282,0.08765,0.13586,0.14767,0.23583,0.27475,0.36216,0.39479,0.43000,0.49818,0.51975,0.58047,0.59594,0.68913,0.77893,0.78043,0.71515,0.75488,0.80539,0.82149,0.81034,0.81147,0.83169,0.80795,0.81444,0.76183,0.74555,0.69573,0.65252,0.60819,0.53844,0.50919,0.57027,0.52139,0.53613
0.95801,0.95956,0.97156,0.97782,0.97994,0.98261,0.98257,0.98670,0.98827,0.98013,0.97393,0.95677,0.94718,0.93504,0.91697,0.89465,0.86344,0.84846,0.82993,0.80397,0.79995,0.76236,0.77207,0.77814,0.72966,0.70290,0.72319,0.71128,0.65484,0.64182,0.65549,0.61856,0.56654,0.54977,0.55252,0.46625,0.47448,0.45544,0.48036,0.47591,0.54540,0.61396,0.63569,0.69554,0.74564,0.78413,0.83122,0.85722,0.84973,0.88376,0.87658,0.89947,0.90955,0.92905,0.94479,0.91692,0.88303,0.85823,0.86373,0.83624,0.79348,0.78853,0.72904,0.69770,0.72255,0.67845,0.62350,0.57774,0.55933,0.62627,0.62118,0.67349,0.65194,0.68122,0.72571,0.76316,0.82884,0.89144,0.92394,0.95921,0.94136,0.92853,0.97166,0.95854,0.91839,0.94533,0.96922,0.94078,0.89158,0.81822,0.77247,0.70637,0.68122,0.65690,0.48598,0.39159,0.39962,0.17386,0.17598,0.09786,0.35091,0.35417,0.26658,0.30189,0.32874,0.47483,0.55304,0.63677,0.58550,0.60405,0.56174,0.55213,0.54631,0.60959,0.55825,0.50642,0.62915,0.67905,0.62645,0.70025,0.78798,0.78388,0.79499,0.76358,0.74789,0.80477,0.83688,0.81497,0.84897,0.85115,0.85950,0.80980,0.80881,0.76700,0.76320,0.72887,0.67109,0.63422,0.55710,0.52234,0.42972,0.39908,0.32737,0.29158,0.25782,0.19908,0.16193,0.18502,0.15602,0.21554,0.26293,0.25629,0.28335,0.31620,0.27446,0.33766,0.34116,0.38139,0.47430,0.46501,0.39623,0.37484,0.31845,0.28920,0.29425,0.25714,0.33725,0.40414,0.46926,0.44753,0.45265,0.46334,0.51660,0.54320,0.58982,0.61821,0.67431,0.69188,0.65017,0.65719,0.60653,0.62437,0.56920,0.57230,0.51680,0.49118,0.43538,0.36421,0.29590,0.29254,0.22546,0.19262,0.12401,0.08445,0.13209,0.14353,0.23519,0.28162,0.37041,0.39925,0.42975,0.49255,0.50482,0.55943,0.56305,0.65782,0.75520,0.75910,0.69880,0.75058,0.80858,0.83221,0.82847,0.83649,0.85966,0.84267,0.85460,0.80314,0.79278,0.74224,0.70361,0.65943,0.59000,0.56387,0.63383,0.58932,0.61258
0.97074,0.97566,0.96860,0.96916,0.98077,0.97706,0.95933,0.96598,0.97182,0.94404,0.93192,0.89972,0.88631,0.87020,0.84641,0.81921,0.77633,0.76065,0.73991,0.70643,0.69603,0.64881,0.65883,0.66730,0.60974,0.57633,0.59995,0.58834,0.52207,0.50548,0.52245,0.48213,0.42239,0.40271,0.40764,0.31618,0.32927,0.30805,0.33410,0.33483,0.40974,0.48463,0.50779,0.57451,0.63507,0.67920,0.74191,0.77287,0.75824,0.80047,0.78791,0.81666,0.82898,0.85647,0.88329,0.84633,0.79668,0.76342,0.77398,0.74183,0.68502,0.67960,0.61145,0.57260,0.59879,0.54963,0.48727,0.43436,0.41259,0.48605,0.47956,0.53859,0.51409,0.54781,0.59934,0.64470,0.72537,0.80878,0.85725,0.90850,0.87496,0.85551,0.92293,0.90615,0.84189,0.87968,0.92246,0.88648,0.80981,0.71693,0.67271,0.59905,0.57731,0.57749,0.40692,0.33090,0.30710,0.06299,0.04557,-0.03763,0.21950,0.21165,0.11359,0.14961,0.18606,0.34376,0.41834,0.50384,0.44315,0.46154,0.41400,0.40302,0.39764,0.46855,0.41318,0.35583,0.49022,0.54943,0.49149,0.57446,0.67946,0.67910,0.69739,0.67083,0.65709,0.73917,0.77164,0.72969,0.76934,0.76407,0.76910,0.70286,0.69959,0.64809,0.64331,0.60264,0.53720,0.49686,0.41168,0.37542,0.27698,0.24373,0.17027,0.13088,0.09647,0.03533,0.00017,0.02691,0.00381,0.06929,0.11498,0.11747,0.14470,0.17012,0.12731,0.19414,0.19529,0.23149,0.32887,0.31592,0.24169,0.21585,0.15662,0.12539,0.13003,0.09170,0.17452,0.24418,0.31376,0.29081,0.29601,0.30816,0.36610,0.39424,0.44576,0.47744,0.54230,0.56300,0.51459,0.52051,0.46335,0.48373,0.42248,0.42718,0.36638,0.33930,0.27891,0.20293,0.13171,0.12790,0.05989,0.02722,-0.03756,-0.07964,-0.03315,-0.02054,0.07101,0.11809,0.20948,0.23940,0.27306,0.34000,0.35617,0.41865,0.43001,0.53660,0.64683,0.64964,0.57438,0.63051,0.69876,0.72713,0.72308,0.73472,0.76573,0.74738,0.76686,0.70237,0.69468,0.63331,0.59171,0.54230,0.46495,0.44266,0.53920,0.50881,0.53445
0.95399,0.96030,0.94989,0.95271,0.96886,0.96326,0.94406,0.95653,0.96601,0.93485,0.92586,0.88804,0.87039,0.84979,0.82264,0.79064,0.74657,0.72794,0.70551,0.67136,0.66540,0.61974,0.63254,0.63782,0.57906,0.54857,0.57223,0.55681,0.49180,0.47868,0.49331,0.45012,0.39311,0.37632,0.37786,0.28647,0.29521,0.27412,0.30024,0.29869,0.37094,0.44485,0.46868,0.53776,0.59752,0.64457,0.70559,0.73894,0.72783,0.77400,0.76521,0.79841,0.81571,0.84805,0.87900,0.84716,0.79585,0.76006,0.77646,0.74867,0.68771,0.68246,0.61863,0.57681,0.59777,0.55136,0.48965,0.43330,0.40810,0.47924,0.46792,0.52288,0.49873,0.52978,0.58332,0.62446,0.70521,0.78411,0.83022,0.88729,0.85989,0.83946,0.91063,0.90214,0.83468,0.86999,0.91887,0.88873,0.80949,0.71832,0.68531,0.61704,0.59926,0.61163,0.45141,0.38445,0.35155,0.10714,0.07944,-0.00872,0.23909,0.22537,0.12159,0.16116,0.20636,0.36571,0.43235,0.50805,0.44012,0.45210,0.39952,0.38609,0.37643,0.44424,0.38720,0.33726,0.47102,0.52269,0.46575,0.55384,0.65326,0.65083,0.66193,0.63229,0.61115,0.69133,0.72735,0.68793,0.73004,0.73063,0.74043,0.67797,0.67896,0.62920,0.63022,0.59145,0.53152,0.49555,0.41133,0.37853,0.28210,0.24688,0.17650,0.13193,0.09654,0.03351,-0.00061,0.02949,0.01635,0.08362,0.13123,0.14049,0.16958,0.18923,0.14580,0.21113,0.21337,0.24458,0.34008,0.32327,0.24686,0.21354,0.15132,0.11728,0.11817,0.07688,0.15654,0.22640,0.29306,0.26934,0.27685,0.28666,0.34240,0.37293,0.42516,0.46004,0.52420,0.54843,0.50339,0.50769,0.44843,0.46491,0.40253,0.40311,0.34216,0.31371,0.25559,0.18120,0.11270,0.11205,0.04547,0.01607,-0.04786,-0.08659,-0.03975,-0.02706,0.06197,0.10381,0.19465,0.22745,0.26456,0.33544,0.35839,0.42599,0.44588,0.55267,0.65856,0.66020,0.58015,0.62792,0.69196,0.71517,0.70611,0.71295,0.74194,0.71869,0.73410,0.66773,0.65573,0.59363,0.54870,0.49831,0.42054,0.39515,0.48511,0.45030,0.47324
0.96616,0.96979,0.96834,0.97263,0.98263,0.97958,0.96879,0.97768,0.98296,0.96085,0.95329,0.92427,0.91035,0.89303,0.86979,0.84147,0.80283,0.78586,0.76437,0.73428,0.72888,0.68572,0.69711,0.70276,0.64756,0.61801,0.64034,0.62626,0.56410,0.55059,0.56487,0.52380,0.46830,0.45101,0.45289,0.36334,0.37230,0.35154,0.37649,0.37290,0.44504,0.51777,0.54145,0.60728,0.66391,0.70811,0.76405,0.79470,0.78524,0.82677,0.81881,0.84769,0.86205,0.88896,0.91369,0.88293,0.83843,0.80744,0.81924,0.79089,0.73706,0.73219,0.66915,0.63135,0.65474,0.60900,0.54957,0.49729,0.47446,0.54442,0.53550,0.58973,0.56616,0.59644,0.64625,0.68538,0.76006,0.83256,0.87434,0.92194,0.89752,0.88216,0.94220,0.93199,0.87574,0.90810,0.94661,0.91718,0.84974,0.76434,0.72385,0.65470,0.63235,0.62811,0.46164,0.38100,0.36503,0.12721,0.11376,0.02884,0.28036,0.27597,0.17907,0.21755,0.25480,0.41009,0.48319,0.56313,0.50190,0.51750,0.46884,0.45762,0.44952,0.51597,0.46087,0.40894,0.53918,0.59042,0.53354,0.61647,0.71310,0.70938,0.72131,0.69012,0.67234,0.74182,0.77677,0.74548,0.78469,0.78555,0.79531,0.73775,0.73805,0.69152,0.69055,0.65346,0.59347,0.55677,0.47491,0.44139,0.34574,0.31155,0.23930,0.19816,0.16283,0.10115,0.06487,0.09129,0.07026,0.13533,0.18400,0.18656,0.21633,0.24193,0.19893,0.26410,0.26843,0.30295,0.39791,0.38374,0.30952,0.28144,0.22090,0.18887,0.19134,0.15120,0.23205,0.30170,0.36851,0.34572,0.35231,0.36282,0.41820,0.44720,0.49789,0.53018,0.59170,0.61339,0.56931,0.57472,0.51835,0.53554,0.47539,0.47745,0.41793,0.39014,0.33201,0.25835,0.18918,0.18729,0.12010,0.08840,0.02105,-0.01778,0.02942,0.04037,0.13231,0.17677,0.26806,0.29963,0.33396,0.40190,0.42016,0.48293,0.49564,0.59859,0.70207,0.70558,0.63335,0.68345,0.74620,0.76983,0.76334,0.77073,0.79713,0.77645,0.79019,0.72908,0.71770,0.65943,0.61703,0.56866,0.49400,0.46862,0.55068,0.51298,0.53569
0.97741,0.98197,0.97191,0.97079,0.98250,0.97657,0.95769,0.96383,0.96805,0.93749,0.92446,0.89189,0.87930,0.86347,0.83982,0.81260,0.76877,0.75359,0.73328,0.69954,0.68722,0.63831,0.64752,0.65694,0.59826,0.56327,0.58715,0.57616,0.50842,0.49052,0.50821,0.46804,0.40682,0.38588,0.39126,0.29986,0.31424,0.29311,0.31834,0.31910,0.39583,0.47160,0.49511,0.56224,0.62475,0.66969,0.73378,0.76509,0.74963,0.79242,0.77904,0.80739,0.81932,0.84658,0.87358,0.83434,0.78339,0.75005,0.76021,0.72659,0.66887,0.66361,0.59350,0.55424,0.58192,0.53168,0.46879,0.41581,0.39401,0.46819,0.46208,0.52216,0.49706,0.53145,0.58328,0.62925,0.71095,0.79685,0.84816,0.89875,0.86204,0.84463,0.91454,0.89726,0.83110,0.87041,0.91400,0.87673,0.79736,0.70112,0.65355,0.57735,0.55335,0.55260,0.38098,0.30434,0.27814,0.03384,0.01812,-0.06541,0.19329,0.18760,0.08996,0.12550,0.16138,0.32061,0.39621,0.48293,0.42228,0.44222,0.39478,0.38472,0.37982,0.45184,0.39636,0.33650,0.47250,0.53378,0.47414,0.55729,0.66672,0.66706,0.68766,0.66174,0.65054,0.73472,0.76571,0.72208,0.76185,0.75472,0.75913,0.69040,0.68647,0.63379,0.62816,0.58660,0.51915,0.47799,0.39207,0.35592,0.25723,0.22299,0.14777,0.10913,0.07459,0.01361,-0.02248,0.00194,-0.02344,0.04328,0.09136,0.09493,0.12420,0.14886,0.10535,0.17244,0.17579,0.21063,0.30797,0.29468,0.22010,0.19522,0.13563,0.10477,0.10962,0.07113,0.15504,0.22507,0.29576,0.27306,0.27782,0.29075,0.34975,0.37751,0.42988,0.46144,0.52720,0.54747,0.49803,0.50426,0.44658,0.46771,0.40600,0.41196,0.35006,0.32261,0.26107,0.18451,0.11268,0.10790,0.04010,0.00624,-0.05897,-0.10109,-0.05487,-0.04361,0.04932,0.09722,0.18945,0.21914,0.25190,0.31892,0.33440,0.39700,0.40757,0.51564,0.62834,0.63203,0.55582,0.61333,0.68404,0.71376,0.71088,0.72368,0.75553,0.73778,0.75817,0.69280,0.68567,0.62275,0.58165,0.53213,0.45515,0.43451,0.53472,0.50881,0.53283
0.95720,0.96488,0.94382,0.94150,0.96113,0.95119,0.92286,0.93408,0.94312,0.90128,0.88756,0.84430,0.82726,0.80698,0.77897,0.74683,0.69669,0.67922,0.65777,0.61961,0.60759,0.55684,0.56826,0.57632,0.51364,0.47803,0.50285,0.48972,0.41930,0.40222,0.41976,0.37684,0.31460,0.29443,0.29873,0.20625,0.22001,0.19810,0.22420,0.22631,0.30249,0.37940,0.40316,0.47418,0.54038,0.58883,0.65779,0.69252,0.67593,0.72443,0.71100,0.74456,0.76052,0.79407,0.82851,0.78877,0.72988,0.69141,0.70754,0.67439,0.60842,0.60307,0.53274,0.48876,0.51322,0.46289,0.39774,0.34028,0.31523,0.39006,0.38071,0.44070,0.41478,0.44930,0.50487,0.55247,0.64027,0.73166,0.78765,0.84956,0.81005,0.78841,0.87069,0.85594,0.77742,0.82041,0.87591,0.83887,0.74612,0.64310,0.60617,0.52992,0.51019,0.52913,0.36712,0.30525,0.25991,0.01122,-0.02099,-0.10857,0.14185,0.12553,0.02007,0.05779,0.10300,0.26715,0.33461,0.41552,0.34697,0.36222,0.30993,0.29794,0.29060,0.36353,0.30572,0.25003,0.38913,0.44895,0.38898,0.47848,0.58960,0.59026,0.60980,0.58428,0.56922,0.66390,0.69729,0.64575,0.68915,0.68220,0.68779,0.61431,0.61199,0.55635,0.55373,0.51101,0.44427,0.40446,0.31635,0.28188,0.18299,0.14694,0.07391,0.03098,-0.00406,-0.06583,-0.09972,-0.07205,-0.08749,-0.01873,0.03052,0.04252,0.07133,0.08727,0.04408,0.11065,0.11239,0.14291,0.24021,0.22333,0.14612,0.11466,0.05289,0.02012,0.02299,-0.01708,0.06484,0.13509,0.20501,0.18139,0.18777,0.19957,0.25842,0.28820,0.34234,0.37738,0.44583,0.46922,0.41917,0.42380,0.36244,0.38234,0.31824,0.32237,0.25852,0.23011,0.16878,0.09199,0.02145,0.01844,-0.04780,-0.07907,-0.14144,-0.18166,-0.13588,-0.12341,-0.03432,0.00990,0.10137,0.13269,0.16861,0.23911,0.26039,0.32866,0.34796,0.46015,0.57465,0.57667,0.49140,0.54532,0.61707,0.64556,0.63958,0.65102,0.68507,0.66395,0.68520,0.61424,0.60541,0.53785,0.49354,0.44194,0.36171,0.33945,0.44585,0.42139,0.44726
0.94974,0.95651,0.94030,0.94185,0.96091,0.95149,0.92892,0.94252,0.95181,0.91486,0.90555,0.86449,0.84638,0.82432,0.79649,0.76273,0.71661,0.69790,0.67578,0.64094,0.63354,0.58721,0.60014,0.60500,0.54468,0.51319,0.53680,0.52074,0.45444,0.44092,0.45555,0.41157,0.35370,0.33623,0.33741,0.24621,0.25600,0.23374,0.25877,0.25581,0.32953,0.40479,0.42931,0.49999,0.56275,0.61111,0.67389,0.70858,0.69676,0.74473,0.73562,0.76993,0.78811,0.82163,0.85490,0.82151,0.76676,0.72981,0.74766,0.71814,0.65473,0.64962,0.58446,0.54153,0.56285,0.51599,0.45339,0.39628,0.37002,0.44170,0.42968,0.48500,0.46025,0.49152,0.54560,0.58735,0.66950,0.75069,0.80047,0.86021,0.82925,0.81105,0.88662,0.87842,0.80659,0.84429,0.89652,0.86583,0.78133,0.68612,0.65412,0.58278,0.56262,0.57950,0.42212,0.35795,0.31982,0.07607,0.04527,-0.04429,0.19909,0.18529,0.08051,0.12153,0.16835,0.32940,0.39475,0.46997,0.40052,0.41236,0.35858,0.34625,0.33597,0.40464,0.34637,0.29744,0.43208,0.48293,0.42422,0.51466,0.61662,0.61455,0.62671,0.59622,0.57709,0.65980,0.69638,0.65466,0.69827,0.69823,0.70782,0.64283,0.64412,0.59330,0.59442,0.55521,0.49410,0.45794,0.37290,0.34077,0.24437,0.20797,0.13708,0.09227,0.05668,-0.00439,-0.03860,-0.01028,-0.02298,0.04547,0.09648,0.10671,0.13663,0.15221,0.10911,0.17260,0.17788,0.20745,0.30262,0.28487,0.20798,0.17404,0.11174,0.07816,0.07917,0.03740,0.11676,0.18688,0.25363,0.22999,0.23787,0.24792,0.30400,0.33470,0.38737,0.42285,0.48819,0.51247,0.46697,0.47120,0.41049,0.42744,0.36471,0.36585,0.30355,0.27449,0.21570,0.14132,0.07319,0.07282,0.00737,-0.02221,-0.08681,-0.12380,-0.07716,-0.06601,0.02271,0.06379,0.15451,0.18742,0.22429,0.29549,0.31901,0.38774,0.40916,0.51784,0.62544,0.62735,0.54464,0.59249,0.65842,0.68235,0.67354,0.68082,0.71061,0.68678,0.70231,0.63495,0.62243,0.55692,0.51122,0.46000,0.38095,0.35359,0.44582,0.41187,0.43757
0.94870,0.95439,0.93703,0.93808,0.95676,0.94577,0.92264,0.93350,0.94036,0.90251,0.89186,0.85277,0.83686,0.81650,0.79062,0.75847,0.71235,0.69595,0.67436,0.64090,0.63019,0.58233,0.59367,0.59964,0.53944,0.50593,0.52914,0.51481,0.44759,0.43202,0.44760,0.40523,0.34592,0.32624,0.32824,0.23763,0.24968,0.22792,0.25120,0.24733,0.32244,0.39954,0.42497,0.49483,0.55962,0.60739,0.67245,0.70574,0.69166,0.73826,0.72759,0.75977,0.77580,0.80712,0.83926,0.80276,0.74782,0.71196,0.72792,0.69494,0.63273,0.62768,0.56010,0.51805,0.54254,0.49438,0.43068,0.37528,0.35051,0.42304,0.41311,0.47045,0.44505,0.47721,0.52977,0.57286,0.65473,0.73901,0.79263,0.84966,0.81309,0.79834,0.87390,0.86250,0.79086,0.83047,0.88038,0.84764,0.76238,0.66379,0.62626,0.55016,0.52730,0.53848,0.37620,0.30903,0.27454,0.03429,0.00822,-0.07844,0.16526,0.15445,0.05331,0.09355,0.13593,0.29618,0.36568,0.44460,0.37856,0.39346,0.34110,0.33102,0.32256,0.39264,0.33409,0.28163,0.41699,0.47030,0.41060,0.49915,0.60533,0.60352,0.61996,0.58631,0.57633,0.65987,0.69465,0.65218,0.69624,0.69200,0.69938,0.63202,0.63164,0.58019,0.57876,0.53879,0.47433,0.43627,0.35096,0.31794,0.22149,0.18600,0.11392,0.07089,0.03509,-0.02364,-0.05842,-0.03405,-0.05397,0.01457,0.06671,0.07418,0.10415,0.12115,0.07952,0.14140,0.14968,0.18044,0.27631,0.25990,0.18364,0.15328,0.09250,0.06111,0.06346,0.02341,0.10347,0.17383,0.24143,0.21865,0.22576,0.23729,0.29439,0.32357,0.37607,0.41028,0.47667,0.49941,0.45217,0.45670,0.39640,0.41507,0.35240,0.35642,0.29401,0.26529,0.20486,0.12996,0.06062,0.05897,-0.00633,-0.03738,-0.10290,-0.13933,-0.09367,-0.08321,0.00597,0.04896,0.13958,0.17089,0.20583,0.27482,0.29509,0.36201,0.37907,0.48794,0.59764,0.60122,0.51974,0.57205,0.64081,0.66695,0.66092,0.67049,0.70103,0.67937,0.69716,0.63009,0.62003,0.55310,0.50952,0.45767,0.37809,0.34946,0.44559,0.41296,0.44244
0.94878,0.95098,0.94492,0.94959,0.96104,0.95295,0.94015,0.94749,0.94957,0.92264,0.91428,0.88639,0.87449,0.85748,0.83617,0.80792,0.76927,0.75554,0.73412,0.70692,0.69787,0.65408,0.66382,0.66913,0.61420,0.58297,0.60431,0.59094,0.52835,0.51343,0.52781,0.48812,0.43196,0.41229,0.41375,0.32592,0.33654,0.31548,0.33786,0.32977,0.40421,0.47850,0.50399,0.56980,0.62980,0.67399,0.73249,0.76205,0.75053,0.79102,0.78207,0.80957,0.82307,0.84752,0.87197,0.83831,0.79234,0.76243,0.77378,0.74100,0.68831,0.68388,0.61884,0.58143,0.60809,0.56194,0.50127,0.45061,0.42860,0.49856,0.49119,0.54648,0.52223,0.55244,0.60011,0.64053,0.71284,0.78765,0.83495,0.88043,0.84885,0.84105,0.90227,0.88941,0.83198,0.86655,0.90359,0.87308,0.80385,0.71427,0.66914,0.59393,0.56688,0.55785,0.38929,0.30944,0.29634,0.06710,0.05688,-0.02581,0.21844,0.21831,0.12600,0.16624,0.19985,0.35278,0.42878,0.51018,0.45239,0.47030,0.42231,0.41476,0.40690,0.47424,0.41731,0.36547,0.49535,0.54433,0.48647,0.56923,0.66907,0.66536,0.67844,0.63783,0.63481,0.70423,0.73601,0.70650,0.74903,0.74656,0.75475,0.69492,0.69489,0.64854,0.64550,0.60853,0.54574,0.50800,0.42705,0.39379,0.29987,0.26657,0.19449,0.15535,0.11858,0.06264,0.02692,0.04583,0.01642,0.08230,0.13726,0.13575,0.16491,0.18939,0.14859,0.20758,0.21996,0.25434,0.34805,0.33468,0.26181,0.23789,0.17999,0.15033,0.15496,0.11606,0.19502,0.26433,0.33035,0.30881,0.31510,0.32699,0.38246,0.41000,0.46023,0.49163,0.55370,0.57336,0.52804,0.53351,0.47748,0.49630,0.43657,0.44144,0.38171,0.35417,0.29482,0.22206,0.15340,0.15133,0.08657,0.05442,-0.01309,-0.04912,-0.00366,0.00594,0.09611,0.14039,0.23011,0.25948,0.29213,0.35554,0.37046,0.43166,0.44074,0.54332,0.64757,0.65300,0.58177,0.63517,0.70033,0.72567,0.72183,0.73122,0.75767,0.73817,0.75277,0.69277,0.68296,0.62122,0.58091,0.53131,0.45560,0.42427,0.50516,0.46442,0.49556
0.93821,0.93804,0.93679,0.94514,0.95389,0.94690,0.93884,0.94594,0.94653,0.92445,0.91858,0.89433,0.88307,0.86714,0.84733,0.82096,0.78519,0.77174,0.75089,0.72456,0.71736,0.67565,0.68513,0.69017,0.63783,0.60807,0.62841,0.61514,0.55506,0.54119,0.55423,0.51552,0.46150,0.44226,0.44274,0.35603,0.36479,0.34474,0.36640,0.35577,0.42885,0.50183,0.52792,0.59191,0.64946,0.69251,0.74824,0.77648,0.76680,0.80526,0.79777,0.82369,0.83658,0.85917,0.88109,0.84978,0.80799,0.77995,0.79028,0.75871,0.70961,0.70569,0.64275,0.60746,0.63358,0.58882,0.52992,0.48129,0.46029,0.52843,0.52110,0.57430,0.55025,0.57899,0.62418,0.66009,0.72857,0.79833,0.84285,0.88424,0.85570,0.84991,0.90545,0.89401,0.84319,0.87552,0.90831,0.88063,0.81764,0.73220,0.68673,0.61303,0.58598,0.57097,0.40137,0.31552,0.30978,0.08715,0.08250,0.00073,0.24230,0.24726,0.15825,0.19882,0.22983,0.37931,0.45693,0.53696,0.48206,0.49963,0.45292,0.44568,0.43717,0.50233,0.44702,0.39685,0.52222,0.56785,0.51167,0.59006,0.68419,0.67990,0.69174,0.64988,0.64666,0.71231,0.74548,0.71952,0.76046,0.75957,0.76904,0.71349,0.71516,0.67172,0.66889,0.63398,0.57337,0.53701,0.45828,0.42552,0.33332,0.30075,0.22996,0.18994,0.15261,0.09750,0.06165,0.08157,0.05042,0.11547,0.16985,0.16717,0.19552,0.22026,0.18083,0.23855,0.25249,0.28738,0.37993,0.36730,0.29495,0.27087,0.21344,0.18451,0.18940,0.15073,0.22863,0.29798,0.36293,0.34201,0.34870,0.36005,0.41411,0.44130,0.49075,0.52213,0.58208,0.60182,0.55802,0.56243,0.50779,0.52558,0.46729,0.47140,0.41303,0.38534,0.32757,0.25656,0.18837,0.18735,0.12303,0.09091,0.02234,-0.01293,0.03141,0.03982,0.12994,0.17429,0.26340,0.29248,0.32389,0.38753,0.40193,0.46143,0.46881,0.56806,0.66822,0.67476,0.60727,0.65905,0.72160,0.74535,0.74148,0.75004,0.77380,0.75451,0.76670,0.71006,0.69939,0.63934,0.59953,0.55087,0.47789,0.44775,0.52124,0.47727,0.50989
0.96377,0.96236,0.95663,0.96205,0.97062,0.96177,0.94990,0.95512,0.95421,0.92837,0.91959,0.89437,0.88406,0.86911,0.84872,0.82269,0.78429,0.77175,0.75064,0.72232,0.71198,0.66628,0.67511,0.68231,0.62762,0.59471,0.61632,0.60480,0.54124,0.52483,0.54029,0.50146,0.44406,0.42291,0.42595,0.33745,0.35049,0.32872,0.34968,0.34069,0.41842,0.49397,0.52028,0.58547,0.64632,0.68965,0.75017,0.77902,0.76590,0.80498,0.79430,0.81976,0.83103,0.85378,0.87658,0.84068,0.79547,0.76584,0.77516,0.74142,0.68963,0.68517,0.61781,0.58144,0.61005,0.56273,0.50140,0.45206,0.43152,0.50277,0.49720,0.55415,0.52915,0.56050,0.60696,0.64699,0.71964,0.79738,0.84734,0.89060,0.85559,0.84819,0.90845,0.89270,0.83670,0.87279,0.90762,0.87488,0.80642,0.71536,0.66449,0.58788,0.55974,0.54588,0.37090,0.28503,0.27426,0.04281,0.03727,-0.04479,0.20553,0.21207,0.12246,0.16138,0.19184,0.34438,0.42429,0.50894,0.45362,0.47434,0.42845,0.42173,0.41559,0.48461,0.42860,0.37268,0.50223,0.55459,0.49566,0.57509,0.67798,0.67522,0.69195,0.65542,0.65357,0.72621,0.75772,0.72584,0.76656,0.76173,0.76828,0.70659,0.70516,0.65785,0.65246,0.61456,0.54933,0.50977,0.42782,0.39294,0.29746,0.26454,0.19131,0.15237,0.11581,0.05980,0.02382,0.04340,0.01113,0.07662,0.12944,0.12696,0.15486,0.17983,0.13813,0.19908,0.21197,0.24844,0.34379,0.33205,0.25914,0.23646,0.17903,0.15008,0.15715,0.11903,0.20032,0.27007,0.33828,0.31681,0.32221,0.33527,0.39188,0.41864,0.46917,0.49995,0.56290,0.58222,0.53486,0.54011,0.48445,0.50477,0.44520,0.45096,0.39143,0.36410,0.30369,0.23035,0.15955,0.15636,0.09037,0.05615,-0.01255,-0.05041,-0.00555,0.00265,0.09583,0.14368,0.23407,0.26218,0.29337,0.35650,0.36923,0.42881,0.43532,0.53844,0.64497,0.65140,0.58155,0.63757,0.70509,0.73268,0.73093,0.74242,0.76972,0.75233,0.76809,0.70869,0.70080,0.63815,0.59887,0.54908,0.47393,0.44631,0.53122,0.49294,0.52733
0.96074,0.96059,0.94626,0.94777,0.95973,0.94841,0.92903,0.93437,0.93481,0.90117,0.88902,0.85890,0.84818,0.83280,0.81089,0.78425,0.74118,0.72839,0.70689,0.67561,0.66271,0.61413,0.62346,0.63132,0.57365,0.53858,0.56128,0.55017,0.48355,0.46551,0.48283,0.44349,0.38348,0.36109,0.36606,0.27688,0.29160,0.26947,0.29121,0.28438,0.36476,0.44174,0.46790,0.53426,0.59870,0.64323,0.70874,0.73907,0.72240,0.76338,0.74964,0.77605,0.78726,0.81182,0.83747,0.79698,0.74671,0.71475,0.72505,0.68928,0.63330,0.62872,0.55856,0.51965,0.54933,0.50052,0.43691,0.38584,0.36479,0.43779,0.43311,0.49298,0.46721,0.50021,0.54855,0.59437,0.67143,0.75777,0.81313,0.86204,0.82048,0.81083,0.87923,0.85846,0.79355,0.83411,0.87470,0.83698,0.75970,0.66205,0.61115,0.53373,0.50744,0.50299,0.32938,0.25102,0.22860,-0.00857,-0.02185,-0.10393,0.14635,0.14793,0.05733,0.09546,0.12735,0.28234,0.35998,0.44633,0.38913,0.41054,0.36390,0.35729,0.35246,0.42391,0.36726,0.30854,0.44194,0.49927,0.43974,0.52235,0.63172,0.63108,0.64958,0.61394,0.61564,0.69663,0.72438,0.68795,0.73033,0.72112,0.72575,0.65735,0.65326,0.60213,0.59571,0.55536,0.48693,0.44509,0.36087,0.32496,0.22827,0.19513,0.12142,0.08349,0.04849,-0.00732,-0.04021,-0.02020,-0.04969,0.01464,0.06806,0.06787,0.09584,0.11656,0.07382,0.13637,0.14379,0.17964,0.27584,0.26377,0.19091,0.16818,0.11185,0.08255,0.09041,0.05254,0.13420,0.20358,0.27308,0.25124,0.25576,0.26983,0.32782,0.35457,0.40613,0.43697,0.50264,0.52216,0.47189,0.47745,0.42046,0.44223,0.38137,0.38854,0.32801,0.30125,0.23868,0.16439,0.09357,0.08939,0.02371,-0.01059,-0.07641,-0.11515,-0.07075,-0.06191,0.02998,0.07781,0.16799,0.19534,0.22802,0.28950,0.30221,0.36333,0.37168,0.47811,0.58936,0.59457,0.52039,0.57901,0.65003,0.68028,0.67925,0.69314,0.72430,0.70786,0.72718,0.66344,0.65777,0.59237,0.55325,0.50210,0.42406,0.39861,0.49666,0.46468,0.49888
0.97646,0.97478,0.96111,0.96194,0.97207,0.96032,0.94297,0.94761,0.94558,0.91323,0.90053,0.87247,0.86258,0.84823,0.82627,0.80041,0.75834,0.74624,0.72455,0.69397,0.68089,0.63105,0.63970,0.64874,0.59113,0.55538,0.57840,0.56825,0.50146,0.48282,0.50046,0.46139,0.40112,0.37849,0.38417,0.29418,0.31115,0.28789,0.30874,0.30216,0.38463,0.46167,0.48731,0.55346,0.61770,0.66140,0.72682,0.75691,0.73994,0.78048,0.76612,0.79176,0.80197,0.82617,0.85085,0.81012,0.76048,0.72878,0.73773,0.70301,0.64739,0.64222,0.57144,0.53328,0.56289,0.51380,0.45143,0.40099,0.38058,0.45378,0.44957,0.50948,0.48386,0.51808,0.56684,0.61131,0.68898,0.77504,0.82997,0.87683,0.83567,0.82561,0.89232,0.87283,0.80939,0.84903,0.88817,0.85050,0.77429,0.67787,0.62370,0.54638,0.51884,0.51216,0.33800,0.25684,0.23524,-0.00560,-0.01579,-0.09807,0.15674,0.16344,0.07237,0.10859,0.13976,0.29493,0.37351,0.46086,0.40399,0.42652,0.38126,0.37400,0.37014,0.44179,0.38619,0.32507,0.45843,0.51814,0.45655,0.53804,0.65004,0.64969,0.67101,0.64339,0.63986,0.71915,0.74746,0.70859,0.74844,0.74048,0.74391,0.67561,0.67103,0.61946,0.61209,0.57103,0.50228,0.46031,0.37612,0.34034,0.24360,0.21001,0.13475,0.09741,0.06305,0.00587,-0.02847,-0.00950,-0.03879,0.02568,0.07732,0.07791,0.10534,0.12882,0.08545,0.14960,0.15859,0.19394,0.29009,0.27806,0.20553,0.18317,0.12639,0.09711,0.10498,0.06740,0.15109,0.21963,0.29001,0.26812,0.27201,0.28635,0.34473,0.37125,0.42223,0.45218,0.51799,0.53696,0.48654,0.49289,0.43647,0.45884,0.39852,0.40561,0.34528,0.31889,0.25659,0.18162,0.10971,0.10444,0.03855,0.00282,-0.06410,-0.10440,-0.05907,-0.05128,0.04375,0.09368,0.18376,0.21088,0.24267,0.30451,0.31661,0.37684,0.38467,0.49091,0.60296,0.60832,0.53516,0.59357,0.66506,0.69620,0.69597,0.71025,0.74157,0.72606,0.74537,0.68253,0.67734,0.61254,0.57353,0.52333,0.44615,0.42214,0.52187,0.49569,0.52650
0.99603,0.99280,0.98526,0.98574,0.99079,0.98234,0.96747,0.96796,0.96363,0.93635,0.92198,0.89851,0.89123,0.87999,0.86039,0.83781,0.79741,0.78811,0.76885,0.73788,0.72078,0.66967,0.67624,0.68835,0.63165,0.59413,0.61717,0.60979,0.54229,0.52132,0.54064,0.50356,0.44119,0.41674,0.42485,0.33555,0.35516,0.33178,0.35333,0.35100,0.43160,0.50923,0.53441,0.59911,0.66281,0.70451,0.77048,0.79846,0.77918,0.81715,0.80094,0.82371,0.83029,0.85095,0.87232,0.82861,0.78168,0.75217,0.75632,0.71907,0.66722,0.66219,0.58845,0.55270,0.58594,0.53438,0.47111,0.42257,0.40438,0.47981,0.47841,0.54123,0.51518,0.55114,0.59900,0.64473,0.72281,0.81093,0.86592,0.90690,0.86362,0.85280,0.91582,0.89208,0.83292,0.87371,0.90774,0.86646,0.79361,0.69717,0.63569,0.55368,0.52306,0.50331,0.31954,0.22879,0.21547,-0.02331,-0.02315,-0.10212,0.16159,0.17055,0.08276,0.11700,0.14156,0.29652,0.38315,0.47833,0.42609,0.45342,0.41244,0.40600,0.40493,0.47898,0.42534,0.35901,0.49306,0.55814,0.49647,0.57269,0.68797,0.68924,0.71591,0.69012,0.68858,0.76940,0.79702,0.75625,0.79407,0.78273,0.78319,0.71350,0.70595,0.65350,0.64241,0.59998,0.52750,0.48299,0.39708,0.35893,0.25936,0.22709,0.14991,0.11698,0.08172,0.02516,-0.01240,0.00470,-0.03339,0.03580,0.08437,0.08383,0.10856,0.13653,0.09216,0.15818,0.16505,0.20447,0.30247,0.29303,0.22087,0.20492,0.14955,0.12168,0.13057,0.09533,0.18112,0.25022,0.32334,0.30189,0.30431,0.31990,0.38046,0.40548,0.45645,0.48508,0.55118,0.56797,0.51539,0.52252,0.46740,0.49198,0.43227,0.44163,0.38121,0.35562,0.29140,0.21468,0.14074,0.13336,0.06611,0.02916,-0.03632,-0.08129,-0.03651,-0.02764,0.06798,0.12086,0.21198,0.23842,0.26677,0.32790,0.33539,0.39228,0.39300,0.49957,0.61473,0.62165,0.55238,0.61708,0.69119,0.72532,0.72825,0.74536,0.77735,0.76530,0.78750,0.72525,0.72245,0.65945,0.62240,0.57239,0.49683,0.47655,0.58111,0.55605,0.58893
