"PC1","PC2","PC3","System","Type"
143.277127892,-41.9046942185478,-33.5529380777947,"APO","APO"
145.715334479202,-35.2531502669955,-31.7917418054627,"APO","APO"
142.328680696524,-50.1925007061986,-14.7608970427377,"APO","APO"
128.76353978769,-57.9785778697669,-25.7739185380299,"APO","APO"
140.596827167747,-65.0832751268365,-23.0184771099558,"APO","APO"
144.817566773812,-68.5221520527779,-31.0508163773034,"APO","APO"
140.9224791448,-60.9871339463798,-49.9983021673157,"APO","APO"
132.862222157433,-65.0148868213292,-58.2339642137033,"APO","APO"
119.268337740198,-76.3502347137655,-84.1709847763725,"APO","APO"
119.033386328312,-67.4400388054427,-71.2338616775989,"APO","APO"
120.15350867044,-55.5996307203563,-83.8157551632602,"APO","APO"
133.423018574481,-73.6995090560873,-99.4150755299718,"APO","APO"
130.506644416442,-80.0014755860737,-90.2779485569478,"APO","APO"
120.786725645123,-96.3476785640063,-90.3619076249654,"APO","APO"
107.790161496387,-92.4211708603813,-104.124314932239,"APO","APO"
123.185942582082,-96.6140886444673,-105.570742278717,"APO","APO"
103.577308439802,-105.235821466759,-119.19859471946,"APO","APO"
127.319597023683,-100.436344783292,-107.632189982412,"APO","APO"
122.634591855406,-117.420826873368,-93.9691215577391,"APO","APO"
123.477132485113,-120.274651204503,-89.1737442601313,"APO","APO"
114.527022401508,-118.089512547658,-99.1771531311687,"APO","APO"
88.8760934131248,-119.380267830606,-65.8350768774537,"APO","APO"
94.2045557977352,-114.739378929009,-55.3519494464569,"APO","APO"
92.5403915216871,-130.765077677563,-66.2057036304218,"APO","APO"
92.0508698816148,-120.939829037604,-52.7609689201957,"APO","APO"
116.584180452197,-129.442883816315,-68.3960353797961,"APO","APO"
105.306896252272,-138.784752633712,-66.3044991257814,"APO","APO"
73.3985686836477,-114.765460741593,-70.8862438653892,"APO","APO"
55.0526077437079,-116.836114805327,-80.685892590158,"APO","APO"
62.1216037108077,-122.090835523648,-97.8721498967602,"APO","APO"
65.78951633858,-111.447727740093,-95.2622935210241,"APO","APO"
67.0967764375227,-129.585367288202,-65.019766812171,"APO","APO"
84.454323736146,-111.063371902348,-76.7484099239576,"APO","APO"
89.3033750268466,-117.795203136696,-71.3521550540408,"APO","APO"
76.1826330226219,-123.552308349865,-51.3613288600861,"APO","APO"
50.0427353204195,-116.498551451821,-42.7543239195585,"APO","APO"
36.7146133089347,-125.541631737782,-39.1502186079602,"APO","APO"
41.75495389578,-119.638045814845,-38.8087729519219,"APO","APO"
39.6430267686152,-106.420880392366,-42.3336677332998,"APO","APO"
19.760023613637,-112.2398659667,-40.761670864997,"APO","APO"
32.949257102355,-104.034895910958,-35.6694269258039,"APO","APO"
48.0718307205677,-97.4442789844971,-23.2946447154491,"APO","APO"
42.957487800122,-96.5723006211786,-37.2016075811704,"APO","APO"
47.4397754166113,-87.9864636389327,-43.5139479322505,"APO","APO"
25.6927899708227,-76.0454308985568,-52.2903590410857,"APO","APO"
27.2256601795709,-77.983683884191,-53.3262264389894,"APO","APO"
22.1583749461921,-87.5160244782084,-56.470445295921,"APO","APO"
10.4296300372355,-108.592563309112,-74.4507817727636,"APO","APO"
15.7019870905339,-98.566591269745,-69.7394887602091,"APO","APO"
1.89368227495689,-104.512971492364,-65.8986733431751,"APO","APO"
-1.10730884103371,-107.015135547687,-45.3909084852809,"APO","APO"
5.66467191695673,-103.631203716705,-28.3525250658649,"APO","APO"
4.2984774756486,-93.5707390438847,-34.1990758060004,"APO","APO"
0.462901103667984,-98.7261811691034,-59.687586070933,"APO","APO"
-22.4318252537972,-119.616744026211,-52.141146553441,"APO","APO"
-27.9147376389896,-112.871040640081,-67.0188550426912,"APO","APO"
-34.2785296918694,-112.532426624041,-73.6790670877701,"APO","APO"
-22.7062275863334,-119.291649774301,-61.1626231111119,"APO","APO"
-26.9644717683134,-129.025131533505,-70.691988549423,"APO","APO"
-38.8133392438854,-144.994615117417,-73.341886573256,"APO","APO"
-57.5403437207667,-156.607196656814,-79.8708019947614,"APO","APO"
-67.8868539212337,-160.010067278613,-70.2349570289595,"APO","APO"
-75.3106649163375,-160.877626389688,-71.7436737408425,"APO","APO"
-88.0220782349202,-159.402936027036,-60.0893995249114,"APO","APO"
-67.5014065525353,-155.711833856442,-49.2167080930992,"APO","APO"
-58.4937108113144,-143.322009326118,-57.8293476166324,"APO","APO"
-60.6500292841201,-135.066951603723,-34.2835954514789,"APO","APO"
-66.1972196481798,-141.872217215355,-38.1585900563146,"APO","APO"
-71.732799458765,-118.174721069604,-19.575591263796,"APO","APO"
-75.5178960443342,-130.907709435254,-7.36548479649016,"APO","APO"
-76.8743228485303,-136.861292897647,-14.1627881859307,"APO","APO"
-83.0585759418394,-143.959276844139,-21.689559002833,"APO","APO"
-80.1690181862751,-164.430136969261,-23.612958049596,"APO","APO"
-78.8256401798429,-166.845386842203,-2.70965378303083,"APO","APO"
-74.6105182272232,-158.152736636233,-4.89535925331017,"APO","APO"
-66.0711169201498,-168.76284817395,-20.0716124218192,"APO","APO"
-42.8664152762163,-164.85301597438,-8.35798807124425,"APO","APO"
-42.513385308816,-180.915534783224,-14.898003937749,"APO","APO"
-60.0802471991162,-185.900069441838,-25.4623797458051,"APO","APO"
-51.8936404158721,-166.630480311215,-31.2503150726197,"APO","APO"
-75.8116869980375,-162.127864284965,-11.6081107600419,"APO","APO"
-64.7755120007983,-186.948849583575,-8.96429043021745,"APO","APO"
-65.4526882411491,-207.446194161926,-8.26806628903127,"APO","APO"
-45.8827767038128,-225.234696084223,-0.444900990600537,"APO","APO"
-53.783021652674,-210.467527049438,-8.55623173303252,"APO","APO"
-34.1442511201167,-206.164940669074,9.75981003614826,"APO","APO"
-24.0504291057047,-203.582119305638,14.2043344026559,"APO","APO"
-29.1429758762101,-184.289727224912,6.58821892149751,"APO","APO"
-30.4706282205452,-179.508648826713,18.9422709154541,"APO","APO"
-32.6360289800315,-169.968076755157,25.2453259557139,"APO","APO"
-47.7887119264179,-165.930964002118,29.488601375077,"APO","APO"
-57.6548893162135,-168.594874791745,17.8307377979861,"APO","APO"
-54.8405210477497,-155.605183588596,18.4762417026478,"APO","APO"
-56.9618502517309,-139.019358299765,20.4876076171091,"APO","APO"
-59.2711851548532,-137.76250212511,25.3526727727533,"APO","APO"
-53.23209663121,-165.742481492202,27.6463639909768,"APO","APO"
-51.3448258734775,-152.191105884168,37.7207892094335,"APO","APO"
-64.9516410216823,-174.676634606341,46.3421308922277,"APO","APO"
-68.2221712895578,-167.927238537113,67.9889769670377,"APO","APO"
-75.3580303004559,-176.049730301351,85.9849356795005,"APO","APO"
-82.0523329760367,-187.970851009568,90.7963081436925,"APO","APO"
-94.8458644207961,-194.473609727321,83.3699535990697,"APO","APO"
-99.0678390207325,-205.788004200466,80.0271698489671,"APO","APO"
-109.499992705544,-212.817026951346,44.5107819088773,"APO","APO"
-130.145172682429,-235.810051846035,32.2009267036736,"APO","APO"
-125.448555561968,-243.279729033589,34.0920070556518,"APO","APO"
-130.793921149874,-247.798883916314,40.9180432651615,"APO","APO"
-122.534341310147,-246.029557628328,25.1357520507073,"APO","APO"
-118.920900233813,-248.834417462314,14.2629463473047,"APO","APO"
-104.976669818531,-238.615058218013,-12.4735592354808,"APO","APO"
-110.834844790976,-235.674584219208,-7.27442192595881,"APO","APO"
-86.6669045584195,-233.173672278412,-4.14693253333489,"APO","APO"
-82.1977941612122,-255.169940617194,-31.9191707034452,"APO","APO"
-75.1904709400918,-252.498188869103,-19.3288940480668,"APO","APO"
-62.4331625762104,-253.651627778335,-35.0550142434714,"APO","APO"
-64.8757213291244,-227.88090963972,-46.4933539061097,"APO","APO"
-54.2617762934729,-232.724669110401,-46.1464610343546,"APO","APO"
-55.7200339376016,-242.02659097035,-34.3787615148569,"APO","APO"
-40.6969948480175,-233.758018657276,-51.9824809346026,"APO","APO"
-58.7559351883486,-254.93111790968,-52.177997253949,"APO","APO"
-59.6646868329912,-256.155810136984,-47.2569828563047,"APO","APO"
-61.7865252564446,-247.687739137303,-39.1926526097924,"APO","APO"
-58.6919912222817,-252.695669109272,-45.5978862585544,"APO","APO"
-52.3142028212767,-247.392133706896,-40.7983368823803,"APO","APO"
-63.2056167321431,-235.508569988544,-35.6954627961697,"APO","APO"
-58.8472807515323,-232.204696237315,-29.9918149634556,"APO","APO"
-60.7759249724173,-247.636197431753,-39.0258473116547,"APO","APO"
-79.4520924266784,-275.697874808648,-35.9289290476509,"APO","APO"
-76.8103470503104,-292.692190521305,-37.6140087664962,"APO","APO"
-72.4348847579672,-283.833320443781,-30.8963326717221,"APO","APO"
-75.2666918215819,-287.117054115897,-23.0116981293996,"APO","APO"
-82.5629755107954,-281.898385896547,-10.7813129456887,"APO","APO"
-100.176857791152,-281.126928373095,-22.5123499031656,"APO","APO"
-99.5071626595741,-276.243935648137,-25.5075872653116,"APO","APO"
-95.4672928849113,-261.490623725085,-14.5277535170339,"APO","APO"
-79.8573801743987,-266.256779442154,-19.3293775749779,"APO","APO"
-78.7320894996966,-256.180553108543,-18.4921586144808,"APO","APO"
-62.8925109621384,-256.969871986578,-22.1741372931626,"APO","APO"
-56.0448275981702,-240.985138057246,-31.7463619667603,"APO","APO"
-63.2559276848779,-248.450203843674,-30.4346582456388,"APO","APO"
-67.1007144510739,-246.614668333401,-32.1555012300208,"APO","APO"
-58.9658693226616,-236.258038999612,-28.9469801486439,"APO","APO"
-59.1847455859732,-230.489380090664,-41.5045076802306,"APO","APO"
-24.3172695325993,-231.849637352124,-57.3786250250411,"APO","APO"
-33.9979405934599,-216.912772671708,-69.1819148079275,"APO","APO"
-35.8909457789127,-201.490009214095,-66.4429843492179,"APO","APO"
-26.0051995913899,-184.074352859617,-54.0311432921274,"APO","APO"
-42.9717350331239,-185.906374409138,-84.6050086466256,"APO","APO"
-50.5904894011693,-184.804415036204,-72.5860092101738,"APO","APO"
-63.5151011736231,-167.121692686225,-57.2756909268038,"APO","APO"
-55.9942999748965,-158.81002865626,-65.7047437337178,"APO","APO"
-57.4965153575934,-170.082173387657,-67.5096220462179,"APO","APO"
-47.5805859970433,-192.04908787679,-63.4829253611944,"APO","APO"
-53.099174721329,-193.944214531783,-42.7085851299021,"APO","APO"
-71.1993699067517,-184.010514828985,-33.5959816968356,"APO","APO"
-86.295245339481,-170.514091543629,-33.4412246372552,"APO","APO"
-97.1894437231721,-178.641362800316,-30.0821836136185,"APO","APO"
-96.4135359350731,-177.476827088482,-49.4959965507948,"APO","APO"
-79.7131774734431,-169.286334066688,-54.9003331705543,"APO","APO"
-82.0481592356238,-163.105003219286,-49.7370131610287,"APO","APO"
-75.3137029686814,-161.79485603405,-41.5850213786791,"APO","APO"
-59.2812676083522,-173.414343987724,-57.1048088757222,"APO","APO"
-74.0683766031858,-196.793779149999,-55.2417437122964,"APO","APO"
-69.762234932156,-197.137397352715,-56.7060581752796,"APO","APO"
-72.9882326423086,-185.076116613286,-51.2483261952634,"APO","APO"
-71.472388111671,-180.282786527727,-61.4784693873965,"APO","APO"
-48.8203114976714,-185.237871944927,-48.4831323180761,"APO","APO"
-45.0430619134566,-178.087969799717,-55.3814600721747,"APO","APO"
-25.04412600842,-223.835826195856,-71.3176545676229,"APO","APO"
-48.712402375176,-225.83805521819,-60.0684220131313,"APO","APO"
-56.088651200267,-225.138814755434,-56.606895559436,"APO","APO"
-49.7520708067981,-232.929881113178,-65.479033866594,"APO","APO"
-62.2503500395584,-257.443230615176,-73.1325063715633,"APO","APO"
-58.0337771710723,-281.485620554506,-80.1929223059582,"APO","APO"
-48.8651900629032,-272.572137730846,-93.0748522373577,"APO","APO"
-40.5639981838539,-270.209887006606,-92.8193924905476,"APO","APO"
-41.6862062256124,-270.588822378915,-101.971790800656,"APO","APO"
-51.2622089005367,-252.53795297975,-96.7294175078006,"APO","APO"
-69.3252479907886,-251.77836253309,-81.1892951182347,"APO","APO"
-69.1145134830062,-246.444499767381,-85.6353502772115,"APO","APO"
-59.2754213283283,-261.231856781321,-119.400516997021,"APO","APO"
-50.4725048666755,-260.062330466918,-114.266150097702,"APO","APO"
-54.5554246553936,-266.564924259814,-107.959079555897,"APO","APO"
-82.6850768640652,-281.326875166104,-104.278433402071,"APO","APO"
-76.3255049394107,-286.909664341945,-112.017751844776,"APO","APO"
-86.7210693584913,-289.858667945216,-120.600659908945,"APO","APO"
-69.5394188148542,-288.455612297738,-141.565925787964,"APO","APO"
-68.7832032178184,-289.888388683785,-128.141574314265,"APO","APO"
-55.6015337159457,-304.698112522329,-131.52775474535,"APO","APO"
-70.4151588306123,-311.057542169222,-138.876542161963,"APO","APO"
-61.7485264800718,-311.424628378132,-151.264958443016,"APO","APO"
-54.6684718801864,-302.776088734794,-145.700543763475,"APO","APO"
-53.583153040021,-291.077371373226,-160.759982123319,"APO","APO"
-34.4717570390855,-302.988492677982,-182.958771059939,"APO","APO"
-31.4128184106022,-289.229120813196,-186.656699090662,"APO","APO"
-26.6776519233245,-263.483255119198,-172.145004024721,"APO","APO"
-23.2375771592969,-267.003604076105,-165.470174958642,"APO","APO"
-50.3881279940942,-276.742303784599,-165.247422979778,"APO","APO"
-57.4357750263561,-309.30068098805,-173.163625490047,"APO","APO"
-58.852709121917,-300.189121659627,-169.269883681438,"APO","APO"
-52.1864174931463,26.0832330742798,72.4169314541836,"AZD5305","Unknown"
-72.9755839594832,37.0509798911814,80.7378461158274,"AZD5305","Unknown"
-60.8539217234229,35.5756664677072,70.4736570773817,"AZD5305","Unknown"
-60.1878938597056,40.5710896563113,54.7257707773777,"AZD5305","Unknown"
-71.3803752614649,43.3029012629087,32.6544130018185,"AZD5305","Unknown"
-71.8937088324747,48.9072601217618,41.7225168840365,"AZD5305","Unknown"
-69.6921599065893,51.8876941631835,41.4738168283557,"AZD5305","Unknown"
-82.0802437025173,47.5461759815256,27.2434417286977,"AZD5305","Unknown"
-91.4185957862904,57.148910062326,25.2133762706238,"AZD5305","Unknown"
-94.4347990580934,61.1725467277587,42.0954810280704,"AZD5305","Unknown"
-91.7425285003834,39.3815999459457,44.6746497289076,"AZD5305","Unknown"
-89.9700842018501,44.0543450504948,46.7077318817166,"AZD5305","Unknown"
-89.4838891667967,59.4167253276224,47.6809191965507,"AZD5305","Unknown"
-98.4804256366729,53.743073754133,34.6419706610658,"AZD5305","Unknown"
-118.44623684,40.0232968508919,34.1295001134842,"AZD5305","Unknown"
-128.106759664973,48.5471434230289,28.4048203572928,"AZD5305","Unknown"
-132.32020016822,58.9763449661137,33.8303119126645,"AZD5305","Unknown"
-120.327411783493,68.1345597053427,41.4081708568406,"AZD5305","Unknown"
-131.193410497836,85.4325779728595,51.5402890719105,"AZD5305","Unknown"
-133.851609592334,79.7685403849613,58.987035799903,"AZD5305","Unknown"
-150.298485990634,76.6464818977636,56.8367648140633,"AZD5305","Unknown"
-162.915473534212,80.0194295395729,53.1564753043376,"AZD5305","Unknown"
-178.572681680287,88.1374191568796,60.3999895237096,"AZD5305","Unknown"
-188.682283009506,104.058196616602,61.0661199325759,"AZD5305","Unknown"
-196.334859054828,100.031663399105,58.9160749172149,"AZD5305","Unknown"
-208.512801755065,75.6273368698507,73.7519657318802,"AZD5305","Unknown"
-206.211859576073,69.012698275221,71.991748212145,"AZD5305","Unknown"
-203.331047530957,74.5103689254472,79.0357651467354,"AZD5305","Unknown"
-204.097874716904,83.7917923318329,67.2341528284303,"AZD5305","Unknown"
-217.445144700839,86.7233114280443,72.124840699394,"AZD5305","Unknown"
-208.966044151981,93.5961592595758,65.4183502577927,"AZD5305","Unknown"
-191.849170419944,101.37567735832,72.7921326340219,"AZD5305","Unknown"
-215.346899988368,95.3224203416639,84.1833923252264,"AZD5305","Unknown"
-218.236695587045,92.533638855176,52.3074034366943,"AZD5305","Unknown"
-223.700144417121,95.8868196218267,65.7231401064399,"AZD5305","Unknown"
-236.440197688212,91.2808026618925,59.6024957197771,"AZD5305","Unknown"
-240.163616995228,78.678209967277,58.2071265372418,"AZD5305","Unknown"
-238.212987084444,73.0673804731562,51.8547132753016,"AZD5305","Unknown"
-257.513534852912,64.1437244879832,45.6465650594377,"AZD5305","Unknown"
-257.591632959716,48.0969055221038,36.3658456317174,"AZD5305","Unknown"
-255.10701816142,48.8951598596683,44.2870557681376,"AZD5305","Unknown"
-252.846230089256,38.6063650844489,45.9488130933476,"AZD5305","Unknown"
-256.396177574498,36.4549980558226,48.4400865149266,"AZD5305","Unknown"
-272.097680304767,43.1552088715602,25.8247438184114,"AZD5305","Unknown"
-279.880794987507,54.8336734533806,14.2897241223137,"AZD5305","Unknown"
-292.427840524573,65.2578315055972,1.68002994733625,"AZD5305","Unknown"
-287.955717782329,65.3517393255133,6.02765645045673,"AZD5305","Unknown"
-309.239981020657,57.1529193461016,0.14656151763848,"AZD5305","Unknown"
-340.684556570129,67.1896989971101,18.8736826622283,"AZD5305","Unknown"
-350.578278531176,69.4913785534996,20.1135050205072,"AZD5305","Unknown"
-367.444959935286,62.3402901901263,13.6043658763738,"AZD5305","Unknown"
-360.671551755126,70.965161265155,7.61459849617399,"AZD5305","Unknown"
-364.496976046,67.2375457939515,8.45331962253737,"AZD5305","Unknown"
-376.710978466176,62.9191691857846,13.3613828184381,"AZD5305","Unknown"
-386.165273468201,71.8394816078591,2.36462946497508,"AZD5305","Unknown"
-378.137220119025,69.7477488003205,2.15741233164399,"AZD5305","Unknown"
-370.786979964718,85.4517785347033,24.6928033109549,"AZD5305","Unknown"
-365.05605572887,93.4461697907314,30.1575796539751,"AZD5305","Unknown"
-355.784346452063,101.159476870171,37.2914533215387,"AZD5305","Unknown"
-354.688912178871,91.4709044451965,35.5073839544745,"AZD5305","Unknown"
-352.31032160912,110.767383177631,35.6829562694753,"AZD5305","Unknown"
-357.829179471687,89.6622831866396,41.509614315797,"AZD5305","Unknown"
-371.72275640438,85.4786518011639,27.0709466305201,"AZD5305","Unknown"
-366.266869015071,98.9334148768579,36.879188809323,"AZD5305","Unknown"
-374.7003107982,85.8924362851747,43.5659036338194,"AZD5305","Unknown"
-388.791684661928,82.9984232388083,28.298498338604,"AZD5305","Unknown"
-408.124343112237,68.959810450691,32.7955201256323,"AZD5305","Unknown"
-413.653810560604,83.7693560973085,39.6047134335277,"AZD5305","Unknown"
-406.850581122371,75.170668509871,41.3816953676553,"AZD5305","Unknown"
-413.486330458683,69.5918570789129,59.7401686875314,"AZD5305","Unknown"
-418.675718918859,75.1766206634735,74.2014610567759,"AZD5305","Unknown"
-430.576338598401,71.3986018819375,78.471176502308,"AZD5305","Unknown"
-428.764353451022,87.7710229878414,73.7916751816586,"AZD5305","Unknown"
-426.006690529148,107.302013615707,64.3474774231126,"AZD5305","Unknown"
-443.692879930897,124.692543058542,52.1086815303896,"AZD5305","Unknown"
-452.363598098526,115.160034729386,44.6008221363541,"AZD5305","Unknown"
-451.155365596567,116.28670808634,53.9617927743971,"AZD5305","Unknown"
-459.950860221892,115.335142757494,51.88001207996,"AZD5305","Unknown"
-444.580867603727,101.856461328538,35.8266894371191,"AZD5305","Unknown"
-441.87987690182,103.197376635971,34.942558474401,"AZD5305","Unknown"
-435.388025134859,112.885440212316,38.061251134016,"AZD5305","Unknown"
-426.394869548801,111.821122130143,40.7232628532663,"AZD5305","Unknown"
-440.391303798458,127.971658438147,44.0869817861172,"AZD5305","Unknown"
-435.074094414591,126.855706675269,28.9384581992255,"AZD5305","Unknown"
-426.377535492621,117.666427664859,27.0062449537625,"AZD5305","Unknown"
-443.650787469108,111.608224317319,12.6505879017949,"AZD5305","Unknown"
-439.244773256404,106.598127227084,9.65328871629522,"AZD5305","Unknown"
-426.497554969243,105.732190220315,11.3982130463324,"AZD5305","Unknown"
-450.814173422955,101.227639641495,29.0670795225744,"AZD5305","Unknown"
-449.397089473239,75.2679437067998,29.0161549429011,"AZD5305","Unknown"
-447.608144439043,71.8486091989369,26.4029924627097,"AZD5305","Unknown"
-464.676289730902,66.0326735675442,35.3981731439342,"AZD5305","Unknown"
-465.56340385424,60.6549625149958,26.1368909961845,"AZD5305","Unknown"
-462.521113514677,62.9079536501102,27.8997051811614,"AZD5305","Unknown"
-471.554746125925,52.3847159766555,40.4673205415858,"AZD5305","Unknown"
-451.081539642227,42.6705992539279,41.2044846898717,"AZD5305","Unknown"
-454.408028606658,39.4132352978694,38.4835900856378,"AZD5305","Unknown"
-465.109354129072,60.059759536754,37.9898649463562,"AZD5305","Unknown"
-479.153064607647,65.5043888118312,43.6923089349575,"AZD5305","Unknown"
-474.863050175129,63.2615635745932,32.0677297894875,"AZD5305","Unknown"
-459.458069520327,60.5456509850988,35.1378156917414,"AZD5305","Unknown"
-458.121006587932,64.2203950074184,12.3621273548379,"AZD5305","Unknown"
-446.743985277056,82.6797863620947,17.0396247232297,"AZD5305","Unknown"
-459.311586010434,64.976490709933,1.98548276149505,"AZD5305","Unknown"
-456.682667662797,84.8364742711536,2.02147451679869,"AZD5305","Unknown"
-458.568554576055,57.075219591436,13.2279631099176,"AZD5305","Unknown"
-435.179288386599,56.5371650618307,23.5989973038737,"AZD5305","Unknown"
-448.973896350086,68.4689363670839,20.5484551785394,"AZD5305","Unknown"
-433.025466280715,60.2015735026989,11.3645217964359,"AZD5305","Unknown"
-446.503627966953,67.9384895411395,15.8314345640813,"AZD5305","Unknown"
-442.978393253506,66.9079344141663,21.0976324815074,"AZD5305","Unknown"
-446.731162615688,76.4985462540421,9.0831753278992,"AZD5305","Unknown"
-441.467206376564,67.0573336535274,7.94291163332299,"AZD5305","Unknown"
-425.738659493854,67.170621868424,6.78998937402868,"AZD5305","Unknown"
-435.538573547854,85.592759743925,9.05374639493171,"AZD5305","Unknown"
-423.197930136911,93.7947725040204,7.59092532728769,"AZD5305","Unknown"
-412.881645625956,89.3780562059063,-8.92746707046121,"AZD5305","Unknown"
-411.43733508494,79.9486489431145,-2.89159252785924,"AZD5305","Unknown"
-411.446519063721,85.6290084065693,-0.376593604414005,"AZD5305","Unknown"
-406.214159628734,80.472024343771,4.71950270185503,"AZD5305","Unknown"
-403.112552822653,78.3560782628617,0.0407063535040859,"AZD5305","Unknown"
-390.623794198182,73.0909248230957,-0.161737570599347,"AZD5305","Unknown"
-390.963821488101,65.3832029608576,-6.719189475894,"AZD5305","Unknown"
-399.96229324819,59.4772071257528,-22.3937791696185,"AZD5305","Unknown"
-413.733453801597,46.0850454033667,-16.838020144264,"AZD5305","Unknown"
-392.819810449117,41.5205482329506,-5.24670797249279,"AZD5305","Unknown"
-390.035054730285,34.6246803629347,22.0684589122021,"AZD5305","Unknown"
-395.430600829314,43.3293901682308,8.36047058887237,"AZD5305","Unknown"
-391.506641148981,50.93240890447,1.83813954744687,"AZD5305","Unknown"
-391.823348813072,51.2807484570868,-28.8664684638835,"AZD5305","Unknown"
-418.526386913745,47.7094650857645,-41.3235686375678,"AZD5305","Unknown"
-407.683449937573,47.6009304232881,-43.8748838033016,"AZD5305","Unknown"
-390.376837698052,37.2361099792378,-61.5235794149146,"AZD5305","Unknown"
-406.156452164946,27.6229432905732,-66.735546094472,"AZD5305","Unknown"
-409.374713923672,4.21561489361894,-61.5247724549015,"AZD5305","Unknown"
-391.841024634158,11.7994385918299,-55.3944054328959,"AZD5305","Unknown"
-391.169182335317,12.4461904219246,-52.5645083995989,"AZD5305","Unknown"
-397.818941627641,8.75337344806932,-63.0402257992123,"AZD5305","Unknown"
-394.333107929981,-8.15979727285718,-79.6036851821358,"AZD5305","Unknown"
-374.810745872264,-16.5750943755627,-79.7017269577804,"AZD5305","Unknown"
-363.043476084874,-38.5385689789987,-80.8815147575477,"AZD5305","Unknown"
-366.277410530536,-29.1102295056491,-67.0561360296598,"AZD5305","Unknown"
-353.152708505972,-45.0083959314756,-74.7825286767458,"AZD5305","Unknown"
-345.162519344842,-62.7043244619885,-82.717622182342,"AZD5305","Unknown"
-345.032417576482,-54.3416287043969,-86.8897432740687,"AZD5305","Unknown"
-343.648661595187,-46.822474715436,-93.3207845060179,"AZD5305","Unknown"
-341.199182353455,-44.6592195645059,-84.3782587826991,"AZD5305","Unknown"
-357.307216405937,-61.2441617684573,-77.7261258770813,"AZD5305","Unknown"
-365.954400804547,-72.3958655839697,-77.6007983646136,"AZD5305","Unknown"
-367.186662823724,-66.8646120367664,-76.2976656739435,"AZD5305","Unknown"
-371.628375655316,-53.2201215322316,-89.1647011487394,"AZD5305","Unknown"
-372.090684725375,-52.1203395271716,-73.3499502554544,"AZD5305","Unknown"
-377.142154364915,-54.1536582959823,-84.608211634018,"AZD5305","Unknown"
-370.285309469324,-53.9288321563099,-99.2031639501185,"AZD5305","Unknown"
-364.018291630401,-62.7404347040045,-83.3428560928065,"AZD5305","Unknown"
-345.932065839403,-56.1943800096375,-106.885279965071,"AZD5305","Unknown"
-349.047132015651,-54.3839335629842,-95.5617879830773,"AZD5305","Unknown"
-347.673841056154,-44.8345489792601,-78.006034762357,"AZD5305","Unknown"
-359.616962990741,-54.4356672600605,-93.3374101775549,"AZD5305","Unknown"
-370.012195359929,-58.0591243830951,-98.2791187333832,"AZD5305","Unknown"
-373.141738113102,-73.1243024728052,-87.1074066517848,"AZD5305","Unknown"
-383.167043476629,-68.1735184200477,-100.614424883373,"AZD5305","Unknown"
-385.551421300527,-68.8236409873502,-106.284247788808,"AZD5305","Unknown"
-375.020237834844,-73.9548317222754,-100.894104350666,"AZD5305","Unknown"
-381.796350262451,-74.0046905056142,-95.3567509789249,"AZD5305","Unknown"
-378.042043833583,-68.9310344687289,-103.487436187852,"AZD5305","Unknown"
-375.159207083238,-60.4547522653939,-100.128737180747,"AZD5305","Unknown"
-371.1412308552,-71.3428858039183,-109.941400003963,"AZD5305","Unknown"
-372.252232528086,-83.559763839621,-98.3097521997043,"AZD5305","Unknown"
-371.143013085082,-79.1759795447287,-93.7835308135284,"AZD5305","Unknown"
-369.944516016677,-93.0270008173801,-78.9831876039653,"AZD5305","Unknown"
-370.894603878398,-106.859827985675,-79.4080697642525,"AZD5305","Unknown"
-354.452790565157,-88.9570061067931,-93.1682499699171,"AZD5305","Unknown"
-345.105826673609,-98.8746696451972,-107.797379062702,"AZD5305","Unknown"
-348.308378597859,-86.7305143127898,-113.734930464325,"AZD5305","Unknown"
-327.07261039052,-66.4438190840877,-115.08516967491,"AZD5305","Unknown"
-326.575029998221,-63.6110756292345,-99.8294227182922,"AZD5305","Unknown"
-321.580847640744,-88.2903465929366,-102.496244785507,"AZD5305","Unknown"
-320.279966353402,-112.814142708186,-109.62187038311,"AZD5305","Unknown"
-319.666760263218,-122.896523688725,-107.486125087977,"AZD5305","Unknown"
-320.665708504221,-134.537525974737,-110.580181610824,"AZD5305","Unknown"
-323.182429878216,-131.344279552344,-121.028297653063,"AZD5305","Unknown"
-313.780421665004,-126.763837813578,-131.356667894879,"AZD5305","Unknown"
-315.365699633446,-117.358723419629,-136.464330411465,"AZD5305","Unknown"
-305.548917824912,-98.5585798988687,-118.193495354188,"AZD5305","Unknown"
-290.069472416871,-97.8382347625263,-125.928581860407,"AZD5305","Unknown"
-313.656174232973,-108.138410414057,-120.404625476383,"AZD5305","Unknown"
-313.643787136873,-101.541321086589,-135.506185367412,"AZD5305","Unknown"
-317.907500036495,-119.710182560444,-131.693906177462,"AZD5305","Unknown"
-313.69594977849,-97.1859241782008,-127.689413622616,"AZD5305","Unknown"
-336.045127394411,-98.4675146911579,-128.606189150317,"AZD5305","Unknown"
-336.520380800615,-94.6731970230385,-133.484977563126,"AZD5305","Unknown"
-324.405168414474,-103.233770719539,-128.256050948602,"AZD5305","Unknown"
-298.44075084538,-124.719843978953,-130.564151756346,"AZD5305","Unknown"
-289.689596262354,-127.511936689656,-137.01149819627,"AZD5305","Unknown"
78.707426584626,-24.8030449068753,-9.92751192970767,"Talazoparib","Type_II"
59.3933254691205,-22.6341935357176,-32.4869960145057,"Talazoparib","Type_II"
54.6018231973145,-30.7260726698247,-33.7286231194532,"Talazoparib","Type_II"
63.8600474207004,-29.1637649833762,-32.7249942264733,"Talazoparib","Type_II"
90.1250695408036,-15.6689985982384,-35.7313651532189,"Talazoparib","Type_II"
83.8330213527112,-5.27851232875746,-46.0277424151812,"Talazoparib","Type_II"
82.2112018929917,5.58204982255803,-45.9477728702401,"Talazoparib","Type_II"
61.9114844992381,5.13825927603247,-33.6333912127407,"Talazoparib","Type_II"
59.1795251251034,23.1940626073268,-47.5676443685222,"Talazoparib","Type_II"
54.4662957231198,25.6737718234624,-56.7347078051446,"Talazoparib","Type_II"
47.9576271128016,28.7485619934083,-36.794050212859,"Talazoparib","Type_II"
48.3423024447238,31.3961358043988,-28.6506285157358,"Talazoparib","Type_II"
45.2399894219986,22.1073536838671,-33.847460290613,"Talazoparib","Type_II"
39.7791979097184,11.1918569004888,-42.4408066693323,"Talazoparib","Type_II"
36.0244415669449,27.9128336918088,-46.5340315034835,"Talazoparib","Type_II"
17.0926821923756,35.6211519670929,-54.9054194494135,"Talazoparib","Type_II"
20.1150542095882,36.2709263636662,-61.3099715147767,"Talazoparib","Type_II"
15.15474679184,55.3815996266985,-70.4158979009585,"Talazoparib","Type_II"
19.1174301654262,61.5504324085394,-62.1196975045131,"Talazoparib","Type_II"
3.86083073492051,52.2935838648025,-65.1082776895201,"Talazoparib","Type_II"
10.9598900138831,54.4802478079511,-81.337954580278,"Talazoparib","Type_II"
22.9857436429807,53.7103747084909,-88.0082157375931,"Talazoparib","Type_II"
0.931066396131036,57.8011061288921,-102.731888601332,"Talazoparib","Type_II"
17.4330822779815,60.9482578544334,-99.4690192233269,"Talazoparib","Type_II"
6.25262979760495,60.9443211781384,-110.133560577867,"Talazoparib","Type_II"
32.8879668434573,69.5251188127078,-95.6317031748708,"Talazoparib","Type_II"
53.2183976011883,81.8123379445327,-78.3234033217233,"Talazoparib","Type_II"
60.9911797836518,91.9473469269694,-75.9117207742998,"Talazoparib","Type_II"
73.8516120357244,115.394141466059,-83.8423148657823,"Talazoparib","Type_II"
89.4722857592098,110.311534652825,-86.4270247404513,"Talazoparib","Type_II"
107.064185986739,115.497355281985,-73.5432977841226,"Talazoparib","Type_II"
99.6568722545977,118.61787732502,-58.5837559397623,"Talazoparib","Type_II"
102.326570905567,117.6662906783,-71.7210323978328,"Talazoparib","Type_II"
98.5770118665525,97.9171869273302,-73.6392461147715,"Talazoparib","Type_II"
98.390180998358,97.118809666774,-61.577670003185,"Talazoparib","Type_II"
96.9446545719998,99.1627638428222,-33.7741063223633,"Talazoparib","Type_II"
79.5016871985415,98.1374371498203,-22.8904209606658,"Talazoparib","Type_II"
75.3756554571734,106.819949455328,-18.379918562683,"Talazoparib","Type_II"
71.4288658564094,128.890525745279,-23.316221357138,"Talazoparib","Type_II"
79.4820235600116,149.193625844803,-28.0327583895897,"Talazoparib","Type_II"
82.5114436836302,158.437668037484,-22.4246621132194,"Talazoparib","Type_II"
80.5032899126591,153.538951242632,-11.7855729382917,"Talazoparib","Type_II"
84.8594651932594,154.822272091737,-15.9269429524178,"Talazoparib","Type_II"
86.1309016255295,165.52501278181,-15.7871936866013,"Talazoparib","Type_II"
99.6441911355582,157.965815175525,-20.0427218949238,"Talazoparib","Type_II"
127.768982694449,186.346058363356,-10.0319485051102,"Talazoparib","Type_II"
140.685427249176,196.06777329638,-1.3018412806158,"Talazoparib","Type_II"
144.353601733254,200.437000539627,-27.8560827179487,"Talazoparib","Type_II"
152.063096154383,208.417586393324,-13.2760708094977,"Talazoparib","Type_II"
150.599261869945,205.640547569837,-19.6820700290625,"Talazoparib","Type_II"
152.756429520015,225.232705742504,-22.455965016901,"Talazoparib","Type_II"
160.158419325379,228.637906541967,7.7185834402797,"Talazoparib","Type_II"
165.149389013768,234.280744917592,10.4177601874288,"Talazoparib","Type_II"
148.088824262554,244.677518531991,25.4336764901362,"Talazoparib","Type_II"
167.706574645814,251.160038060404,9.18682371350102,"Talazoparib","Type_II"
169.825734869942,249.030992867458,-16.5597544114079,"Talazoparib","Type_II"
194.026181286967,251.813631825114,-24.6672033285966,"Talazoparib","Type_II"
178.267332683461,263.183091274024,-42.6460048771845,"Talazoparib","Type_II"
159.20736704363,273.319517888536,-31.9903575828654,"Talazoparib","Type_II"
184.82459847666,286.882809681429,-30.5653443635994,"Talazoparib","Type_II"
196.002003068869,290.93602247189,-18.395785209194,"Talazoparib","Type_II"
195.096433434902,293.267734926106,-10.7216594300288,"Talazoparib","Type_II"
193.176677881222,278.994241793837,-3.86097517980192,"Talazoparib","Type_II"
187.751232853322,263.402229202582,-29.9438886547074,"Talazoparib","Type_II"
189.448325733569,263.777808285428,-38.7118688579615,"Talazoparib","Type_II"
198.536462561587,253.109228237468,-45.3647274932306,"Talazoparib","Type_II"
177.925035516282,241.88182601631,-49.4303474851204,"Talazoparib","Type_II"
165.142162778122,250.572265738381,-63.0078646201355,"Talazoparib","Type_II"
168.938775874793,257.284139850762,-50.950508345918,"Talazoparib","Type_II"
184.597536066841,264.671383818973,-50.2184684135961,"Talazoparib","Type_II"
164.194970121333,261.202106830036,-55.5153973103761,"Talazoparib","Type_II"
173.196828147521,271.877605298822,-46.8025257817633,"Talazoparib","Type_II"
175.681664774982,286.996216651487,-36.0754654413945,"Talazoparib","Type_II"
170.274474735168,269.760531497725,-27.439033535734,"Talazoparib","Type_II"
193.672326674248,278.294577554259,-10.9222101738323,"Talazoparib","Type_II"
172.637072124139,270.267972412374,-12.3197428801625,"Talazoparib","Type_II"
167.161479622037,276.981033102601,-42.3316084212204,"Talazoparib","Type_II"
160.780968389337,247.055574382662,-53.571251976003,"Talazoparib","Type_II"
167.336848122491,239.322110445512,-45.2699258072678,"Talazoparib","Type_II"
192.023419721701,236.517844432234,-46.698875569186,"Talazoparib","Type_II"
194.718639147142,248.63579583195,-53.8572555717096,"Talazoparib","Type_II"
186.091665677802,256.723229815655,-36.1632519720701,"Talazoparib","Type_II"
183.951811343287,246.025937309414,-43.6221666374877,"Talazoparib","Type_II"
199.030170335086,226.143978068169,-48.811995212746,"Talazoparib","Type_II"
216.852795255953,215.886523331558,-24.9908479480098,"Talazoparib","Type_II"
229.814387620891,211.87549711924,-22.7729711361905,"Talazoparib","Type_II"
211.818289212296,210.037580065227,-33.7670827572933,"Talazoparib","Type_II"
213.239656555316,201.935530690804,-14.0221130403682,"Talazoparib","Type_II"
201.337574258649,208.592554832936,-16.9077879999533,"Talazoparib","Type_II"
210.394341458107,214.442002142697,-25.9209513806365,"Talazoparib","Type_II"
218.000457626898,214.026322046637,-19.8909452915898,"Talazoparib","Type_II"
215.409506320316,203.75429437843,-34.1422640869467,"Talazoparib","Type_II"
237.77919901491,211.427578452873,-41.3202563109557,"Talazoparib","Type_II"
226.281863178161,202.799164650726,-44.6066492498143,"Talazoparib","Type_II"
217.126824154982,186.768643914233,-41.2427280777076,"Talazoparib","Type_II"
216.50645586402,186.596435684528,-31.282405282432,"Talazoparib","Type_II"
215.931474320063,180.866041317826,-34.3006891892934,"Talazoparib","Type_II"
227.085705603252,166.530881156846,-26.2667458256305,"Talazoparib","Type_II"
221.705926634475,161.999917200566,-19.294979662757,"Talazoparib","Type_II"
208.486124027105,182.716850866498,-51.4739303781135,"Talazoparib","Type_II"
216.0272462564,196.890994170094,-35.8714829721905,"Talazoparib","Type_II"
225.429866460325,205.677493999382,-48.8116790929333,"Talazoparib","Type_II"
227.070172943704,201.279137322649,-46.4544283139671,"Talazoparib","Type_II"
244.285728074411,206.30068496849,-45.399813580043,"Talazoparib","Type_II"
252.517019028414,191.710828559587,-47.6537219288178,"Talazoparib","Type_II"
249.220517116374,193.169304019926,-61.4074481296754,"Talazoparib","Type_II"
250.215643914278,203.73347775749,-64.4194882919402,"Talazoparib","Type_II"
237.080945483052,199.371315937089,-53.4490098719529,"Talazoparib","Type_II"
227.988092737827,183.509202238499,-43.3613409919778,"Talazoparib","Type_II"
216.492285566628,196.641138795237,-52.5999493238843,"Talazoparib","Type_II"
225.32465521966,203.265519604931,-60.0820453772309,"Talazoparib","Type_II"
207.621929659544,202.798424759134,-38.6637562437921,"Talazoparib","Type_II"
216.830667595412,210.154344083614,-54.102293814824,"Talazoparib","Type_II"
220.339438656344,202.85839587343,-55.6852643688485,"Talazoparib","Type_II"
205.023300036433,194.141907758227,-54.485153795755,"Talazoparib","Type_II"
202.751234688747,187.953729862614,-49.5085247746212,"Talazoparib","Type_II"
212.313176928896,193.925319956702,-49.930395008279,"Talazoparib","Type_II"
215.210202123849,215.856781303594,-47.1502870075051,"Talazoparib","Type_II"
200.524682871962,222.585089757681,-29.5424918441199,"Talazoparib","Type_II"
209.644611444682,227.796119572835,-31.2825809038831,"Talazoparib","Type_II"
202.275622116435,217.244568225281,-34.7087441669335,"Talazoparib","Type_II"
203.767159326639,220.467288596008,-27.9823963662605,"Talazoparib","Type_II"
182.266339595498,221.425964721849,-21.4333961176208,"Talazoparib","Type_II"
196.149916336522,220.319104941124,-38.9385539928487,"Talazoparib","Type_II"
192.063326910099,239.121993794489,-43.8465960522108,"Talazoparib","Type_II"
173.950650764078,235.256742878512,-27.9330787380753,"Talazoparib","Type_II"
176.458144953725,223.192955078627,-35.6636018468974,"Talazoparib","Type_II"
174.367486449711,223.413821392618,-32.0048504846008,"Talazoparib","Type_II"
193.342396759107,234.24280954804,-33.1268035248966,"Talazoparib","Type_II"
199.05587095241,238.388852444069,-37.6890298577555,"Talazoparib","Type_II"
190.548899641547,241.124046343452,-29.9558838998663,"Talazoparib","Type_II"
189.502371165205,240.962927629061,-40.3560712430729,"Talazoparib","Type_II"
188.687841386348,237.385052799496,-39.4605777352325,"Talazoparib","Type_II"
177.140882146294,233.097997579958,-35.5608696366957,"Talazoparib","Type_II"
194.830039915208,235.393276214331,-36.3934864410234,"Talazoparib","Type_II"
184.517047106885,247.989671791152,-16.8693666749976,"Talazoparib","Type_II"
179.719566196618,240.521768483509,-19.0761212011606,"Talazoparib","Type_II"
183.70719320493,246.265425924051,-45.9667418597421,"Talazoparib","Type_II"
182.763258261558,240.552349810489,-28.0051307459248,"Talazoparib","Type_II"
192.431640382133,221.391109196112,-22.9741097457868,"Talazoparib","Type_II"
177.110234411557,235.265203797872,-24.1723523415971,"Talazoparib","Type_II"
180.2185481345,245.261604865177,-27.1311438879056,"Talazoparib","Type_II"
185.459016089608,255.42896161423,-11.9626675734469,"Talazoparib","Type_II"
174.5012013921,227.982407149613,-29.4729057192446,"Talazoparib","Type_II"
179.52681121234,228.858321969439,-37.0883632743944,"Talazoparib","Type_II"
191.302137863775,232.025272277592,-44.773982232444,"Talazoparib","Type_II"
173.651360904868,231.619576639037,-40.3719507869361,"Talazoparib","Type_II"
185.139046344809,251.785875278431,-34.919914764122,"Talazoparib","Type_II"
173.202885375447,249.851755786562,-53.2571318285066,"Talazoparib","Type_II"
166.286998872764,250.836611409868,-51.5063617645801,"Talazoparib","Type_II"
161.393152411133,230.707839023853,-54.2959562401514,"Talazoparib","Type_II"
150.824553876694,226.366056091585,-54.9752764204179,"Talazoparib","Type_II"
170.431046974182,226.164011719988,-47.3335086674424,"Talazoparib","Type_II"
177.173923112478,206.440560277509,-60.220495590965,"Talazoparib","Type_II"
199.510340012739,218.699829285133,-49.5134952701876,"Talazoparib","Type_II"
194.836451954384,211.525982878909,-47.8139409062701,"Talazoparib","Type_II"
216.596391157513,218.237694774208,-47.4152863975376,"Talazoparib","Type_II"
218.027176556468,221.27960884319,-27.0166554558889,"Talazoparib","Type_II"
208.275585773277,215.537175657642,-31.9092057899452,"Talazoparib","Type_II"
190.301116478703,225.133710614914,-25.6086099237506,"Talazoparib","Type_II"
192.238347222549,206.430681611598,-27.4038554311822,"Talazoparib","Type_II"
193.642405188442,219.178369360793,-32.921578300154,"Talazoparib","Type_II"
196.486298312274,212.736178797851,-32.3170319973396,"Talazoparib","Type_II"
209.959745713057,202.26505258069,-41.3436516371421,"Talazoparib","Type_II"
207.601473460654,222.162491150339,-49.6263032017244,"Talazoparib","Type_II"
231.138783310526,225.93930625641,-50.8845614808201,"Talazoparib","Type_II"
218.491002844469,226.926446545717,-39.6036568685036,"Talazoparib","Type_II"
221.418486128467,211.600980023098,-49.1484436078735,"Talazoparib","Type_II"
226.635836556971,226.886456269619,-35.3085179338724,"Talazoparib","Type_II"
230.027060962082,222.520148135412,-25.6690393974738,"Talazoparib","Type_II"
223.032016662329,216.214996728765,-33.0844245526524,"Talazoparib","Type_II"
232.168881726844,216.907731537896,-24.2973970132255,"Talazoparib","Type_II"
218.102561747153,216.445965556411,-31.6310775373153,"Talazoparib","Type_II"
209.429275699675,218.668983571524,-41.9623264531061,"Talazoparib","Type_II"
202.084856841374,220.884603210291,-57.5467896981853,"Talazoparib","Type_II"
220.934607479448,215.824643842422,-45.4465010490922,"Talazoparib","Type_II"
220.147683618753,212.430446823697,-50.9281459062765,"Talazoparib","Type_II"
235.221365295629,221.586332678798,-37.5678045637602,"Talazoparib","Type_II"
239.552840616061,209.168482420394,-30.356979170766,"Talazoparib","Type_II"
228.905118369509,218.410585037048,-21.2670177070988,"Talazoparib","Type_II"
222.132830369315,217.188997526957,-37.0109312896393,"Talazoparib","Type_II"
223.446086290016,204.416603973851,-13.6482605956046,"Talazoparib","Type_II"
232.592141429342,205.105200698187,-13.1234194334873,"Talazoparib","Type_II"
232.148274650694,216.257223489858,2.17997292222894,"Talazoparib","Type_II"
210.161812531532,222.93050535903,2.47678628725878,"Talazoparib","Type_II"
199.231981343501,221.215093318158,2.90635332349742,"Talazoparib","Type_II"
206.821562208954,217.263301514804,-4.07384420386472,"Talazoparib","Type_II"
219.018959120835,218.873100808125,3.55003523820306,"Talazoparib","Type_II"
185.530738125273,207.790713957559,-15.3207243419823,"Talazoparib","Type_II"
186.183335871598,204.876517995236,-31.0650246402037,"Talazoparib","Type_II"
180.507267463073,192.963287583762,-39.6110786142797,"Talazoparib","Type_II"
176.884583795436,183.354524303838,-50.0224000068972,"Talazoparib","Type_II"
176.016990177365,202.104269638652,-27.8477484877541,"Talazoparib","Type_II"
161.556660440295,182.60071452397,-38.3798556496733,"Talazoparib","Type_II"
153.814243214282,171.93909601034,-30.7426399319374,"Talazoparib","Type_II"
135.681353662456,176.166509969025,-40.5487749862566,"Talazoparib","Type_II"
159.734619587882,176.863266025808,-24.9245367683729,"Talazoparib","Type_II"
155.695951125807,167.203776625115,-19.6195363489235,"Talazoparib","Type_II"
142.797041161192,153.973803625183,-15.0096935162875,"Talazoparib","Type_II"
160.300303533856,160.123688554213,-3.94337843126276,"Talazoparib","Type_II"
-45.1175401637593,46.1572310288793,67.9901826117818,"Veliparib","Type_III"
-51.6345234290312,39.814825548086,37.9885141627542,"Veliparib","Type_III"
-43.877898838281,30.8717528465875,23.8735101839322,"Veliparib","Type_III"
-31.0233743061033,45.4449077821772,24.9523704923376,"Veliparib","Type_III"
-24.3111628667576,56.6359880457327,25.4906058775636,"Veliparib","Type_III"
-36.7450092550488,75.7495005139536,26.5859217409237,"Veliparib","Type_III"
-28.6983719241205,83.4170744169847,21.390590729906,"Veliparib","Type_III"
-20.3707623786075,93.6988473299411,32.6332903761912,"Veliparib","Type_III"
-30.6591030608636,98.0429982299843,46.6202808405433,"Veliparib","Type_III"
-42.1810645830526,97.1405021433123,40.8768776631104,"Veliparib","Type_III"
-47.4807334183592,106.343076903488,44.0375147869628,"Veliparib","Type_III"
-43.5177581759382,118.646036656411,37.4053177160807,"Veliparib","Type_III"
-47.991715948815,125.004286621184,20.701300776478,"Veliparib","Type_III"
-30.849693181043,137.723832875439,28.6062725102458,"Veliparib","Type_III"
-41.4319100444528,130.687868071693,23.5973225102466,"Veliparib","Type_III"
-47.517569698911,123.895561409332,16.6874262584453,"Veliparib","Type_III"
-42.9175842139855,111.643029884258,7.87365514714527,"Veliparib","Type_III"
-25.1932001693269,102.459501718783,12.7579078680177,"Veliparib","Type_III"
-47.6230507419091,102.770545166599,31.623092601545,"Veliparib","Type_III"
-48.8721004671619,92.4410980314124,29.9978913702859,"Veliparib","Type_III"
-54.306921921164,69.5488349164198,42.5654859181502,"Veliparib","Type_III"
-53.3723957049981,63.0639230157613,49.6391043836606,"Veliparib","Type_III"
-59.2563737438838,61.2758527410244,64.3419360257788,"Veliparib","Type_III"
-68.045245394865,52.4660902966771,65.6716872693728,"Veliparib","Type_III"
-56.1295990774737,54.4516159531868,68.7120299900842,"Veliparib","Type_III"
-65.8069043805856,51.978873378432,54.4093363083416,"Veliparib","Type_III"
-70.3571157151229,44.5215415210455,40.3364167786116,"Veliparib","Type_III"
-51.6296996167933,43.8609031499346,44.7029841134312,"Veliparib","Type_III"
-56.8929428155374,59.1975884588725,59.463058867595,"Veliparib","Type_III"
-51.0577727874956,48.3135720676129,68.50857823262,"Veliparib","Type_III"
-56.1455616841639,88.3212909551414,61.8604839208987,"Veliparib","Type_III"
-63.3442522758637,85.2379493907265,38.8523171417075,"Veliparib","Type_III"
-78.575091151394,86.0044932944247,28.4140773923405,"Veliparib","Type_III"
-83.6407011695369,80.9828566409642,18.9367664959894,"Veliparib","Type_III"
-93.4791364727818,93.1884132707032,41.161166252284,"Veliparib","Type_III"
-85.723788066461,107.123100439244,50.5990624910448,"Veliparib","Type_III"
-89.8302585443473,122.65388292973,53.8801527092367,"Veliparib","Type_III"
-89.4069945802389,135.496025505712,44.7081562049018,"Veliparib","Type_III"
-92.5530047370869,117.352671697942,44.2322260090704,"Veliparib","Type_III"
-107.536583447858,108.374178546924,40.9020088114726,"Veliparib","Type_III"
-104.107813123615,89.9140526461941,39.2965805103036,"Veliparib","Type_III"
-101.917043098388,87.5107684067455,24.1623596172641,"Veliparib","Type_III"
-92.9912785105094,101.009367963144,20.129115826222,"Veliparib","Type_III"
-101.227378162326,118.103985003636,31.0936232175034,"Veliparib","Type_III"
-92.0143125470977,111.984046594718,32.2540937734771,"Veliparib","Type_III"
-110.477958754915,104.092435012109,24.7762227224436,"Veliparib","Type_III"
-130.606545787132,114.587331321513,9.62789454109561,"Veliparib","Type_III"
-127.035183256343,107.455196412203,-1.59900982937009,"Veliparib","Type_III"
-140.963211138983,128.536766871011,-12.9268749370703,"Veliparib","Type_III"
-129.156874253887,131.008282833231,5.28849895657849,"Veliparib","Type_III"
-141.385764610997,122.74040272563,4.23899609992787,"Veliparib","Type_III"
-140.632548820721,124.067034860879,12.7250174438885,"Veliparib","Type_III"
-150.354329664152,141.682047669577,9.89338294224679,"Veliparib","Type_III"
-165.945764549248,148.257344605709,11.8077011118435,"Veliparib","Type_III"
-167.804474752547,147.612726002289,16.1358893056895,"Veliparib","Type_III"
-158.454749734473,149.969970680212,21.7116193436513,"Veliparib","Type_III"
-168.996239945991,159.912877974952,30.505224157934,"Veliparib","Type_III"
-168.041898095145,167.205855975642,31.6071273151104,"Veliparib","Type_III"
-166.199630284137,173.094468072125,36.2886867203975,"Veliparib","Type_III"
-145.308073901623,163.486813879644,22.6414319429582,"Veliparib","Type_III"
-145.150702080761,156.608653200778,19.0527142794804,"Veliparib","Type_III"
-132.994118421261,146.224902722116,1.55165485690813,"Veliparib","Type_III"
-121.515157965264,124.678684466043,14.6907362745044,"Veliparib","Type_III"
-125.339335629276,129.324689841808,20.8836364844266,"Veliparib","Type_III"
-118.267802065291,124.409480184459,41.6185175010117,"Veliparib","Type_III"
-116.309556874711,98.8475291629409,61.7955480766814,"Veliparib","Type_III"
-116.460005490608,92.1327398105887,70.0290858695339,"Veliparib","Type_III"
-114.681521559181,101.068016440801,66.9661735176626,"Veliparib","Type_III"
-110.027285865956,103.001910253806,71.7783043394017,"Veliparib","Type_III"
-116.327352615851,114.737685762975,63.2007008135058,"Veliparib","Type_III"
-106.607455909667,109.999466427799,53.688736272014,"Veliparib","Type_III"
-104.468335327667,127.812815166809,47.3642804256138,"Veliparib","Type_III"
-111.047296102412,117.122736898663,33.7481580535178,"Veliparib","Type_III"
-123.935279458392,112.297661187691,23.5834327332518,"Veliparib","Type_III"
-125.420134504053,109.973275128195,9.87180836816019,"Veliparib","Type_III"
-135.060434560242,99.0219834826103,-0.0900243756124265,"Veliparib","Type_III"
-124.88905346988,95.2430209003685,-9.70844947064215,"Veliparib","Type_III"
-126.800784887044,99.3203556353156,-4.76253542599392,"Veliparib","Type_III"
-119.389775855843,91.4088942461084,-12.8227683357235,"Veliparib","Type_III"
-128.298416270566,99.456278285607,-19.616447156523,"Veliparib","Type_III"
-120.413084080694,81.637306088158,-27.5160189181974,"Veliparib","Type_III"
-98.15256642027,88.2846479696842,-17.4925198377201,"Veliparib","Type_III"
-115.05410660511,65.2046757394832,-38.5589624734124,"Veliparib","Type_III"
-118.439576184571,75.0810851496642,-39.5137558532026,"Veliparib","Type_III"
-124.901709492853,59.6784761635192,-52.5051720178522,"Veliparib","Type_III"
-126.924141819986,33.7864814920982,-59.4420967680864,"Veliparib","Type_III"
-130.259529350859,37.0889663050945,-53.0203625113,"Veliparib","Type_III"
-122.432857218041,59.5158865769126,-52.6542796150905,"Veliparib","Type_III"
-114.61660810318,64.2393357868789,-57.5080247894164,"Veliparib","Type_III"
-126.41881158436,71.0899896781672,-74.9241920517794,"Veliparib","Type_III"
-133.961324433175,64.9142318894989,-71.8956786739066,"Veliparib","Type_III"
-132.988211342196,72.8835617249572,-67.7331304758261,"Veliparib","Type_III"
-137.08618347469,71.0415364695164,-79.5560915698799,"Veliparib","Type_III"
-136.574444142464,79.8760259122734,-103.344486279848,"Veliparib","Type_III"
-132.54019050201,74.6665227467367,-84.3563993311871,"Veliparib","Type_III"
-124.567934997804,55.5331466505037,-87.6556011311472,"Veliparib","Type_III"
-123.481944128056,68.6959128496111,-87.153939012551,"Veliparib","Type_III"
-113.21829892745,79.8440782009663,-74.4297909738102,"Veliparib","Type_III"
-108.811389649642,66.1397263852979,-78.3355199941029,"Veliparib","Type_III"
-109.106606066158,63.7894966255933,-94.2272801753083,"Veliparib","Type_III"
-115.256121002944,90.9125552371788,-78.4898292835377,"Veliparib","Type_III"
-119.477183967369,80.2034288153789,-83.3420557830486,"Veliparib","Type_III"
-128.846864648344,76.8354770520437,-76.3130762884041,"Veliparib","Type_III"
-120.315610696537,77.7446117586904,-84.7423380090278,"Veliparib","Type_III"
-123.642021263987,88.3250908444327,-84.9821924356131,"Veliparib","Type_III"
-142.594152306736,96.3535321064198,-99.286276152038,"Veliparib","Type_III"
-154.642517883847,105.087892307861,-87.5066779203722,"Veliparib","Type_III"
-152.138436090936,103.533176811366,-88.5538306324709,"Veliparib","Type_III"
-153.786241093267,92.9175732469875,-87.455159215964,"Veliparib","Type_III"
-157.28166140039,85.016947214612,-85.680325141738,"Veliparib","Type_III"
-161.974884147518,93.8068454785497,-84.5594636890562,"Veliparib","Type_III"
-158.364172300631,121.804425142574,-70.2511848653581,"Veliparib","Type_III"
-143.74648487741,122.682228143946,-81.4811308487557,"Veliparib","Type_III"
-118.322382132346,125.709407163679,-69.1041852630801,"Veliparib","Type_III"
-120.625199066081,141.11186606418,-65.559402173622,"Veliparib","Type_III"
-121.99877689164,154.893229043044,-52.7798031600876,"Veliparib","Type_III"
-103.428605201179,164.414471446338,-37.0235696269613,"Veliparib","Type_III"
-99.7538416455878,153.823290510325,-16.3434776109963,"Veliparib","Type_III"
-92.4280823570067,154.681874181625,-16.4422152042508,"Veliparib","Type_III"
-80.3408426622961,149.519669982732,-14.0572204866936,"Veliparib","Type_III"
-74.069033856681,137.756644420317,0.354571268022371,"Veliparib","Type_III"
-42.1126110373322,137.507467014295,-3.24732222104616,"Veliparib","Type_III"
-36.8002068950344,136.265868897657,-6.78451645948509,"Veliparib","Type_III"
-37.8904585173918,132.678007756402,1.24268462303959,"Veliparib","Type_III"
-40.7678097214744,136.169792377135,14.3903313461179,"Veliparib","Type_III"
-23.470227543371,125.371525946637,25.0485587785771,"Veliparib","Type_III"
-23.8761681972704,124.082770554696,32.1621916679282,"Veliparib","Type_III"
-25.6674210820522,115.446110802512,22.0995154410755,"Veliparib","Type_III"
-25.9348598429528,122.095113825087,9.7757565148349,"Veliparib","Type_III"
-17.639861473548,113.859629198914,18.5154828413504,"Veliparib","Type_III"
-23.5488526975203,112.566829690972,14.9750674290634,"Veliparib","Type_III"
-25.7678528472552,89.4090760051476,14.6449510502444,"Veliparib","Type_III"
-22.8282645258923,111.008452530424,9.57270640114894,"Veliparib","Type_III"
-20.8406087310476,134.07685526808,5.86066734700703,"Veliparib","Type_III"
-24.2173243760039,140.243441410257,5.81121017428239,"Veliparib","Type_III"
-17.1336601190401,124.717993116883,10.0279995996756,"Veliparib","Type_III"
-23.7881230738983,114.713662515786,-4.14888271343632,"Veliparib","Type_III"
-14.9709553741715,128.325089662385,-8.41434317946563,"Veliparib","Type_III"
-12.7812878718906,127.538014729348,-24.6736979459073,"Veliparib","Type_III"
0.56760759836126,115.784626795272,-24.3815587769675,"Veliparib","Type_III"
3.8103850335715,136.82380987483,-31.7289048165827,"Veliparib","Type_III"
17.995394556224,131.30273641267,-48.5101023484493,"Veliparib","Type_III"
17.52702775685,130.033720293666,-47.5184007807907,"Veliparib","Type_III"
18.9675244492328,141.683369788314,-39.3558126975352,"Veliparib","Type_III"
28.4959223237287,137.482448018528,-40.2954249939663,"Veliparib","Type_III"
43.7796515358011,137.334124206066,-13.5738481306633,"Veliparib","Type_III"
42.5007292920145,119.6784573946,-11.6634805910695,"Veliparib","Type_III"
51.8104597319352,134.011294794256,-17.4292255850683,"Veliparib","Type_III"
53.0929820657021,129.243194331531,-11.2950736295495,"Veliparib","Type_III"
56.5811127072202,141.574130481308,-17.7532747974446,"Veliparib","Type_III"
46.1831192368759,138.896247494477,-17.2729712236934,"Veliparib","Type_III"
41.8653233977351,147.979663066558,-41.9809059085903,"Veliparib","Type_III"
65.9887725439806,151.605261638876,-33.3758399192381,"Veliparib","Type_III"
62.5631470512647,140.957155930493,-18.0446765537293,"Veliparib","Type_III"
49.9900045918357,139.366464343831,-15.5637075688415,"Veliparib","Type_III"
65.485898470058,148.508766804083,-9.19342994391425,"Veliparib","Type_III"
75.733916996675,142.259709308619,0.412144076537167,"Veliparib","Type_III"
73.615890641105,152.895493836907,1.22292335389257,"Veliparib","Type_III"
70.5681553869591,149.179335001872,9.49251567837001,"Veliparib","Type_III"
68.9975677701357,136.243652101667,21.9629303721194,"Veliparib","Type_III"
80.7956121701353,129.700510506365,19.1950431804283,"Veliparib","Type_III"
79.9763794102588,132.646811808136,13.0566022948012,"Veliparib","Type_III"
89.6894499580691,145.422931889591,11.7330056556776,"Veliparib","Type_III"
104.803284207007,150.269828240781,3.18082200960185,"Veliparib","Type_III"
95.2276877459203,144.502326451707,13.4077429748102,"Veliparib","Type_III"
94.7768709369897,163.422902920545,32.5452909605863,"Veliparib","Type_III"
107.052985484108,157.815567645853,29.8445246762805,"Veliparib","Type_III"
88.3780165925375,144.145250225056,28.2923955974505,"Veliparib","Type_III"
96.683088358462,154.601912683252,32.0282081324972,"Veliparib","Type_III"
94.3524932398462,156.148847491535,27.7081619729129,"Veliparib","Type_III"
92.176702186503,145.883654583899,37.5526474952116,"Veliparib","Type_III"
106.548412397648,137.669925190178,19.5623750247839,"Veliparib","Type_III"
110.170753541362,149.433519079795,18.5338722882737,"Veliparib","Type_III"
111.699544684949,142.617712429431,23.3296531241911,"Veliparib","Type_III"
106.489253962232,145.732707684004,11.0410186056745,"Veliparib","Type_III"
97.8280427930907,146.084154772811,14.3825188106841,"Veliparib","Type_III"
106.750429651898,173.468974562487,26.6535119906823,"Veliparib","Type_III"
109.183965072519,164.980670177501,14.7326106472386,"Veliparib","Type_III"
131.671263143228,171.10121584222,31.7489332041139,"Veliparib","Type_III"
145.151504217486,165.291086463901,26.2348919483023,"Veliparib","Type_III"
134.689833306228,168.164064664756,28.9056595253592,"Veliparib","Type_III"
133.48815170877,173.466735245539,31.1692038244663,"Veliparib","Type_III"
134.089082713076,170.869862454156,29.2927069651121,"Veliparib","Type_III"
140.184350438691,173.96914347991,36.2072448887065,"Veliparib","Type_III"
138.981353465222,177.62950176359,30.5304859297324,"Veliparib","Type_III"
132.698273077082,166.383625574816,27.0700870281365,"Veliparib","Type_III"
133.26254338595,173.663242252045,35.1688355758237,"Veliparib","Type_III"
110.014928262015,175.192239706507,29.4979557135271,"Veliparib","Type_III"
102.979636889283,171.074381389648,40.0994286663004,"Veliparib","Type_III"
91.3685387448136,158.843365012772,26.8717074136313,"Veliparib","Type_III"
95.3941783255298,166.779768623249,35.3203126400169,"Veliparib","Type_III"
75.3200590633131,177.681425044296,43.573300036553,"Veliparib","Type_III"
63.2959508642473,170.330328976898,58.4648663655873,"Veliparib","Type_III"
70.6730132905881,165.422014424072,80.80876263802,"Veliparib","Type_III"
156.561450784192,-62.2248034021572,-1.23019161654194,"Niraparib","Type_III"
153.600964164004,-65.8480458554573,4.64017563848415,"Niraparib","Type_III"
149.731185943292,-68.6506681231054,-3.94644584384295,"Niraparib","Type_III"
154.511806041952,-68.5241838859657,-9.56652601382683,"Niraparib","Type_III"
156.332414456518,-59.7897408800774,-14.0373837426765,"Niraparib","Type_III"
169.222527379279,-53.0007097591321,8.9978137833409,"Niraparib","Type_III"
192.450864854755,-54.1800606809904,27.4380043640091,"Niraparib","Type_III"
185.090742192442,-62.8903025088798,23.6656722835018,"Niraparib","Type_III"
189.626154123019,-65.252826702656,14.2052471738103,"Niraparib","Type_III"
208.752454181831,-66.0519391174285,19.8451340494162,"Niraparib","Type_III"
225.436603171897,-71.5922722407071,32.8628189228983,"Niraparib","Type_III"
230.042019810607,-71.1426939050397,37.6736211804928,"Niraparib","Type_III"
236.029285554782,-63.6093021505131,32.8253685487901,"Niraparib","Type_III"
230.516459591425,-44.3162056446519,17.7406276833813,"Niraparib","Type_III"
254.179665369264,-53.7128615058946,33.9227700173207,"Niraparib","Type_III"
255.187214271178,-56.1018048318251,53.3023165388846,"Niraparib","Type_III"
252.98677459795,-59.3221254952942,65.2025483056049,"Niraparib","Type_III"
255.582825714928,-58.735668282067,59.5142441539987,"Niraparib","Type_III"
260.486994354651,-70.5333346831545,62.6905196257785,"Niraparib","Type_III"
263.103622482435,-71.2941069065691,77.8915545796773,"Niraparib","Type_III"
272.168816188315,-68.5024006545438,71.2200461948526,"Niraparib","Type_III"
267.799857329671,-74.3828343591396,61.6729478591911,"Niraparib","Type_III"
282.5721214508,-68.3561314289846,54.6048069872304,"Niraparib","Type_III"
292.169491916879,-83.1332099332491,52.528942094011,"Niraparib","Type_III"
279.17456439276,-90.3603485140929,35.3100585366179,"Niraparib","Type_III"
262.404506375632,-105.611408889386,43.3641828601396,"Niraparib","Type_III"
265.090277159739,-121.115102177082,30.4934124829628,"Niraparib","Type_III"
272.176764777036,-121.015448749464,45.2222305688069,"Niraparib","Type_III"
261.995181556658,-111.099842487716,41.621938276441,"Niraparib","Type_III"
258.189996209037,-100.536794101964,23.8045573085001,"Niraparib","Type_III"
251.86902435812,-112.045913298112,22.0499724049479,"Niraparib","Type_III"
251.058346712332,-110.318368326086,12.7895766319677,"Niraparib","Type_III"
241.787051005725,-113.824984088646,7.19561110959241,"Niraparib","Type_III"
239.44835475658,-116.050126787088,5.3475484954583,"Niraparib","Type_III"
233.439792399495,-107.619735668915,13.3782806705574,"Niraparib","Type_III"
232.295841004256,-106.977105555384,31.048873704101,"Niraparib","Type_III"
219.552478594195,-111.865928800749,10.8380660959285,"Niraparib","Type_III"
217.281460018608,-111.288983764856,5.64851544258661,"Niraparib","Type_III"
218.595640192315,-128.384465184574,-0.258106928065653,"Niraparib","Type_III"
230.51555620723,-155.190709688915,14.607011157091,"Niraparib","Type_III"
238.883131248987,-146.781289466673,32.7082770748522,"Niraparib","Type_III"
230.903610384112,-154.358278505588,28.8398769270635,"Niraparib","Type_III"
233.171320021042,-147.854059734583,16.8425922505636,"Niraparib","Type_III"
252.432578065593,-137.302429196175,17.6440096732823,"Niraparib","Type_III"
252.753536640883,-144.007435207657,10.332464859228,"Niraparib","Type_III"
227.128498822752,-165.20125925776,-14.7367767660331,"Niraparib","Type_III"
211.939877313353,-155.871918467266,-2.7792290660963,"Niraparib","Type_III"
200.843758889525,-155.599335646717,-21.942029957526,"Niraparib","Type_III"
204.444997156418,-159.405176652566,-29.1632598391901,"Niraparib","Type_III"
210.255110217077,-131.399332563229,-20.5582894249544,"Niraparib","Type_III"
195.044814852908,-126.231928945529,-14.0066858467352,"Niraparib","Type_III"
179.256382206313,-135.374169665324,-2.13185355822863,"Niraparib","Type_III"
167.852013362614,-126.048860576652,-1.24379768515058,"Niraparib","Type_III"
166.360336581945,-132.803661146257,2.2488449274413,"Niraparib","Type_III"
170.213601550699,-125.376794543349,5.58086091938095,"Niraparib","Type_III"
169.57733914689,-120.975060988715,-6.15777988910725,"Niraparib","Type_III"
180.705183410622,-119.290521246327,2.81704503735628,"Niraparib","Type_III"
175.304335271161,-124.220917662645,4.30715649686119,"Niraparib","Type_III"
172.559029148427,-137.320423188321,1.8945410680152,"Niraparib","Type_III"
160.611065522558,-152.565791003971,2.57682382693912,"Niraparib","Type_III"
157.185398104995,-157.214064048446,14.107505863665,"Niraparib","Type_III"
166.266742531575,-160.607990609655,21.4679329159226,"Niraparib","Type_III"
145.647451215437,-178.393165347932,28.350022433756,"Niraparib","Type_III"
155.623330773039,-169.09786319548,38.4188786757624,"Niraparib","Type_III"
150.11223668663,-156.683226473372,30.7423380757635,"Niraparib","Type_III"
150.451082272459,-146.257017232535,40.3684526291421,"Niraparib","Type_III"
131.405589923426,-153.933779550833,44.0173201491947,"Niraparib","Type_III"
132.438163986803,-149.730506026934,54.6950525423912,"Niraparib","Type_III"
125.98848786928,-148.216390117647,48.5506564876838,"Niraparib","Type_III"
120.599723521165,-163.66659306788,65.9295049385812,"Niraparib","Type_III"
134.116935132969,-157.095770998739,74.9478425750499,"Niraparib","Type_III"
131.044148468223,-153.703595053819,71.0499238766705,"Niraparib","Type_III"
132.69973545239,-141.206095430962,76.6944395786829,"Niraparib","Type_III"
132.711988021542,-147.66149651959,70.0334969791773,"Niraparib","Type_III"
126.808237642081,-140.231902305946,61.2246975810243,"Niraparib","Type_III"
136.176754680852,-141.016288915191,41.7981472462309,"Niraparib","Type_III"
114.11706970269,-137.008539541388,32.3519003109343,"Niraparib","Type_III"
137.287999996694,-146.271257376175,19.0567818325429,"Niraparib","Type_III"
129.67447244304,-138.99679365666,31.0115437044177,"Niraparib","Type_III"
126.510457365851,-141.642375206599,27.3542442949855,"Niraparib","Type_III"
149.818011274413,-134.706299680701,15.9884202515645,"Niraparib","Type_III"
145.771372922922,-108.988389251786,14.8226624832948,"Niraparib","Type_III"
160.666037547619,-116.45561712019,4.75897699062597,"Niraparib","Type_III"
170.382223736954,-112.145291072336,4.57416312469954,"Niraparib","Type_III"
173.403856244203,-118.427784868972,6.59025949486953,"Niraparib","Type_III"
175.425564914387,-100.903998969377,10.3953279066271,"Niraparib","Type_III"
189.388778136364,-111.479340424982,3.06009658208731,"Niraparib","Type_III"
190.686826813842,-108.850734230502,3.99079813699478,"Niraparib","Type_III"
195.478700909061,-113.956684823373,27.3711405413204,"Niraparib","Type_III"
176.595866232768,-137.83238829493,29.9679654759182,"Niraparib","Type_III"
192.9984557866,-146.042969914407,32.7556469834997,"Niraparib","Type_III"
214.836435611257,-149.616691601386,37.750617243052,"Niraparib","Type_III"
221.943791171453,-155.079978168707,42.3324608829171,"Niraparib","Type_III"
237.886497594607,-155.220532288972,25.1064953207396,"Niraparib","Type_III"
239.956524714649,-152.053817293387,18.3538934903207,"Niraparib","Type_III"
238.609705822489,-145.913224917613,5.51180232602848,"Niraparib","Type_III"
267.404774279959,-151.971571020657,2.65003596987941,"Niraparib","Type_III"
258.409840910593,-137.278361794615,8.74298640258586,"Niraparib","Type_III"
264.355713678873,-138.563564057899,7.36753750658398,"Niraparib","Type_III"
277.288948281297,-139.273362302355,2.90368973733527,"Niraparib","Type_III"
266.049998925574,-146.96806455761,-4.2390652017236,"Niraparib","Type_III"
268.799632716278,-128.717095318912,5.50696749180678,"Niraparib","Type_III"
280.941502725375,-129.759038924024,0.964193588202236,"Niraparib","Type_III"
267.504491870643,-141.176796226326,-7.2060111573008,"Niraparib","Type_III"
255.401867026668,-143.7081521893,-0.679906352911715,"Niraparib","Type_III"
255.981338736009,-153.646087104626,-4.14251044869611,"Niraparib","Type_III"
237.041092144864,-144.256566743861,-26.1996164060843,"Niraparib","Type_III"
229.150378572052,-139.855123553428,-5.38592425190391,"Niraparib","Type_III"
228.366594580815,-145.143632379908,-6.01409209856159,"Niraparib","Type_III"
229.073812617341,-148.419662577727,16.5627935094694,"Niraparib","Type_III"
230.861028948461,-135.875941304033,24.5374838616474,"Niraparib","Type_III"
241.360636705123,-144.995560955866,39.8699311686687,"Niraparib","Type_III"
239.633942688488,-151.354247542473,34.3345022195297,"Niraparib","Type_III"
228.805072384152,-151.791828900959,32.0893022583463,"Niraparib","Type_III"
226.912374538019,-131.707930902848,18.5874473105988,"Niraparib","Type_III"
219.415396201579,-140.437438915036,-2.20207036540273,"Niraparib","Type_III"
234.475957567884,-147.898165583209,-7.1770606735674,"Niraparib","Type_III"
261.777223141905,-154.886145532171,-7.78001022102486,"Niraparib","Type_III"
254.660260365881,-144.512461922996,-9.89272702142934,"Niraparib","Type_III"
254.894801952319,-137.879921239979,-9.86543363596163,"Niraparib","Type_III"
242.824738570463,-135.073815475623,-6.86633943884651,"Niraparib","Type_III"
243.412285047182,-130.018885153775,4.24800510332887,"Niraparib","Type_III"
244.461356439565,-128.422046100357,4.35261674038615,"Niraparib","Type_III"
250.502112747379,-129.438244086455,5.58550567014158,"Niraparib","Type_III"
242.111408119162,-132.429912532337,8.28366434007832,"Niraparib","Type_III"
242.162885985837,-127.890368758044,31.4817308343741,"Niraparib","Type_III"
235.216225375748,-128.015800688864,34.3754310703328,"Niraparib","Type_III"
225.391704751936,-128.049578968184,50.0388840672437,"Niraparib","Type_III"
223.641841348944,-126.701060243465,54.9205089203791,"Niraparib","Type_III"
211.987170741986,-118.04427326842,46.7918864693031,"Niraparib","Type_III"
229.127066799831,-128.106535612043,47.4606194564352,"Niraparib","Type_III"
234.392993548171,-110.705674553901,47.8656129361427,"Niraparib","Type_III"
241.265777508451,-104.52733915411,19.3793573803708,"Niraparib","Type_III"
240.113230862408,-124.467176664401,15.6443883204256,"Niraparib","Type_III"
250.845422035516,-118.133365164803,26.6886079230735,"Niraparib","Type_III"
260.503394390333,-124.99859086176,35.622174432383,"Niraparib","Type_III"
251.851923770652,-130.38986666098,31.2114443417018,"Niraparib","Type_III"
260.89422478818,-138.850731366681,32.6180511877385,"Niraparib","Type_III"
259.314845445984,-151.155878186324,32.8410933784422,"Niraparib","Type_III"
262.978146362193,-161.179902348195,29.6514246259286,"Niraparib","Type_III"
274.551368743488,-154.665409934043,25.0871285789828,"Niraparib","Type_III"
261.960045162219,-150.82316469385,10.797533068278,"Niraparib","Type_III"
243.521011384257,-163.574135793916,12.3760588867585,"Niraparib","Type_III"
244.760281493437,-182.844832497432,12.5125968467856,"Niraparib","Type_III"
243.588617771753,-171.821291816044,20.8208177934832,"Niraparib","Type_III"
226.565034215407,-185.790045510519,4.91253735818325,"Niraparib","Type_III"
238.859134806142,-153.404408073676,5.05083067504724,"Niraparib","Type_III"
230.755412778218,-153.003007012261,-8.95299693997348,"Niraparib","Type_III"
234.59574471153,-122.758562171946,2.65998099635024,"Niraparib","Type_III"
237.854017272665,-111.616633478662,12.1988182403837,"Niraparib","Type_III"
247.003308668334,-133.651467036456,-3.99438485269552,"Niraparib","Type_III"
257.408738176526,-133.825814116617,-1.47932730428151,"Niraparib","Type_III"
237.485127712995,-139.352864471927,-6.02764975241426,"Niraparib","Type_III"
234.074758099775,-124.542771832523,-20.6563407858562,"Niraparib","Type_III"
226.861490843899,-133.913057778024,-16.0955835739153,"Niraparib","Type_III"
216.512447608113,-126.735881566789,-13.927385419112,"Niraparib","Type_III"
228.844814756992,-118.661134520304,-4.39164336955076,"Niraparib","Type_III"
221.306735973771,-108.419686668036,10.8097002153518,"Niraparib","Type_III"
218.756945001715,-113.499912297849,18.5672580388673,"Niraparib","Type_III"
219.5991755369,-102.682583009664,25.9578958203381,"Niraparib","Type_III"
232.215731083652,-105.546412880868,24.3909831375436,"Niraparib","Type_III"
218.715847223924,-112.292661110861,24.9861614060232,"Niraparib","Type_III"
205.915481418071,-120.673155941482,33.8965228668732,"Niraparib","Type_III"
215.353699123144,-134.46674681215,24.3616462873144,"Niraparib","Type_III"
203.57736153073,-151.555736593402,2.97065247274499,"Niraparib","Type_III"
193.285383571026,-160.966391808602,-4.97182495152618,"Niraparib","Type_III"
209.064399466414,-154.016829692119,-11.3952368658211,"Niraparib","Type_III"
208.405088013049,-167.181776508629,-33.9214562414118,"Niraparib","Type_III"
211.454202718658,-173.928368462863,-28.5771012521597,"Niraparib","Type_III"
195.986055653399,-170.671616091568,-31.375968726724,"Niraparib","Type_III"
201.499817231365,-178.286779731018,-26.6502513003711,"Niraparib","Type_III"
201.232401440398,-166.329151781804,-24.2014040839344,"Niraparib","Type_III"
209.442271930397,-161.322538952102,-19.3594638418343,"Niraparib","Type_III"
216.169130672632,-142.088279118989,-2.28781977619274,"Niraparib","Type_III"
226.210528625706,-141.697578356737,-5.63380195726967,"Niraparib","Type_III"
230.366137859009,-141.773659304146,-7.71592829445166,"Niraparib","Type_III"
240.059764113959,-146.341203105853,-6.13220647365827,"Niraparib","Type_III"
242.748722238941,-146.434534961854,6.36322316778284,"Niraparib","Type_III"
247.893457311067,-167.024983916827,13.9565310299625,"Niraparib","Type_III"
265.600118201837,-179.380856014969,7.54946829524864,"Niraparib","Type_III"
243.240765690928,-171.942352841014,24.1297281402458,"Niraparib","Type_III"
234.0165655641,-167.578031731804,19.5461820533887,"Niraparib","Type_III"
237.427779313064,-169.206324120541,9.28760334543541,"Niraparib","Type_III"
238.08598031656,-181.424482193959,-11.0753006691088,"Niraparib","Type_III"
228.64527791742,-181.41062342716,-5.17534492727347,"Niraparib","Type_III"
229.73085580341,-176.077460886866,6.02771004451491,"Niraparib","Type_III"
225.535708139174,-172.667190754787,9.65659669281933,"Niraparib","Type_III"
203.430355602397,-176.876698415349,9.05920535192606,"Niraparib","Type_III"
201.501363489702,-172.460001400764,7.86362600230036,"Niraparib","Type_III"
193.364279081661,-181.37130321793,3.13725308320685,"Niraparib","Type_III"
185.467253071465,-188.549979271295,14.9303543559025,"Niraparib","Type_III"
181.022560374306,-181.699198070317,15.5150450276062,"Niraparib","Type_III"
198.444117862862,-181.137066418641,14.1249746243264,"Niraparib","Type_III"
204.557451780837,-177.333839373313,13.5020637200949,"Niraparib","Type_III"
193.81022699456,-172.546264852063,12.217230665425,"Niraparib","Type_III"
180.775080390459,-176.115845506517,18.9551714986734,"Niraparib","Type_III"
164.606357515149,-176.614498128873,10.665476468005,"Niraparib","Type_III"
168.251042322532,-177.691974487168,14.0711781029961,"Niraparib","Type_III"
176.524895204153,-189.288021847027,0.0314681475207182,"Niraparib","Type_III"
187.720892723565,-177.543427790421,13.4553208645452,"Niraparib","Type_III"
99.3401565990573,-34.4411566713495,-13.1329601866043,"Olaparib","Type_II"
102.588611561645,-28.573807729068,-29.6304511933129,"Olaparib","Type_II"
101.56674798304,-32.5874157275563,-29.5831525713553,"Olaparib","Type_II"
108.16832617841,-42.0776802210175,-28.0435421192805,"Olaparib","Type_II"
107.5941123875,-27.8656613222436,-26.4930043535498,"Olaparib","Type_II"
106.573194509342,-27.6919742009314,-28.5077407948563,"Olaparib","Type_II"
109.585362994953,-43.0686417604916,-17.9497914322585,"Olaparib","Type_II"
122.218931350561,-60.3888261996233,-24.014807835266,"Olaparib","Type_II"
124.485214511293,-54.2356267183466,-2.25382475974009,"Olaparib","Type_II"
134.588387283576,-66.3356163324896,-0.58252580779476,"Olaparib","Type_II"
120.926578422712,-65.6884676943866,-8.12020243629655,"Olaparib","Type_II"
122.024080775145,-71.0222839845755,-6.69149244461422,"Olaparib","Type_II"
123.280069769109,-78.110091355374,-5.29471370288725,"Olaparib","Type_II"
122.747565025705,-57.5395133457651,-18.2338759757137,"Olaparib","Type_II"
134.446894634237,-54.3733064448113,-9.22169097151346,"Olaparib","Type_II"
136.122860048934,-45.4054339563894,-10.6210811779908,"Olaparib","Type_II"
136.29685524529,-53.5703060536463,2.4774184223472,"Olaparib","Type_II"
132.276631368056,-52.3612966580607,11.2560031469311,"Olaparib","Type_II"
130.71885156321,-65.9707487124407,0.330193167775875,"Olaparib","Type_II"
119.231384856504,-65.7876686693796,1.6332632514484,"Olaparib","Type_II"
122.722779289281,-68.8947242001839,14.4503390960092,"Olaparib","Type_II"
114.763228033637,-73.2162445730564,5.99874901681869,"Olaparib","Type_II"
104.251743776807,-89.9004311153123,11.0961688400261,"Olaparib","Type_II"
116.467310664944,-100.241528630607,-3.01424552947075,"Olaparib","Type_II"
112.72217933817,-104.949307555135,6.6705793289057,"Olaparib","Type_II"
99.2350963766058,-128.488905266323,10.0917765875143,"Olaparib","Type_II"
96.5091265462962,-123.535056168791,11.7588757028616,"Olaparib","Type_II"
83.2777231897915,-107.153359869389,11.5711205939073,"Olaparib","Type_II"
82.3102353688152,-86.416140406196,13.5106038345216,"Olaparib","Type_II"
74.893958782264,-73.3311824876353,6.82964367620698,"Olaparib","Type_II"
73.115280957885,-74.0760636463215,21.8187191680703,"Olaparib","Type_II"
63.5136230155988,-60.1142494666543,25.151956407,"Olaparib","Type_II"
58.7165720288502,-57.4851042775588,42.2056838360482,"Olaparib","Type_II"
60.1228788747243,-62.9896949373557,32.6937963505531,"Olaparib","Type_II"
58.2744733660067,-66.3494068029648,35.0047179365326,"Olaparib","Type_II"
66.4607428747971,-62.9918739920367,43.55118463182,"Olaparib","Type_II"
76.5681474596271,-50.7987405901996,69.4399094926164,"Olaparib","Type_II"
77.8438814653103,-53.1756961788978,80.6102597721659,"Olaparib","Type_II"
71.875324528757,-59.4511475952551,81.3166063027682,"Olaparib","Type_II"
57.3608842618298,-49.5480434127895,94.0306772264262,"Olaparib","Type_II"
45.5911333363484,-39.807752584228,88.5135387008913,"Olaparib","Type_II"
42.870432297744,-37.8453649930062,86.1196162037164,"Olaparib","Type_II"
33.6346703730778,-37.7688456882893,96.9865345051175,"Olaparib","Type_II"
36.6973543522191,-40.5629567689859,109.87187626852,"Olaparib","Type_II"
43.1687960861119,-57.0142680560445,120.147127122003,"Olaparib","Type_II"
21.1918920612368,-38.2138634775212,132.48384786077,"Olaparib","Type_II"
17.1539988603195,-46.3320136414927,130.289931933353,"Olaparib","Type_II"
19.1491611776587,-26.1739385494555,117.161607571866,"Olaparib","Type_II"
15.6429228286763,-17.3119921907515,131.02343899413,"Olaparib","Type_II"
33.1408684709055,-16.3807787816878,134.38207214128,"Olaparib","Type_II"
31.4695761706155,-12.0986970282236,136.281406763349,"Olaparib","Type_II"
34.7734188340301,-19.3675966919115,125.717066397347,"Olaparib","Type_II"
24.5375938333358,-33.8321323974647,122.863858910773,"Olaparib","Type_II"
48.571942410158,-24.5940213052865,137.227165702514,"Olaparib","Type_II"
50.8333522922222,-16.7913382860865,158.45699071384,"Olaparib","Type_II"
42.8287077300337,0.997839706110417,136.720790419581,"Olaparib","Type_II"
34.7563662436266,3.3330746242249,142.755347809539,"Olaparib","Type_II"
29.872162582233,-7.02510983387184,138.214059618905,"Olaparib","Type_II"
44.378025455975,-17.8697233890317,156.490837051071,"Olaparib","Type_II"
37.0346326176519,-2.94397273964276,143.788907170088,"Olaparib","Type_II"
37.9849633162008,-13.2717186541567,137.081314904053,"Olaparib","Type_II"
37.7908667074544,-17.7076376064719,139.773902858597,"Olaparib","Type_II"
20.8991084819136,-14.5102590536169,153.37949872711,"Olaparib","Type_II"
-1.49698683967514,-7.86489140879527,161.576690150197,"Olaparib","Type_II"
7.38701839658812,-9.63146097375623,156.097124239665,"Olaparib","Type_II"
16.822471203654,-5.79282854148425,160.128922624665,"Olaparib","Type_II"
26.0986349875859,0.770734660746016,160.199075368994,"Olaparib","Type_II"
33.148243314027,-5.25210145932242,153.856922043446,"Olaparib","Type_II"
27.204680230215,4.03321266574927,153.130448581091,"Olaparib","Type_II"
29.741984696338,14.9430008660513,151.774782165251,"Olaparib","Type_II"
28.0359183652587,12.4442185940178,133.551437431018,"Olaparib","Type_II"
30.6966557244946,18.0767392551977,147.867157162521,"Olaparib","Type_II"
39.4164710004355,30.3944562683616,158.731098187633,"Olaparib","Type_II"
48.5555334116663,8.41823166015576,147.995279189583,"Olaparib","Type_II"
31.8609678162076,5.57886734094143,141.930554250688,"Olaparib","Type_II"
28.1562815486903,12.1285395596257,145.961421020282,"Olaparib","Type_II"
30.2258703650229,21.5405566166505,157.24424239451,"Olaparib","Type_II"
22.8666137977741,13.3784849378712,157.362333629052,"Olaparib","Type_II"
11.3025520207391,36.4152675028411,168.535560655075,"Olaparib","Type_II"
6.90633286126537,35.2257145563158,172.07464066353,"Olaparib","Type_II"
12.8210951782602,46.9766466626038,168.205081717207,"Olaparib","Type_II"
-7.07660001994537,53.9233077988781,188.156679608056,"Olaparib","Type_II"
-20.3144382906983,47.5105581373384,179.164274376161,"Olaparib","Type_II"
-13.0736387205756,40.7882618970897,189.807106195889,"Olaparib","Type_II"
-24.5620480874725,37.9726032525318,193.072829389026,"Olaparib","Type_II"
-21.7820339791374,21.2366292717686,194.312738408916,"Olaparib","Type_II"
-25.789859809585,28.5089933209936,193.770443828499,"Olaparib","Type_II"
-9.20305159226764,57.3587292401145,196.611942051522,"Olaparib","Type_II"
1.46554731446559,48.6250145645648,196.460722557804,"Olaparib","Type_II"
-10.8861683564778,42.4424210737545,200.478894578671,"Olaparib","Type_II"
-26.0417449999555,41.4323971927174,200.191347807643,"Olaparib","Type_II"
-37.9102364666228,19.9201364207666,199.305422643945,"Olaparib","Type_II"
-47.6133050797444,27.8106790151297,202.106275689574,"Olaparib","Type_II"
-35.8580588157072,27.6755787657054,193.250730422186,"Olaparib","Type_II"
-40.9328207211882,17.7521691151294,206.412334086453,"Olaparib","Type_II"
-31.6150026059449,16.3514812128648,215.64501232974,"Olaparib","Type_II"
-52.3665158971296,1.51876568692773,234.148894321634,"Olaparib","Type_II"
-46.4068669125686,-19.8253587880381,245.184114548702,"Olaparib","Type_II"
-30.0201005830439,-26.5252959745209,234.358030690517,"Olaparib","Type_II"
-36.8276069094758,-40.0153110993185,223.839912762783,"Olaparib","Type_II"
-26.5556223903424,-42.7408611945254,220.812196212507,"Olaparib","Type_II"
-23.5208451826005,-61.0782133089252,188.729118783556,"Olaparib","Type_II"
-33.8665005896895,-54.7637025610747,203.225594475056,"Olaparib","Type_II"
-36.4605005822325,-55.1474731018919,208.476520658034,"Olaparib","Type_II"
-25.2470777930971,-54.0093625372991,231.22250407639,"Olaparib","Type_II"
-16.9115191935353,-44.4258711638026,222.426530280651,"Olaparib","Type_II"
-13.981306728511,-36.7533468416892,226.758722233507,"Olaparib","Type_II"
-27.7045236111869,-36.1363788439417,230.248220741528,"Olaparib","Type_II"
-15.2132597114985,-31.7616353791671,235.761299122136,"Olaparib","Type_II"
-24.3102599907546,-3.74737438155805,238.865682187875,"Olaparib","Type_II"
-25.8811416430592,-26.954621668857,253.719428615147,"Olaparib","Type_II"
-31.7327630983454,-41.0781511734428,242.709221281273,"Olaparib","Type_II"
-34.9834765824872,-27.5228111753412,254.732654829039,"Olaparib","Type_II"
-40.2384636374962,-29.3352927801518,255.59788562429,"Olaparib","Type_II"
-31.7171251126726,-36.487056650893,257.459264689778,"Olaparib","Type_II"
-35.1321587271915,-34.6627952379593,256.126316106887,"Olaparib","Type_II"
-28.7492536847952,-31.5173268211491,263.994599593085,"Olaparib","Type_II"
-41.386095517974,-37.9208077008324,258.286330383505,"Olaparib","Type_II"
-37.976746309584,-47.8341207014937,253.179380502197,"Olaparib","Type_II"
-56.526757437971,-40.2787741709086,255.870853319662,"Olaparib","Type_II"
-49.4838798285347,-53.1360623837552,273.187249180689,"Olaparib","Type_II"
-50.6157493985377,-43.9918866306939,271.389631450655,"Olaparib","Type_II"
-43.0163267394754,-54.0276156250771,271.101805366356,"Olaparib","Type_II"
-55.070393070857,-44.9991486202439,268.419197488736,"Olaparib","Type_II"
-38.0354352529877,-44.1121660780681,288.085078082139,"Olaparib","Type_II"
-22.5363014471823,-51.0763658710591,305.981351153593,"Olaparib","Type_II"
-40.6582647698185,-27.1493779284657,291.906600319916,"Olaparib","Type_II"
-61.520159799996,-28.9221786458653,296.424790724961,"Olaparib","Type_II"
-66.0098359897468,-29.9388270211127,275.313357882816,"Olaparib","Type_II"
-80.3489355153533,-53.6308150376808,274.163596275583,"Olaparib","Type_II"
-80.9681086075807,-74.2106473561987,247.053499787754,"Olaparib","Type_II"
-69.2971549502789,-79.9791418165497,244.014847148131,"Olaparib","Type_II"
-59.5694142168767,-69.8483521633378,254.573481315596,"Olaparib","Type_II"
-67.5316221494799,-87.9455644228639,255.376350877692,"Olaparib","Type_II"
-77.098015045605,-77.6236975519402,264.07144144462,"Olaparib","Type_II"
-80.5023833807476,-65.3937537109019,257.966767356568,"Olaparib","Type_II"
-79.4517671760877,-53.1607826746091,236.671492218244,"Olaparib","Type_II"
-75.6208690940859,-44.790907947425,240.694089355147,"Olaparib","Type_II"
-48.4183544414308,-48.8305572606646,243.197353415516,"Olaparib","Type_II"
-51.6147179054376,-60.7300897481468,234.154879195634,"Olaparib","Type_II"
-45.1095108365652,-33.7679375560589,244.629718350814,"Olaparib","Type_II"
-48.9123699227708,-26.0501906576699,245.457350485428,"Olaparib","Type_II"
-61.8748202925295,-19.0687667005504,254.901511125152,"Olaparib","Type_II"
-68.642665878395,-35.7012666097655,262.369883612413,"Olaparib","Type_II"
-59.735128771198,-34.222167428514,258.433911320346,"Olaparib","Type_II"
-68.2465537799004,-21.5682995254589,240.494790578652,"Olaparib","Type_II"
-60.6284374651073,-18.4716632714609,239.595966957168,"Olaparib","Type_II"
-48.4189950408449,-14.0210489675807,229.485769122832,"Olaparib","Type_II"
-74.1614974671115,-8.66546216904933,236.496029679777,"Olaparib","Type_II"
-84.566039104156,-4.20117859154883,224.22734379475,"Olaparib","Type_II"
-72.8810963380531,-18.889325069514,240.828936950218,"Olaparib","Type_II"
-64.1697581611733,-40.1822148723042,261.149735551388,"Olaparib","Type_II"
-60.5486712709788,-47.043200600567,250.03738763954,"Olaparib","Type_II"
-47.6903749630779,-44.9200345331873,260.43403155931,"Olaparib","Type_II"
-35.8929776750791,-46.5980045128242,249.574967666733,"Olaparib","Type_II"
-33.7980088448807,-35.7366921179261,252.195886625664,"Olaparib","Type_II"
-34.4114020083074,-22.9975681004851,241.076999191028,"Olaparib","Type_II"
-44.2385609535478,-20.2585867643581,256.002764093612,"Olaparib","Type_II"
-41.9183446658714,-14.125959124265,252.210637302067,"Olaparib","Type_II"
-57.1691083840588,-14.2319572824784,265.422514976286,"Olaparib","Type_II"
-54.2200568691249,-26.5897480264216,256.059735544962,"Olaparib","Type_II"
-40.5910638227294,-37.8056454372608,250.74087752499,"Olaparib","Type_II"
-53.1127056561996,-34.9322707779571,241.088356860133,"Olaparib","Type_II"
-34.4054575458035,-43.9351034597038,228.203499564361,"Olaparib","Type_II"
-44.5965771614679,-45.2645206929801,231.99928789722,"Olaparib","Type_II"
-30.8473462741584,-53.8566508760687,222.643999921842,"Olaparib","Type_II"
-36.2577625370521,-51.6365642512624,212.784535341082,"Olaparib","Type_II"
-34.130420012294,-52.0297498077996,212.647004257278,"Olaparib","Type_II"
-24.2030476786677,-40.6820094693593,223.274373288933,"Olaparib","Type_II"
-24.6975280196428,-35.5797917154448,214.32133208501,"Olaparib","Type_II"
-28.320180290093,-23.5136818998708,210.290574627226,"Olaparib","Type_II"
-32.2196756220654,-34.4621613488263,211.441726443507,"Olaparib","Type_II"
-38.0895254757064,-40.1433287678794,221.698102015666,"Olaparib","Type_II"
-28.2421069728899,-37.0563441850383,234.673108372359,"Olaparib","Type_II"
-41.6520430671495,-26.3396642569125,232.130194710201,"Olaparib","Type_II"
-47.4712104407882,-26.9221131924081,221.111164220579,"Olaparib","Type_II"
-49.7105891109681,-14.4107254254937,206.55803002902,"Olaparib","Type_II"
-54.2790216593393,-23.4000369721984,214.558754327184,"Olaparib","Type_II"
-67.2801492469272,-23.8068934127013,225.431676328392,"Olaparib","Type_II"
-53.5608697269446,-8.03206936339018,212.203845265379,"Olaparib","Type_II"
-47.7194744061495,-16.7025225478646,207.554088323561,"Olaparib","Type_II"
-30.4835137894997,-20.519611653445,202.766876866954,"Olaparib","Type_II"
-18.9128768038726,-28.0138665590432,198.251603597261,"Olaparib","Type_II"
-35.5658941571727,-18.2833992529849,216.315008370943,"Olaparib","Type_II"
-19.1634496890363,-19.8402081154364,220.676411532853,"Olaparib","Type_II"
-6.18757836822944,-20.3339011127993,237.983189464187,"Olaparib","Type_II"
-2.47876449311155,-16.7733366223517,231.507500806984,"Olaparib","Type_II"
11.0883444010481,-23.9154727706152,228.531987319308,"Olaparib","Type_II"
18.2814129356034,-14.4340991260963,232.758067719853,"Olaparib","Type_II"
19.617150152929,-20.0097532500937,243.705975174735,"Olaparib","Type_II"
27.8226395276416,-32.7729011434968,234.877817689271,"Olaparib","Type_II"
11.4885228368116,-26.2620592803196,252.787172059109,"Olaparib","Type_II"
1.467233583595,-36.0583925246257,257.738991657003,"Olaparib","Type_II"
8.00398853602929,-26.2397989415099,259.675972817129,"Olaparib","Type_II"
-9.75878403053005,-14.0816250127124,243.923176600581,"Olaparib","Type_II"
-18.8970033893761,-28.8539265874302,241.386044433895,"Olaparib","Type_II"
-23.9088927721745,-48.7545540003815,245.368270009853,"Olaparib","Type_II"
-34.1279677107541,-44.0586502665215,236.796177385333,"Olaparib","Type_II"
-31.1825089922367,-53.7678495720496,241.668948412648,"Olaparib","Type_II"
-32.1597992216739,-62.0398777242158,245.762429204779,"Olaparib","Type_II"
133.32541997352,-24.4353530084332,2.7786478110806,"Rucaparib","Type_III"
130.798652869498,-34.6344554908138,-13.4370694677427,"Rucaparib","Type_III"
131.459300180255,-27.417068857002,-4.69891066090729,"Rucaparib","Type_III"
114.527853769985,-24.9731843206269,-18.4129938098443,"Rucaparib","Type_III"
127.004758206949,-22.700195782381,-5.82708893190633,"Rucaparib","Type_III"
131.29748738463,-16.795291103138,-21.4747373328303,"Rucaparib","Type_III"
116.603152213885,-30.4694554124482,-25.682303098163,"Rucaparib","Type_III"
113.841364189628,-34.5002585875747,-27.0907568681078,"Rucaparib","Type_III"
126.605177171068,-37.6584853454249,-33.6792594725443,"Rucaparib","Type_III"
135.538051660004,-38.8242377152665,-29.9029831958322,"Rucaparib","Type_III"
126.420242146094,-48.0548292444664,-41.5040788615838,"Rucaparib","Type_III"
130.944799347042,-19.7120295025402,-49.7316458458229,"Rucaparib","Type_III"
139.469974294047,-16.6475355854969,-48.7838573020026,"Rucaparib","Type_III"
139.585987521799,-32.4135279086979,-47.159201237271,"Rucaparib","Type_III"
136.089179068034,-27.9584759087962,-41.5056251815701,"Rucaparib","Type_III"
137.705733218081,-36.9108516853849,-41.3068262727032,"Rucaparib","Type_III"
140.61757871844,-20.5869673669163,-52.370961818017,"Rucaparib","Type_III"
130.70154687154,-27.7007003064364,-64.7938935688639,"Rucaparib","Type_III"
119.992763954345,-35.7894242123611,-71.8549289560645,"Rucaparib","Type_III"
129.278459646644,-51.2258008810417,-81.6849463087314,"Rucaparib","Type_III"
133.825048472744,-55.9321259067147,-69.2666286470685,"Rucaparib","Type_III"
127.692892678946,-37.8122589053687,-73.6768639066749,"Rucaparib","Type_III"
121.673093706561,-45.5912302027469,-82.6764239006316,"Rucaparib","Type_III"
114.264433385479,-49.2322076978938,-80.5844721583208,"Rucaparib","Type_III"
122.55055389375,-51.2504873992605,-72.6450881017092,"Rucaparib","Type_III"
126.30890148043,-41.7925187122953,-74.0841001667523,"Rucaparib","Type_III"
112.639383705263,-59.028871995794,-75.9542532876819,"Rucaparib","Type_III"
92.3555552495306,-66.256820783488,-81.5996519803149,"Rucaparib","Type_III"
86.0015426034727,-67.6182512372653,-76.5014978054877,"Rucaparib","Type_III"
85.1359179502661,-55.8359631308338,-79.3302558390674,"Rucaparib","Type_III"
76.8551435845933,-52.0439766594451,-83.8330178390857,"Rucaparib","Type_III"
69.1194799407303,-53.2485588915456,-87.6567172296766,"Rucaparib","Type_III"
81.499551046779,-40.1780072428917,-100.326206474321,"Rucaparib","Type_III"
82.394846505463,-44.8196731616099,-114.757425673228,"Rucaparib","Type_III"
82.2390362221779,-42.3870416236038,-88.3576865194284,"Rucaparib","Type_III"
86.3449581417999,-52.0391097950141,-95.0997532852706,"Rucaparib","Type_III"
94.0157579314101,-51.8234028909266,-100.022537572876,"Rucaparib","Type_III"
111.512290685889,-27.5461791726339,-99.1762369524915,"Rucaparib","Type_III"
90.5504338738222,-32.402502625519,-109.603644358869,"Rucaparib","Type_III"
91.1252210923759,-30.6749766646524,-117.359009532194,"Rucaparib","Type_III"
82.8264647203659,-21.4304906839187,-122.602507687835,"Rucaparib","Type_III"
58.4199909156764,-33.7579754421378,-128.983299402665,"Rucaparib","Type_III"
60.7287772101283,-19.589437116303,-125.813579930245,"Rucaparib","Type_III"
63.909625753703,-5.32968571037472,-117.853200745982,"Rucaparib","Type_III"
74.2012830843358,-12.5806649989517,-121.175633681267,"Rucaparib","Type_III"
61.6115113262916,-14.378549844514,-133.378958073511,"Rucaparib","Type_III"
40.1773115700858,0.958605681570677,-145.146025660119,"Rucaparib","Type_III"
52.2283041225359,10.3760326993467,-132.402462051709,"Rucaparib","Type_III"
49.2457795215734,1.91311296793234,-134.39583150695,"Rucaparib","Type_III"
53.6613796493181,5.14013493080664,-139.654319123542,"Rucaparib","Type_III"
58.5998326623874,15.5046228049038,-135.218568217133,"Rucaparib","Type_III"
57.1987784494619,11.7014885278849,-130.752867328975,"Rucaparib","Type_III"
45.3878718249675,10.4673704659765,-116.914593878743,"Rucaparib","Type_III"
28.8219191891719,6.57672605853522,-128.949251205786,"Rucaparib","Type_III"
20.71503714987,15.2031660366879,-122.259335981096,"Rucaparib","Type_III"
12.6545689086105,40.4628238792319,-127.12852207373,"Rucaparib","Type_III"
12.0093445891412,29.68055199395,-138.403737672663,"Rucaparib","Type_III"
6.84023438243382,42.3376629753746,-137.529523729397,"Rucaparib","Type_III"
12.2610318465695,36.7555105845133,-113.454931897162,"Rucaparib","Type_III"
32.336783343279,33.2877271146009,-108.0448766978,"Rucaparib","Type_III"
31.1531949000492,38.1532956119244,-109.879008088019,"Rucaparib","Type_III"
29.718446432243,29.0481433896343,-103.701818146446,"Rucaparib","Type_III"
29.9083513102566,22.8547708983043,-93.0187572768285,"Rucaparib","Type_III"
34.8518295193143,28.6846370975718,-99.0168725057983,"Rucaparib","Type_III"
32.5271429437022,26.3911096806244,-112.044057553298,"Rucaparib","Type_III"
30.4222173451347,28.4191529005694,-104.128598013436,"Rucaparib","Type_III"
34.5424383708876,10.1575032916092,-111.566465668304,"Rucaparib","Type_III"
40.1255997621527,9.35412438259062,-111.964619095903,"Rucaparib","Type_III"
39.7024341311163,18.8674274665128,-122.929208854935,"Rucaparib","Type_III"
47.4656501261339,24.1879488183195,-122.755720700282,"Rucaparib","Type_III"
41.2550401309551,12.3759946836903,-129.055084009591,"Rucaparib","Type_III"
45.8634531984728,24.3594607581484,-127.526275253832,"Rucaparib","Type_III"
35.379406306236,14.7216224762917,-110.22056857054,"Rucaparib","Type_III"
22.6753700077789,7.9866696394908,-113.304070896263,"Rucaparib","Type_III"
19.1200387194904,-1.83760912908842,-142.377347158723,"Rucaparib","Type_III"
18.2541599286679,17.962268718913,-135.679228509339,"Rucaparib","Type_III"
24.6658119753737,15.7194557494754,-138.298175463256,"Rucaparib","Type_III"
15.1645321748305,8.08979581357185,-134.857561222975,"Rucaparib","Type_III"
9.80106427238749,0.780190820649384,-108.106217036572,"Rucaparib","Type_III"
19.5531385313781,1.92600682006721,-107.274033233185,"Rucaparib","Type_III"
22.6827851600769,-4.33951785010464,-112.311644859641,"Rucaparib","Type_III"
22.2918664268565,-0.180790181439083,-120.107703298181,"Rucaparib","Type_III"
16.0394811051907,-6.84328332743967,-135.368037403947,"Rucaparib","Type_III"
8.91696565988862,-7.06920205571247,-138.345489438265,"Rucaparib","Type_III"
9.4419637725807,-1.28993173045331,-133.945048795159,"Rucaparib","Type_III"
0.28097840566219,-15.0074664786346,-140.4145794819,"Rucaparib","Type_III"
-5.93210728850225,-6.89818335708717,-145.631228764571,"Rucaparib","Type_III"
-9.62264970188664,-22.3038006563219,-127.560627507385,"Rucaparib","Type_III"
-20.171588133998,-14.2268600220023,-132.611246371134,"Rucaparib","Type_III"
-18.981311989537,-14.89992854017,-122.700183396961,"Rucaparib","Type_III"
-19.6274680265876,2.83294578961753,-138.183802081946,"Rucaparib","Type_III"
-20.9973280796535,24.3602312373193,-133.668223362872,"Rucaparib","Type_III"
-25.9523728586974,29.4213869180352,-120.62706208258,"Rucaparib","Type_III"
-19.2688828031086,30.5895474376762,-102.60807187871,"Rucaparib","Type_III"
-15.476280488084,21.128500683002,-119.636440987024,"Rucaparib","Type_III"
-12.594786790142,23.3683085008963,-118.103645310986,"Rucaparib","Type_III"
-18.1645754691993,15.7952172927928,-114.198272929617,"Rucaparib","Type_III"
-26.01277126861,38.4326900855168,-120.493670335628,"Rucaparib","Type_III"
-28.6354407389896,43.87140666827,-95.596247626054,"Rucaparib","Type_III"
-44.292406455177,28.6719135646607,-90.6578780341854,"Rucaparib","Type_III"
-65.4408740860128,5.2087680036671,-98.2807390581482,"Rucaparib","Type_III"
-85.4289722631657,-1.50491997371561,-112.102128059067,"Rucaparib","Type_III"
-89.7221280722156,3.57665046454197,-117.693594854302,"Rucaparib","Type_III"
-86.889303860537,11.8092864757477,-109.953465901131,"Rucaparib","Type_III"
-79.1671173003989,6.88122979274033,-120.452200298296,"Rucaparib","Type_III"
-70.0420898125583,13.5628484765492,-114.395702977387,"Rucaparib","Type_III"
-73.987311321025,9.97022999276646,-119.03549817286,"Rucaparib","Type_III"
-79.0691767662058,19.9029939507495,-126.8381193219,"Rucaparib","Type_III"
-104.792258152593,26.2715649578637,-125.897961137354,"Rucaparib","Type_III"
-96.5395909526886,19.2941620714107,-129.500974157153,"Rucaparib","Type_III"
-102.762724426185,15.3922268484754,-123.117128910401,"Rucaparib","Type_III"
-106.276519233683,2.85315449672051,-122.588034244505,"Rucaparib","Type_III"
-124.820349673234,8.13340329369193,-108.66530133282,"Rucaparib","Type_III"
-107.183075665672,17.6740023417629,-112.585175126598,"Rucaparib","Type_III"
-97.0406256664167,13.5264908542898,-109.652563059692,"Rucaparib","Type_III"
-102.437780290647,10.2655099632298,-105.009629615749,"Rucaparib","Type_III"
-91.8032019202877,-0.956066673573554,-116.985131858251,"Rucaparib","Type_III"
-95.9968167402047,20.2133295816589,-117.502068035989,"Rucaparib","Type_III"
-107.121134119986,34.7886761872711,-118.601563006618,"Rucaparib","Type_III"
-125.909530497024,1.92574959165587,-139.895153774276,"Rucaparib","Type_III"
-126.456067480924,3.33486485683403,-135.779144631578,"Rucaparib","Type_III"
-141.352240685379,16.1374367724563,-125.265360524219,"Rucaparib","Type_III"
-131.142501509986,-13.4168783339026,-121.121366993378,"Rucaparib","Type_III"
-115.347889687221,-18.8715586266631,-130.626246008392,"Rucaparib","Type_III"
-91.07483597884,12.2146988631275,-142.603415190816,"Rucaparib","Type_III"
-73.714312698139,11.0350811472073,-142.874264729483,"Rucaparib","Type_III"
-67.0803414768976,29.2835070880081,-144.712939651514,"Rucaparib","Type_III"
-67.6968202228102,31.1613015408094,-132.386244203113,"Rucaparib","Type_III"
-75.7944722304064,19.3298346478967,-124.204391561921,"Rucaparib","Type_III"
-56.3562892975223,4.55768120220488,-105.355008541101,"Rucaparib","Type_III"
-45.2477986449426,5.50062070627363,-111.557230807718,"Rucaparib","Type_III"
-58.2440609376725,14.373046038775,-113.762614619733,"Rucaparib","Type_III"
-52.997618335039,16.2038627430897,-97.0448902327617,"Rucaparib","Type_III"
-55.5034053483273,23.7486998661777,-118.7472143131,"Rucaparib","Type_III"
-57.610861656974,31.2649206882073,-128.558291463994,"Rucaparib","Type_III"
-68.6983442182734,15.9302843252957,-130.049649557191,"Rucaparib","Type_III"
-86.0555213305579,26.653098582248,-135.761008898973,"Rucaparib","Type_III"
-91.7181487082806,35.6583686966849,-148.132871466064,"Rucaparib","Type_III"
-74.3167947479595,37.9149282522093,-149.492988315213,"Rucaparib","Type_III"
-84.581004635395,33.6839507954469,-144.103840553352,"Rucaparib","Type_III"
-58.732280859006,46.1776572021152,-150.259354560168,"Rucaparib","Type_III"
-66.6146350327156,35.8241464009401,-162.077559415699,"Rucaparib","Type_III"
-59.9818474589445,51.6738936167302,-151.046479170183,"Rucaparib","Type_III"
-67.9396498074446,50.1171582198394,-139.652512653452,"Rucaparib","Type_III"
-57.7722164934325,45.7160385053751,-125.741977894319,"Rucaparib","Type_III"
-56.7493856317537,69.2298860094714,-114.47293459784,"Rucaparib","Type_III"
-49.4488291225869,71.9790491759843,-123.797665406079,"Rucaparib","Type_III"
-48.1659983013524,66.9430656454441,-137.125445636346,"Rucaparib","Type_III"
-45.2301120319736,56.5141655628349,-139.731094870626,"Rucaparib","Type_III"
-20.9586965275106,62.5163836277335,-147.035662543181,"Rucaparib","Type_III"
-24.3332861011824,43.9563893656049,-138.105655661737,"Rucaparib","Type_III"
-16.966820085095,47.8336845969321,-128.595535165565,"Rucaparib","Type_III"
-44.1923911549443,36.1955111334673,-132.450786766957,"Rucaparib","Type_III"
-58.6976347595787,49.3832658105641,-109.446429302702,"Rucaparib","Type_III"
-41.1429514925545,54.1293361051286,-111.011117853251,"Rucaparib","Type_III"
-40.2005443341993,58.7752043902478,-102.034943131512,"Rucaparib","Type_III"
-48.4416848223059,65.0245727801307,-87.2683418674468,"Rucaparib","Type_III"
-58.4688136667136,72.2103607832124,-67.1922744138725,"Rucaparib","Type_III"
-54.9863256114929,69.3037589796931,-69.417492984928,"Rucaparib","Type_III"
-63.4190203871923,73.3772487177388,-80.155309705776,"Rucaparib","Type_III"
-70.3897198780967,65.1867920824145,-93.4877985943591,"Rucaparib","Type_III"
-81.1045958453926,72.3675013069254,-80.5153470040013,"Rucaparib","Type_III"
-74.217236769879,90.9058895888021,-86.2839688849679,"Rucaparib","Type_III"
-55.9061568272153,90.6469053406876,-86.534134246116,"Rucaparib","Type_III"
-38.0721254427281,93.3235749044098,-83.4035656553756,"Rucaparib","Type_III"
-25.8376872006667,98.4588603174568,-59.3439198200272,"Rucaparib","Type_III"
-19.8425510981948,101.827173308082,-64.1368421224781,"Rucaparib","Type_III"
-4.85636108034828,95.8868148482944,-47.4480781528163,"Rucaparib","Type_III"
-19.2456536204072,90.4283061813342,-37.4634892438249,"Rucaparib","Type_III"
-20.8130564384484,99.0306732597618,-42.7305748157411,"Rucaparib","Type_III"
-9.72967743930499,106.901108225826,-33.1767637318223,"Rucaparib","Type_III"
-5.38295346133445,107.553041951703,-26.4267501023053,"Rucaparib","Type_III"
-1.90854202035507,87.5264171947084,-20.7131433448476,"Rucaparib","Type_III"
9.44736814532512,96.0530142521796,-21.9257384231806,"Rucaparib","Type_III"
18.9462345052919,104.346234425622,-17.1266289310794,"Rucaparib","Type_III"
12.3869154475488,102.135002532897,-26.4661306912857,"Rucaparib","Type_III"
21.698950520259,90.3642490416672,-27.1328017867656,"Rucaparib","Type_III"
14.8401689914552,71.7759851872732,-31.5455977136908,"Rucaparib","Type_III"
20.2239140529008,53.3680633759208,-16.77849163931,"Rucaparib","Type_III"
26.3198763203698,57.5102189867627,-24.5071852247059,"Rucaparib","Type_III"
42.0739348572955,60.2740628229815,-18.8110062952509,"Rucaparib","Type_III"
41.6609193862657,72.0353077360494,-2.86295986162902,"Rucaparib","Type_III"
45.8521582065529,66.0515143357756,1.27334102920307,"Rucaparib","Type_III"
47.460611664029,56.9307535368727,9.27496654096845,"Rucaparib","Type_III"
41.7812241631126,59.5925352115641,-2.0443150915947,"Rucaparib","Type_III"
51.9694462322957,63.1176338180075,11.0086502575977,"Rucaparib","Type_III"
50.9470472774605,66.9011766964431,4.68146912125944,"Rucaparib","Type_III"
60.4303807673058,47.121932826514,-24.2384522168315,"Rucaparib","Type_III"
56.1978158717569,59.8359979606715,-34.8815837577104,"Rucaparib","Type_III"
69.8613679411693,72.0150957439702,-48.2126613831882,"Rucaparib","Type_III"
71.9689730153246,61.5997877974809,-47.7821701988778,"Rucaparib","Type_III"
51.6759406638368,78.6591826357264,-47.667820047536,"Rucaparib","Type_III"
57.5750230235467,79.1834948337365,-42.4313012115935,"Rucaparib","Type_III"
53.8954158426001,79.2925467445474,-42.5662774492151,"Rucaparib","Type_III"
61.1824229726637,74.7290081391797,-52.9269456743772,"Rucaparib","Type_III"
59.4792586841823,79.5111846788313,-45.5001997753625,"Rucaparib","Type_III"
56.026647834566,80.7032737065908,-49.166069611164,"Rucaparib","Type_III"
76.0297726716221,85.0874521236933,-41.7541096529423,"Rucaparib","Type_III"
49.8085049805125,89.8992036318732,-39.2028076763043,"Rucaparib","Type_III"
42.3323499702216,81.9730918175084,-41.1231844829083,"Rucaparib","Type_III"
